app_store_id,app_name,review_rank,archetype,direct_threat_level,iap_position,product_name,price_text,price_usd,price_band,product_tags,source_url,extraction_method
"6745461941","Shepherd: Spiritual Bible BFF","1","faith_devotional_habit","medium_high","1","Free Trial Shepherd Pro","$49.99","49.99","15_to_49_99","subscription_like|trial_like","https://apps.apple.com/us/app/shepherd-spiritual-bible-bff/id6745461941?uo=4","embedded_json_textPair"
"6745461941","Shepherd: Spiritual Bible BFF","1","faith_devotional_habit","medium_high","2","Unlock Super Shepherd","$59.99","59.99","50_to_99_99","consumable_or_unlock","https://apps.apple.com/us/app/shepherd-spiritual-bible-bff/id6745461941?uo=4","embedded_json_textPair"
"6745461941","Shepherd: Spiritual Bible BFF","1","faith_devotional_habit","medium_high","3","Super Shepherd","$9.99","9.99","5_to_14_99","unclear_iap","https://apps.apple.com/us/app/shepherd-spiritual-bible-bff/id6745461941?uo=4","embedded_json_textPair"
"6745461941","Shepherd: Spiritual Bible BFF","1","faith_devotional_habit","medium_high","4","Super Shepherd","$28.99","28.99","15_to_49_99","unclear_iap","https://apps.apple.com/us/app/shepherd-spiritual-bible-bff/id6745461941?uo=4","embedded_json_textPair"
"6745461941","Shepherd: Spiritual Bible BFF","1","faith_devotional_habit","medium_high","5","Super Shepherd","$4.99","4.99","under_5","unclear_iap","https://apps.apple.com/us/app/shepherd-spiritual-bible-bff/id6745461941?uo=4","embedded_json_textPair"
"6745461941","Shepherd: Spiritual Bible BFF","1","faith_devotional_habit","medium_high","6","Unlock Super Shepherd","$39.99","39.99","15_to_49_99","consumable_or_unlock","https://apps.apple.com/us/app/shepherd-spiritual-bible-bff/id6745461941?uo=4","embedded_json_textPair"
"6470808583","Pitstop: Scale Human Potential","2","gamified_self_improvement","medium_high","1","AI Coaching - Yearly","$99.99","99.99","50_to_99_99","subscription_like","https://apps.apple.com/us/app/pitstop-scale-human-potential/id6470808583?uo=4","embedded_json_textPair"
"6470808583","Pitstop: Scale Human Potential","2","gamified_self_improvement","medium_high","2","AI Coaching - Monthly","$14.99","14.99","5_to_14_99","subscription_like","https://apps.apple.com/us/app/pitstop-scale-human-potential/id6470808583?uo=4","embedded_json_textPair"
"6470808583","Pitstop: Scale Human Potential","3","gamified_self_improvement","medium_high","1","AI Coaching - Yearly","$99.99","99.99","50_to_99_99","subscription_like","https://apps.apple.com/us/app/pitstop-scale-human-potential/id6470808583?uo=4","embedded_json_textPair"
"6470808583","Pitstop: Scale Human Potential","3","gamified_self_improvement","medium_high","2","AI Coaching - Monthly","$14.99","14.99","5_to_14_99","subscription_like","https://apps.apple.com/us/app/pitstop-scale-human-potential/id6470808583?uo=4","embedded_json_textPair"
"6469438038","ModernSam: LVL up your life","4","manifestation_tool","medium_high","1","Monthly Subscription","$3.99","3.99","under_5","subscription_like","https://apps.apple.com/us/app/modernsam-lvl-up-your-life/id6469438038?uo=4","embedded_json_textPair"
"6469438038","ModernSam: LVL up your life","4","manifestation_tool","medium_high","2","Yearly Subscription","$35.90","35.9","15_to_49_99","subscription_like","https://apps.apple.com/us/app/modernsam-lvl-up-your-life/id6469438038?uo=4","embedded_json_textPair"
"6469438038","ModernSam: LVL up your life","4","manifestation_tool","medium_high","3","300 Gems","$13.99","13.99","5_to_14_99","consumable_or_unlock","https://apps.apple.com/us/app/modernsam-lvl-up-your-life/id6469438038?uo=4","embedded_json_textPair"
"6469438038","ModernSam: LVL up your life","4","manifestation_tool","medium_high","4","50 Gems","$2.99","2.99","under_5","consumable_or_unlock","https://apps.apple.com/us/app/modernsam-lvl-up-your-life/id6469438038?uo=4","embedded_json_textPair"
"6469438038","ModernSam: LVL up your life","4","manifestation_tool","medium_high","5","500 Gems","$19.99","19.99","15_to_49_99","consumable_or_unlock","https://apps.apple.com/us/app/modernsam-lvl-up-your-life/id6469438038?uo=4","embedded_json_textPair"
"6469438038","ModernSam: LVL up your life","4","manifestation_tool","medium_high","6","100 Gems","$4.99","4.99","under_5","consumable_or_unlock","https://apps.apple.com/us/app/modernsam-lvl-up-your-life/id6469438038?uo=4","embedded_json_textPair"
"6469438038","ModernSam: LVL up your life","4","manifestation_tool","medium_high","7","250 Gems","$14.99","14.99","5_to_14_99","consumable_or_unlock","https://apps.apple.com/us/app/modernsam-lvl-up-your-life/id6469438038?uo=4","embedded_json_textPair"
"6474508082","Muna: Astrology & Horoscope","5","astrology_guidance","medium_high","1","AI Astrology","$4.99","4.99","under_5","unclear_iap","https://apps.apple.com/us/app/muna-astrology-horoscope/id6474508082?uo=4","embedded_json_textPair"
"6474508082","Muna: Astrology & Horoscope","5","astrology_guidance","medium_high","2","AI Astrology","$6.99","6.99","5_to_14_99","unclear_iap","https://apps.apple.com/us/app/muna-astrology-horoscope/id6474508082?uo=4","embedded_json_textPair"
"6474508082","Muna: Astrology & Horoscope","5","astrology_guidance","medium_high","3","Credit pack welcome","$0.99","0.99","under_5","consumable_or_unlock","https://apps.apple.com/us/app/muna-astrology-horoscope/id6474508082?uo=4","embedded_json_textPair"
"6474508082","Muna: Astrology & Horoscope","5","astrology_guidance","medium_high","4","AI Astrology","$13.99","13.99","5_to_14_99","unclear_iap","https://apps.apple.com/us/app/muna-astrology-horoscope/id6474508082?uo=4","embedded_json_textPair"
"6474508082","Muna: Astrology & Horoscope","5","astrology_guidance","medium_high","5","Your Magic 2025","$11.99","11.99","5_to_14_99","unclear_iap","https://apps.apple.com/us/app/muna-astrology-horoscope/id6474508082?uo=4","embedded_json_textPair"
"6474508082","Muna: Astrology & Horoscope","5","astrology_guidance","medium_high","6","AI Astrology","$0.99","0.99","under_5","unclear_iap","https://apps.apple.com/us/app/muna-astrology-horoscope/id6474508082?uo=4","embedded_json_textPair"
"6474508082","Muna: Astrology & Horoscope","5","astrology_guidance","medium_high","7","AI Astrology","$21.99","21.99","15_to_49_99","unclear_iap","https://apps.apple.com/us/app/muna-astrology-horoscope/id6474508082?uo=4","embedded_json_textPair"
"6474508082","Muna: Astrology & Horoscope","5","astrology_guidance","medium_high","8","Muna","$9.99","9.99","5_to_14_99","unclear_iap","https://apps.apple.com/us/app/muna-astrology-horoscope/id6474508082?uo=4","embedded_json_textPair"
"6474508082","Muna: Astrology & Horoscope","5","astrology_guidance","medium_high","9","Credit pack 6","$99.99","99.99","50_to_99_99","consumable_or_unlock","https://apps.apple.com/us/app/muna-astrology-horoscope/id6474508082?uo=4","embedded_json_textPair"
"6474508082","Muna: Astrology & Horoscope","5","astrology_guidance","medium_high","10","Credit pack 5","$49.99","49.99","15_to_49_99","consumable_or_unlock","https://apps.apple.com/us/app/muna-astrology-horoscope/id6474508082?uo=4","embedded_json_textPair"
"6744795314","yap: astrology & dream journal","6","astrology_guidance","medium_high","1","Weekly Special Promo","$8.00","8","5_to_14_99","subscription_like","https://apps.apple.com/us/app/yap-astrology-dream-journal/id6744795314?uo=4","embedded_json_textPair"
"6744795314","yap: astrology & dream journal","6","astrology_guidance","medium_high","2","Weekly Subscription","$3.99","3.99","under_5","subscription_like","https://apps.apple.com/us/app/yap-astrology-dream-journal/id6744795314?uo=4","embedded_json_textPair"
"6744795314","yap: astrology & dream journal","6","astrology_guidance","medium_high","3","Monthly Special Promo","$28.00","28","15_to_49_99","subscription_like","https://apps.apple.com/us/app/yap-astrology-dream-journal/id6744795314?uo=4","embedded_json_textPair"
"6744795314","yap: astrology & dream journal","6","astrology_guidance","medium_high","4","Yearly Holiday Sale","$69.99","69.99","50_to_99_99","subscription_like","https://apps.apple.com/us/app/yap-astrology-dream-journal/id6744795314?uo=4","embedded_json_textPair"
"6744795314","yap: astrology & dream journal","6","astrology_guidance","medium_high","5","Monthly Subscription","$14.99","14.99","5_to_14_99","subscription_like","https://apps.apple.com/us/app/yap-astrology-dream-journal/id6744795314?uo=4","embedded_json_textPair"
"6744795314","yap: astrology & dream journal","6","astrology_guidance","medium_high","6","Weekly Holiday Sale","$1.99","1.99","under_5","subscription_like","https://apps.apple.com/us/app/yap-astrology-dream-journal/id6744795314?uo=4","embedded_json_textPair"
"6744795314","yap: astrology & dream journal","6","astrology_guidance","medium_high","7","Monthly Discounted","$12.99","12.99","5_to_14_99","subscription_like","https://apps.apple.com/us/app/yap-astrology-dream-journal/id6744795314?uo=4","embedded_json_textPair"
"6744795314","yap: astrology & dream journal","6","astrology_guidance","medium_high","8","Yearly Subscription","$99.99","99.99","50_to_99_99","subscription_like","https://apps.apple.com/us/app/yap-astrology-dream-journal/id6744795314?uo=4","embedded_json_textPair"
"6476827721","Lunaria AI - Soulmate Drawing","7","astrology_guidance","high","1","Lunaria.weekly.premium","$5.99","5.99","5_to_14_99","subscription_like","https://apps.apple.com/us/app/lunaria-ai-soulmate-drawing/id6476827721?uo=4","embedded_json_textPair"
"6476827721","Lunaria AI - Soulmate Drawing","7","astrology_guidance","high","2","Moon Weekly","$4.99","4.99","under_5","subscription_like","https://apps.apple.com/us/app/lunaria-ai-soulmate-drawing/id6476827721?uo=4","embedded_json_textPair"
"6476827721","Lunaria AI - Soulmate Drawing","7","astrology_guidance","high","3","Luna.Freetrial.Yearly.Premium","$29.99","29.99","15_to_49_99","subscription_like|trial_like","https://apps.apple.com/us/app/lunaria-ai-soulmate-drawing/id6476827721?uo=4","embedded_json_textPair"
"6476827721","Lunaria AI - Soulmate Drawing","7","astrology_guidance","high","4","Moon monthly","$9.99","9.99","5_to_14_99","subscription_like","https://apps.apple.com/us/app/lunaria-ai-soulmate-drawing/id6476827721?uo=4","embedded_json_textPair"
"6476827721","Lunaria AI - Soulmate Drawing","7","astrology_guidance","high","5","Luna.Freetrail.Premium","$5.99","5.99","5_to_14_99","subscription_like","https://apps.apple.com/us/app/lunaria-ai-soulmate-drawing/id6476827721?uo=4","embedded_json_textPair"
"6476827721","Lunaria AI - Soulmate Drawing","7","astrology_guidance","high","6","Moon Yearly","$39.99","39.99","15_to_49_99","subscription_like","https://apps.apple.com/us/app/lunaria-ai-soulmate-drawing/id6476827721?uo=4","embedded_json_textPair"
"6476827721","Lunaria AI - Soulmate Drawing","7","astrology_guidance","high","7","Luna.Lifetime.Premium","$39.99","39.99","15_to_49_99","subscription_like|lifetime_like","https://apps.apple.com/us/app/lunaria-ai-soulmate-drawing/id6476827721?uo=4","embedded_json_textPair"
"6476827721","Lunaria AI - Soulmate Drawing","7","astrology_guidance","high","8","Luna.yearly.premium","$29.99","29.99","15_to_49_99","subscription_like","https://apps.apple.com/us/app/lunaria-ai-soulmate-drawing/id6476827721?uo=4","embedded_json_textPair"
"1287758917","Law of Attraction Toolbox","8","manifestation_tool","medium_high","1","Pro Version Yearly","$29.99","29.99","15_to_49_99","subscription_like","https://apps.apple.com/us/app/law-of-attraction-toolbox/id1287758917?uo=4","embedded_json_textPair"
"1287758917","Law of Attraction Toolbox","8","manifestation_tool","medium_high","2","Pro Version (Lifetime)","$99.99","99.99","50_to_99_99","subscription_like|lifetime_like","https://apps.apple.com/us/app/law-of-attraction-toolbox/id1287758917?uo=4","embedded_json_textPair"
"1287758917","Law of Attraction Toolbox","8","manifestation_tool","medium_high","3","Pro Version Weekly","$4.99","4.99","under_5","subscription_like","https://apps.apple.com/us/app/law-of-attraction-toolbox/id1287758917?uo=4","embedded_json_textPair"
"1287758917","Law of Attraction Toolbox","8","manifestation_tool","medium_high","4","Pro Version Monthly","$12.99","12.99","5_to_14_99","subscription_like","https://apps.apple.com/us/app/law-of-attraction-toolbox/id1287758917?uo=4","embedded_json_textPair"
"1287758917","Law of Attraction Toolbox","8","manifestation_tool","medium_high","5","AI Assistant - Weekly","$2.99","2.99","under_5","subscription_like","https://apps.apple.com/us/app/law-of-attraction-toolbox/id1287758917?uo=4","embedded_json_textPair"
"1287758917","Law of Attraction Toolbox","8","manifestation_tool","medium_high","6","AI Assistant - Yearly","$19.99","19.99","15_to_49_99","subscription_like","https://apps.apple.com/us/app/law-of-attraction-toolbox/id1287758917?uo=4","embedded_json_textPair"
"1609921022","Vision Board ++ Maker Manifest","9","manifestation_tool","medium","1","Full Access (1 week)","$2.99","2.99","under_5","subscription_like","https://apps.apple.com/us/app/vision-board-maker-manifest/id1609921022?uo=4","embedded_json_textPair"
"1609921022","Vision Board ++ Maker Manifest","9","manifestation_tool","medium","2","Full Access (Yearly)","$18.99","18.99","15_to_49_99","subscription_like","https://apps.apple.com/us/app/vision-board-maker-manifest/id1609921022?uo=4","embedded_json_textPair"
"1609921022","Vision Board ++ Maker Manifest","9","manifestation_tool","medium","3","Full Access (Monthly)","$4.99","4.99","under_5","subscription_like","https://apps.apple.com/us/app/vision-board-maker-manifest/id1609921022?uo=4","embedded_json_textPair"
"1609921022","Vision Board ++ Maker Manifest","9","manifestation_tool","medium","4","Full Access (Monthly)","$6.99","6.99","5_to_14_99","subscription_like","https://apps.apple.com/us/app/vision-board-maker-manifest/id1609921022?uo=4","embedded_json_textPair"
"1609921022","Vision Board ++ Maker Manifest","9","manifestation_tool","medium","5","Full Access (Yearly)","$29.99","29.99","15_to_49_99","subscription_like","https://apps.apple.com/us/app/vision-board-maker-manifest/id1609921022?uo=4","embedded_json_textPair"
"1663677921","369 Manifestation & Meditation","10","manifestation_tool","medium_high","1","5x AI Vision Board","$1.99","1.99","under_5","unclear_iap","https://apps.apple.com/us/app/369-manifestation-meditation/id1663677921?uo=4","embedded_json_textPair"
"1663677921","369 Manifestation & Meditation","10","manifestation_tool","medium_high","2","10x AI Vision Board","$2.99","2.99","under_5","unclear_iap","https://apps.apple.com/us/app/369-manifestation-meditation/id1663677921?uo=4","embedded_json_textPair"
"1663677921","369 Manifestation & Meditation","10","manifestation_tool","medium_high","3","500 Coins","$6.99","6.99","5_to_14_99","consumable_or_unlock","https://apps.apple.com/us/app/369-manifestation-meditation/id1663677921?uo=4","embedded_json_textPair"
"1663677921","369 Manifestation & Meditation","10","manifestation_tool","medium_high","4","110 Coins","$1.99","1.99","under_5","consumable_or_unlock","https://apps.apple.com/us/app/369-manifestation-meditation/id1663677921?uo=4","embedded_json_textPair"
"1663677921","369 Manifestation & Meditation","10","manifestation_tool","medium_high","5","250 Coins","$3.99","3.99","under_5","consumable_or_unlock","https://apps.apple.com/us/app/369-manifestation-meditation/id1663677921?uo=4","embedded_json_textPair"
"1663677921","369 Manifestation & Meditation","10","manifestation_tool","medium_high","6","50 Coins","$0.99","0.99","under_5","consumable_or_unlock","https://apps.apple.com/us/app/369-manifestation-meditation/id1663677921?uo=4","embedded_json_textPair"
"1663677921","369 Manifestation & Meditation","10","manifestation_tool","medium_high","7","2x AI Vision Board","$0.99","0.99","under_5","unclear_iap","https://apps.apple.com/us/app/369-manifestation-meditation/id1663677921?uo=4","embedded_json_textPair"
"1663677921","369 Manifestation & Meditation","10","manifestation_tool","medium_high","8","Remove Ads","$3.99","3.99","under_5","unclear_iap","https://apps.apple.com/us/app/369-manifestation-meditation/id1663677921?uo=4","embedded_json_textPair"
"6474906451","Zodya Tarot Coffee Reading AI","11","astrology_guidance","medium_high","1","Sınırsız Erişim (Haftalık)","$7.99","7.99","5_to_14_99","unclear_iap","https://apps.apple.com/us/app/zodya-tarot-coffee-reading-ai/id6474906451?uo=4","embedded_json_textPair"
"6474906451","Zodya Tarot Coffee Reading AI","11","astrology_guidance","medium_high","2","Premium Subscription(Weekly)","$7.99","7.99","5_to_14_99","subscription_like","https://apps.apple.com/us/app/zodya-tarot-coffee-reading-ai/id6474906451?uo=4","embedded_json_textPair"
"6474906451","Zodya Tarot Coffee Reading AI","11","astrology_guidance","medium_high","3","Sınırsız Erişim (Yıllık)","$49.99","49.99","15_to_49_99","unclear_iap","https://apps.apple.com/us/app/zodya-tarot-coffee-reading-ai/id6474906451?uo=4","embedded_json_textPair"
"6474906451","Zodya Tarot Coffee Reading AI","11","astrology_guidance","medium_high","4","Unlimited Use (Yearly)","$9.99","9.99","5_to_14_99","subscription_like","https://apps.apple.com/us/app/zodya-tarot-coffee-reading-ai/id6474906451?uo=4","embedded_json_textPair"
"6474906451","Zodya Tarot Coffee Reading AI","11","astrology_guidance","medium_high","5","Premium Subscription(Yearly)","$39.99","39.99","15_to_49_99","subscription_like","https://apps.apple.com/us/app/zodya-tarot-coffee-reading-ai/id6474906451?uo=4","embedded_json_textPair"
"6752447843","LunaMate: AI Fanstasy Roleplay","12","tarot_or_oracle_guidance","high","1","Monthly","$29.99","29.99","15_to_49_99","subscription_like","https://apps.apple.com/us/app/lunamate-ai-fanstasy-roleplay/id6752447843?uo=4","embedded_json_textPair"
"6752447843","LunaMate: AI Fanstasy Roleplay","12","tarot_or_oracle_guidance","high","2","Lifetime member","$79.99","79.99","50_to_99_99","lifetime_like","https://apps.apple.com/us/app/lunamate-ai-fanstasy-roleplay/id6752447843?uo=4","embedded_json_textPair"
"6752447843","LunaMate: AI Fanstasy Roleplay","12","tarot_or_oracle_guidance","high","3","Yearly","$69.99","69.99","50_to_99_99","subscription_like","https://apps.apple.com/us/app/lunamate-ai-fanstasy-roleplay/id6752447843?uo=4","embedded_json_textPair"
"6752447843","LunaMate: AI Fanstasy Roleplay","12","tarot_or_oracle_guidance","high","4","168gems","$14.99","14.99","5_to_14_99","consumable_or_unlock","https://apps.apple.com/us/app/lunamate-ai-fanstasy-roleplay/id6752447843?uo=4","embedded_json_textPair"
"6752447843","LunaMate: AI Fanstasy Roleplay","12","tarot_or_oracle_guidance","high","5","768gems","$29.99","29.99","15_to_49_99","consumable_or_unlock","https://apps.apple.com/us/app/lunamate-ai-fanstasy-roleplay/id6752447843?uo=4","embedded_json_textPair"
"6752447843","LunaMate: AI Fanstasy Roleplay","12","tarot_or_oracle_guidance","high","6","3688gems","$49.99","49.99","15_to_49_99","consumable_or_unlock","https://apps.apple.com/us/app/lunamate-ai-fanstasy-roleplay/id6752447843?uo=4","embedded_json_textPair"
"6752447843","LunaMate: AI Fanstasy Roleplay","12","tarot_or_oracle_guidance","high","7","6688gems","$69.99","69.99","50_to_99_99","consumable_or_unlock","https://apps.apple.com/us/app/lunamate-ai-fanstasy-roleplay/id6752447843?uo=4","embedded_json_textPair"
"6755166256","Kokoa AI: Roleplay AI Chat","13","tarot_or_oracle_guidance","high","1","monthly VIP","$29.99","29.99","15_to_49_99","subscription_like","https://apps.apple.com/us/app/kokoa-ai-roleplay-ai-chat/id6755166256?uo=4","embedded_json_textPair"
"6755166256","Kokoa AI: Roleplay AI Chat","13","tarot_or_oracle_guidance","high","2","50kk","$6.99","6.99","5_to_14_99","unclear_iap","https://apps.apple.com/us/app/kokoa-ai-roleplay-ai-chat/id6755166256?uo=4","embedded_json_textPair"
"6755166256","Kokoa AI: Roleplay AI Chat","13","tarot_or_oracle_guidance","high","3","168kk","$14.99","14.99","5_to_14_99","unclear_iap","https://apps.apple.com/us/app/kokoa-ai-roleplay-ai-chat/id6755166256?uo=4","embedded_json_textPair"
"6755166256","Kokoa AI: Roleplay AI Chat","13","tarot_or_oracle_guidance","high","4","768kk","$29.99","29.99","15_to_49_99","unclear_iap","https://apps.apple.com/us/app/kokoa-ai-roleplay-ai-chat/id6755166256?uo=4","embedded_json_textPair"
"6755166256","Kokoa AI: Roleplay AI Chat","13","tarot_or_oracle_guidance","high","5","100kk","$9.99","9.99","5_to_14_99","unclear_iap","https://apps.apple.com/us/app/kokoa-ai-roleplay-ai-chat/id6755166256?uo=4","embedded_json_textPair"
"6755166256","Kokoa AI: Roleplay AI Chat","13","tarot_or_oracle_guidance","high","6","lifetime membership","$79.99","79.99","50_to_99_99","lifetime_like","https://apps.apple.com/us/app/kokoa-ai-roleplay-ai-chat/id6755166256?uo=4","embedded_json_textPair"
"6755166256","Kokoa AI: Roleplay AI Chat","13","tarot_or_oracle_guidance","high","7","Yearly VIP","$69.99","69.99","50_to_99_99","subscription_like","https://apps.apple.com/us/app/kokoa-ai-roleplay-ai-chat/id6755166256?uo=4","embedded_json_textPair"
"6755166256","Kokoa AI: Roleplay AI Chat","13","tarot_or_oracle_guidance","high","8","6688kk","$69.99","69.99","50_to_99_99","unclear_iap","https://apps.apple.com/us/app/kokoa-ai-roleplay-ai-chat/id6755166256?uo=4","embedded_json_textPair"
"6755166256","Kokoa AI: Roleplay AI Chat","13","tarot_or_oracle_guidance","high","9","3688kk","$49.99","49.99","15_to_49_99","unclear_iap","https://apps.apple.com/us/app/kokoa-ai-roleplay-ai-chat/id6755166256?uo=4","embedded_json_textPair"
"6636491359","Harem AI - Chat & Talk & Crush","14","tarot_or_oracle_guidance","medium_high","1","HaremAI VIP Service monthly","$9.99","9.99","5_to_14_99","subscription_like","https://apps.apple.com/us/app/harem-ai-chat-talk-crush/id6636491359?uo=4","embedded_json_textPair"
"6636491359","Harem AI - Chat & Talk & Crush","14","tarot_or_oracle_guidance","medium_high","2","HaremAI VIP Weekly","$3.99","3.99","under_5","subscription_like","https://apps.apple.com/us/app/harem-ai-chat-talk-crush/id6636491359?uo=4","embedded_json_textPair"
"6636491359","Harem AI - Chat & Talk & Crush","14","tarot_or_oracle_guidance","medium_high","3","100 gold","$0.99","0.99","under_5","unclear_iap","https://apps.apple.com/us/app/harem-ai-chat-talk-crush/id6636491359?uo=4","embedded_json_textPair"
"6636491359","Harem AI - Chat & Talk & Crush","14","tarot_or_oracle_guidance","medium_high","4","HaremAI VIP Yearly","$29.90","29.9","15_to_49_99","subscription_like","https://apps.apple.com/us/app/harem-ai-chat-talk-crush/id6636491359?uo=4","embedded_json_textPair"
"6636491359","Harem AI - Chat & Talk & Crush","14","tarot_or_oracle_guidance","medium_high","5","VIP Service LifeTime","$88.00","88","50_to_99_99","lifetime_like","https://apps.apple.com/us/app/harem-ai-chat-talk-crush/id6636491359?uo=4","embedded_json_textPair"
"6636491359","Harem AI - Chat & Talk & Crush","14","tarot_or_oracle_guidance","medium_high","6","899 gold","$8.99","8.99","5_to_14_99","unclear_iap","https://apps.apple.com/us/app/harem-ai-chat-talk-crush/id6636491359?uo=4","embedded_json_textPair"
"6636491359","Harem AI - Chat & Talk & Crush","14","tarot_or_oracle_guidance","medium_high","7","599 gold","$5.99","5.99","5_to_14_99","unclear_iap","https://apps.apple.com/us/app/harem-ai-chat-talk-crush/id6636491359?uo=4","embedded_json_textPair"
"6636491359","Harem AI - Chat & Talk & Crush","14","tarot_or_oracle_guidance","medium_high","8","399 gold","$3.99","3.99","under_5","unclear_iap","https://apps.apple.com/us/app/harem-ai-chat-talk-crush/id6636491359?uo=4","embedded_json_textPair"
"6636491359","Harem AI - Chat & Talk & Crush","14","tarot_or_oracle_guidance","medium_high","9","9999 gold","$99.99","99.99","50_to_99_99","unclear_iap","https://apps.apple.com/us/app/harem-ai-chat-talk-crush/id6636491359?uo=4","embedded_json_textPair"
"6636491359","Harem AI - Chat & Talk & Crush","14","tarot_or_oracle_guidance","medium_high","10","999 gold","$19.99","19.99","15_to_49_99","unclear_iap","https://apps.apple.com/us/app/harem-ai-chat-talk-crush/id6636491359?uo=4","embedded_json_textPair"
"6757587521","Spark AI: Chat with Characters","15","tarot_or_oracle_guidance","high","1","100gold","$9.99","9.99","5_to_14_99","unclear_iap","https://apps.apple.com/us/app/spark-ai-chat-with-characters/id6757587521?uo=4","embedded_json_textPair"
"6757587521","Spark AI: Chat with Characters","15","tarot_or_oracle_guidance","high","2","monthly vip","$29.99","29.99","15_to_49_99","subscription_like","https://apps.apple.com/us/app/spark-ai-chat-with-characters/id6757587521?uo=4","embedded_json_textPair"
"6757587521","Spark AI: Chat with Characters","15","tarot_or_oracle_guidance","high","3","768gold","$29.99","29.99","15_to_49_99","unclear_iap","https://apps.apple.com/us/app/spark-ai-chat-with-characters/id6757587521?uo=4","embedded_json_textPair"
"6757587521","Spark AI: Chat with Characters","15","tarot_or_oracle_guidance","high","4","ltk","$79.99","79.99","50_to_99_99","unclear_iap","https://apps.apple.com/us/app/spark-ai-chat-with-characters/id6757587521?uo=4","embedded_json_textPair"
"6757587521","Spark AI: Chat with Characters","15","tarot_or_oracle_guidance","high","5","168gold","$14.99","14.99","5_to_14_99","unclear_iap","https://apps.apple.com/us/app/spark-ai-chat-with-characters/id6757587521?uo=4","embedded_json_textPair"
"6757587521","Spark AI: Chat with Characters","15","tarot_or_oracle_guidance","high","6","6688gold","$69.99","69.99","50_to_99_99","unclear_iap","https://apps.apple.com/us/app/spark-ai-chat-with-characters/id6757587521?uo=4","embedded_json_textPair"
"6757587521","Spark AI: Chat with Characters","15","tarot_or_oracle_guidance","high","7","yearly vip","$69.99","69.99","50_to_99_99","subscription_like","https://apps.apple.com/us/app/spark-ai-chat-with-characters/id6757587521?uo=4","embedded_json_textPair"
"6757587521","Spark AI: Chat with Characters","15","tarot_or_oracle_guidance","high","8","3688gold","$49.99","49.99","15_to_49_99","unclear_iap","https://apps.apple.com/us/app/spark-ai-chat-with-characters/id6757587521?uo=4","embedded_json_textPair"
"441977097","Pregnancy Tracker 3D by Sprout","16","astrology_guidance","medium","1","Sprout PREMIUM","$7.99","7.99","5_to_14_99","subscription_like","https://apps.apple.com/us/app/pregnancy-tracker-3d-by-sprout/id441977097?uo=4","embedded_json_textPair"
"441977097","Pregnancy Tracker 3D by Sprout","16","astrology_guidance","medium","2","Premium Subscription Weekly","$3.99","3.99","under_5","subscription_like","https://apps.apple.com/us/app/pregnancy-tracker-3d-by-sprout/id441977097?uo=4","embedded_json_textPair"
"441977097","Pregnancy Tracker 3D by Sprout","16","astrology_guidance","medium","3","Premium Subscription Yearly","$49.99","49.99","15_to_49_99","subscription_like","https://apps.apple.com/us/app/pregnancy-tracker-3d-by-sprout/id441977097?uo=4","embedded_json_textPair"
"441977097","Pregnancy Tracker 3D by Sprout","16","astrology_guidance","medium","4","Premium Weekly","$3.99","3.99","under_5","subscription_like","https://apps.apple.com/us/app/pregnancy-tracker-3d-by-sprout/id441977097?uo=4","embedded_json_textPair"
"441977097","Pregnancy Tracker 3D by Sprout","16","astrology_guidance","medium","5","PREMIUM+Unlimited Pregnancies","$9.99","9.99","5_to_14_99","subscription_like","https://apps.apple.com/us/app/pregnancy-tracker-3d-by-sprout/id441977097?uo=4","embedded_json_textPair"
"441977097","Pregnancy Tracker 3D by Sprout","16","astrology_guidance","medium","6","Premium Subscription Monthly","$12.99","12.99","5_to_14_99","subscription_like","https://apps.apple.com/us/app/pregnancy-tracker-3d-by-sprout/id441977097?uo=4","embedded_json_textPair"
"441977097","Pregnancy Tracker 3D by Sprout","16","astrology_guidance","medium","7","Premium Yearly","$59.99","59.99","50_to_99_99","subscription_like","https://apps.apple.com/us/app/pregnancy-tracker-3d-by-sprout/id441977097?uo=4","embedded_json_textPair"
"441977097","Pregnancy Tracker 3D by Sprout","16","astrology_guidance","medium","8","Premium Monthly","$12.99","12.99","5_to_14_99","subscription_like","https://apps.apple.com/us/app/pregnancy-tracker-3d-by-sprout/id441977097?uo=4","embedded_json_textPair"
"441977097","Pregnancy Tracker 3D by Sprout","16","astrology_guidance","medium","9","Unlimited Pregnancies","$4.99","4.99","under_5","unclear_iap","https://apps.apple.com/us/app/pregnancy-tracker-3d-by-sprout/id441977097?uo=4","embedded_json_textPair"
"441977097","Pregnancy Tracker 3D by Sprout","16","astrology_guidance","medium","10","Premium Unlimited Weekly","$4.99","4.99","under_5","subscription_like","https://apps.apple.com/us/app/pregnancy-tracker-3d-by-sprout/id441977097?uo=4","embedded_json_textPair"
"1641577381","Soulful Navigation","17","avatar_identity_coaching","medium_high","1","MONTHLY MEMBERSHIP","$32.99","32.99","15_to_49_99","subscription_like","https://apps.apple.com/us/app/soulful-navigation/id1641577381?uo=4","embedded_json_textPair"
"1641577381","Soulful Navigation","17","avatar_identity_coaching","medium_high","2","MEDITATION BUNDLE","$99.99","99.99","50_to_99_99","consumable_or_unlock","https://apps.apple.com/us/app/soulful-navigation/id1641577381?uo=4","embedded_json_textPair"
"6741158668","Habit Tracker - AI Planner","19","gamified_self_improvement","high","1","Premium Weekly with Trial","$2.99","2.99","under_5","subscription_like|trial_like","https://apps.apple.com/us/app/habit-tracker-ai-planner/id6741158668?uo=4","embedded_json_textPair"
"6741158668","Habit Tracker - AI Planner","19","gamified_self_improvement","high","2","Premium Weekly with Trial","$3.99","3.99","under_5","subscription_like|trial_like","https://apps.apple.com/us/app/habit-tracker-ai-planner/id6741158668?uo=4","embedded_json_textPair"
"6741158668","Habit Tracker - AI Planner","19","gamified_self_improvement","high","3","Premium Yearly with Trial","$24.99","24.99","15_to_49_99","subscription_like|trial_like","https://apps.apple.com/us/app/habit-tracker-ai-planner/id6741158668?uo=4","embedded_json_textPair"
"6741158668","Habit Tracker - AI Planner","19","gamified_self_improvement","high","4","Premium Weekly","$3.99","3.99","under_5","subscription_like","https://apps.apple.com/us/app/habit-tracker-ai-planner/id6741158668?uo=4","embedded_json_textPair"
"6741158668","Habit Tracker - AI Planner","19","gamified_self_improvement","high","5","Premium Yearly","$24.99","24.99","15_to_49_99","subscription_like","https://apps.apple.com/us/app/habit-tracker-ai-planner/id6741158668?uo=4","embedded_json_textPair"
"6741158668","Habit Tracker - AI Planner","19","gamified_self_improvement","high","6","Premium Weekly","$2.99","2.99","under_5","subscription_like","https://apps.apple.com/us/app/habit-tracker-ai-planner/id6741158668?uo=4","embedded_json_textPair"
"6741158668","Habit Tracker - AI Planner","19","gamified_self_improvement","high","7","Premium Yearly with Trial","$49.99","49.99","15_to_49_99","subscription_like|trial_like","https://apps.apple.com/us/app/habit-tracker-ai-planner/id6741158668?uo=4","embedded_json_textPair"
"6741158668","Habit Tracker - AI Planner","19","gamified_self_improvement","high","8","Premium Yearly","$49.99","49.99","15_to_49_99","subscription_like","https://apps.apple.com/us/app/habit-tracker-ai-planner/id6741158668?uo=4","embedded_json_textPair"
"6475028592","OtterLife: AI Health Tracker","20","gamified_self_improvement","medium_high","1","OtterLife-Yearlysponsor","$39.99","39.99","15_to_49_99","subscription_like","https://apps.apple.com/us/app/otterlife-ai-health-tracker/id6475028592?uo=4","embedded_json_textPair"
"6475028592","OtterLife: AI Health Tracker","20","gamified_self_improvement","medium_high","2","OtterLife-Yearlysponsor","$26.99","26.99","15_to_49_99","subscription_like","https://apps.apple.com/us/app/otterlife-ai-health-tracker/id6475028592?uo=4","embedded_json_textPair"
"6475028592","OtterLife: AI Health Tracker","20","gamified_self_improvement","medium_high","3","OtterLife-monthsponsor","$15.99","15.99","15_to_49_99","subscription_like","https://apps.apple.com/us/app/otterlife-ai-health-tracker/id6475028592?uo=4","embedded_json_textPair"
"6475028592","OtterLife: AI Health Tracker","20","gamified_self_improvement","medium_high","4","OtterLife-Lifetime","$44.99","44.99","15_to_49_99","lifetime_like","https://apps.apple.com/us/app/otterlife-ai-health-tracker/id6475028592?uo=4","embedded_json_textPair"
"6475028592","OtterLife: AI Health Tracker","20","gamified_self_improvement","medium_high","5","OtterLife-Lifetime","$74.99","74.99","50_to_99_99","lifetime_like","https://apps.apple.com/us/app/otterlife-ai-health-tracker/id6475028592?uo=4","embedded_json_textPair"
"6475028592","OtterLife: AI Health Tracker","20","gamified_self_improvement","medium_high","6","OtterLife-3monthsponsor","$19.99","19.99","15_to_49_99","subscription_like","https://apps.apple.com/us/app/otterlife-ai-health-tracker/id6475028592?uo=4","embedded_json_textPair"
"6475028592","OtterLife: AI Health Tracker","20","gamified_self_improvement","medium_high","7","OtterLife-Yearlysponsor","$19.99","19.99","15_to_49_99","subscription_like","https://apps.apple.com/us/app/otterlife-ai-health-tracker/id6475028592?uo=4","embedded_json_textPair"
"6475028592","OtterLife: AI Health Tracker","20","gamified_self_improvement","medium_high","8","OtterLife-yearlysponsor","$34.99","34.99","15_to_49_99","subscription_like","https://apps.apple.com/us/app/otterlife-ai-health-tracker/id6475028592?uo=4","embedded_json_textPair"
"1108786610","Mindvalley: Self Improvement","21","manifestation_tool","medium_high","1","Mindvalley Membership","$49.99","49.99","15_to_49_99","unclear_iap","https://apps.apple.com/us/app/mindvalley-self-improvement/id1108786610?uo=4","embedded_json_textPair"
"1108786610","Mindvalley: Self Improvement","21","manifestation_tool","medium_high","2","Mindvalley Membership","$99.99","99.99","50_to_99_99","unclear_iap","https://apps.apple.com/us/app/mindvalley-self-improvement/id1108786610?uo=4","embedded_json_textPair"
"1108786610","Mindvalley: Self Improvement","21","manifestation_tool","medium_high","3","Mindvalley Membership","$49.00","49","15_to_49_99","unclear_iap","https://apps.apple.com/us/app/mindvalley-self-improvement/id1108786610?uo=4","embedded_json_textPair"
"1108786610","Mindvalley: Self Improvement","21","manifestation_tool","medium_high","4","Mindvalley Mentoring Yearly","$99.99","99.99","50_to_99_99","subscription_like","https://apps.apple.com/us/app/mindvalley-self-improvement/id1108786610?uo=4","embedded_json_textPair"
"1108786610","Mindvalley: Self Improvement","21","manifestation_tool","medium_high","5","Mindvalley Membership","$19.99","19.99","15_to_49_99","unclear_iap","https://apps.apple.com/us/app/mindvalley-self-improvement/id1108786610?uo=4","embedded_json_textPair"
"1108786610","Mindvalley: Self Improvement","21","manifestation_tool","medium_high","6","Mindvalley Membership","$59.99","59.99","50_to_99_99","unclear_iap","https://apps.apple.com/us/app/mindvalley-self-improvement/id1108786610?uo=4","embedded_json_textPair"
"1108786610","Mindvalley: Self Improvement","21","manifestation_tool","medium_high","7","Mindvalley Membership","$299.99","299.99","100_plus","unclear_iap","https://apps.apple.com/us/app/mindvalley-self-improvement/id1108786610?uo=4","embedded_json_textPair"
"1108786610","Mindvalley: Self Improvement","21","manifestation_tool","medium_high","8","Mindvalley Membership","$399.00","399","100_plus","unclear_iap","https://apps.apple.com/us/app/mindvalley-self-improvement/id1108786610?uo=4","embedded_json_textPair"
"988402523","LifeWheel Goal Habit Tracker","23","gamified_self_improvement","medium_high","1","Goal, Habit Tracker, Balance","$39.99","39.99","15_to_49_99","unclear_iap","https://apps.apple.com/us/app/lifewheel-goal-habit-tracker/id988402523?uo=4","embedded_json_textPair"
"988402523","LifeWheel Goal Habit Tracker","23","gamified_self_improvement","medium_high","2","Goals, Habits, Aspire, Planner","$12.99","12.99","5_to_14_99","unclear_iap","https://apps.apple.com/us/app/lifewheel-goal-habit-tracker/id988402523?uo=4","embedded_json_textPair"
"988402523","LifeWheel Goal Habit Tracker","23","gamified_self_improvement","medium_high","3","Lifetime Purchase","$39.99","39.99","15_to_49_99","lifetime_like","https://apps.apple.com/us/app/lifewheel-goal-habit-tracker/id988402523?uo=4","embedded_json_textPair"
"988402523","LifeWheel Goal Habit Tracker","23","gamified_self_improvement","medium_high","4","All Features","$69.99","69.99","50_to_99_99","unclear_iap","https://apps.apple.com/us/app/lifewheel-goal-habit-tracker/id988402523?uo=4","embedded_json_textPair"
"988402523","LifeWheel Goal Habit Tracker","23","gamified_self_improvement","medium_high","5","All Features: Sale","$19.99","19.99","15_to_49_99","unclear_iap","https://apps.apple.com/us/app/lifewheel-goal-habit-tracker/id988402523?uo=4","embedded_json_textPair"
"988402523","LifeWheel Goal Habit Tracker","23","gamified_self_improvement","medium_high","6","LifeWheel Premium","$5.99","5.99","5_to_14_99","subscription_like","https://apps.apple.com/us/app/lifewheel-goal-habit-tracker/id988402523?uo=4","embedded_json_textPair"
"988402523","LifeWheel Goal Habit Tracker","23","gamified_self_improvement","medium_high","7","All Features","$14.99","14.99","5_to_14_99","unclear_iap","https://apps.apple.com/us/app/lifewheel-goal-habit-tracker/id988402523?uo=4","embedded_json_textPair"
"988402523","LifeWheel Goal Habit Tracker","23","gamified_self_improvement","medium_high","8","Goals on Track,app for Balance","$79.99","79.99","50_to_99_99","unclear_iap","https://apps.apple.com/us/app/lifewheel-goal-habit-tracker/id988402523?uo=4","embedded_json_textPair"
"988402523","LifeWheel Goal Habit Tracker","23","gamified_self_improvement","medium_high","9","14 healthy habits marathon","$29.99","29.99","15_to_49_99","unclear_iap","https://apps.apple.com/us/app/lifewheel-goal-habit-tracker/id988402523?uo=4","embedded_json_textPair"
"662136391","Intuitive Life Coaching Oracle","24","tarot_or_oracle_guidance","medium","1","Intuitive Life Coaching Oracle Full Version","$9.99","9.99","5_to_14_99","unclear_iap","https://apps.apple.com/us/app/intuitive-life-coaching-oracle/id662136391?uo=4","embedded_json_textPair"
"6740871243","InfluAI: Be an influencer","25","avatar_identity_coaching","medium_high","1","English","$6.99","6.99","5_to_14_99","unclear_iap","https://apps.apple.com/us/app/influai-be-an-influencer/id6740871243?uo=4","embedded_json_textPair"
"6740871243","InfluAI: Be an influencer","25","avatar_identity_coaching","medium_high","2","English","$49.99","49.99","15_to_49_99","unclear_iap","https://apps.apple.com/us/app/influai-be-an-influencer/id6740871243?uo=4","embedded_json_textPair"
"6740871243","InfluAI: Be an influencer","25","avatar_identity_coaching","medium_high","3","English","$1.99","1.99","under_5","unclear_iap","https://apps.apple.com/us/app/influai-be-an-influencer/id6740871243?uo=4","embedded_json_textPair"
"6740871243","InfluAI: Be an influencer","25","avatar_identity_coaching","medium_high","4","English","$14.99","14.99","5_to_14_99","unclear_iap","https://apps.apple.com/us/app/influai-be-an-influencer/id6740871243?uo=4","embedded_json_textPair"
"6740871243","InfluAI: Be an influencer","25","avatar_identity_coaching","medium_high","5","English","$3.99","3.99","under_5","unclear_iap","https://apps.apple.com/us/app/influai-be-an-influencer/id6740871243?uo=4","embedded_json_textPair"
"6740871243","InfluAI: Be an influencer","25","avatar_identity_coaching","medium_high","6","English","$5.99","5.99","5_to_14_99","unclear_iap","https://apps.apple.com/us/app/influai-be-an-influencer/id6740871243?uo=4","embedded_json_textPair"
"6740871243","InfluAI: Be an influencer","25","avatar_identity_coaching","medium_high","7","English","$11.99","11.99","5_to_14_99","unclear_iap","https://apps.apple.com/us/app/influai-be-an-influencer/id6740871243?uo=4","embedded_json_textPair"
"6740871243","InfluAI: Be an influencer","25","avatar_identity_coaching","medium_high","8","English","$4.99","4.99","under_5","unclear_iap","https://apps.apple.com/us/app/influai-be-an-influencer/id6740871243?uo=4","embedded_json_textPair"
"6740871243","InfluAI: Be an influencer","25","avatar_identity_coaching","medium_high","9","English","$29.99","29.99","15_to_49_99","unclear_iap","https://apps.apple.com/us/app/influai-be-an-influencer/id6740871243?uo=4","embedded_json_textPair"
"6746153065","QuitBuddy: Quit Addiction","26","gamified_self_improvement","medium_high","1","Quitbuddy 1 Month Premium","$14.99","14.99","5_to_14_99","subscription_like","https://apps.apple.com/us/app/quitbuddy-quit-addiction/id6746153065?uo=4","embedded_json_textPair"
"6746153065","QuitBuddy: Quit Addiction","26","gamified_self_improvement","medium_high","2","Quitbuddy 1 Month Premium","$9.99","9.99","5_to_14_99","subscription_like","https://apps.apple.com/us/app/quitbuddy-quit-addiction/id6746153065?uo=4","embedded_json_textPair"
"6746153065","QuitBuddy: Quit Addiction","26","gamified_self_improvement","medium_high","3","Quitbuddy 12 Months Premium","$49.99","49.99","15_to_49_99","subscription_like","https://apps.apple.com/us/app/quitbuddy-quit-addiction/id6746153065?uo=4","embedded_json_textPair"
"6746153065","QuitBuddy: Quit Addiction","26","gamified_self_improvement","medium_high","4","Quitbuddy 6 Months Premium","$19.99","19.99","15_to_49_99","subscription_like","https://apps.apple.com/us/app/quitbuddy-quit-addiction/id6746153065?uo=4","embedded_json_textPair"
"6746153065","QuitBuddy: Quit Addiction","26","gamified_self_improvement","medium_high","5","12 Months Premium 30% Off","$39.99","39.99","15_to_49_99","subscription_like","https://apps.apple.com/us/app/quitbuddy-quit-addiction/id6746153065?uo=4","embedded_json_textPair"
"6746153065","QuitBuddy: Quit Addiction","26","gamified_self_improvement","medium_high","6","Quitbuddy 6 Months Premium","$44.99","44.99","15_to_49_99","subscription_like","https://apps.apple.com/us/app/quitbuddy-quit-addiction/id6746153065?uo=4","embedded_json_textPair"
"6746153065","QuitBuddy: Quit Addiction","26","gamified_self_improvement","medium_high","7","Dopamine Detox Guide","$39.90","39.9","15_to_49_99","unclear_iap","https://apps.apple.com/us/app/quitbuddy-quit-addiction/id6746153065?uo=4","embedded_json_textPair"
"6746153065","QuitBuddy: Quit Addiction","26","gamified_self_improvement","medium_high","8","Quitbuddy 12 Months Premium","$27.90","27.9","15_to_49_99","subscription_like","https://apps.apple.com/us/app/quitbuddy-quit-addiction/id6746153065?uo=4","embedded_json_textPair"
"6746153065","QuitBuddy: Quit Addiction","26","gamified_self_improvement","medium_high","9","Quitbuddy E-Book","$19.90","19.9","15_to_49_99","unclear_iap","https://apps.apple.com/us/app/quitbuddy-quit-addiction/id6746153065?uo=4","embedded_json_textPair"
"1461412482","TwinFlame","27","astrology_guidance","medium","1","Unlimited Charts","$2.99","2.99","under_5","unclear_iap","https://apps.apple.com/us/app/twinflame/id1461412482?uo=4","embedded_json_textPair"
"1461412482","TwinFlame","27","astrology_guidance","medium","2","TwinFlame Supporter","$2.99","2.99","under_5","unclear_iap","https://apps.apple.com/us/app/twinflame/id1461412482?uo=4","embedded_json_textPair"
"1461412482","TwinFlame","27","astrology_guidance","medium","3","TwinFlame Supporter","$4.99","4.99","under_5","unclear_iap","https://apps.apple.com/us/app/twinflame/id1461412482?uo=4","embedded_json_textPair"
"1461412482","TwinFlame","27","astrology_guidance","medium","4","TwinFlame Supporter","$7.99","7.99","5_to_14_99","unclear_iap","https://apps.apple.com/us/app/twinflame/id1461412482?uo=4","embedded_json_textPair"
"6753165996","Ask Nithyananda AI","28","avatar_identity_coaching","medium_high","1","Bronze","$54.00","54","50_to_99_99","unclear_iap","https://apps.apple.com/us/app/ask-nithyananda-ai/id6753165996?uo=4","embedded_json_textPair"
"6753165996","Ask Nithyananda AI","28","avatar_identity_coaching","medium_high","2","Gold","$509.00","509","100_plus","unclear_iap","https://apps.apple.com/us/app/ask-nithyananda-ai/id6753165996?uo=4","embedded_json_textPair"
"6753165996","Ask Nithyananda AI","28","avatar_identity_coaching","medium_high","3","Silver","$107.99","107.99","100_plus","unclear_iap","https://apps.apple.com/us/app/ask-nithyananda-ai/id6753165996?uo=4","embedded_json_textPair"
"6449010121","AI Chatbot - Chat Companion","29","astrology_guidance","medium_high","1","AI CHATBOT","$6.99","6.99","5_to_14_99","unclear_iap","https://apps.apple.com/us/app/ai-chatbot-chat-companion/id6449010121?uo=4","embedded_json_textPair"
"6449010121","AI Chatbot - Chat Companion","29","astrology_guidance","medium_high","2","AI CHATBOT","$59.99","59.99","50_to_99_99","unclear_iap","https://apps.apple.com/us/app/ai-chatbot-chat-companion/id6449010121?uo=4","embedded_json_textPair"
"6615063639","Cozy Mahjong","30","avatar_identity_coaching","medium_high","1","Premium","$1.99","1.99","under_5","subscription_like","https://apps.apple.com/us/app/cozy-mahjong/id6615063639?uo=4","embedded_json_textPair"
"6737979775","Orakemu - Planner Journal Todo","33","gamified_self_improvement","medium_high","1","Yearly Subscription","$49.99","49.99","15_to_49_99","subscription_like","https://apps.apple.com/us/app/orakemu-planner-journal-todo/id6737979775?uo=4","embedded_json_textPair"
"6737979775","Orakemu - Planner Journal Todo","33","gamified_self_improvement","medium_high","2","Weekly Subscription","$2.99","2.99","under_5","subscription_like","https://apps.apple.com/us/app/orakemu-planner-journal-todo/id6737979775?uo=4","embedded_json_textPair"
"6475028592","OtterLife: AI Health Tracker","34","gamified_self_improvement","medium_high","1","OtterLife-Yearlysponsor","$39.99","39.99","15_to_49_99","subscription_like","https://apps.apple.com/us/app/otterlife-ai-health-tracker/id6475028592?uo=4","embedded_json_textPair"
"6475028592","OtterLife: AI Health Tracker","34","gamified_self_improvement","medium_high","2","OtterLife-Yearlysponsor","$26.99","26.99","15_to_49_99","subscription_like","https://apps.apple.com/us/app/otterlife-ai-health-tracker/id6475028592?uo=4","embedded_json_textPair"
"6475028592","OtterLife: AI Health Tracker","34","gamified_self_improvement","medium_high","3","OtterLife-monthsponsor","$15.99","15.99","15_to_49_99","subscription_like","https://apps.apple.com/us/app/otterlife-ai-health-tracker/id6475028592?uo=4","embedded_json_textPair"
"6475028592","OtterLife: AI Health Tracker","34","gamified_self_improvement","medium_high","4","OtterLife-Lifetime","$44.99","44.99","15_to_49_99","lifetime_like","https://apps.apple.com/us/app/otterlife-ai-health-tracker/id6475028592?uo=4","embedded_json_textPair"
"6475028592","OtterLife: AI Health Tracker","34","gamified_self_improvement","medium_high","5","OtterLife-Lifetime","$74.99","74.99","50_to_99_99","lifetime_like","https://apps.apple.com/us/app/otterlife-ai-health-tracker/id6475028592?uo=4","embedded_json_textPair"
"6475028592","OtterLife: AI Health Tracker","34","gamified_self_improvement","medium_high","6","OtterLife-3monthsponsor","$19.99","19.99","15_to_49_99","subscription_like","https://apps.apple.com/us/app/otterlife-ai-health-tracker/id6475028592?uo=4","embedded_json_textPair"
"6475028592","OtterLife: AI Health Tracker","34","gamified_self_improvement","medium_high","7","OtterLife-Yearlysponsor","$19.99","19.99","15_to_49_99","subscription_like","https://apps.apple.com/us/app/otterlife-ai-health-tracker/id6475028592?uo=4","embedded_json_textPair"
"6475028592","OtterLife: AI Health Tracker","34","gamified_self_improvement","medium_high","8","OtterLife-yearlysponsor","$34.99","34.99","15_to_49_99","subscription_like","https://apps.apple.com/us/app/otterlife-ai-health-tracker/id6475028592?uo=4","embedded_json_textPair"
"6744328233","HootieLife: AI Wellness Coach","35","avatar_identity_coaching","medium_high","1","Premium Monthly","$12.99","12.99","5_to_14_99","subscription_like","https://apps.apple.com/us/app/hootielife-ai-wellness-coach/id6744328233?uo=4","embedded_json_textPair"
"6744328233","HootieLife: AI Wellness Coach","35","avatar_identity_coaching","medium_high","2","Premium Yearly","$119.99","119.99","100_plus","subscription_like","https://apps.apple.com/us/app/hootielife-ai-wellness-coach/id6744328233?uo=4","embedded_json_textPair"
"522674372","Kindara: Fertility Tracker","37","astrology_guidance","medium","1","1 Month Subscription","$4.99","4.99","under_5","subscription_like","https://apps.apple.com/us/app/kindara-fertility-tracker/id522674372?uo=4","embedded_json_textPair"
"522674372","Kindara: Fertility Tracker","37","astrology_guidance","medium","2","1 Year Subscription (20% off)","$39.99","39.99","15_to_49_99","subscription_like","https://apps.apple.com/us/app/kindara-fertility-tracker/id522674372?uo=4","embedded_json_textPair"
"522674372","Kindara: Fertility Tracker","37","astrology_guidance","medium","3","1 Year Subscription","$49.99","49.99","15_to_49_99","subscription_like","https://apps.apple.com/us/app/kindara-fertility-tracker/id522674372?uo=4","embedded_json_textPair"
"1632227512","Haute Hypnosis - Mind Manifest","38","manifestation_tool","medium_high","1","Monthly Hypnosis Subscription","$5.99","5.99","5_to_14_99","subscription_like","https://apps.apple.com/us/app/haute-hypnosis-mind-manifest/id1632227512?uo=4","embedded_json_textPair"
"1632227512","Haute Hypnosis - Mind Manifest","38","manifestation_tool","medium_high","2","Yearly Subscription","$49.99","49.99","15_to_49_99","subscription_like","https://apps.apple.com/us/app/haute-hypnosis-mind-manifest/id1632227512?uo=4","embedded_json_textPair"
"1632227512","Haute Hypnosis - Mind Manifest","38","manifestation_tool","medium_high","3","yearly Subscription","$59.99","59.99","50_to_99_99","subscription_like","https://apps.apple.com/us/app/haute-hypnosis-mind-manifest/id1632227512?uo=4","embedded_json_textPair"
"1632227512","Haute Hypnosis - Mind Manifest","38","manifestation_tool","medium_high","4","monthly Subscription","$9.99","9.99","5_to_14_99","subscription_like","https://apps.apple.com/us/app/haute-hypnosis-mind-manifest/id1632227512?uo=4","embedded_json_textPair"
"1632227512","Haute Hypnosis - Mind Manifest","38","manifestation_tool","medium_high","5","Premium Lifetime","$99.00","99","50_to_99_99","subscription_like|lifetime_like","https://apps.apple.com/us/app/haute-hypnosis-mind-manifest/id1632227512?uo=4","embedded_json_textPair"
"6758529128","Magnetic - Manifestation App","39","manifestation_tool","medium_high","1","Premium+","$18.99","18.99","15_to_49_99","subscription_like","https://apps.apple.com/us/app/magnetic-manifestation-app/id6758529128?uo=4","embedded_json_textPair"
"6758529128","Magnetic - Manifestation App","39","manifestation_tool","medium_high","2","A Song (Premium)","$4.99","4.99","under_5","subscription_like","https://apps.apple.com/us/app/magnetic-manifestation-app/id6758529128?uo=4","embedded_json_textPair"
"6758529128","Magnetic - Manifestation App","39","manifestation_tool","medium_high","3","Become His Only Option","$5.99","5.99","5_to_14_99","unclear_iap","https://apps.apple.com/us/app/magnetic-manifestation-app/id6758529128?uo=4","embedded_json_textPair"
"6758529128","Magnetic - Manifestation App","39","manifestation_tool","medium_high","4","Magnetic Premium","$9.99","9.99","5_to_14_99","subscription_like","https://apps.apple.com/us/app/magnetic-manifestation-app/id6758529128?uo=4","embedded_json_textPair"
"6758529128","Magnetic - Manifestation App","39","manifestation_tool","medium_high","5","Premium+ Annual","$132.99","132.99","100_plus","subscription_like","https://apps.apple.com/us/app/magnetic-manifestation-app/id6758529128?uo=4","embedded_json_textPair"
"6758529128","Magnetic - Manifestation App","39","manifestation_tool","medium_high","6","Premium Annual","$69.99","69.99","50_to_99_99","subscription_like","https://apps.apple.com/us/app/magnetic-manifestation-app/id6758529128?uo=4","embedded_json_textPair"
"6758529128","Magnetic - Manifestation App","39","manifestation_tool","medium_high","7","1 Library Piece","$1.99","1.99","under_5","unclear_iap","https://apps.apple.com/us/app/magnetic-manifestation-app/id6758529128?uo=4","embedded_json_textPair"
"6758529128","Magnetic - Manifestation App","39","manifestation_tool","medium_high","8","A Song","$9.99","9.99","5_to_14_99","unclear_iap","https://apps.apple.com/us/app/magnetic-manifestation-app/id6758529128?uo=4","embedded_json_textPair"
"6758529128","Magnetic - Manifestation App","39","manifestation_tool","medium_high","9","Bundle (All 3)","$9.99","9.99","5_to_14_99","consumable_or_unlock","https://apps.apple.com/us/app/magnetic-manifestation-app/id6758529128?uo=4","embedded_json_textPair"
"6758529128","Magnetic - Manifestation App","39","manifestation_tool","medium_high","10","The Law of Assumption","$5.99","5.99","5_to_14_99","unclear_iap","https://apps.apple.com/us/app/magnetic-manifestation-app/id6758529128?uo=4","embedded_json_textPair"
"6449228979","Affirmations - Mood Mantra","40","manifestation_tool","medium_high","1","Mood Mantra Premium (Lifetime)","$19.99","19.99","15_to_49_99","subscription_like|lifetime_like","https://apps.apple.com/us/app/affirmations-mood-mantra/id6449228979?uo=4","embedded_json_textPair"
"6449228979","Affirmations - Mood Mantra","40","manifestation_tool","medium_high","2","Mood Mantra Premium (1 Year)","$14.99","14.99","5_to_14_99","subscription_like","https://apps.apple.com/us/app/affirmations-mood-mantra/id6449228979?uo=4","embedded_json_textPair"
"6449228979","Affirmations - Mood Mantra","40","manifestation_tool","medium_high","3","Mood Mantra Premium (1 Month)","$4.99","4.99","under_5","subscription_like","https://apps.apple.com/us/app/affirmations-mood-mantra/id6449228979?uo=4","embedded_json_textPair"
"1062945251","5 Minute Journal・Daily Diary","41","manifestation_tool","medium","1","Annual Journaling Premium","$39.99","39.99","15_to_49_99","subscription_like","https://apps.apple.com/us/app/5-minute-journal-daily-diary/id1062945251?uo=4","embedded_json_textPair"
"1062945251","5 Minute Journal・Daily Diary","41","manifestation_tool","medium","2","Annual Subscr (existing users)","$24.99","24.99","15_to_49_99","subscription_like","https://apps.apple.com/us/app/5-minute-journal-daily-diary/id1062945251?uo=4","embedded_json_textPair"
"1062945251","5 Minute Journal・Daily Diary","41","manifestation_tool","medium","3","Annual Subscription","$24.99","24.99","15_to_49_99","subscription_like","https://apps.apple.com/us/app/5-minute-journal-daily-diary/id1062945251?uo=4","embedded_json_textPair"
"1062945251","5 Minute Journal・Daily Diary","41","manifestation_tool","medium","4","1 month Journaling Premium","$9.99","9.99","5_to_14_99","subscription_like","https://apps.apple.com/us/app/5-minute-journal-daily-diary/id1062945251?uo=4","embedded_json_textPair"
"1062945251","5 Minute Journal・Daily Diary","41","manifestation_tool","medium","5","Monthly Subscription","$4.99","4.99","under_5","subscription_like","https://apps.apple.com/us/app/5-minute-journal-daily-diary/id1062945251?uo=4","embedded_json_textPair"
"1062945251","5 Minute Journal・Daily Diary","41","manifestation_tool","medium","6","Annual Subscription","$19.99","19.99","15_to_49_99","subscription_like","https://apps.apple.com/us/app/5-minute-journal-daily-diary/id1062945251?uo=4","embedded_json_textPair"
"1062945251","5 Minute Journal・Daily Diary","41","manifestation_tool","medium","7","Annual 3d trial $39.99","$39.99","39.99","15_to_49_99","subscription_like|trial_like","https://apps.apple.com/us/app/5-minute-journal-daily-diary/id1062945251?uo=4","embedded_json_textPair"
"1062945251","5 Minute Journal・Daily Diary","41","manifestation_tool","medium","8","Monthly Subs (existing users)","$4.99","4.99","under_5","subscription_like","https://apps.apple.com/us/app/5-minute-journal-daily-diary/id1062945251?uo=4","embedded_json_textPair"
"662136391","Intuitive Life Coaching Oracle","43","tarot_or_oracle_guidance","medium","1","Intuitive Life Coaching Oracle Full Version","$9.99","9.99","5_to_14_99","unclear_iap","https://apps.apple.com/us/app/intuitive-life-coaching-oracle/id662136391?uo=4","embedded_json_textPair"
"1007296363","Guiding Light Oracle Cards","45","tarot_or_oracle_guidance","medium","1","Guiding Light Oracle Full Version","$9.99","9.99","5_to_14_99","unclear_iap","https://apps.apple.com/us/app/guiding-light-oracle-cards/id1007296363?uo=4","embedded_json_textPair"
"1645046083","Mind Power: Guided Meditations","47","manifestation_tool","medium_high","1","Yearly MindPower Subscription","$69.99","69.99","50_to_99_99","subscription_like","https://apps.apple.com/us/app/mind-power-guided-meditations/id1645046083?uo=4","embedded_json_textPair"
"1645046083","Mind Power: Guided Meditations","47","manifestation_tool","medium_high","2","Monthly MindPower Subscription","$5.99","5.99","5_to_14_99","subscription_like","https://apps.apple.com/us/app/mind-power-guided-meditations/id1645046083?uo=4","embedded_json_textPair"
"1645046083","Mind Power: Guided Meditations","47","manifestation_tool","medium_high","3","Yearly MindPower Subscription","$49.99","49.99","15_to_49_99","subscription_like","https://apps.apple.com/us/app/mind-power-guided-meditations/id1645046083?uo=4","embedded_json_textPair"
"1645046083","Mind Power: Guided Meditations","47","manifestation_tool","medium_high","4","Yearly MindPower Subscription","$52.99","52.99","50_to_99_99","subscription_like","https://apps.apple.com/us/app/mind-power-guided-meditations/id1645046083?uo=4","embedded_json_textPair"
"472322122","Daily Burn: Workout Coach","49","avatar_identity_coaching","medium_high","1","Daily Burn Basic","$12.99","12.99","5_to_14_99","unclear_iap","https://apps.apple.com/us/app/daily-burn-workout-coach/id472322122?uo=4","embedded_json_textPair"
"472322122","Daily Burn: Workout Coach","49","avatar_identity_coaching","medium_high","2","Daily Burn Basic","$14.99","14.99","5_to_14_99","unclear_iap","https://apps.apple.com/us/app/daily-burn-workout-coach/id472322122?uo=4","embedded_json_textPair"
"472322122","Daily Burn: Workout Coach","49","avatar_identity_coaching","medium_high","3","At Home Workouts Premium","$19.99","19.99","15_to_49_99","subscription_like","https://apps.apple.com/us/app/daily-burn-workout-coach/id472322122?uo=4","embedded_json_textPair"
"472322122","Daily Burn: Workout Coach","49","avatar_identity_coaching","medium_high","4","Daily Burn Premium","$19.99","19.99","15_to_49_99","subscription_like","https://apps.apple.com/us/app/daily-burn-workout-coach/id472322122?uo=4","embedded_json_textPair"
"472322122","Daily Burn: Workout Coach","49","avatar_identity_coaching","medium_high","5","Monthly Basic","$14.99","14.99","5_to_14_99","subscription_like","https://apps.apple.com/us/app/daily-burn-workout-coach/id472322122?uo=4","embedded_json_textPair"
"472322122","Daily Burn: Workout Coach","49","avatar_identity_coaching","medium_high","6","DailyBurn All Access","$9.99","9.99","5_to_14_99","unclear_iap","https://apps.apple.com/us/app/daily-burn-workout-coach/id472322122?uo=4","embedded_json_textPair"
"472322122","Daily Burn: Workout Coach","49","avatar_identity_coaching","medium_high","7","Daily Burn Premium","$26.99","26.99","15_to_49_99","subscription_like","https://apps.apple.com/us/app/daily-burn-workout-coach/id472322122?uo=4","embedded_json_textPair"
"472322122","Daily Burn: Workout Coach","49","avatar_identity_coaching","medium_high","8","At Home Workouts Premium","$149.99","149.99","100_plus","subscription_like","https://apps.apple.com/us/app/daily-burn-workout-coach/id472322122?uo=4","embedded_json_textPair"
"6747212950","word119: Daily Bible Verse","50","faith_devotional_habit","medium_high","1","word119 Premium Monthly","$3.99","3.99","under_5","subscription_like","https://apps.apple.com/us/app/word119-daily-bible-verse/id6747212950?uo=4","embedded_json_textPair"
"6747212950","word119: Daily Bible Verse","50","faith_devotional_habit","medium_high","2","word119 Premium Yearly","$29.99","29.99","15_to_49_99","subscription_like","https://apps.apple.com/us/app/word119-daily-bible-verse/id6747212950?uo=4","embedded_json_textPair"
"6747212950","word119: Daily Bible Verse","50","faith_devotional_habit","medium_high","3","Unlock word119","$24.99","24.99","15_to_49_99","consumable_or_unlock","https://apps.apple.com/us/app/word119-daily-bible-verse/id6747212950?uo=4","embedded_json_textPair"
"1372744723","Daily Bible Verse - Biblify","51","faith_devotional_habit","medium_high","1","Biblify Premium - Annual","$29.99","29.99","15_to_49_99","subscription_like","https://apps.apple.com/us/app/daily-bible-verse-biblify/id1372744723?uo=4","embedded_json_textPair"
"1372744723","Daily Bible Verse - Biblify","51","faith_devotional_habit","medium_high","2","Premium Monthly","$6.99","6.99","5_to_14_99","subscription_like","https://apps.apple.com/us/app/daily-bible-verse-biblify/id1372744723?uo=4","embedded_json_textPair"
"1372744723","Daily Bible Verse - Biblify","51","faith_devotional_habit","medium_high","3","Biblify Gold Membership","$14.99","14.99","5_to_14_99","unclear_iap","https://apps.apple.com/us/app/daily-bible-verse-biblify/id1372744723?uo=4","embedded_json_textPair"
"1372744723","Daily Bible Verse - Biblify","51","faith_devotional_habit","medium_high","4","Biblify Bronze Membership","$8.99","8.99","5_to_14_99","unclear_iap","https://apps.apple.com/us/app/daily-bible-verse-biblify/id1372744723?uo=4","embedded_json_textPair"
"1372744723","Daily Bible Verse - Biblify","51","faith_devotional_habit","medium_high","5","Biblify Silver Membership","$10.99","10.99","5_to_14_99","unclear_iap","https://apps.apple.com/us/app/daily-bible-verse-biblify/id1372744723?uo=4","embedded_json_textPair"
"1372744723","Daily Bible Verse - Biblify","51","faith_devotional_habit","medium_high","6","Biblify Premium - Annual","$8.99","8.99","5_to_14_99","subscription_like","https://apps.apple.com/us/app/daily-bible-verse-biblify/id1372744723?uo=4","embedded_json_textPair"
"1372744723","Daily Bible Verse - Biblify","51","faith_devotional_habit","medium_high","7","Biblify Premium - Annual","$11.99","11.99","5_to_14_99","subscription_like","https://apps.apple.com/us/app/daily-bible-verse-biblify/id1372744723?uo=4","embedded_json_textPair"
"1566133213","Good Morning Messages & Images","52","faith_devotional_habit","medium_high","1","Premium features","$8.99","8.99","5_to_14_99","subscription_like","https://apps.apple.com/us/app/good-morning-messages-images/id1566133213?uo=4","embedded_json_textPair"
"1566133213","Good Morning Messages & Images","52","faith_devotional_habit","medium_high","2","Premium features","$6.99","6.99","5_to_14_99","subscription_like","https://apps.apple.com/us/app/good-morning-messages-images/id1566133213?uo=4","embedded_json_textPair"
"1566133213","Good Morning Messages & Images","52","faith_devotional_habit","medium_high","3","Unlimited access","$0.99","0.99","under_5","unclear_iap","https://apps.apple.com/us/app/good-morning-messages-images/id1566133213?uo=4","embedded_json_textPair"
"1566133213","Good Morning Messages & Images","52","faith_devotional_habit","medium_high","4","Unlimited access","$3.99","3.99","under_5","unclear_iap","https://apps.apple.com/us/app/good-morning-messages-images/id1566133213?uo=4","embedded_json_textPair"
"1566133213","Good Morning Messages & Images","52","faith_devotional_habit","medium_high","5","Unlimited access","$1.99","1.99","under_5","unclear_iap","https://apps.apple.com/us/app/good-morning-messages-images/id1566133213?uo=4","embedded_json_textPair"
"1566133213","Good Morning Messages & Images","52","faith_devotional_habit","medium_high","6","Unlimited access","$9.99","9.99","5_to_14_99","unclear_iap","https://apps.apple.com/us/app/good-morning-messages-images/id1566133213?uo=4","embedded_json_textPair"
"1566133213","Good Morning Messages & Images","52","faith_devotional_habit","medium_high","7","Premium features","$5.99","5.99","5_to_14_99","subscription_like","https://apps.apple.com/us/app/good-morning-messages-images/id1566133213?uo=4","embedded_json_textPair"
"1566133213","Good Morning Messages & Images","52","faith_devotional_habit","medium_high","8","Unlimited access","$49.99","49.99","15_to_49_99","unclear_iap","https://apps.apple.com/us/app/good-morning-messages-images/id1566133213?uo=4","embedded_json_textPair"
"1566133213","Good Morning Messages & Images","52","faith_devotional_habit","medium_high","9","Unlimited access","$39.99","39.99","15_to_49_99","unclear_iap","https://apps.apple.com/us/app/good-morning-messages-images/id1566133213?uo=4","embedded_json_textPair"
"1566133213","Good Morning Messages & Images","52","faith_devotional_habit","medium_high","10","Unlimited access","$19.99","19.99","15_to_49_99","unclear_iap","https://apps.apple.com/us/app/good-morning-messages-images/id1566133213?uo=4","embedded_json_textPair"
"1176695165","Yoga International","53","avatar_identity_coaching","medium_high","1","Monthly Membership","$19.99","19.99","15_to_49_99","subscription_like","https://apps.apple.com/us/app/yoga-international/id1176695165?uo=4","embedded_json_textPair"
"1176695165","Yoga International","53","avatar_identity_coaching","medium_high","2","Annual Membership","$169.00","169","100_plus","subscription_like","https://apps.apple.com/us/app/yoga-international/id1176695165?uo=4","embedded_json_textPair"
"6758316493","PALs by Tavus: AI Companions","54","tarot_or_oracle_guidance","medium_high","1","Max","$49.99","49.99","15_to_49_99","unclear_iap","https://apps.apple.com/us/app/pals-by-tavus-ai-companions/id6758316493?uo=4","embedded_json_textPair"
"6758316493","PALs by Tavus: AI Companions","54","tarot_or_oracle_guidance","medium_high","2","Plus","$19.99","19.99","15_to_49_99","subscription_like","https://apps.apple.com/us/app/pals-by-tavus-ai-companions/id6758316493?uo=4","embedded_json_textPair"
"1188080269","Unplug: Meditation","55","avatar_identity_coaching","medium_high","1","Unplug Meditation","$12.99","12.99","5_to_14_99","unclear_iap","https://apps.apple.com/us/app/unplug-meditation/id1188080269?uo=4","embedded_json_textPair"
"1188080269","Unplug: Meditation","55","avatar_identity_coaching","medium_high","2","Unplug Meditation","$69.99","69.99","50_to_99_99","unclear_iap","https://apps.apple.com/us/app/unplug-meditation/id1188080269?uo=4","embedded_json_textPair"
"1188080269","Unplug: Meditation","55","avatar_identity_coaching","medium_high","3","Unplug Meditation","$59.99","59.99","50_to_99_99","unclear_iap","https://apps.apple.com/us/app/unplug-meditation/id1188080269?uo=4","embedded_json_textPair"
"1199335009","Testimonio","56","faith_devotional_habit","medium_high","1","Monthly","$4.99","4.99","under_5","subscription_like","https://apps.apple.com/us/app/testimonio/id1199335009?uo=4","embedded_json_textPair"
"1199335009","Testimonio","56","faith_devotional_habit","medium_high","2","Lifetime","$79.99","79.99","50_to_99_99","lifetime_like","https://apps.apple.com/us/app/testimonio/id1199335009?uo=4","embedded_json_textPair"
"1199335009","Testimonio","56","faith_devotional_habit","medium_high","3","Annual","$29.99","29.99","15_to_49_99","subscription_like","https://apps.apple.com/us/app/testimonio/id1199335009?uo=4","embedded_json_textPair"
"732850216","HOLOSYNC® MEDITATION: BRAINWAVE TRAINING FOR RELAXATION, PROSPERITY, LOVE, HEALTH & SUCCESS","57","manifestation_tool","medium_high","1","GET ALL 7 TRACKS FOR 60% OFF","$19.99","19.99","15_to_49_99","unclear_iap","https://apps.apple.com/us/app/holosync-meditation-brainwave-training-for-relaxation/id732850216?uo=4","embedded_json_textPair"
"732850216","HOLOSYNC® MEDITATION: BRAINWAVE TRAINING FOR RELAXATION, PROSPERITY, LOVE, HEALTH & SUCCESS","57","manifestation_tool","medium_high","2","TOTAL SELF-CONFIDENCE","$6.99","6.99","5_to_14_99","unclear_iap","https://apps.apple.com/us/app/holosync-meditation-brainwave-training-for-relaxation/id732850216?uo=4","embedded_json_textPair"
"732850216","HOLOSYNC® MEDITATION: BRAINWAVE TRAINING FOR RELAXATION, PROSPERITY, LOVE, HEALTH & SUCCESS","57","manifestation_tool","medium_high","3","ATTRACTING MONEY & SUCCESS","$6.99","6.99","5_to_14_99","unclear_iap","https://apps.apple.com/us/app/holosync-meditation-brainwave-training-for-relaxation/id732850216?uo=4","embedded_json_textPair"
"732850216","HOLOSYNC® MEDITATION: BRAINWAVE TRAINING FOR RELAXATION, PROSPERITY, LOVE, HEALTH & SUCCESS","57","manifestation_tool","medium_high","4","PERFECT HEALTH","$6.99","6.99","5_to_14_99","unclear_iap","https://apps.apple.com/us/app/holosync-meditation-brainwave-training-for-relaxation/id732850216?uo=4","embedded_json_textPair"
"732850216","HOLOSYNC® MEDITATION: BRAINWAVE TRAINING FOR RELAXATION, PROSPERITY, LOVE, HEALTH & SUCCESS","57","manifestation_tool","medium_high","5","EASY WEIGHT-LOSS","$6.99","6.99","5_to_14_99","unclear_iap","https://apps.apple.com/us/app/holosync-meditation-brainwave-training-for-relaxation/id732850216?uo=4","embedded_json_textPair"
"732850216","HOLOSYNC® MEDITATION: BRAINWAVE TRAINING FOR RELAXATION, PROSPERITY, LOVE, HEALTH & SUCCESS","57","manifestation_tool","medium_high","6","MAKING CHANGE EASY","$6.99","6.99","5_to_14_99","unclear_iap","https://apps.apple.com/us/app/holosync-meditation-brainwave-training-for-relaxation/id732850216?uo=4","embedded_json_textPair"
"732850216","HOLOSYNC® MEDITATION: BRAINWAVE TRAINING FOR RELAXATION, PROSPERITY, LOVE, HEALTH & SUCCESS","57","manifestation_tool","medium_high","7","TOTAL CREATIVITY","$6.99","6.99","5_to_14_99","unclear_iap","https://apps.apple.com/us/app/holosync-meditation-brainwave-training-for-relaxation/id732850216?uo=4","embedded_json_textPair"
"732850216","HOLOSYNC® MEDITATION: BRAINWAVE TRAINING FOR RELAXATION, PROSPERITY, LOVE, HEALTH & SUCCESS","57","manifestation_tool","medium_high","8","ATTRACTING LOVE","$6.99","6.99","5_to_14_99","unclear_iap","https://apps.apple.com/us/app/holosync-meditation-brainwave-training-for-relaxation/id732850216?uo=4","embedded_json_textPair"
"6757284404","Mani: Law of Assumption","58","manifestation_tool","medium_high","1","Mani Premium","$29.99","29.99","15_to_49_99","subscription_like","https://apps.apple.com/us/app/mani-law-of-assumption/id6757284404?uo=4","embedded_json_textPair"
"6757284404","Mani: Law of Assumption","58","manifestation_tool","medium_high","2","Mani Premium","$49.99","49.99","15_to_49_99","subscription_like","https://apps.apple.com/us/app/mani-law-of-assumption/id6757284404?uo=4","embedded_json_textPair"
"6757284404","Mani: Law of Assumption","58","manifestation_tool","medium_high","3","Mani Premium","$19.99","19.99","15_to_49_99","subscription_like","https://apps.apple.com/us/app/mani-law-of-assumption/id6757284404?uo=4","embedded_json_textPair"
"6757284404","Mani: Law of Assumption","58","manifestation_tool","medium_high","4","Mani Premium","$4.99","4.99","under_5","subscription_like","https://apps.apple.com/us/app/mani-law-of-assumption/id6757284404?uo=4","embedded_json_textPair"
"6757284404","Mani: Law of Assumption","58","manifestation_tool","medium_high","5","Mani Premium","$27.99","27.99","15_to_49_99","subscription_like","https://apps.apple.com/us/app/mani-law-of-assumption/id6757284404?uo=4","embedded_json_textPair"
"6757284404","Mani: Law of Assumption","58","manifestation_tool","medium_high","6","Mani Premium","$34.99","34.99","15_to_49_99","subscription_like","https://apps.apple.com/us/app/mani-law-of-assumption/id6757284404?uo=4","embedded_json_textPair"
"6757284404","Mani: Law of Assumption","58","manifestation_tool","medium_high","7","Mani Premium","$24.99","24.99","15_to_49_99","subscription_like","https://apps.apple.com/us/app/mani-law-of-assumption/id6757284404?uo=4","embedded_json_textPair"
"6757284404","Mani: Law of Assumption","58","manifestation_tool","medium_high","8","Mani Premium","$69.99","69.99","50_to_99_99","subscription_like","https://apps.apple.com/us/app/mani-law-of-assumption/id6757284404?uo=4","embedded_json_textPair"
"6757284404","Mani: Law of Assumption","58","manifestation_tool","medium_high","9","Mani Premium","$89.99","89.99","50_to_99_99","subscription_like","https://apps.apple.com/us/app/mani-law-of-assumption/id6757284404?uo=4","embedded_json_textPair"
"6761221718","Rift: Reality Shifting","59","manifestation_tool","medium_high","1","Rift Pro Weekly","$2.99","2.99","under_5","subscription_like","https://apps.apple.com/us/app/rift-reality-shifting/id6761221718?uo=4","embedded_json_textPair"
"6761221718","Rift: Reality Shifting","59","manifestation_tool","medium_high","2","Rift Pro Yearly","$34.99","34.99","15_to_49_99","subscription_like","https://apps.apple.com/us/app/rift-reality-shifting/id6761221718?uo=4","embedded_json_textPair"
"1637566468","MINDTRX: Self Help & Mindset","60","manifestation_tool","medium_high","1","MINDTRX","$12.00","12","5_to_14_99","unclear_iap","https://apps.apple.com/us/app/mindtrx-self-help-mindset/id1637566468?uo=4","embedded_json_textPair"
"1637566468","MINDTRX: Self Help & Mindset","60","manifestation_tool","medium_high","2","MINDTRX","$99.00","99","50_to_99_99","unclear_iap","https://apps.apple.com/us/app/mindtrx-self-help-mindset/id1637566468?uo=4","embedded_json_textPair"
"1599120652","Saint Clairs App","61","manifestation_tool","medium_high","1","Self-healing: Addiction-free","$79.99","79.99","50_to_99_99","unclear_iap","https://apps.apple.com/us/app/saint-clairs-app/id1599120652?uo=4","embedded_json_textPair"
"1599120652","Saint Clairs App","61","manifestation_tool","medium_high","2","Smoke-free and addiction-free","$79.99","79.99","50_to_99_99","unclear_iap","https://apps.apple.com/us/app/saint-clairs-app/id1599120652?uo=4","embedded_json_textPair"
"1599120652","Saint Clairs App","61","manifestation_tool","medium_high","3","Session High Energy Secrets","$19.99","19.99","15_to_49_99","unclear_iap","https://apps.apple.com/us/app/saint-clairs-app/id1599120652?uo=4","embedded_json_textPair"
"1599120652","Saint Clairs App","61","manifestation_tool","medium_high","4","The 1st aura layer","$34.99","34.99","15_to_49_99","unclear_iap","https://apps.apple.com/us/app/saint-clairs-app/id1599120652?uo=4","embedded_json_textPair"
"1599120652","Saint Clairs App","61","manifestation_tool","medium_high","5","Our body has to go with us","$39.99","39.99","15_to_49_99","unclear_iap","https://apps.apple.com/us/app/saint-clairs-app/id1599120652?uo=4","embedded_json_textPair"
"1599120652","Saint Clairs App","61","manifestation_tool","medium_high","6","Saint Clairs Premium Access","$83.99","83.99","50_to_99_99","subscription_like","https://apps.apple.com/us/app/saint-clairs-app/id1599120652?uo=4","embedded_json_textPair"
"1438388363","Habit Tracker","62","ai_companion_roleplay","medium_high","1","Lifetime Member","$8.99","8.99","5_to_14_99","lifetime_like","https://apps.apple.com/us/app/habit-tracker/id1438388363?uo=4","embedded_json_textPair"
"1438388363","Habit Tracker","62","ai_companion_roleplay","medium_high","2","Enhance Yourself","$5.99","5.99","5_to_14_99","unclear_iap","https://apps.apple.com/us/app/habit-tracker/id1438388363?uo=4","embedded_json_textPair"
"1438388363","Habit Tracker","62","ai_companion_roleplay","medium_high","3","Habit Promo","$7.99","7.99","5_to_14_99","subscription_like","https://apps.apple.com/us/app/habit-tracker/id1438388363?uo=4","embedded_json_textPair"
"1438388363","Habit Tracker","62","ai_companion_roleplay","medium_high","4","Lifetime Family","$12.99","12.99","5_to_14_99","lifetime_like","https://apps.apple.com/us/app/habit-tracker/id1438388363?uo=4","embedded_json_textPair"
"1438388363","Habit Tracker","62","ai_companion_roleplay","medium_high","5","Monthly Premium","$4.99","4.99","under_5","subscription_like","https://apps.apple.com/us/app/habit-tracker/id1438388363?uo=4","embedded_json_textPair"
"1438388363","Habit Tracker","62","ai_companion_roleplay","medium_high","6","Habit Premium Yearly","$7.99","7.99","5_to_14_99","subscription_like","https://apps.apple.com/us/app/habit-tracker/id1438388363?uo=4","embedded_json_textPair"
"6754897547","EVOLVE: Transform Your Life","63","manifestation_tool","high","1","Pro Access","$12.99","12.99","5_to_14_99","subscription_like","https://apps.apple.com/us/app/evolve-transform-your-life/id6754897547?uo=4","embedded_json_textPair"
"6754897547","EVOLVE: Transform Your Life","63","manifestation_tool","high","2","Pro Access","$29.99","29.99","15_to_49_99","subscription_like","https://apps.apple.com/us/app/evolve-transform-your-life/id6754897547?uo=4","embedded_json_textPair"
"6754897547","EVOLVE: Transform Your Life","63","manifestation_tool","high","3","Pro Access","$19.99","19.99","15_to_49_99","subscription_like","https://apps.apple.com/us/app/evolve-transform-your-life/id6754897547?uo=4","embedded_json_textPair"
"6754897547","EVOLVE: Transform Your Life","63","manifestation_tool","high","4","Pro Access","$49.99","49.99","15_to_49_99","subscription_like","https://apps.apple.com/us/app/evolve-transform-your-life/id6754897547?uo=4","embedded_json_textPair"
"6754897547","EVOLVE: Transform Your Life","63","manifestation_tool","high","5","Pro Access","$9.99","9.99","5_to_14_99","subscription_like","https://apps.apple.com/us/app/evolve-transform-your-life/id6754897547?uo=4","embedded_json_textPair"
"6754897547","EVOLVE: Transform Your Life","63","manifestation_tool","high","6","Pro Access","$69.99","69.99","50_to_99_99","subscription_like","https://apps.apple.com/us/app/evolve-transform-your-life/id6754897547?uo=4","embedded_json_textPair"
"6754897547","EVOLVE: Transform Your Life","63","manifestation_tool","high","7","Pro Access","$79.99","79.99","50_to_99_99","subscription_like","https://apps.apple.com/us/app/evolve-transform-your-life/id6754897547?uo=4","embedded_json_textPair"
"6754897547","EVOLVE: Transform Your Life","63","manifestation_tool","high","8","Pro Access","$39.99","39.99","15_to_49_99","subscription_like","https://apps.apple.com/us/app/evolve-transform-your-life/id6754897547?uo=4","embedded_json_textPair"
"6754897547","EVOLVE: Transform Your Life","63","manifestation_tool","high","9","Pro Access","$99.99","99.99","50_to_99_99","subscription_like","https://apps.apple.com/us/app/evolve-transform-your-life/id6754897547?uo=4","embedded_json_textPair"
"6739170801","Habit Tracker : Haby","64","manifestation_tool","medium_high","1","Yearly Premium","$29.99","29.99","15_to_49_99","subscription_like","https://apps.apple.com/us/app/habit-tracker-haby/id6739170801?uo=4","embedded_json_textPair"
"6739170801","Habit Tracker : Haby","64","manifestation_tool","medium_high","2","Monthly Premium","$5.99","5.99","5_to_14_99","subscription_like","https://apps.apple.com/us/app/habit-tracker-haby/id6739170801?uo=4","embedded_json_textPair"
"6739170801","Habit Tracker : Haby","64","manifestation_tool","medium_high","3","Lifetime Premium","$44.99","44.99","15_to_49_99","subscription_like|lifetime_like","https://apps.apple.com/us/app/habit-tracker-haby/id6739170801?uo=4","embedded_json_textPair"
"6739170801","Habit Tracker : Haby","64","manifestation_tool","medium_high","4","Lifetime Premium","$0.00","0","under_5","subscription_like|lifetime_like","https://apps.apple.com/us/app/habit-tracker-haby/id6739170801?uo=4","embedded_json_textPair"
"6739170801","Habit Tracker : Haby","64","manifestation_tool","medium_high","5","Monthly Premium","$12.99","12.99","5_to_14_99","subscription_like","https://apps.apple.com/us/app/habit-tracker-haby/id6739170801?uo=4","embedded_json_textPair"
"6739170801","Habit Tracker : Haby","64","manifestation_tool","medium_high","6","Yearly Premium","$49.99","49.99","15_to_49_99","subscription_like","https://apps.apple.com/us/app/habit-tracker-haby/id6739170801?uo=4","embedded_json_textPair"
"6739170801","Habit Tracker : Haby","64","manifestation_tool","medium_high","7","Lifetime Premium","$89.99","89.99","50_to_99_99","subscription_like|lifetime_like","https://apps.apple.com/us/app/habit-tracker-haby/id6739170801?uo=4","embedded_json_textPair"
"6739170801","Habit Tracker : Haby","64","manifestation_tool","medium_high","8","Lifetime Premium","$22.99","22.99","15_to_49_99","subscription_like|lifetime_like","https://apps.apple.com/us/app/habit-tracker-haby/id6739170801?uo=4","embedded_json_textPair"
"1528204230","Daily Habit List: Goal Tracker","65","gamified_self_improvement","medium_high","1","Weekly Subscription","$7.99","7.99","5_to_14_99","subscription_like","https://apps.apple.com/us/app/daily-habit-list-goal-tracker/id1528204230?uo=4","embedded_json_textPair"
"1528204230","Daily Habit List: Goal Tracker","65","gamified_self_improvement","medium_high","2","Annual Subscription","$39.99","39.99","15_to_49_99","subscription_like","https://apps.apple.com/us/app/daily-habit-list-goal-tracker/id1528204230?uo=4","embedded_json_textPair"
"1528204230","Daily Habit List: Goal Tracker","65","gamified_self_improvement","medium_high","3","weekly with 3d trial","$5.99","5.99","5_to_14_99","subscription_like|trial_like","https://apps.apple.com/us/app/daily-habit-list-goal-tracker/id1528204230?uo=4","embedded_json_textPair"
"1528204230","Daily Habit List: Goal Tracker","65","gamified_self_improvement","medium_high","4","Weekly with 3d trial","$6.99","6.99","5_to_14_99","subscription_like|trial_like","https://apps.apple.com/us/app/daily-habit-list-goal-tracker/id1528204230?uo=4","embedded_json_textPair"
"1528204230","Daily Habit List: Goal Tracker","65","gamified_self_improvement","medium_high","5","Monthly Subscription","$4.99","4.99","under_5","subscription_like","https://apps.apple.com/us/app/daily-habit-list-goal-tracker/id1528204230?uo=4","embedded_json_textPair"
"1528204230","Daily Habit List: Goal Tracker","65","gamified_self_improvement","medium_high","6","Weekly with 3d trial","$8.99","8.99","5_to_14_99","subscription_like|trial_like","https://apps.apple.com/us/app/daily-habit-list-goal-tracker/id1528204230?uo=4","embedded_json_textPair"
"1528204230","Daily Habit List: Goal Tracker","65","gamified_self_improvement","medium_high","7","Weekly Subscription","$4.99","4.99","under_5","subscription_like","https://apps.apple.com/us/app/daily-habit-list-goal-tracker/id1528204230?uo=4","embedded_json_textPair"
"1528204230","Daily Habit List: Goal Tracker","65","gamified_self_improvement","medium_high","8","Premium Lifetime","$49.99","49.99","15_to_49_99","subscription_like|lifetime_like","https://apps.apple.com/us/app/daily-habit-list-goal-tracker/id1528204230?uo=4","embedded_json_textPair"
"1528204230","Daily Habit List: Goal Tracker","65","gamified_self_improvement","medium_high","9","Unlimited access","$4.99","4.99","under_5","unclear_iap","https://apps.apple.com/us/app/daily-habit-list-goal-tracker/id1528204230?uo=4","embedded_json_textPair"
"1528204230","Daily Habit List: Goal Tracker","65","gamified_self_improvement","medium_high","10","Unlimited access","$39.99","39.99","15_to_49_99","unclear_iap","https://apps.apple.com/us/app/daily-habit-list-goal-tracker/id1528204230?uo=4","embedded_json_textPair"
"6742257400","Habit Tracker - Statz","66","gamified_self_improvement","medium_high","1","All Access","$5.99","5.99","5_to_14_99","unclear_iap","https://apps.apple.com/us/app/habit-tracker-statz/id6742257400?uo=4","embedded_json_textPair"
"6742257400","Habit Tracker - Statz","66","gamified_self_improvement","medium_high","2","All Access","$49.99","49.99","15_to_49_99","unclear_iap","https://apps.apple.com/us/app/habit-tracker-statz/id6742257400?uo=4","embedded_json_textPair"
"6742257400","Habit Tracker - Statz","66","gamified_self_improvement","medium_high","3","Lifetime ($129.99)","$129.99","129.99","100_plus","lifetime_like","https://apps.apple.com/us/app/habit-tracker-statz/id6742257400?uo=4","embedded_json_textPair"
"6756091774","Pactly: Social Habit Tracker","67","faith_devotional_habit","medium_high","1","Pactly Pro Yearly","$29.99","29.99","15_to_49_99","subscription_like","https://apps.apple.com/us/app/pactly-social-habit-tracker/id6756091774?uo=4","embedded_json_textPair"
"6756091774","Pactly: Social Habit Tracker","67","faith_devotional_habit","medium_high","2","Pactly Pro Weekly","$1.99","1.99","under_5","subscription_like","https://apps.apple.com/us/app/pactly-social-habit-tracker/id6756091774?uo=4","embedded_json_textPair"
"1668280041","Routine Planner: Habit Tracker","68","manifestation_tool","medium","1","monthly","$4.99","4.99","under_5","subscription_like","https://apps.apple.com/us/app/routine-planner-habit-tracker/id1668280041?uo=4","embedded_json_textPair"
"1668280041","Routine Planner: Habit Tracker","68","manifestation_tool","medium","2","Premium","$19.99","19.99","15_to_49_99","subscription_like","https://apps.apple.com/us/app/routine-planner-habit-tracker/id1668280041?uo=4","embedded_json_textPair"
"1668280041","Routine Planner: Habit Tracker","68","manifestation_tool","medium","3","yearly","$19.99","19.99","15_to_49_99","subscription_like","https://apps.apple.com/us/app/routine-planner-habit-tracker/id1668280041?uo=4","embedded_json_textPair"
"1668280041","Routine Planner: Habit Tracker","68","manifestation_tool","medium","4","Premium","$29.99","29.99","15_to_49_99","subscription_like","https://apps.apple.com/us/app/routine-planner-habit-tracker/id1668280041?uo=4","embedded_json_textPair"
"1668280041","Routine Planner: Habit Tracker","68","manifestation_tool","medium","5","Premium","$49.99","49.99","15_to_49_99","subscription_like","https://apps.apple.com/us/app/routine-planner-habit-tracker/id1668280041?uo=4","embedded_json_textPair"
"1638650650","Myla : Manifest & Vision Board","70","manifestation_tool","high","1","Myla Premium - Annual","$39.99","39.99","15_to_49_99","subscription_like","https://apps.apple.com/us/app/myla-manifest-vision-board/id1638650650?uo=4","embedded_json_textPair"
"1638650650","Myla : Manifest & Vision Board","70","manifestation_tool","high","2","Myla Premium - Monthly","$5.99","5.99","5_to_14_99","subscription_like","https://apps.apple.com/us/app/myla-manifest-vision-board/id1638650650?uo=4","embedded_json_textPair"
"1638650650","Myla : Manifest & Vision Board","70","manifestation_tool","high","3","Myla Premium - Free Lifetime","$0.00","0","under_5","subscription_like|lifetime_like","https://apps.apple.com/us/app/myla-manifest-vision-board/id1638650650?uo=4","embedded_json_textPair"
"1638650650","Myla : Manifest & Vision Board","70","manifestation_tool","high","4","Myla Premium","$4.49","4.49","under_5","subscription_like","https://apps.apple.com/us/app/myla-manifest-vision-board/id1638650650?uo=4","embedded_json_textPair"
"1638650650","Myla : Manifest & Vision Board","70","manifestation_tool","high","5","Myla Premium - Yearly","$29.99","29.99","15_to_49_99","subscription_like","https://apps.apple.com/us/app/myla-manifest-vision-board/id1638650650?uo=4","embedded_json_textPair"
"1638650650","Myla : Manifest & Vision Board","70","manifestation_tool","high","6","Myla Premium Annual","$42.99","42.99","15_to_49_99","subscription_like","https://apps.apple.com/us/app/myla-manifest-vision-board/id1638650650?uo=4","embedded_json_textPair"
"1638650650","Myla : Manifest & Vision Board","70","manifestation_tool","high","7","Myla Premium (Monthly)","$4.99","4.99","under_5","subscription_like","https://apps.apple.com/us/app/myla-manifest-vision-board/id1638650650?uo=4","embedded_json_textPair"
"1638650650","Myla : Manifest & Vision Board","70","manifestation_tool","high","8","Myla Premium - Monthly","$9.99","9.99","5_to_14_99","subscription_like","https://apps.apple.com/us/app/myla-manifest-vision-board/id1638650650?uo=4","embedded_json_textPair"
"1638650650","Myla : Manifest & Vision Board","70","manifestation_tool","high","9","Myla Premium Six Months","$24.99","24.99","15_to_49_99","subscription_like","https://apps.apple.com/us/app/myla-manifest-vision-board/id1638650650?uo=4","embedded_json_textPair"
"1638650650","Myla : Manifest & Vision Board","70","manifestation_tool","high","10","Myla Premium : Annual","$9.99","9.99","5_to_14_99","subscription_like","https://apps.apple.com/us/app/myla-manifest-vision-board/id1638650650?uo=4","embedded_json_textPair"
"1527058035","Goddess・Women's Wellness Coach","71","manifestation_tool","medium_high","1","Premium Wellbeing Coach Annual","$49.99","49.99","15_to_49_99","subscription_like","https://apps.apple.com/us/app/goddess-womens-wellness-coach/id1527058035?uo=4","embedded_json_textPair"
"1527058035","Goddess・Women's Wellness Coach","71","manifestation_tool","medium_high","2","Self Care & Wellbeing Monthly","$11.99","11.99","5_to_14_99","subscription_like","https://apps.apple.com/us/app/goddess-womens-wellness-coach/id1527058035?uo=4","embedded_json_textPair"
"1527058035","Goddess・Women's Wellness Coach","71","manifestation_tool","medium_high","3","Full version for a week","$6.99","6.99","5_to_14_99","subscription_like","https://apps.apple.com/us/app/goddess-womens-wellness-coach/id1527058035?uo=4","embedded_json_textPair"
"1527058035","Goddess・Women's Wellness Coach","71","manifestation_tool","medium_high","4","Goddess Premium - Annual","$29.99","29.99","15_to_49_99","subscription_like","https://apps.apple.com/us/app/goddess-womens-wellness-coach/id1527058035?uo=4","embedded_json_textPair"
"1527058035","Goddess・Women's Wellness Coach","71","manifestation_tool","medium_high","5","Goddess Monthly Premium","$12.99","12.99","5_to_14_99","subscription_like","https://apps.apple.com/us/app/goddess-womens-wellness-coach/id1527058035?uo=4","embedded_json_textPair"
"1527058035","Goddess・Women's Wellness Coach","71","manifestation_tool","medium_high","6","Goddess Premium - Annual","$39.99","39.99","15_to_49_99","subscription_like","https://apps.apple.com/us/app/goddess-womens-wellness-coach/id1527058035?uo=4","embedded_json_textPair"
"1527058035","Goddess・Women's Wellness Coach","71","manifestation_tool","medium_high","7","Goddess Premium - Annual","$24.99","24.99","15_to_49_99","subscription_like","https://apps.apple.com/us/app/goddess-womens-wellness-coach/id1527058035?uo=4","embedded_json_textPair"
"1527058035","Goddess・Women's Wellness Coach","71","manifestation_tool","medium_high","8","Women Health Self Help, Growth","$39.99","39.99","15_to_49_99","unclear_iap","https://apps.apple.com/us/app/goddess-womens-wellness-coach/id1527058035?uo=4","embedded_json_textPair"
"1527058035","Goddess・Women's Wellness Coach","71","manifestation_tool","medium_high","9","Spiritual Healing & Awakening","$24.99","24.99","15_to_49_99","unclear_iap","https://apps.apple.com/us/app/goddess-womens-wellness-coach/id1527058035?uo=4","embedded_json_textPair"
"1527058035","Goddess・Women's Wellness Coach","71","manifestation_tool","medium_high","10","Goddess - Annual Premium","$54.90","54.9","50_to_99_99","subscription_like","https://apps.apple.com/us/app/goddess-womens-wellness-coach/id1527058035?uo=4","embedded_json_textPair"
"1663790612","Mia Adora","72","avatar_identity_coaching","medium_high","1","Time To Start","$1.00","1","under_5","unclear_iap","https://apps.apple.com/us/app/mia-adora/id1663790612?uo=4","embedded_json_textPair"
"1663790612","Mia Adora","72","avatar_identity_coaching","medium_high","2","GET SNATCHED","$40.00","40","15_to_49_99","unclear_iap","https://apps.apple.com/us/app/mia-adora/id1663790612?uo=4","embedded_json_textPair"
"1663790612","Mia Adora","72","avatar_identity_coaching","medium_high","3","The Ultimate Mind & Body","$334.99","334.99","100_plus","unclear_iap","https://apps.apple.com/us/app/mia-adora/id1663790612?uo=4","embedded_json_textPair"
"1663790612","Mia Adora","72","avatar_identity_coaching","medium_high","4","Hot Mama","$55.00","55","50_to_99_99","unclear_iap","https://apps.apple.com/us/app/mia-adora/id1663790612?uo=4","embedded_json_textPair"
"1663790612","Mia Adora","72","avatar_identity_coaching","medium_high","5","Cortisol Detox","$55.00","55","50_to_99_99","unclear_iap","https://apps.apple.com/us/app/mia-adora/id1663790612?uo=4","embedded_json_textPair"
"1663790612","Mia Adora","72","avatar_identity_coaching","medium_high","6","Karen's Plan","$1.00","1","under_5","unclear_iap","https://apps.apple.com/us/app/mia-adora/id1663790612?uo=4","embedded_json_textPair"
"1663790612","Mia Adora","72","avatar_identity_coaching","medium_high","7","Perimenopause Bundle","$75.00","75","50_to_99_99","consumable_or_unlock","https://apps.apple.com/us/app/mia-adora/id1663790612?uo=4","embedded_json_textPair"
"1663790612","Mia Adora","72","avatar_identity_coaching","medium_high","8","Recharge Energy Bundle","$32.99","32.99","15_to_49_99","consumable_or_unlock","https://apps.apple.com/us/app/mia-adora/id1663790612?uo=4","embedded_json_textPair"
"1663790612","Mia Adora","72","avatar_identity_coaching","medium_high","9","SUPER Energy Bundle","$48.99","48.99","15_to_49_99","consumable_or_unlock","https://apps.apple.com/us/app/mia-adora/id1663790612?uo=4","embedded_json_textPair"
"1663790612","Mia Adora","72","avatar_identity_coaching","medium_high","10","Pro Membership","$48.99","48.99","15_to_49_99","subscription_like","https://apps.apple.com/us/app/mia-adora/id1663790612?uo=4","embedded_json_textPair"
"1581511740","Miracle Morning Routine","73","manifestation_tool","high","1","MM Premium Yearly","$59.99","59.99","50_to_99_99","subscription_like","https://apps.apple.com/us/app/miracle-morning-routine/id1581511740?uo=4","embedded_json_textPair"
"1581511740","Miracle Morning Routine","73","manifestation_tool","high","2","MM Premium Monthly","$12.99","12.99","5_to_14_99","subscription_like","https://apps.apple.com/us/app/miracle-morning-routine/id1581511740?uo=4","embedded_json_textPair"
"1581511740","Miracle Morning Routine","73","manifestation_tool","high","3","MM Premium Yearly","$99.99","99.99","50_to_99_99","subscription_like","https://apps.apple.com/us/app/miracle-morning-routine/id1581511740?uo=4","embedded_json_textPair"
"1581511740","Miracle Morning Routine","73","manifestation_tool","high","4","MM Premium Yearly","$69.99","69.99","50_to_99_99","subscription_like","https://apps.apple.com/us/app/miracle-morning-routine/id1581511740?uo=4","embedded_json_textPair"
"1581511740","Miracle Morning Routine","73","manifestation_tool","high","5","MM Premium Monthly","$16.99","16.99","15_to_49_99","subscription_like","https://apps.apple.com/us/app/miracle-morning-routine/id1581511740?uo=4","embedded_json_textPair"
"1581511740","Miracle Morning Routine","73","manifestation_tool","high","6","Black Friday Sale","$35.99","35.99","15_to_49_99","unclear_iap","https://apps.apple.com/us/app/miracle-morning-routine/id1581511740?uo=4","embedded_json_textPair"
"1581511740","Miracle Morning Routine","73","manifestation_tool","high","7","Premium+","$99.99","99.99","50_to_99_99","subscription_like","https://apps.apple.com/us/app/miracle-morning-routine/id1581511740?uo=4","embedded_json_textPair"
"1581511740","Miracle Morning Routine","73","manifestation_tool","high","8","MM Premium Yearly","$49.99","49.99","15_to_49_99","subscription_like","https://apps.apple.com/us/app/miracle-morning-routine/id1581511740?uo=4","embedded_json_textPair"
"6448480238","Growth Spiral | Self evolution","75","avatar_identity_coaching","high","1","Growth mindset","$30.00","30","15_to_49_99","unclear_iap","https://apps.apple.com/us/app/growth-spiral-self-evolution/id6448480238?uo=4","embedded_json_textPair"
"6448480238","Growth Spiral | Self evolution","75","avatar_identity_coaching","high","2","Pilot Plan","$15.00","15","15_to_49_99","unclear_iap","https://apps.apple.com/us/app/growth-spiral-self-evolution/id6448480238?uo=4","embedded_json_textPair"
"6448480238","Growth Spiral | Self evolution","75","avatar_identity_coaching","high","3","Annual Yoga","$119.99","119.99","100_plus","subscription_like","https://apps.apple.com/us/app/growth-spiral-self-evolution/id6448480238?uo=4","embedded_json_textPair"
"6448480238","Growth Spiral | Self evolution","75","avatar_identity_coaching","high","4","SOUL SPARK REVIVAL","$49.00","49","15_to_49_99","unclear_iap","https://apps.apple.com/us/app/growth-spiral-self-evolution/id6448480238?uo=4","embedded_json_textPair"
"6448480238","Growth Spiral | Self evolution","75","avatar_identity_coaching","high","5","Meditation","$10.00","10","5_to_14_99","unclear_iap","https://apps.apple.com/us/app/growth-spiral-self-evolution/id6448480238?uo=4","embedded_json_textPair"
"6448480238","Growth Spiral | Self evolution","75","avatar_identity_coaching","high","6","Payment Plan","$20.00","20","15_to_49_99","unclear_iap","https://apps.apple.com/us/app/growth-spiral-self-evolution/id6448480238?uo=4","embedded_json_textPair"
"6448480238","Growth Spiral | Self evolution","75","avatar_identity_coaching","high","7","Yoga & Meditation BUNDLE","$15.00","15","15_to_49_99","consumable_or_unlock","https://apps.apple.com/us/app/growth-spiral-self-evolution/id6448480238?uo=4","embedded_json_textPair"
"1443895231","Flow Lab: Growth Mindset Coach","76","manifestation_tool","medium_high","1","Yearly Subscription","$52.99","52.99","50_to_99_99","subscription_like","https://apps.apple.com/us/app/flow-lab-growth-mindset-coach/id1443895231?uo=4","embedded_json_textPair"
"1443895231","Flow Lab: Growth Mindset Coach","76","manifestation_tool","medium_high","2","Monthly Subscription","$11.49","11.49","5_to_14_99","subscription_like","https://apps.apple.com/us/app/flow-lab-growth-mindset-coach/id1443895231?uo=4","embedded_json_textPair"
"1443895231","Flow Lab: Growth Mindset Coach","76","manifestation_tool","medium_high","3","Yearly Subscription","$45.99","45.99","15_to_49_99","subscription_like","https://apps.apple.com/us/app/flow-lab-growth-mindset-coach/id1443895231?uo=4","embedded_json_textPair"
"1443895231","Flow Lab: Growth Mindset Coach","76","manifestation_tool","medium_high","4","Quarterly Subscription","$18.99","18.99","15_to_49_99","subscription_like","https://apps.apple.com/us/app/flow-lab-growth-mindset-coach/id1443895231?uo=4","embedded_json_textPair"
"1443895231","Flow Lab: Growth Mindset Coach","76","manifestation_tool","medium_high","5","Yearly Subscription","$69.99","69.99","50_to_99_99","subscription_like","https://apps.apple.com/us/app/flow-lab-growth-mindset-coach/id1443895231?uo=4","embedded_json_textPair"
"1443895231","Flow Lab: Growth Mindset Coach","76","manifestation_tool","medium_high","6","Quarterly Subscription","$27.99","27.99","15_to_49_99","subscription_like","https://apps.apple.com/us/app/flow-lab-growth-mindset-coach/id1443895231?uo=4","embedded_json_textPair"
"1443895231","Flow Lab: Growth Mindset Coach","76","manifestation_tool","medium_high","7","Yearly Subscription","$34.99","34.99","15_to_49_99","subscription_like","https://apps.apple.com/us/app/flow-lab-growth-mindset-coach/id1443895231?uo=4","embedded_json_textPair"
"1443895231","Flow Lab: Growth Mindset Coach","76","manifestation_tool","medium_high","8","Quarterly Subscription","$13.99","13.99","5_to_14_99","subscription_like","https://apps.apple.com/us/app/flow-lab-growth-mindset-coach/id1443895231?uo=4","embedded_json_textPair"
"1443895231","Flow Lab: Growth Mindset Coach","76","manifestation_tool","medium_high","9","Quarterly Subscription","$20.99","20.99","15_to_49_99","subscription_like","https://apps.apple.com/us/app/flow-lab-growth-mindset-coach/id1443895231?uo=4","embedded_json_textPair"
"6758316493","PALs by Tavus: AI Companions","77","avatar_identity_coaching","medium_high","1","Max","$49.99","49.99","15_to_49_99","unclear_iap","https://apps.apple.com/us/app/pals-by-tavus-ai-companions/id6758316493?uo=4","embedded_json_textPair"
"6758316493","PALs by Tavus: AI Companions","77","avatar_identity_coaching","medium_high","2","Plus","$19.99","19.99","15_to_49_99","subscription_like","https://apps.apple.com/us/app/pals-by-tavus-ai-companions/id6758316493?uo=4","embedded_json_textPair"
"662136391","Intuitive Life Coaching Oracle","78","tarot_or_oracle_guidance","medium","1","Intuitive Life Coaching Oracle Full Version","$9.99","9.99","5_to_14_99","unclear_iap","https://apps.apple.com/us/app/intuitive-life-coaching-oracle/id662136391?uo=4","embedded_json_textPair"
"6744328233","HootieLife: AI Wellness Coach","79","avatar_identity_coaching","medium_high","1","Premium Monthly","$12.99","12.99","5_to_14_99","subscription_like","https://apps.apple.com/us/app/hootielife-ai-wellness-coach/id6744328233?uo=4","embedded_json_textPair"
"6744328233","HootieLife: AI Wellness Coach","79","avatar_identity_coaching","medium_high","2","Premium Yearly","$119.99","119.99","100_plus","subscription_like","https://apps.apple.com/us/app/hootielife-ai-wellness-coach/id6744328233?uo=4","embedded_json_textPair"
"1552207792","Zing AI: Home & Gym Workouts","80","avatar_identity_coaching","high","1","Zing Premium","$18.99","18.99","15_to_49_99","subscription_like","https://apps.apple.com/us/app/zing-ai-home-gym-workouts/id1552207792?uo=4","embedded_json_textPair"
"1552207792","Zing AI: Home & Gym Workouts","80","avatar_identity_coaching","high","2","Body Scan Report","$19.99","19.99","15_to_49_99","unclear_iap","https://apps.apple.com/us/app/zing-ai-home-gym-workouts/id1552207792?uo=4","embedded_json_textPair"
"1552207792","Zing AI: Home & Gym Workouts","80","avatar_identity_coaching","high","3","Zing Premium 3 Months","$29.99","29.99","15_to_49_99","subscription_like","https://apps.apple.com/us/app/zing-ai-home-gym-workouts/id1552207792?uo=4","embedded_json_textPair"
"1552207792","Zing AI: Home & Gym Workouts","80","avatar_identity_coaching","high","4","Zing Premium","$59.99","59.99","50_to_99_99","subscription_like","https://apps.apple.com/us/app/zing-ai-home-gym-workouts/id1552207792?uo=4","embedded_json_textPair"
"1552207792","Zing AI: Home & Gym Workouts","80","avatar_identity_coaching","high","5","Zing Premium","$39.99","39.99","15_to_49_99","subscription_like","https://apps.apple.com/us/app/zing-ai-home-gym-workouts/id1552207792?uo=4","embedded_json_textPair"
"1552207792","Zing AI: Home & Gym Workouts","80","avatar_identity_coaching","high","6","Zing Premium","$29.99","29.99","15_to_49_99","subscription_like","https://apps.apple.com/us/app/zing-ai-home-gym-workouts/id1552207792?uo=4","embedded_json_textPair"
"1471632228","ZOE Health: AI Meal Tracker","81","avatar_identity_coaching","medium_high","1","ZOE Premium","$99.99","99.99","50_to_99_99","subscription_like","https://apps.apple.com/us/app/zoe-health-ai-meal-tracker/id1471632228?uo=4","embedded_json_textPair"
"1471632228","ZOE Health: AI Meal Tracker","81","avatar_identity_coaching","medium_high","2","ZOE Premium","$15.99","15.99","15_to_49_99","subscription_like","https://apps.apple.com/us/app/zoe-health-ai-meal-tracker/id1471632228?uo=4","embedded_json_textPair"
"6751529164","Awaken: AI Coach & Inner Guide","82","manifestation_tool","high","1","Essence Medium","$24.99","24.99","15_to_49_99","unclear_iap","https://apps.apple.com/us/app/awaken-ai-coach-inner-guide/id6751529164?uo=4","embedded_json_textPair"
"6751529164","Awaken: AI Coach & Inner Guide","82","manifestation_tool","high","2","Awaken Beyond","$28.99","28.99","15_to_49_99","unclear_iap","https://apps.apple.com/us/app/awaken-ai-coach-inner-guide/id6751529164?uo=4","embedded_json_textPair"
"6751529164","Awaken: AI Coach & Inner Guide","82","manifestation_tool","high","3","Essence XS","$4.99","4.99","under_5","unclear_iap","https://apps.apple.com/us/app/awaken-ai-coach-inner-guide/id6751529164?uo=4","embedded_json_textPair"
"6751529164","Awaken: AI Coach & Inner Guide","82","manifestation_tool","high","4","Awaken Boundless","$57.99","57.99","50_to_99_99","unclear_iap","https://apps.apple.com/us/app/awaken-ai-coach-inner-guide/id6751529164?uo=4","embedded_json_textPair"
"6751529164","Awaken: AI Coach & Inner Guide","82","manifestation_tool","high","5","Essence Large","$49.99","49.99","15_to_49_99","unclear_iap","https://apps.apple.com/us/app/awaken-ai-coach-inner-guide/id6751529164?uo=4","embedded_json_textPair"
"6751529164","Awaken: AI Coach & Inner Guide","82","manifestation_tool","high","6","Essence Small","$9.99","9.99","5_to_14_99","unclear_iap","https://apps.apple.com/us/app/awaken-ai-coach-inner-guide/id6751529164?uo=4","embedded_json_textPair"
"6751529164","Awaken: AI Coach & Inner Guide","82","manifestation_tool","high","7","Fred AI + 150 Bonus Essence","$100.00","100","100_plus","unclear_iap","https://apps.apple.com/us/app/awaken-ai-coach-inner-guide/id6751529164?uo=4","embedded_json_textPair"
"6751529164","Awaken: AI Coach & Inner Guide","82","manifestation_tool","high","8","Awaken Beyond (Yearly)","$274.99","274.99","100_plus","subscription_like","https://apps.apple.com/us/app/awaken-ai-coach-inner-guide/id6751529164?uo=4","embedded_json_textPair"
"6751529164","Awaken: AI Coach & Inner Guide","82","manifestation_tool","high","9","Awaken Boundless (Yearly)","$549.99","549.99","100_plus","subscription_like","https://apps.apple.com/us/app/awaken-ai-coach-inner-guide/id6751529164?uo=4","embedded_json_textPair"
"6451135127","Rosebud: AI Journal & Diary","83","manifestation_tool","high","1","Rosebud Bloom","$12.99","12.99","5_to_14_99","unclear_iap","https://apps.apple.com/us/app/rosebud-ai-journal-diary/id6451135127?uo=4","embedded_json_textPair"
"6451135127","Rosebud: AI Journal & Diary","83","manifestation_tool","high","2","Rosebud Bloom","$107.99","107.99","100_plus","unclear_iap","https://apps.apple.com/us/app/rosebud-ai-journal-diary/id6451135127?uo=4","embedded_json_textPair"
"6451135127","Rosebud: AI Journal & Diary","83","manifestation_tool","high","3","Rosebud Bloom Affiliate","$11.00","11","5_to_14_99","unclear_iap","https://apps.apple.com/us/app/rosebud-ai-journal-diary/id6451135127?uo=4","embedded_json_textPair"
"6451135127","Rosebud: AI Journal & Diary","83","manifestation_tool","high","4","Rosebud Bloom Affiliate","$92.00","92","50_to_99_99","unclear_iap","https://apps.apple.com/us/app/rosebud-ai-journal-diary/id6451135127?uo=4","embedded_json_textPair"
"1068278823","Motivate: Daily Motivation","84","avatar_identity_coaching","medium_high","1","Motivate Pro - Monthly","$11.99","11.99","5_to_14_99","subscription_like","https://apps.apple.com/us/app/motivate-daily-motivation/id1068278823?uo=4","embedded_json_textPair"
"1068278823","Motivate: Daily Motivation","84","avatar_identity_coaching","medium_high","2","Motivate Pro - Annual","$95.99","95.99","50_to_99_99","subscription_like","https://apps.apple.com/us/app/motivate-daily-motivation/id1068278823?uo=4","embedded_json_textPair"
"1068278823","Motivate: Daily Motivation","84","avatar_identity_coaching","medium_high","3","Motivate Pro - Annual","$47.99","47.99","15_to_49_99","subscription_like","https://apps.apple.com/us/app/motivate-daily-motivation/id1068278823?uo=4","embedded_json_textPair"
"1068278823","Motivate: Daily Motivation","84","avatar_identity_coaching","medium_high","4","Motivate Pro - Lifetime","$399.99","399.99","100_plus","subscription_like|lifetime_like","https://apps.apple.com/us/app/motivate-daily-motivation/id1068278823?uo=4","embedded_json_textPair"
"6749149092","WinMode: Goal & Habit AI Coach","85","manifestation_tool","high","1","Premium – Yearly","$29.95","29.95","15_to_49_99","subscription_like","https://apps.apple.com/us/app/winmode-goal-habit-ai-coach/id6749149092?uo=4","embedded_json_textPair"
"6749149092","WinMode: Goal & Habit AI Coach","85","manifestation_tool","high","2","Premium – Monthly","$9.99","9.99","5_to_14_99","subscription_like","https://apps.apple.com/us/app/winmode-goal-habit-ai-coach/id6749149092?uo=4","embedded_json_textPair"
"6749149092","WinMode: Goal & Habit AI Coach","85","manifestation_tool","high","3","Premium – Yearly","$47.95","47.95","15_to_49_99","subscription_like","https://apps.apple.com/us/app/winmode-goal-habit-ai-coach/id6749149092?uo=4","embedded_json_textPair"
"6749149092","WinMode: Goal & Habit AI Coach","85","manifestation_tool","high","4","Premium – Yearly","$35.99","35.99","15_to_49_99","subscription_like","https://apps.apple.com/us/app/winmode-goal-habit-ai-coach/id6749149092?uo=4","embedded_json_textPair"
"6749149092","WinMode: Goal & Habit AI Coach","85","manifestation_tool","high","5","Premium – Monthly","$19.99","19.99","15_to_49_99","subscription_like","https://apps.apple.com/us/app/winmode-goal-habit-ai-coach/id6749149092?uo=4","embedded_json_textPair"
"6749149092","WinMode: Goal & Habit AI Coach","85","manifestation_tool","high","6","Premium – Monthly","$14.99","14.99","5_to_14_99","subscription_like","https://apps.apple.com/us/app/winmode-goal-habit-ai-coach/id6749149092?uo=4","embedded_json_textPair"
"6740247674","Eylo: AI Weight Loss Coach","86","avatar_identity_coaching","medium_high","1","Champion Plan","$17.99","17.99","15_to_49_99","unclear_iap","https://apps.apple.com/us/app/eylo-ai-weight-loss-coach/id6740247674?uo=4","embedded_json_textPair"
"6740247674","Eylo: AI Weight Loss Coach","86","avatar_identity_coaching","medium_high","2","Achiever Plan","$9.99","9.99","5_to_14_99","unclear_iap","https://apps.apple.com/us/app/eylo-ai-weight-loss-coach/id6740247674?uo=4","embedded_json_textPair"
"6740247674","Eylo: AI Weight Loss Coach","86","avatar_identity_coaching","medium_high","3","Starter Plan","$4.99","4.99","under_5","unclear_iap","https://apps.apple.com/us/app/eylo-ai-weight-loss-coach/id6740247674?uo=4","embedded_json_textPair"
"6740247674","Eylo: AI Weight Loss Coach","86","avatar_identity_coaching","medium_high","4","Champion Yearly","$179.99","179.99","100_plus","subscription_like","https://apps.apple.com/us/app/eylo-ai-weight-loss-coach/id6740247674?uo=4","embedded_json_textPair"
"6740247674","Eylo: AI Weight Loss Coach","86","avatar_identity_coaching","medium_high","5","Achiever Yearly","$89.99","89.99","50_to_99_99","subscription_like","https://apps.apple.com/us/app/eylo-ai-weight-loss-coach/id6740247674?uo=4","embedded_json_textPair"
"6755958698","Scroll Block: ScreenTime + VPN","87","manifestation_tool","medium_high","1","Scroll Block Yearly","$29.99","29.99","15_to_49_99","subscription_like","https://apps.apple.com/us/app/scroll-block-screentime-vpn/id6755958698?uo=4","embedded_json_textPair"
"6755958698","Scroll Block: ScreenTime + VPN","87","manifestation_tool","medium_high","2","Scroll Block Monthly","$9.99","9.99","5_to_14_99","subscription_like","https://apps.apple.com/us/app/scroll-block-screentime-vpn/id6755958698?uo=4","embedded_json_textPair"
"6755958698","Scroll Block: ScreenTime + VPN","87","manifestation_tool","medium_high","3","Scroll Block Premium Monthly","$19.99","19.99","15_to_49_99","subscription_like","https://apps.apple.com/us/app/scroll-block-screentime-vpn/id6755958698?uo=4","embedded_json_textPair"
"6755958698","Scroll Block: ScreenTime + VPN","87","manifestation_tool","medium_high","4","Scroll Block Premium Annual","$99.99","99.99","50_to_99_99","subscription_like","https://apps.apple.com/us/app/scroll-block-screentime-vpn/id6755958698?uo=4","embedded_json_textPair"
"6755958698","Scroll Block: ScreenTime + VPN","87","manifestation_tool","medium_high","5","Scroll Block Premium Resub","$29.99","29.99","15_to_49_99","subscription_like","https://apps.apple.com/us/app/scroll-block-screentime-vpn/id6755958698?uo=4","embedded_json_textPair"
"1640697055","Inner Journey: Meditate App","88","manifestation_tool","high","1","Yearly Subscription","$29.99","29.99","15_to_49_99","subscription_like","https://apps.apple.com/us/app/inner-journey-meditate-app/id1640697055?uo=4","embedded_json_textPair"
"1640697055","Inner Journey: Meditate App","88","manifestation_tool","high","2","Monthly Subscription","$9.99","9.99","5_to_14_99","subscription_like","https://apps.apple.com/us/app/inner-journey-meditate-app/id1640697055?uo=4","embedded_json_textPair"
"1640697055","Inner Journey: Meditate App","88","manifestation_tool","high","3","Weekly Subscription","$4.99","4.99","under_5","subscription_like","https://apps.apple.com/us/app/inner-journey-meditate-app/id1640697055?uo=4","embedded_json_textPair"
"1511392642","Ricky Kalmon","89","gamified_self_improvement","medium_high","1","Monthly","$7.99","7.99","5_to_14_99","subscription_like","https://apps.apple.com/us/app/ricky-kalmon/id1511392642?uo=4","embedded_json_textPair"
"1511392642","Ricky Kalmon","89","gamified_self_improvement","medium_high","2","Full Access","$69.99","69.99","50_to_99_99","unclear_iap","https://apps.apple.com/us/app/ricky-kalmon/id1511392642?uo=4","embedded_json_textPair"
"1567904684","Pocket Insight Psychic Reading","90","astrology_guidance","medium_high","1","200 Credits","$19.99","19.99","15_to_49_99","consumable_or_unlock","https://apps.apple.com/us/app/pocket-insight-psychic-reading/id1567904684?uo=4","embedded_json_textPair"
"1567904684","Pocket Insight Psychic Reading","90","astrology_guidance","medium_high","2","50 Credits","$4.99","4.99","under_5","consumable_or_unlock","https://apps.apple.com/us/app/pocket-insight-psychic-reading/id1567904684?uo=4","embedded_json_textPair"
"1567904684","Pocket Insight Psychic Reading","90","astrology_guidance","medium_high","3","100 Credits","$9.99","9.99","5_to_14_99","consumable_or_unlock","https://apps.apple.com/us/app/pocket-insight-psychic-reading/id1567904684?uo=4","embedded_json_textPair"
"1567904684","Pocket Insight Psychic Reading","90","astrology_guidance","medium_high","4","70 Credits","$4.99","4.99","under_5","consumable_or_unlock","https://apps.apple.com/us/app/pocket-insight-psychic-reading/id1567904684?uo=4","embedded_json_textPair"
"1567904684","Pocket Insight Psychic Reading","90","astrology_guidance","medium_high","5","500 Credits","$49.99","49.99","15_to_49_99","consumable_or_unlock","https://apps.apple.com/us/app/pocket-insight-psychic-reading/id1567904684?uo=4","embedded_json_textPair"
"1567904684","Pocket Insight Psychic Reading","90","astrology_guidance","medium_high","6","1000 Credits","$99.99","99.99","50_to_99_99","consumable_or_unlock","https://apps.apple.com/us/app/pocket-insight-psychic-reading/id1567904684?uo=4","embedded_json_textPair"
"1567904684","Pocket Insight Psychic Reading","90","astrology_guidance","medium_high","7","10 Credits","$0.99","0.99","under_5","consumable_or_unlock","https://apps.apple.com/us/app/pocket-insight-psychic-reading/id1567904684?uo=4","embedded_json_textPair"
"1567904684","Pocket Insight Psychic Reading","90","astrology_guidance","medium_high","8","Newcomer 100Credits","$9.99","9.99","5_to_14_99","consumable_or_unlock","https://apps.apple.com/us/app/pocket-insight-psychic-reading/id1567904684?uo=4","embedded_json_textPair"
"1567904684","Pocket Insight Psychic Reading","90","astrology_guidance","medium_high","9","Newcomer Voucher","$0.99","0.99","under_5","unclear_iap","https://apps.apple.com/us/app/pocket-insight-psychic-reading/id1567904684?uo=4","embedded_json_textPair"
"6757371129","Gita Life Coach","91","gamified_self_improvement","medium_high","1","Monthly","$4.99","4.99","under_5","subscription_like","https://apps.apple.com/us/app/gita-life-coach/id6757371129?uo=4","embedded_json_textPair"
"6757371129","Gita Life Coach","91","gamified_self_improvement","medium_high","2","Yearly","$29.99","29.99","15_to_49_99","subscription_like","https://apps.apple.com/us/app/gita-life-coach/id6757371129?uo=4","embedded_json_textPair"
"1641577381","Soulful Navigation","92","avatar_identity_coaching","medium_high","1","MONTHLY MEMBERSHIP","$32.99","32.99","15_to_49_99","subscription_like","https://apps.apple.com/us/app/soulful-navigation/id1641577381?uo=4","embedded_json_textPair"
"1641577381","Soulful Navigation","92","avatar_identity_coaching","medium_high","2","MEDITATION BUNDLE","$99.99","99.99","50_to_99_99","consumable_or_unlock","https://apps.apple.com/us/app/soulful-navigation/id1641577381?uo=4","embedded_json_textPair"
"1474958416","Sol - Inner Life & Wellbeing","93","astrology_guidance","high","1","Monthly subscription","$7.99","7.99","5_to_14_99","subscription_like","https://apps.apple.com/us/app/sol-inner-life-wellbeing/id1474958416?uo=4","embedded_json_textPair"
"1474958416","Sol - Inner Life & Wellbeing","93","astrology_guidance","high","2","Weekly subscription","$1.99","1.99","under_5","subscription_like","https://apps.apple.com/us/app/sol-inner-life-wellbeing/id1474958416?uo=4","embedded_json_textPair"
"1474958416","Sol - Inner Life & Wellbeing","93","astrology_guidance","high","3","Yearly subscription","$51.99","51.99","50_to_99_99","subscription_like","https://apps.apple.com/us/app/sol-inner-life-wellbeing/id1474958416?uo=4","embedded_json_textPair"
"1474958416","Sol - Inner Life & Wellbeing","93","astrology_guidance","high","4","Lifetime","$119.99","119.99","100_plus","lifetime_like","https://apps.apple.com/us/app/sol-inner-life-wellbeing/id1474958416?uo=4","embedded_json_textPair"
"6747612883","AI Friend & Companion: Allia","94","astrology_guidance","medium","1","Allia Premium Weekly","$8.99","8.99","5_to_14_99","subscription_like","https://apps.apple.com/us/app/ai-friend-companion-allia/id6747612883?uo=4","embedded_json_textPair"
"6747612883","AI Friend & Companion: Allia","94","astrology_guidance","medium","2","Allia Premium Monthly","$9.99","9.99","5_to_14_99","subscription_like","https://apps.apple.com/us/app/ai-friend-companion-allia/id6747612883?uo=4","embedded_json_textPair"
"6747612883","AI Friend & Companion: Allia","94","astrology_guidance","medium","3","Allia Premium Yearly","$39.99","39.99","15_to_49_99","subscription_like","https://apps.apple.com/us/app/ai-friend-companion-allia/id6747612883?uo=4","embedded_json_textPair"
"1312926037","stoic. journal & mental health","95","manifestation_tool","medium_high","1","stoic. journal & diary premium","$39.99","39.99","15_to_49_99","subscription_like","https://apps.apple.com/us/app/stoic-journal-mental-health/id1312926037?uo=4","embedded_json_textPair"
"1312926037","stoic. journal & mental health","95","manifestation_tool","medium_high","2","stoic. journal & diary premium","$6.99","6.99","5_to_14_99","subscription_like","https://apps.apple.com/us/app/stoic-journal-mental-health/id1312926037?uo=4","embedded_json_textPair"
"1312926037","stoic. journal & mental health","95","manifestation_tool","medium_high","3","stoic journal & diary AI","$99.99","99.99","50_to_99_99","unclear_iap","https://apps.apple.com/us/app/stoic-journal-mental-health/id1312926037?uo=4","embedded_json_textPair"
"1312926037","stoic. journal & mental health","95","manifestation_tool","medium_high","4","stoic. journal & diary AI","$12.99","12.99","5_to_14_99","unclear_iap","https://apps.apple.com/us/app/stoic-journal-mental-health/id1312926037?uo=4","embedded_json_textPair"
"1312926037","stoic. journal & mental health","95","manifestation_tool","medium_high","5","stoic. journal & diary premium","$17.99","17.99","15_to_49_99","subscription_like","https://apps.apple.com/us/app/stoic-journal-mental-health/id1312926037?uo=4","embedded_json_textPair"
"1312926037","stoic. journal & mental health","95","manifestation_tool","medium_high","6","stoic. journal & diary premium","$26.99","26.99","15_to_49_99","subscription_like","https://apps.apple.com/us/app/stoic-journal-mental-health/id1312926037?uo=4","embedded_json_textPair"
"1312926037","stoic. journal & mental health","95","manifestation_tool","medium_high","7","stoic journal & diary AI","$69.99","69.99","50_to_99_99","unclear_iap","https://apps.apple.com/us/app/stoic-journal-mental-health/id1312926037?uo=4","embedded_json_textPair"
"1312926037","stoic. journal & mental health","95","manifestation_tool","medium_high","8","stoic ai yearly gift","$99.99","99.99","50_to_99_99","subscription_like","https://apps.apple.com/us/app/stoic-journal-mental-health/id1312926037?uo=4","embedded_json_textPair"
"6757587521","Spark AI: Chat with Characters","96","ai_companion_roleplay","high","1","100gold","$9.99","9.99","5_to_14_99","unclear_iap","https://apps.apple.com/us/app/spark-ai-chat-with-characters/id6757587521?uo=4","embedded_json_textPair"
"6757587521","Spark AI: Chat with Characters","96","ai_companion_roleplay","high","2","monthly vip","$29.99","29.99","15_to_49_99","subscription_like","https://apps.apple.com/us/app/spark-ai-chat-with-characters/id6757587521?uo=4","embedded_json_textPair"
"6757587521","Spark AI: Chat with Characters","96","ai_companion_roleplay","high","3","768gold","$29.99","29.99","15_to_49_99","unclear_iap","https://apps.apple.com/us/app/spark-ai-chat-with-characters/id6757587521?uo=4","embedded_json_textPair"
"6757587521","Spark AI: Chat with Characters","96","ai_companion_roleplay","high","4","ltk","$79.99","79.99","50_to_99_99","unclear_iap","https://apps.apple.com/us/app/spark-ai-chat-with-characters/id6757587521?uo=4","embedded_json_textPair"
"6757587521","Spark AI: Chat with Characters","96","ai_companion_roleplay","high","5","168gold","$14.99","14.99","5_to_14_99","unclear_iap","https://apps.apple.com/us/app/spark-ai-chat-with-characters/id6757587521?uo=4","embedded_json_textPair"
"6757587521","Spark AI: Chat with Characters","96","ai_companion_roleplay","high","6","6688gold","$69.99","69.99","50_to_99_99","unclear_iap","https://apps.apple.com/us/app/spark-ai-chat-with-characters/id6757587521?uo=4","embedded_json_textPair"
"6757587521","Spark AI: Chat with Characters","96","ai_companion_roleplay","high","7","yearly vip","$69.99","69.99","50_to_99_99","subscription_like","https://apps.apple.com/us/app/spark-ai-chat-with-characters/id6757587521?uo=4","embedded_json_textPair"
"6757587521","Spark AI: Chat with Characters","96","ai_companion_roleplay","high","8","3688gold","$49.99","49.99","15_to_49_99","unclear_iap","https://apps.apple.com/us/app/spark-ai-chat-with-characters/id6757587521?uo=4","embedded_json_textPair"
"1044867788","Day One: Daily Journal & Diary","97","gamified_self_improvement","medium_high","1","Day One Silver","$49.99","49.99","15_to_49_99","unclear_iap","https://apps.apple.com/us/app/day-one-daily-journal-diary/id1044867788?uo=4","embedded_json_textPair"
"1044867788","Day One: Daily Journal & Diary","97","gamified_self_improvement","medium_high","2","Day One Silver","$8.99","8.99","5_to_14_99","unclear_iap","https://apps.apple.com/us/app/day-one-daily-journal-diary/id1044867788?uo=4","embedded_json_textPair"
"1044867788","Day One: Daily Journal & Diary","97","gamified_self_improvement","medium_high","3","Day One Silver (1 Month)","$8.99","8.99","5_to_14_99","subscription_like","https://apps.apple.com/us/app/day-one-daily-journal-diary/id1044867788?uo=4","embedded_json_textPair"
"1044867788","Day One: Daily Journal & Diary","97","gamified_self_improvement","medium_high","4","Premium Yearly","$49.99","49.99","15_to_49_99","subscription_like","https://apps.apple.com/us/app/day-one-daily-journal-diary/id1044867788?uo=4","embedded_json_textPair"
"1044867788","Day One: Daily Journal & Diary","97","gamified_self_improvement","medium_high","5","Silver Yearly","$49.99","49.99","15_to_49_99","subscription_like","https://apps.apple.com/us/app/day-one-daily-journal-diary/id1044867788?uo=4","embedded_json_textPair"
"1044867788","Day One: Daily Journal & Diary","97","gamified_self_improvement","medium_high","6","Day One Gold","$74.99","74.99","50_to_99_99","unclear_iap","https://apps.apple.com/us/app/day-one-daily-journal-diary/id1044867788?uo=4","embedded_json_textPair"
"1237105346","MindFi: Mind Fitness for All","98","gamified_self_improvement","high","1","Monthly Subscription","$5.99","5.99","5_to_14_99","subscription_like","https://apps.apple.com/us/app/mindfi-mind-fitness-for-all/id1237105346?uo=4","embedded_json_textPair"
"1237105346","MindFi: Mind Fitness for All","98","gamified_self_improvement","high","2","Annual Subscription","$44.99","44.99","15_to_49_99","subscription_like","https://apps.apple.com/us/app/mindfi-mind-fitness-for-all/id1237105346?uo=4","embedded_json_textPair"
"1237105346","MindFi: Mind Fitness for All","98","gamified_self_improvement","high","3","Lifetime","$174.99","174.99","100_plus","lifetime_like","https://apps.apple.com/us/app/mindfi-mind-fitness-for-all/id1237105346?uo=4","embedded_json_textPair"
"6475028592","OtterLife: AI Health Tracker","99","gamified_self_improvement","medium_high","1","OtterLife-Yearlysponsor","$39.99","39.99","15_to_49_99","subscription_like","https://apps.apple.com/us/app/otterlife-ai-health-tracker/id6475028592?uo=4","embedded_json_textPair"
"6475028592","OtterLife: AI Health Tracker","99","gamified_self_improvement","medium_high","2","OtterLife-Yearlysponsor","$26.99","26.99","15_to_49_99","subscription_like","https://apps.apple.com/us/app/otterlife-ai-health-tracker/id6475028592?uo=4","embedded_json_textPair"
"6475028592","OtterLife: AI Health Tracker","99","gamified_self_improvement","medium_high","3","OtterLife-monthsponsor","$15.99","15.99","15_to_49_99","subscription_like","https://apps.apple.com/us/app/otterlife-ai-health-tracker/id6475028592?uo=4","embedded_json_textPair"
"6475028592","OtterLife: AI Health Tracker","99","gamified_self_improvement","medium_high","4","OtterLife-Lifetime","$44.99","44.99","15_to_49_99","lifetime_like","https://apps.apple.com/us/app/otterlife-ai-health-tracker/id6475028592?uo=4","embedded_json_textPair"
"6475028592","OtterLife: AI Health Tracker","99","gamified_self_improvement","medium_high","5","OtterLife-Lifetime","$74.99","74.99","50_to_99_99","lifetime_like","https://apps.apple.com/us/app/otterlife-ai-health-tracker/id6475028592?uo=4","embedded_json_textPair"
"6475028592","OtterLife: AI Health Tracker","99","gamified_self_improvement","medium_high","6","OtterLife-3monthsponsor","$19.99","19.99","15_to_49_99","subscription_like","https://apps.apple.com/us/app/otterlife-ai-health-tracker/id6475028592?uo=4","embedded_json_textPair"
"6475028592","OtterLife: AI Health Tracker","99","gamified_self_improvement","medium_high","7","OtterLife-Yearlysponsor","$19.99","19.99","15_to_49_99","subscription_like","https://apps.apple.com/us/app/otterlife-ai-health-tracker/id6475028592?uo=4","embedded_json_textPair"
"6475028592","OtterLife: AI Health Tracker","99","gamified_self_improvement","medium_high","8","OtterLife-yearlysponsor","$34.99","34.99","15_to_49_99","subscription_like","https://apps.apple.com/us/app/otterlife-ai-health-tracker/id6475028592?uo=4","embedded_json_textPair"
"545849922","Daily Yoga: Yoga for Fitness®","100","avatar_identity_coaching","high","1","Yoga for beginners.","$69.99","69.99","50_to_99_99","unclear_iap","https://apps.apple.com/us/app/daily-yoga-yoga-for-fitness/id545849922?uo=4","embedded_json_textPair"
"545849922","Daily Yoga: Yoga for Fitness®","100","avatar_identity_coaching","high","2","Silver Pro Yearly","$42.99","42.99","15_to_49_99","subscription_like","https://apps.apple.com/us/app/daily-yoga-yoga-for-fitness/id545849922?uo=4","embedded_json_textPair"
"545849922","Daily Yoga: Yoga for Fitness®","100","avatar_identity_coaching","high","3","The Most Popular Yoga App","$69.99","69.99","50_to_99_99","unclear_iap","https://apps.apple.com/us/app/daily-yoga-yoga-for-fitness/id545849922?uo=4","embedded_json_textPair"
"545849922","Daily Yoga: Yoga for Fitness®","100","avatar_identity_coaching","high","4","Gold Pro- Yearly","$52.99","52.99","50_to_99_99","subscription_like","https://apps.apple.com/us/app/daily-yoga-yoga-for-fitness/id545849922?uo=4","embedded_json_textPair"
"545849922","Daily Yoga: Yoga for Fitness®","100","avatar_identity_coaching","high","5","Silver Pro Monthly","$12.99","12.99","5_to_14_99","subscription_like","https://apps.apple.com/us/app/daily-yoga-yoga-for-fitness/id545849922?uo=4","embedded_json_textPair"
"545849922","Daily Yoga: Yoga for Fitness®","100","avatar_identity_coaching","high","6","Gold Pro Membership","$69.99","69.99","50_to_99_99","subscription_like","https://apps.apple.com/us/app/daily-yoga-yoga-for-fitness/id545849922?uo=4","embedded_json_textPair"
"545849922","Daily Yoga: Yoga for Fitness®","100","avatar_identity_coaching","high","7","Full Access to All Pros","$9.99","9.99","5_to_14_99","subscription_like","https://apps.apple.com/us/app/daily-yoga-yoga-for-fitness/id545849922?uo=4","embedded_json_textPair"
"545849922","Daily Yoga: Yoga for Fitness®","100","avatar_identity_coaching","high","8","Annual Premium Special","$49.99","49.99","15_to_49_99","subscription_like","https://apps.apple.com/us/app/daily-yoga-yoga-for-fitness/id545849922?uo=4","embedded_json_textPair"
"545849922","Daily Yoga: Yoga for Fitness®","100","avatar_identity_coaching","high","9","Home Yoga Workout App","$69.99","69.99","50_to_99_99","unclear_iap","https://apps.apple.com/us/app/daily-yoga-yoga-for-fitness/id545849922?uo=4","embedded_json_textPair"
"545849922","Daily Yoga: Yoga for Fitness®","100","avatar_identity_coaching","high","10","Monthly Subscription of Gold Pro","$19.99","19.99","15_to_49_99","subscription_like","https://apps.apple.com/us/app/daily-yoga-yoga-for-fitness/id545849922?uo=4","embedded_json_textPair"