positioning_row_id,app_name,publisher,platform,source_kind,source_bucket,source_url,requested_url,final_url,domain,niche,keyword,query,rank_position,category,rating,review_count,pricing_type,iap_present,subscription_present,core_features,retention_mechanics,personalization_tags,audience_tags,monetization_notes,page_title,http_status,fetch_status,page_type,positioning_tags,monetization_tags,price_points_detected,product_match_risk,text_excerpt,collected_at,evidence_quality,collection_status
"CP_0001","PUBG MOBILE","Level Infinite","public_web","company_positioning_page","Company/public web positioning","https://www.pubgmobile.com/","https://www.pubgmobile.com/","https://www.pubgmobile.com/","pubgmobile.com","gaming","homepage","known_domain_homepage","1","homepage","","","no_clean_public_monetization_signal","yes","","","unclassified_public_positioning","","","no_pricing_signal","","200","ok","homepage","unclassified_public_positioning","no_clean_public_monetization_signal","","public_company_or_product_page","","2026-05-31T03:15:49.717Z","low","ok"
"CP_0002","PUBG MOBILE","Level Infinite","public_web","company_positioning_page","Company/public web positioning","https://www.pubgmobile.com/","https://www.pubgmobile.com","https://www.pubgmobile.com/","pubgmobile.com","gaming","homepage","known_domain_homepage","2","homepage","","","no_clean_public_monetization_signal","yes","","","unclassified_public_positioning","","","no_pricing_signal","","200","ok","homepage","unclassified_public_positioning","no_clean_public_monetization_signal","","public_company_or_product_page","","2026-05-31T03:15:49.823Z","low","ok"
"CP_0003","PUBG MOBILE","Level Infinite","public_web","company_positioning_page","Company/public web positioning","https://www.pubgmobile.com/pricing","https://www.pubgmobile.com/pricing","https://www.pubgmobile.com/pricing","pubgmobile.com","gaming","pricing_or_plan_page","known_domain_pricing_or_plan_page","3","pricing_or_plan_page","","","no_clean_public_monetization_signal","yes","","404 Not Found 404 Not Found 404 Not Found nginx","unclassified_public_positioning","","","no_pricing_signal","404 Not Found","404","error:http_404","pricing_or_plan_page","unclassified_public_positioning","no_clean_public_monetization_signal","","unreachable_or_not_found","404 Not Found 404 Not Found nginx","2026-05-31T03:15:50.027Z","low","error:http_404"
"CP_0004","PUBG MOBILE","Level Infinite","public_web","company_positioning_page","Company/public web positioning","https://www.pubgmobile.com/plans","https://www.pubgmobile.com/plans","https://www.pubgmobile.com/plans","pubgmobile.com","gaming","pricing_or_plan_page","known_domain_pricing_or_plan_page","4","pricing_or_plan_page","","","no_clean_public_monetization_signal","yes","","404 Not Found 404 Not Found 404 Not Found nginx","unclassified_public_positioning","","","no_pricing_signal","404 Not Found","404","error:http_404","pricing_or_plan_page","unclassified_public_positioning","no_clean_public_monetization_signal","","unreachable_or_not_found","404 Not Found 404 Not Found nginx","2026-05-31T03:15:50.222Z","low","error:http_404"
"CP_0005","PUBG MOBILE","Level Infinite","public_web","company_positioning_page","Company/public web positioning","https://www.pubgmobile.com/premium","https://www.pubgmobile.com/premium","https://www.pubgmobile.com/premium","pubgmobile.com","gaming","pricing_or_plan_page","known_domain_pricing_or_plan_page","5","pricing_or_plan_page","","","no_clean_public_monetization_signal","yes","","404 Not Found 404 Not Found 404 Not Found nginx","unclassified_public_positioning","","","no_pricing_signal","404 Not Found","404","error:http_404","pricing_or_plan_page","unclassified_public_positioning","no_clean_public_monetization_signal","","unreachable_or_not_found","404 Not Found 404 Not Found nginx","2026-05-31T03:15:50.676Z","low","error:http_404"
"CP_0006","PUBG MOBILE","Level Infinite","public_web","company_positioning_page","Company/public web positioning","https://www.pubgmobile.com/subscribe","https://www.pubgmobile.com/subscribe","https://www.pubgmobile.com/subscribe","pubgmobile.com","gaming","pricing_or_plan_page","known_domain_pricing_or_plan_page","6","pricing_or_plan_page","","","no_clean_public_monetization_signal","yes","","404 Not Found 404 Not Found 404 Not Found nginx","unclassified_public_positioning","","","no_pricing_signal","404 Not Found","404","error:http_404","pricing_or_plan_page","unclassified_public_positioning","no_clean_public_monetization_signal","","unreachable_or_not_found","404 Not Found 404 Not Found nginx","2026-05-31T03:15:50.873Z","low","error:http_404"
"CP_0007","PUBG MOBILE","Level Infinite","public_web","company_positioning_page","Company/public web positioning","https://www.pubgmobile.com/subscription","https://www.pubgmobile.com/subscription","https://www.pubgmobile.com/subscription","pubgmobile.com","gaming","pricing_or_plan_page","known_domain_pricing_or_plan_page","7","pricing_or_plan_page","","","no_clean_public_monetization_signal","yes","","404 Not Found 404 Not Found 404 Not Found nginx","unclassified_public_positioning","","","no_pricing_signal","404 Not Found","404","error:http_404","pricing_or_plan_page","unclassified_public_positioning","no_clean_public_monetization_signal","","unreachable_or_not_found","404 Not Found 404 Not Found nginx","2026-05-31T03:15:51.351Z","low","error:http_404"
"CP_0008","PUBG MOBILE","Level Infinite","public_web","company_positioning_page","Company/public web positioning","https://www.pubgmobile.com/upgrade","https://www.pubgmobile.com/upgrade","https://www.pubgmobile.com/upgrade","pubgmobile.com","gaming","pricing_or_plan_page","known_domain_pricing_or_plan_page","8","pricing_or_plan_page","","","no_clean_public_monetization_signal","yes","","404 Not Found 404 Not Found 404 Not Found nginx","unclassified_public_positioning","","","no_pricing_signal","404 Not Found","404","error:http_404","pricing_or_plan_page","unclassified_public_positioning","no_clean_public_monetization_signal","","unreachable_or_not_found","404 Not Found 404 Not Found nginx","2026-05-31T03:15:51.807Z","low","error:http_404"
"CP_0009","Subway Surfers","SYBO Games","public_web","company_positioning_page","Company/public web positioning","https://sybogames.com/","https://sybogames.com/","https://sybogames.com/","sybogames.com","gaming","homepage","known_domain_homepage","9","homepage","","","no_clean_public_monetization_signal","yes","","SYBO - Home SYBO - Home A mobile game company in Copenhagen striving to craft meaningful experiences that can be played by everyone. We're a mobile games studio in Copenhagen striving to craft meaningful experiences that can be enjoyed by everyoneWe're a mobile games Studio in Copenhagen striving to craft meaningful experiences that can be played by everyoneNEW GAME!Subway Surfers CitySubway Surfers City offers players an entirely new way to experience the game. It’s a fresh chapter in the game’s universe,","progress_feedback|game_progression","","game_progression","no_pricing_signal","SYBO - Home","200","ok","homepage","progress_feedback|game_progression","no_clean_public_monetization_signal","","public_company_or_product_page","SYBO - Home A mobile game company in Copenhagen striving to craft meaningful experiences that can be played by everyone. We're a mobile games studio in Copenhagen striving to craft meaningful experiences that can be enjoyed by everyoneWe're a mobile games Studio in Copenhagen striving to craft meaningful experiences that can be played by everyoneNEW GAME!Subway Surfers CitySubway Surfers City offers players an entirely new way to experience the game. It’s a fresh chapter in the game’s universe,","2026-05-31T03:15:52.367Z","medium","ok"
"CP_0010","Subway Surfers","SYBO Games","public_web","company_positioning_page","Company/public web positioning","https://sybogames.com/","https://sybogames.com","https://sybogames.com/","sybogames.com","gaming","homepage","known_domain_homepage","10","homepage","","","no_clean_public_monetization_signal","yes","","SYBO - Home SYBO - Home A mobile game company in Copenhagen striving to craft meaningful experiences that can be played by everyone. We're a mobile games studio in Copenhagen striving to craft meaningful experiences that can be enjoyed by everyoneWe're a mobile games Studio in Copenhagen striving to craft meaningful experiences that can be played by everyoneNEW GAME!Subway Surfers CitySubway Surfers City offers players an entirely new way to experience the game. It’s a fresh chapter in the game’s universe,","progress_feedback|game_progression","","game_progression","no_pricing_signal","SYBO - Home","200","ok","homepage","progress_feedback|game_progression","no_clean_public_monetization_signal","","public_company_or_product_page","SYBO - Home A mobile game company in Copenhagen striving to craft meaningful experiences that can be played by everyone. We're a mobile games studio in Copenhagen striving to craft meaningful experiences that can be enjoyed by everyoneWe're a mobile games Studio in Copenhagen striving to craft meaningful experiences that can be played by everyoneNEW GAME!Subway Surfers CitySubway Surfers City offers players an entirely new way to experience the game. It’s a fresh chapter in the game’s universe,","2026-05-31T03:15:52.695Z","medium","ok"
"CP_0011","Subway Surfers","SYBO Games","public_web","company_positioning_page","Company/public web positioning","https://sybogames.com/pricing","https://sybogames.com/pricing","https://sybogames.com/pricing","sybogames.com","gaming","pricing_or_plan_page","known_domain_pricing_or_plan_page","11","pricing_or_plan_page","","","no_clean_public_monetization_signal","yes","","The resource you are looking for has been removed, had its name changed, or is temporarily unavailable.","unclassified_public_positioning","","","no_pricing_signal","","404","error:http_404","pricing_or_plan_page","unclassified_public_positioning","no_clean_public_monetization_signal","","public_company_or_product_page","The resource you are looking for has been removed, had its name changed, or is temporarily unavailable.","2026-05-31T03:15:53.019Z","low","error:http_404"
"CP_0012","Subway Surfers","SYBO Games","public_web","company_positioning_page","Company/public web positioning","https://sybogames.com/plans","https://sybogames.com/plans","https://sybogames.com/plans","sybogames.com","gaming","pricing_or_plan_page","known_domain_pricing_or_plan_page","12","pricing_or_plan_page","","","no_clean_public_monetization_signal","yes","","The resource you are looking for has been removed, had its name changed, or is temporarily unavailable.","unclassified_public_positioning","","","no_pricing_signal","","404","error:http_404","pricing_or_plan_page","unclassified_public_positioning","no_clean_public_monetization_signal","","public_company_or_product_page","The resource you are looking for has been removed, had its name changed, or is temporarily unavailable.","2026-05-31T03:15:53.397Z","low","error:http_404"
"CP_0013","Subway Surfers","SYBO Games","public_web","company_positioning_page","Company/public web positioning","https://sybogames.com/premium","https://sybogames.com/premium","https://sybogames.com/premium","sybogames.com","gaming","pricing_or_plan_page","known_domain_pricing_or_plan_page","13","pricing_or_plan_page","","","no_clean_public_monetization_signal","yes","","The resource you are looking for has been removed, had its name changed, or is temporarily unavailable.","unclassified_public_positioning","","","no_pricing_signal","","404","error:http_404","pricing_or_plan_page","unclassified_public_positioning","no_clean_public_monetization_signal","","public_company_or_product_page","The resource you are looking for has been removed, had its name changed, or is temporarily unavailable.","2026-05-31T03:15:53.722Z","low","error:http_404"
"CP_0014","Subway Surfers","SYBO Games","public_web","company_positioning_page","Company/public web positioning","https://sybogames.com/subscribe","https://sybogames.com/subscribe","https://sybogames.com/subscribe","sybogames.com","gaming","pricing_or_plan_page","known_domain_pricing_or_plan_page","14","pricing_or_plan_page","","","no_clean_public_monetization_signal","yes","","The resource you are looking for has been removed, had its name changed, or is temporarily unavailable.","unclassified_public_positioning","","","no_pricing_signal","","404","error:http_404","pricing_or_plan_page","unclassified_public_positioning","no_clean_public_monetization_signal","","public_company_or_product_page","The resource you are looking for has been removed, had its name changed, or is temporarily unavailable.","2026-05-31T03:15:54.043Z","low","error:http_404"
"CP_0015","Subway Surfers","SYBO Games","public_web","company_positioning_page","Company/public web positioning","https://sybogames.com/subscription","https://sybogames.com/subscription","https://sybogames.com/subscription","sybogames.com","gaming","pricing_or_plan_page","known_domain_pricing_or_plan_page","15","pricing_or_plan_page","","","no_clean_public_monetization_signal","yes","","The resource you are looking for has been removed, had its name changed, or is temporarily unavailable.","unclassified_public_positioning","","","no_pricing_signal","","404","error:http_404","pricing_or_plan_page","unclassified_public_positioning","no_clean_public_monetization_signal","","public_company_or_product_page","The resource you are looking for has been removed, had its name changed, or is temporarily unavailable.","2026-05-31T03:15:54.423Z","low","error:http_404"
"CP_0016","Subway Surfers","SYBO Games","public_web","company_positioning_page","Company/public web positioning","https://sybogames.com/upgrade","https://sybogames.com/upgrade","https://sybogames.com/upgrade","sybogames.com","gaming","pricing_or_plan_page","known_domain_pricing_or_plan_page","16","pricing_or_plan_page","","","no_clean_public_monetization_signal","yes","","The resource you are looking for has been removed, had its name changed, or is temporarily unavailable.","unclassified_public_positioning","","","no_pricing_signal","","404","error:http_404","pricing_or_plan_page","unclassified_public_positioning","no_clean_public_monetization_signal","","public_company_or_product_page","The resource you are looking for has been removed, had its name changed, or is temporarily unavailable.","2026-05-31T03:15:54.753Z","low","error:http_404"
"CP_0017","Roblox","Roblox Corporation","public_web","company_positioning_page","Company/public web positioning","https://www.roblox.com/","http://www.roblox.com/","https://www.roblox.com/","roblox.com","gaming","homepage","known_domain_homepage","17","homepage","","","no_clean_public_monetization_signal","yes","","Roblox Roblox Roblox is the ultimate virtual universe that lets you create, share experiences with friends, and be anything you can imagine. Join millions of people and discover an infinite variety of immersive experiences created by a global community!","avatar_identity|progress_feedback|community_social","avatar_identity","community_social","no_pricing_signal","Roblox","200","ok","homepage","avatar_identity|progress_feedback|community_social","no_clean_public_monetization_signal","","public_company_or_product_page","Roblox Roblox is the ultimate virtual universe that lets you create, share experiences with friends, and be anything you can imagine. Join millions of people and discover an infinite variety of immersive experiences created by a global community!","2026-05-31T03:15:55.900Z","medium","ok"
"CP_0018","Roblox","Roblox Corporation","public_web","company_positioning_page","Company/public web positioning","https://www.roblox.com/","http://www.roblox.com","https://www.roblox.com/","roblox.com","gaming","homepage","known_domain_homepage","18","homepage","","","no_clean_public_monetization_signal","yes","","Roblox Roblox Roblox is the ultimate virtual universe that lets you create, share experiences with friends, and be anything you can imagine. Join millions of people and discover an infinite variety of immersive experiences created by a global community!","avatar_identity|progress_feedback|community_social","avatar_identity","community_social","no_pricing_signal","Roblox","200","ok","homepage","avatar_identity|progress_feedback|community_social","no_clean_public_monetization_signal","","public_company_or_product_page","Roblox Roblox is the ultimate virtual universe that lets you create, share experiences with friends, and be anything you can imagine. Join millions of people and discover an infinite variety of immersive experiences created by a global community!","2026-05-31T03:15:56.398Z","medium","ok"
"CP_0019","Roblox","Roblox Corporation","public_web","company_positioning_page","Company/public web positioning","https://www.roblox.com/pricing","http://www.roblox.com/pricing","https://www.roblox.com/pricing","roblox.com","gaming","pricing_or_plan_page","known_domain_pricing_or_plan_page","19","pricing_or_plan_page","","","no_clean_public_monetization_signal","yes","","Roblox Roblox Roblox is a global platform that brings people together through play. Charts Marketplace Create Charts Marketplace Create Something went wrong 404|Page Not found Back Home Close","game_progression","","game_progression","no_pricing_signal","Roblox","404","error:http_404","pricing_or_plan_page","game_progression","no_clean_public_monetization_signal","","unreachable_or_not_found","Roblox Roblox is a global platform that brings people together through play. Charts Marketplace Create Charts Marketplace Create Something went wrong 404|Page Not found Back Home Close","2026-05-31T03:15:57.695Z","low","error:http_404"
"CP_0020","Roblox","Roblox Corporation","public_web","company_positioning_page","Company/public web positioning","https://www.roblox.com/plans","http://www.roblox.com/plans","https://www.roblox.com/plans","roblox.com","gaming","pricing_or_plan_page","known_domain_pricing_or_plan_page","20","pricing_or_plan_page","","","no_clean_public_monetization_signal","yes","","Roblox Roblox Roblox is a global platform that brings people together through play. Charts Marketplace Create Charts Marketplace Create Something went wrong 404|Page Not found Back Home Close","game_progression","","game_progression","no_pricing_signal","Roblox","404","error:http_404","pricing_or_plan_page","game_progression","no_clean_public_monetization_signal","","unreachable_or_not_found","Roblox Roblox is a global platform that brings people together through play. Charts Marketplace Create Charts Marketplace Create Something went wrong 404|Page Not found Back Home Close","2026-05-31T03:15:58.359Z","low","error:http_404"
"CP_0021","Roblox","Roblox Corporation","public_web","company_positioning_page","Company/public web positioning","https://www.roblox.com/premium","http://www.roblox.com/premium","https://www.roblox.com/premium","roblox.com","gaming","pricing_or_plan_page","known_domain_pricing_or_plan_page","21","pricing_or_plan_page","","","no_clean_public_monetization_signal","yes","","Roblox Roblox Roblox is a global platform that brings people together through play. Charts Marketplace Create Charts Marketplace Create Something went wrong 404|Page Not found Back Home Close","game_progression","","game_progression","no_pricing_signal","Roblox","404","error:http_404","pricing_or_plan_page","game_progression","no_clean_public_monetization_signal","","unreachable_or_not_found","Roblox Roblox is a global platform that brings people together through play. Charts Marketplace Create Charts Marketplace Create Something went wrong 404|Page Not found Back Home Close","2026-05-31T03:15:58.981Z","low","error:http_404"
"CP_0022","Roblox","Roblox Corporation","public_web","company_positioning_page","Company/public web positioning","https://www.roblox.com/subscribe","http://www.roblox.com/subscribe","https://www.roblox.com/subscribe","roblox.com","gaming","pricing_or_plan_page","known_domain_pricing_or_plan_page","22","pricing_or_plan_page","","","no_clean_public_monetization_signal","yes","","Roblox Roblox Roblox is a global platform that brings people together through play. Charts Marketplace Create Charts Marketplace Create Something went wrong 404|Page Not found Back Home Close","game_progression","","game_progression","no_pricing_signal","Roblox","404","error:http_404","pricing_or_plan_page","game_progression","no_clean_public_monetization_signal","","unreachable_or_not_found","Roblox Roblox is a global platform that brings people together through play. Charts Marketplace Create Charts Marketplace Create Something went wrong 404|Page Not found Back Home Close","2026-05-31T03:15:59.625Z","low","error:http_404"
"CP_0023","Roblox","Roblox Corporation","public_web","company_positioning_page","Company/public web positioning","https://www.roblox.com/subscription","http://www.roblox.com/subscription","https://www.roblox.com/subscription","roblox.com","gaming","pricing_or_plan_page","known_domain_pricing_or_plan_page","23","pricing_or_plan_page","","","no_clean_public_monetization_signal","yes","","Roblox Roblox Roblox is a global platform that brings people together through play. Charts Marketplace Create Charts Marketplace Create Something went wrong 404|Page Not found Back Home Close","game_progression","","game_progression","no_pricing_signal","Roblox","404","error:http_404","pricing_or_plan_page","game_progression","no_clean_public_monetization_signal","","unreachable_or_not_found","Roblox Roblox is a global platform that brings people together through play. Charts Marketplace Create Charts Marketplace Create Something went wrong 404|Page Not found Back Home Close","2026-05-31T03:16:00.201Z","low","error:http_404"
"CP_0024","Roblox","Roblox Corporation","public_web","company_positioning_page","Company/public web positioning","https://www.roblox.com/upgrade","http://www.roblox.com/upgrade","https://www.roblox.com/upgrade","roblox.com","gaming","pricing_or_plan_page","known_domain_pricing_or_plan_page","24","pricing_or_plan_page","","","no_clean_public_monetization_signal","yes","","Roblox Roblox Roblox is a global platform that brings people together through play. Charts Marketplace Create Charts Marketplace Create Something went wrong 404|Page Not found Back Home Close","game_progression","","game_progression","no_pricing_signal","Roblox","404","error:http_404","pricing_or_plan_page","game_progression","no_clean_public_monetization_signal","","unreachable_or_not_found","Roblox Roblox is a global platform that brings people together through play. Charts Marketplace Create Charts Marketplace Create Something went wrong 404|Page Not found Back Home Close","2026-05-31T03:16:00.982Z","low","error:http_404"
"CP_0025","Lords Mobile: Kingdom Wars","IGG.COM","public_web","company_positioning_page","Company/public web positioning","https://www.igg.com/","https://igg.com/","https://www.igg.com/","igg.com","gaming","homepage","known_domain_homepage","25","homepage","","","no_clean_public_monetization_signal","yes","","GAMERS AT HEART - Global Free Online Games Portal GAMERS AT HEART - Global Free Online Games Portal Your portal to IGG's games. Sign In | Register | Logout HOME| GAMES| Mobile Games PC Games PAY| STORE| CAREERS| SUPPORT| CHARITY| IGG's hottest MMO War Strategy RPG! PLAY Become the strongest Commander, lead the survivors, and rebuild civilization! PLAY Race against other players to explore, build, and conquer Midgard! PLAY Beyond Just Surviving the Cold PLAY Realistic 3D dress-up game! Dress up and choose your destiny! PLAY Now with even more ex","progress_feedback|game_progression","","game_progression","paywall_language","GAMERS AT HEART - Global Free Online Games Portal","200","ok","homepage","progress_feedback|game_progression","no_clean_public_monetization_signal","","public_company_or_product_page","GAMERS AT HEART - Global Free Online Games Portal Your portal to IGG's games. Sign In | Register | Logout HOME| GAMES| Mobile Games PC Games PAY| STORE| CAREERS| SUPPORT| CHARITY| IGG's hottest MMO War Strategy RPG! PLAY Become the strongest Commander, lead the survivors, and rebuild civilization! PLAY Race against other players to explore, build, and conquer Midgard! PLAY Beyond Just Surviving the Cold PLAY Realistic 3D dress-up game! Dress up and choose your destiny! PLAY Now with even more ex","2026-05-31T03:16:02.039Z","medium","ok"
"CP_0026","Lords Mobile: Kingdom Wars","IGG.COM","public_web","company_positioning_page","Company/public web positioning","https://www.igg.com/","https://igg.com","https://www.igg.com/","igg.com","gaming","homepage","known_domain_homepage","26","homepage","","","no_clean_public_monetization_signal","yes","","GAMERS AT HEART - Global Free Online Games Portal GAMERS AT HEART - Global Free Online Games Portal Your portal to IGG's games. Sign In | Register | Logout HOME| GAMES| Mobile Games PC Games PAY| STORE| CAREERS| SUPPORT| CHARITY| IGG's hottest MMO War Strategy RPG! PLAY Become the strongest Commander, lead the survivors, and rebuild civilization! PLAY Race against other players to explore, build, and conquer Midgard! PLAY Beyond Just Surviving the Cold PLAY Realistic 3D dress-up game! Dress up and choose your destiny! PLAY Now with even more ex","progress_feedback|game_progression","","game_progression","paywall_language","GAMERS AT HEART - Global Free Online Games Portal","200","ok","homepage","progress_feedback|game_progression","no_clean_public_monetization_signal","","public_company_or_product_page","GAMERS AT HEART - Global Free Online Games Portal Your portal to IGG's games. Sign In | Register | Logout HOME| GAMES| Mobile Games PC Games PAY| STORE| CAREERS| SUPPORT| CHARITY| IGG's hottest MMO War Strategy RPG! PLAY Become the strongest Commander, lead the survivors, and rebuild civilization! PLAY Race against other players to explore, build, and conquer Midgard! PLAY Beyond Just Surviving the Cold PLAY Realistic 3D dress-up game! Dress up and choose your destiny! PLAY Now with even more ex","2026-05-31T03:16:02.476Z","medium","ok"
"CP_0027","Lords Mobile: Kingdom Wars","IGG.COM","public_web","company_positioning_page","Company/public web positioning","https://www.igg.com/pricing","https://igg.com/pricing","https://www.igg.com/pricing","igg.com","gaming","pricing_or_plan_page","known_domain_pricing_or_plan_page","27","pricing_or_plan_page","","","subscription_or_premium_language","yes","yes_or_language_present","IGG - Error 404: Page not found IGG - Error 404: Page not found www.igg.com Sorry, Page not found You may have typed the web address incorrectly. Please check the address and spelling ensuring that it does not contain capital letters or spaces. It is possible that the page you were looking for may have been moved, updated or deleted. Return to igg.com Home Page. If you still encounter problems then please Contact us.","unclassified_public_positioning","","","no_pricing_signal","IGG - Error 404: Page not found","404","error:http_404","pricing_or_plan_page","unclassified_public_positioning","subscription_or_premium_language","","unreachable_or_not_found","IGG - Error 404: Page not found www.igg.com Sorry, Page not found You may have typed the web address incorrectly. Please check the address and spelling ensuring that it does not contain capital letters or spaces. It is possible that the page you were looking for may have been moved, updated or deleted. Return to igg.com Home Page. If you still encounter problems then please Contact us.","2026-05-31T03:16:02.810Z","low","error:http_404"
"CP_0028","Lords Mobile: Kingdom Wars","IGG.COM","public_web","company_positioning_page","Company/public web positioning","https://www.igg.com/plans","https://igg.com/plans","https://www.igg.com/plans","igg.com","gaming","pricing_or_plan_page","known_domain_pricing_or_plan_page","28","pricing_or_plan_page","","","subscription_or_premium_language","yes","yes_or_language_present","IGG - Error 404: Page not found IGG - Error 404: Page not found www.igg.com Sorry, Page not found You may have typed the web address incorrectly. Please check the address and spelling ensuring that it does not contain capital letters or spaces. It is possible that the page you were looking for may have been moved, updated or deleted. Return to igg.com Home Page. If you still encounter problems then please Contact us.","unclassified_public_positioning","","","no_pricing_signal","IGG - Error 404: Page not found","404","error:http_404","pricing_or_plan_page","unclassified_public_positioning","subscription_or_premium_language","","unreachable_or_not_found","IGG - Error 404: Page not found www.igg.com Sorry, Page not found You may have typed the web address incorrectly. Please check the address and spelling ensuring that it does not contain capital letters or spaces. It is possible that the page you were looking for may have been moved, updated or deleted. Return to igg.com Home Page. If you still encounter problems then please Contact us.","2026-05-31T03:16:03.145Z","low","error:http_404"
"CP_0029","Lords Mobile: Kingdom Wars","IGG.COM","public_web","company_positioning_page","Company/public web positioning","https://www.igg.com/premium","https://igg.com/premium","https://www.igg.com/premium","igg.com","gaming","pricing_or_plan_page","known_domain_pricing_or_plan_page","29","pricing_or_plan_page","","","subscription_or_premium_language","yes","yes_or_language_present","IGG - Error 404: Page not found IGG - Error 404: Page not found www.igg.com Sorry, Page not found You may have typed the web address incorrectly. Please check the address and spelling ensuring that it does not contain capital letters or spaces. It is possible that the page you were looking for may have been moved, updated or deleted. Return to igg.com Home Page. If you still encounter problems then please Contact us.","unclassified_public_positioning","","","no_pricing_signal","IGG - Error 404: Page not found","404","error:http_404","pricing_or_plan_page","unclassified_public_positioning","subscription_or_premium_language","","unreachable_or_not_found","IGG - Error 404: Page not found www.igg.com Sorry, Page not found You may have typed the web address incorrectly. Please check the address and spelling ensuring that it does not contain capital letters or spaces. It is possible that the page you were looking for may have been moved, updated or deleted. Return to igg.com Home Page. If you still encounter problems then please Contact us.","2026-05-31T03:16:03.478Z","low","error:http_404"
"CP_0030","Lords Mobile: Kingdom Wars","IGG.COM","public_web","company_positioning_page","Company/public web positioning","https://www.igg.com/subscribe","https://igg.com/subscribe","https://www.igg.com/subscribe","igg.com","gaming","pricing_or_plan_page","known_domain_pricing_or_plan_page","30","pricing_or_plan_page","","","subscription_or_premium_language","yes","yes_or_language_present","IGG - Error 404: Page not found IGG - Error 404: Page not found www.igg.com Sorry, Page not found You may have typed the web address incorrectly. Please check the address and spelling ensuring that it does not contain capital letters or spaces. It is possible that the page you were looking for may have been moved, updated or deleted. Return to igg.com Home Page. If you still encounter problems then please Contact us.","unclassified_public_positioning","","","no_pricing_signal","IGG - Error 404: Page not found","404","error:http_404","pricing_or_plan_page","unclassified_public_positioning","subscription_or_premium_language","","unreachable_or_not_found","IGG - Error 404: Page not found www.igg.com Sorry, Page not found You may have typed the web address incorrectly. Please check the address and spelling ensuring that it does not contain capital letters or spaces. It is possible that the page you were looking for may have been moved, updated or deleted. Return to igg.com Home Page. If you still encounter problems then please Contact us.","2026-05-31T03:16:03.811Z","low","error:http_404"
"CP_0031","Lords Mobile: Kingdom Wars","IGG.COM","public_web","company_positioning_page","Company/public web positioning","https://www.igg.com/subscription","https://igg.com/subscription","https://www.igg.com/subscription","igg.com","gaming","pricing_or_plan_page","known_domain_pricing_or_plan_page","31","pricing_or_plan_page","","","subscription_or_premium_language","yes","yes_or_language_present","IGG - Error 404: Page not found IGG - Error 404: Page not found www.igg.com Sorry, Page not found You may have typed the web address incorrectly. Please check the address and spelling ensuring that it does not contain capital letters or spaces. It is possible that the page you were looking for may have been moved, updated or deleted. Return to igg.com Home Page. If you still encounter problems then please Contact us.","unclassified_public_positioning","","","no_pricing_signal","IGG - Error 404: Page not found","404","error:http_404","pricing_or_plan_page","unclassified_public_positioning","subscription_or_premium_language","","unreachable_or_not_found","IGG - Error 404: Page not found www.igg.com Sorry, Page not found You may have typed the web address incorrectly. Please check the address and spelling ensuring that it does not contain capital letters or spaces. It is possible that the page you were looking for may have been moved, updated or deleted. Return to igg.com Home Page. If you still encounter problems then please Contact us.","2026-05-31T03:16:04.145Z","low","error:http_404"
"CP_0032","Lords Mobile: Kingdom Wars","IGG.COM","public_web","company_positioning_page","Company/public web positioning","https://www.igg.com/upgrade","https://igg.com/upgrade","https://www.igg.com/upgrade","igg.com","gaming","pricing_or_plan_page","known_domain_pricing_or_plan_page","32","pricing_or_plan_page","","","subscription_or_premium_language","yes","yes_or_language_present","IGG - Error 404: Page not found IGG - Error 404: Page not found www.igg.com Sorry, Page not found You may have typed the web address incorrectly. Please check the address and spelling ensuring that it does not contain capital letters or spaces. It is possible that the page you were looking for may have been moved, updated or deleted. Return to igg.com Home Page. If you still encounter problems then please Contact us.","unclassified_public_positioning","","","no_pricing_signal","IGG - Error 404: Page not found","404","error:http_404","pricing_or_plan_page","unclassified_public_positioning","subscription_or_premium_language","","unreachable_or_not_found","IGG - Error 404: Page not found www.igg.com Sorry, Page not found You may have typed the web address incorrectly. Please check the address and spelling ensuring that it does not contain capital letters or spaces. It is possible that the page you were looking for may have been moved, updated or deleted. Return to igg.com Home Page. If you still encounter problems then please Contact us.","2026-05-31T03:16:04.480Z","low","error:http_404"
"CP_0033","Among Us","Innersloth LLC","public_web","company_positioning_page","Company/public web positioning","https://www.innersloth.com/","https://www.innersloth.com/","https://www.innersloth.com/","innersloth.com","gaming","homepage","known_domain_homepage","33","homepage","","","no_clean_public_monetization_signal","yes","","Home | Innersloth - Creators of Among Us and The Henry Stickmin Collection! Home | Innersloth - Creators of Among Us and The Henry Stickmin Collection! An indie game company currently working on Among Us and The Henry Stickmin Collection GamesAmong UsAmong Us VRHenry StickminDig2ChinaMoreAmong Us ShowOuterslothNewsAboutInside InnerslothSupport & FAQContact UsPress KitMerch Mobile Update v17.3.1 Out Now! 📱Read More Latest NewsMore News Among Us Patch Notes dev log April 8, 2026 Mobile Update – v17.3.1 Among Us dev log April 1, 2026 Nostalgia Mode arrives for April Fool’","game_progression","","game_progression","no_pricing_signal","Home | Innersloth - Creators of Among Us and The Henry Stickmin Collection!","200","ok","homepage","game_progression","no_clean_public_monetization_signal","","public_company_or_product_page","Home | Innersloth - Creators of Among Us and The Henry Stickmin Collection! An indie game company currently working on Among Us and The Henry Stickmin Collection GamesAmong UsAmong Us VRHenry StickminDig2ChinaMoreAmong Us ShowOuterslothNewsAboutInside InnerslothSupport & FAQContact UsPress KitMerch Mobile Update v17.3.1 Out Now! 📱Read More Latest NewsMore News Among Us Patch Notes dev log April 8, 2026 Mobile Update – v17.3.1 Among Us dev log April 1, 2026 Nostalgia Mode arrives for April Fool’","2026-05-31T03:16:06.344Z","medium","ok"
"CP_0034","Among Us","Innersloth LLC","public_web","company_positioning_page","Company/public web positioning","https://www.innersloth.com/","https://www.innersloth.com","https://www.innersloth.com/","innersloth.com","gaming","homepage","known_domain_homepage","34","homepage","","","no_clean_public_monetization_signal","yes","","Home | Innersloth - Creators of Among Us and The Henry Stickmin Collection! Home | Innersloth - Creators of Among Us and The Henry Stickmin Collection! An indie game company currently working on Among Us and The Henry Stickmin Collection GamesAmong UsAmong Us VRHenry StickminDig2ChinaMoreAmong Us ShowOuterslothNewsAboutInside InnerslothSupport & FAQContact UsPress KitMerch Mobile Update v17.3.1 Out Now! 📱Read More Latest NewsMore News Among Us Patch Notes dev log April 8, 2026 Mobile Update – v17.3.1 Among Us dev log April 1, 2026 Nostalgia Mode arrives for April Fool’","game_progression","","game_progression","no_pricing_signal","Home | Innersloth - Creators of Among Us and The Henry Stickmin Collection!","200","ok","homepage","game_progression","no_clean_public_monetization_signal","","public_company_or_product_page","Home | Innersloth - Creators of Among Us and The Henry Stickmin Collection! An indie game company currently working on Among Us and The Henry Stickmin Collection GamesAmong UsAmong Us VRHenry StickminDig2ChinaMoreAmong Us ShowOuterslothNewsAboutInside InnerslothSupport & FAQContact UsPress KitMerch Mobile Update v17.3.1 Out Now! 📱Read More Latest NewsMore News Among Us Patch Notes dev log April 8, 2026 Mobile Update – v17.3.1 Among Us dev log April 1, 2026 Nostalgia Mode arrives for April Fool’","2026-05-31T03:16:06.745Z","medium","ok"
"CP_0035","Among Us","Innersloth LLC","public_web","company_positioning_page","Company/public web positioning","https://www.innersloth.com/pricing","https://www.innersloth.com/pricing","https://www.innersloth.com/pricing","innersloth.com","gaming","pricing_or_plan_page","known_domain_pricing_or_plan_page","35","pricing_or_plan_page","","","no_clean_public_monetization_signal","yes","","Page Not Found | Innersloth - Creators of Among Us and The Henry Stickmin Collection! Page Not Found | Innersloth - Creators of Among Us and The Henry Stickmin Collection! GamesAmong UsAmong Us VRHenry StickminDig2ChinaMoreAmong Us ShowOuterslothNewsAboutInside InnerslothSupport & FAQContact UsPress KitMerch Error 404 - Page not found!The page you trying to reach does not exist, or has been moved. Please use the menus or the search box to find what you are looking for. Have a question about Innersloth, merch, or fan art?See FAQs Be the first one to know when we launch new stuff.E","habit_action_loop|game_progression","","game_progression","no_pricing_signal","Page Not Found | Innersloth - Creators of Among Us and The Henry Stickmin Collection!","404","error:http_404","pricing_or_plan_page","habit_action_loop|game_progression","no_clean_public_monetization_signal","","unreachable_or_not_found","Page Not Found | Innersloth - Creators of Among Us and The Henry Stickmin Collection! GamesAmong UsAmong Us VRHenry StickminDig2ChinaMoreAmong Us ShowOuterslothNewsAboutInside InnerslothSupport & FAQContact UsPress KitMerch Error 404 - Page not found!The page you trying to reach does not exist, or has been moved. Please use the menus or the search box to find what you are looking for. Have a question about Innersloth, merch, or fan art?See FAQs Be the first one to know when we launch new stuff.E","2026-05-31T03:16:07.143Z","low","error:http_404"
"CP_0036","Among Us","Innersloth LLC","public_web","company_positioning_page","Company/public web positioning","https://www.innersloth.com/plans","https://www.innersloth.com/plans","https://www.innersloth.com/plans","innersloth.com","gaming","pricing_or_plan_page","known_domain_pricing_or_plan_page","36","pricing_or_plan_page","","","no_clean_public_monetization_signal","yes","","Page Not Found | Innersloth - Creators of Among Us and The Henry Stickmin Collection! Page Not Found | Innersloth - Creators of Among Us and The Henry Stickmin Collection! GamesAmong UsAmong Us VRHenry StickminDig2ChinaMoreAmong Us ShowOuterslothNewsAboutInside InnerslothSupport & FAQContact UsPress KitMerch Error 404 - Page not found!The page you trying to reach does not exist, or has been moved. Please use the menus or the search box to find what you are looking for. Have a question about Innersloth, merch, or fan art?See FAQs Be the first one to know when we launch new stuff.E","habit_action_loop|game_progression","","game_progression","no_pricing_signal","Page Not Found | Innersloth - Creators of Among Us and The Henry Stickmin Collection!","404","error:http_404","pricing_or_plan_page","habit_action_loop|game_progression","no_clean_public_monetization_signal","","unreachable_or_not_found","Page Not Found | Innersloth - Creators of Among Us and The Henry Stickmin Collection! GamesAmong UsAmong Us VRHenry StickminDig2ChinaMoreAmong Us ShowOuterslothNewsAboutInside InnerslothSupport & FAQContact UsPress KitMerch Error 404 - Page not found!The page you trying to reach does not exist, or has been moved. Please use the menus or the search box to find what you are looking for. Have a question about Innersloth, merch, or fan art?See FAQs Be the first one to know when we launch new stuff.E","2026-05-31T03:16:07.548Z","low","error:http_404"
"CP_0037","Among Us","Innersloth LLC","public_web","company_positioning_page","Company/public web positioning","https://www.innersloth.com/premium","https://www.innersloth.com/premium","https://www.innersloth.com/premium","innersloth.com","gaming","pricing_or_plan_page","known_domain_pricing_or_plan_page","37","pricing_or_plan_page","","","no_clean_public_monetization_signal","yes","","Page Not Found | Innersloth - Creators of Among Us and The Henry Stickmin Collection! Page Not Found | Innersloth - Creators of Among Us and The Henry Stickmin Collection! GamesAmong UsAmong Us VRHenry StickminDig2ChinaMoreAmong Us ShowOuterslothNewsAboutInside InnerslothSupport & FAQContact UsPress KitMerch Error 404 - Page not found!The page you trying to reach does not exist, or has been moved. Please use the menus or the search box to find what you are looking for. Have a question about Innersloth, merch, or fan art?See FAQs Be the first one to know when we launch new stuff.E","habit_action_loop|game_progression","","game_progression","no_pricing_signal","Page Not Found | Innersloth - Creators of Among Us and The Henry Stickmin Collection!","404","error:http_404","pricing_or_plan_page","habit_action_loop|game_progression","no_clean_public_monetization_signal","","unreachable_or_not_found","Page Not Found | Innersloth - Creators of Among Us and The Henry Stickmin Collection! GamesAmong UsAmong Us VRHenry StickminDig2ChinaMoreAmong Us ShowOuterslothNewsAboutInside InnerslothSupport & FAQContact UsPress KitMerch Error 404 - Page not found!The page you trying to reach does not exist, or has been moved. Please use the menus or the search box to find what you are looking for. Have a question about Innersloth, merch, or fan art?See FAQs Be the first one to know when we launch new stuff.E","2026-05-31T03:16:08.047Z","low","error:http_404"
"CP_0038","Among Us","Innersloth LLC","public_web","company_positioning_page","Company/public web positioning","https://www.innersloth.com/subscribe","https://www.innersloth.com/subscribe","https://www.innersloth.com/subscribe","innersloth.com","gaming","pricing_or_plan_page","known_domain_pricing_or_plan_page","38","pricing_or_plan_page","","","no_clean_public_monetization_signal","yes","","Page Not Found | Innersloth - Creators of Among Us and The Henry Stickmin Collection! Page Not Found | Innersloth - Creators of Among Us and The Henry Stickmin Collection! GamesAmong UsAmong Us VRHenry StickminDig2ChinaMoreAmong Us ShowOuterslothNewsAboutInside InnerslothSupport & FAQContact UsPress KitMerch Error 404 - Page not found!The page you trying to reach does not exist, or has been moved. Please use the menus or the search box to find what you are looking for. Have a question about Innersloth, merch, or fan art?See FAQs Be the first one to know when we launch new stuff.E","habit_action_loop|game_progression","","game_progression","no_pricing_signal","Page Not Found | Innersloth - Creators of Among Us and The Henry Stickmin Collection!","404","error:http_404","pricing_or_plan_page","habit_action_loop|game_progression","no_clean_public_monetization_signal","","unreachable_or_not_found","Page Not Found | Innersloth - Creators of Among Us and The Henry Stickmin Collection! GamesAmong UsAmong Us VRHenry StickminDig2ChinaMoreAmong Us ShowOuterslothNewsAboutInside InnerslothSupport & FAQContact UsPress KitMerch Error 404 - Page not found!The page you trying to reach does not exist, or has been moved. Please use the menus or the search box to find what you are looking for. Have a question about Innersloth, merch, or fan art?See FAQs Be the first one to know when we launch new stuff.E","2026-05-31T03:16:08.444Z","low","error:http_404"
"CP_0039","Among Us","Innersloth LLC","public_web","company_positioning_page","Company/public web positioning","https://www.innersloth.com/subscription","https://www.innersloth.com/subscription","https://www.innersloth.com/subscription","innersloth.com","gaming","pricing_or_plan_page","known_domain_pricing_or_plan_page","39","pricing_or_plan_page","","","no_clean_public_monetization_signal","yes","","Page Not Found | Innersloth - Creators of Among Us and The Henry Stickmin Collection! Page Not Found | Innersloth - Creators of Among Us and The Henry Stickmin Collection! GamesAmong UsAmong Us VRHenry StickminDig2ChinaMoreAmong Us ShowOuterslothNewsAboutInside InnerslothSupport & FAQContact UsPress KitMerch Error 404 - Page not found!The page you trying to reach does not exist, or has been moved. Please use the menus or the search box to find what you are looking for. Have a question about Innersloth, merch, or fan art?See FAQs Be the first one to know when we launch new stuff.E","habit_action_loop|game_progression","","game_progression","no_pricing_signal","Page Not Found | Innersloth - Creators of Among Us and The Henry Stickmin Collection!","404","error:http_404","pricing_or_plan_page","habit_action_loop|game_progression","no_clean_public_monetization_signal","","unreachable_or_not_found","Page Not Found | Innersloth - Creators of Among Us and The Henry Stickmin Collection! GamesAmong UsAmong Us VRHenry StickminDig2ChinaMoreAmong Us ShowOuterslothNewsAboutInside InnerslothSupport & FAQContact UsPress KitMerch Error 404 - Page not found!The page you trying to reach does not exist, or has been moved. Please use the menus or the search box to find what you are looking for. Have a question about Innersloth, merch, or fan art?See FAQs Be the first one to know when we launch new stuff.E","2026-05-31T03:16:08.868Z","low","error:http_404"
"CP_0040","Among Us","Innersloth LLC","public_web","company_positioning_page","Company/public web positioning","https://www.innersloth.com/upgrade","https://www.innersloth.com/upgrade","https://www.innersloth.com/upgrade","innersloth.com","gaming","pricing_or_plan_page","known_domain_pricing_or_plan_page","40","pricing_or_plan_page","","","no_clean_public_monetization_signal","yes","","Page Not Found | Innersloth - Creators of Among Us and The Henry Stickmin Collection! Page Not Found | Innersloth - Creators of Among Us and The Henry Stickmin Collection! GamesAmong UsAmong Us VRHenry StickminDig2ChinaMoreAmong Us ShowOuterslothNewsAboutInside InnerslothSupport & FAQContact UsPress KitMerch Error 404 - Page not found!The page you trying to reach does not exist, or has been moved. Please use the menus or the search box to find what you are looking for. Have a question about Innersloth, merch, or fan art?See FAQs Be the first one to know when we launch new stuff.E","habit_action_loop|game_progression","","game_progression","no_pricing_signal","Page Not Found | Innersloth - Creators of Among Us and The Henry Stickmin Collection!","404","error:http_404","pricing_or_plan_page","habit_action_loop|game_progression","no_clean_public_monetization_signal","","unreachable_or_not_found","Page Not Found | Innersloth - Creators of Among Us and The Henry Stickmin Collection! GamesAmong UsAmong Us VRHenry StickminDig2ChinaMoreAmong Us ShowOuterslothNewsAboutInside InnerslothSupport & FAQContact UsPress KitMerch Error 404 - Page not found!The page you trying to reach does not exist, or has been moved. Please use the menus or the search box to find what you are looking for. Have a question about Innersloth, merch, or fan art?See FAQs Be the first one to know when we launch new stuff.E","2026-05-31T03:16:09.271Z","low","error:http_404"
"CP_0041","Clash of Clans","Supercell","public_web","company_positioning_page","Company/public web positioning","https://support.supercell.com/clash-of-clans/en/","https://help.supercellsupport.com/clash-of-clans/en","https://support.supercell.com/clash-of-clans/en/","support.supercell.com","gaming","other_public_page","known_domain_other_public_page","41","other_public_page","","","no_clean_public_monetization_signal","yes","","Clash of Clans | Supercell Support Portal Clash of Clans | Supercell Support Portal We try to answer common questions with our FAQs, so please take a moment to browse these helpful articles. The easiest way is to search by keyword, or browse by category.","habit_action_loop","","","no_pricing_signal","Clash of Clans | Supercell Support Portal","200","ok","other_public_page","habit_action_loop","no_clean_public_monetization_signal","","public_company_or_product_page","Clash of Clans | Supercell Support Portal We try to answer common questions with our FAQs, so please take a moment to browse these helpful articles. The easiest way is to search by keyword, or browse by category.","2026-05-31T03:16:09.919Z","medium","ok"
"CP_0042","Clash of Clans","Supercell","public_web","company_positioning_page","Company/public web positioning","https://support.supercell.com/en/index.html","https://help.supercellsupport.com","https://support.supercell.com/en/index.html","support.supercell.com","gaming","other_public_page","known_domain_other_public_page","42","other_public_page","","","no_clean_public_monetization_signal","yes","","Supercell Support Portal Supercell Support Portal We try to answer common questions with our FAQs, so please take a moment to browse these helpful articles. The easiest way is to search by keyword, or browse by category.","habit_action_loop","","","no_pricing_signal","Supercell Support Portal","200","ok","other_public_page","habit_action_loop","no_clean_public_monetization_signal","","public_company_or_product_page","Supercell Support Portal We try to answer common questions with our FAQs, so please take a moment to browse these helpful articles. The easiest way is to search by keyword, or browse by category.","2026-05-31T03:16:10.585Z","medium","ok"
"CP_0043","Clash of Clans","Supercell","public_web","company_positioning_page","Company/public web positioning","https://support.supercell.com/en/index.html","https://help.supercellsupport.com/pricing","https://support.supercell.com/en/index.html","support.supercell.com","gaming","other_public_page","known_domain_other_public_page","43","other_public_page","","","visible_price_or_pricing_language","yes","","Supercell Support Portal Supercell Support Portal We try to answer common questions with our FAQs, so please take a moment to browse these helpful articles. The easiest way is to search by keyword, or browse by category.","habit_action_loop","","","pricing_page","Supercell Support Portal","200","ok","other_public_page","habit_action_loop","visible_price_or_pricing_language","","public_company_or_product_page","Supercell Support Portal We try to answer common questions with our FAQs, so please take a moment to browse these helpful articles. The easiest way is to search by keyword, or browse by category.","2026-05-31T03:16:11.003Z","medium_high","ok"
"CP_0044","Clash of Clans","Supercell","public_web","company_positioning_page","Company/public web positioning","https://support.supercell.com/en/index.html","https://help.supercellsupport.com/plans","https://support.supercell.com/en/index.html","support.supercell.com","gaming","other_public_page","known_domain_other_public_page","44","other_public_page","","","visible_price_or_pricing_language","yes","","Supercell Support Portal Supercell Support Portal We try to answer common questions with our FAQs, so please take a moment to browse these helpful articles. The easiest way is to search by keyword, or browse by category.","habit_action_loop","","","pricing_page","Supercell Support Portal","200","ok","other_public_page","habit_action_loop","visible_price_or_pricing_language","","public_company_or_product_page","Supercell Support Portal We try to answer common questions with our FAQs, so please take a moment to browse these helpful articles. The easiest way is to search by keyword, or browse by category.","2026-05-31T03:16:11.733Z","medium_high","ok"
"CP_0045","Clash of Clans","Supercell","public_web","company_positioning_page","Company/public web positioning","https://support.supercell.com/en/index.html","https://help.supercellsupport.com/premium","https://support.supercell.com/en/index.html","support.supercell.com","gaming","other_public_page","known_domain_other_public_page","45","other_public_page","","","visible_price_or_pricing_language","yes","","Supercell Support Portal Supercell Support Portal We try to answer common questions with our FAQs, so please take a moment to browse these helpful articles. The easiest way is to search by keyword, or browse by category.","habit_action_loop","","","pricing_page","Supercell Support Portal","200","ok","other_public_page","habit_action_loop","visible_price_or_pricing_language","","public_company_or_product_page","Supercell Support Portal We try to answer common questions with our FAQs, so please take a moment to browse these helpful articles. The easiest way is to search by keyword, or browse by category.","2026-05-31T03:16:12.242Z","medium_high","ok"
"CP_0046","Clash of Clans","Supercell","public_web","company_positioning_page","Company/public web positioning","https://support.supercell.com/en/index.html","https://help.supercellsupport.com/subscribe","https://support.supercell.com/en/index.html","support.supercell.com","gaming","other_public_page","known_domain_other_public_page","46","other_public_page","","","visible_price_or_pricing_language","yes","","Supercell Support Portal Supercell Support Portal We try to answer common questions with our FAQs, so please take a moment to browse these helpful articles. The easiest way is to search by keyword, or browse by category.","habit_action_loop","","","pricing_page","Supercell Support Portal","200","ok","other_public_page","habit_action_loop","visible_price_or_pricing_language","","public_company_or_product_page","Supercell Support Portal We try to answer common questions with our FAQs, so please take a moment to browse these helpful articles. The easiest way is to search by keyword, or browse by category.","2026-05-31T03:16:12.753Z","medium_high","ok"
"CP_0047","Clash of Clans","Supercell","public_web","company_positioning_page","Company/public web positioning","https://support.supercell.com/en/index.html","https://help.supercellsupport.com/subscription","https://support.supercell.com/en/index.html","support.supercell.com","gaming","other_public_page","known_domain_other_public_page","47","other_public_page","","","visible_price_or_pricing_language","yes","","Supercell Support Portal Supercell Support Portal We try to answer common questions with our FAQs, so please take a moment to browse these helpful articles. The easiest way is to search by keyword, or browse by category.","habit_action_loop","","","pricing_page","Supercell Support Portal","200","ok","other_public_page","habit_action_loop","visible_price_or_pricing_language","","public_company_or_product_page","Supercell Support Portal We try to answer common questions with our FAQs, so please take a moment to browse these helpful articles. The easiest way is to search by keyword, or browse by category.","2026-05-31T03:16:13.267Z","medium_high","ok"
"CP_0048","Clash of Clans","Supercell","public_web","company_positioning_page","Company/public web positioning","https://support.supercell.com/en/index.html","https://help.supercellsupport.com/upgrade","https://support.supercell.com/en/index.html","support.supercell.com","gaming","other_public_page","known_domain_other_public_page","48","other_public_page","","","visible_price_or_pricing_language","yes","","Supercell Support Portal Supercell Support Portal We try to answer common questions with our FAQs, so please take a moment to browse these helpful articles. The easiest way is to search by keyword, or browse by category.","habit_action_loop","","","pricing_page","Supercell Support Portal","200","ok","other_public_page","habit_action_loop","visible_price_or_pricing_language","","public_company_or_product_page","Supercell Support Portal We try to answer common questions with our FAQs, so please take a moment to browse these helpful articles. The easiest way is to search by keyword, or browse by category.","2026-05-31T03:16:14.092Z","medium_high","ok"
"CP_0049","Carrom Pool: Disc Game","Miniclip.com","public_web","company_positioning_page","Company/public web positioning","https://www.miniclip.com/","https://www.miniclip.com/","https://www.miniclip.com/","miniclip.com","gaming","homepage","known_domain_homepage","49","homepage","","","no_clean_public_monetization_signal","yes","","Miniclip Miniclip Unleash the gamer in everyone Toggle Menu Publishing Our Story Games Web Games Careers Support My account Play our most popular games now! Play Now1234 We are Miniclip An international digital games and entertainment company. We develop, publish and distribute multiplayer mobile games. We reach over 400 million players each month, and our audience keeps growing. Know More Our purpose… “unleash the gamer in everyone” Know More What's New Lessmore joins Miniclip Innovative game concepts a","game_progression","","game_progression","no_pricing_signal","Miniclip","200","ok","homepage","game_progression","no_clean_public_monetization_signal","","public_company_or_product_page","Miniclip Unleash the gamer in everyone Toggle Menu Publishing Our Story Games Web Games Careers Support My account Play our most popular games now! Play Now1234 We are Miniclip An international digital games and entertainment company. We develop, publish and distribute multiplayer mobile games. We reach over 400 million players each month, and our audience keeps growing. Know More Our purpose… “unleash the gamer in everyone” Know More What's New Lessmore joins Miniclip Innovative game concepts a","2026-05-31T03:16:14.390Z","medium","ok"
"CP_0050","Carrom Pool: Disc Game","Miniclip.com","public_web","company_positioning_page","Company/public web positioning","https://www.miniclip.com/","https://www.miniclip.com","https://www.miniclip.com/","miniclip.com","gaming","homepage","known_domain_homepage","50","homepage","","","no_clean_public_monetization_signal","yes","","Miniclip Miniclip Unleash the gamer in everyone Toggle Menu Publishing Our Story Games Web Games Careers Support My account Play our most popular games now! Play Now1234 We are Miniclip An international digital games and entertainment company. We develop, publish and distribute multiplayer mobile games. We reach over 400 million players each month, and our audience keeps growing. Know More Our purpose… “unleash the gamer in everyone” Know More What's New Lessmore joins Miniclip Innovative game concepts a","game_progression","","game_progression","no_pricing_signal","Miniclip","200","ok","homepage","game_progression","no_clean_public_monetization_signal","","public_company_or_product_page","Miniclip Unleash the gamer in everyone Toggle Menu Publishing Our Story Games Web Games Careers Support My account Play our most popular games now! Play Now1234 We are Miniclip An international digital games and entertainment company. We develop, publish and distribute multiplayer mobile games. We reach over 400 million players each month, and our audience keeps growing. Know More Our purpose… “unleash the gamer in everyone” Know More What's New Lessmore joins Miniclip Innovative game concepts a","2026-05-31T03:16:14.547Z","medium","ok"
"CP_0051","Carrom Pool: Disc Game","Miniclip.com","public_web","company_positioning_page","Company/public web positioning","https://www.miniclip.com/pricing","https://www.miniclip.com/pricing","https://www.miniclip.com/pricing","miniclip.com","gaming","pricing_or_plan_page","known_domain_pricing_or_plan_page","51","pricing_or_plan_page","","","visible_price_or_pricing_language","yes","","Miniclip Miniclip Unleash the gamer in everyone Toggle Menu Publishing Our Story Games Web Games Careers Support My account Play our most popular games now! Play Now1234 We are Miniclip An international digital games and entertainment company. We develop, publish and distribute multiplayer mobile games. We reach over 400 million players each month, and our audience keeps growing. Know More Our purpose… “unleash the gamer in everyone” Know More What's New Lessmore joins Miniclip Innovative game concepts a","game_progression","","game_progression","pricing_page","Miniclip","200","ok","pricing_or_plan_page","game_progression","visible_price_or_pricing_language","","public_company_or_product_page","Miniclip Unleash the gamer in everyone Toggle Menu Publishing Our Story Games Web Games Careers Support My account Play our most popular games now! Play Now1234 We are Miniclip An international digital games and entertainment company. We develop, publish and distribute multiplayer mobile games. We reach over 400 million players each month, and our audience keeps growing. Know More Our purpose… “unleash the gamer in everyone” Know More What's New Lessmore joins Miniclip Innovative game concepts a","2026-05-31T03:16:16.143Z","medium_high","ok"
"CP_0052","Carrom Pool: Disc Game","Miniclip.com","public_web","company_positioning_page","Company/public web positioning","https://www.miniclip.com/plans","https://www.miniclip.com/plans","https://www.miniclip.com/plans","miniclip.com","gaming","pricing_or_plan_page","known_domain_pricing_or_plan_page","52","pricing_or_plan_page","","","visible_price_or_pricing_language","yes","","Miniclip Miniclip Unleash the gamer in everyone Toggle Menu Publishing Our Story Games Web Games Careers Support My account Play our most popular games now! Play Now1234 We are Miniclip An international digital games and entertainment company. We develop, publish and distribute multiplayer mobile games. We reach over 400 million players each month, and our audience keeps growing. Know More Our purpose… “unleash the gamer in everyone” Know More What's New Lessmore joins Miniclip Innovative game concepts a","game_progression","","game_progression","pricing_page","Miniclip","200","ok","pricing_or_plan_page","game_progression","visible_price_or_pricing_language","","public_company_or_product_page","Miniclip Unleash the gamer in everyone Toggle Menu Publishing Our Story Games Web Games Careers Support My account Play our most popular games now! Play Now1234 We are Miniclip An international digital games and entertainment company. We develop, publish and distribute multiplayer mobile games. We reach over 400 million players each month, and our audience keeps growing. Know More Our purpose… “unleash the gamer in everyone” Know More What's New Lessmore joins Miniclip Innovative game concepts a","2026-05-31T03:16:17.087Z","medium_high","ok"
"CP_0053","Carrom Pool: Disc Game","Miniclip.com","public_web","company_positioning_page","Company/public web positioning","https://www.miniclip.com/premium","https://www.miniclip.com/premium","https://www.miniclip.com/premium","miniclip.com","gaming","pricing_or_plan_page","known_domain_pricing_or_plan_page","53","pricing_or_plan_page","","","visible_price_or_pricing_language","yes","","Miniclip Miniclip Unleash the gamer in everyone Toggle Menu Publishing Our Story Games Web Games Careers Support My account Play our most popular games now! Play Now1234 We are Miniclip An international digital games and entertainment company. We develop, publish and distribute multiplayer mobile games. We reach over 400 million players each month, and our audience keeps growing. Know More Our purpose… “unleash the gamer in everyone” Know More What's New Lessmore joins Miniclip Innovative game concepts a","game_progression","","game_progression","pricing_page","Miniclip","200","ok","pricing_or_plan_page","game_progression","visible_price_or_pricing_language","","public_company_or_product_page","Miniclip Unleash the gamer in everyone Toggle Menu Publishing Our Story Games Web Games Careers Support My account Play our most popular games now! Play Now1234 We are Miniclip An international digital games and entertainment company. We develop, publish and distribute multiplayer mobile games. We reach over 400 million players each month, and our audience keeps growing. Know More Our purpose… “unleash the gamer in everyone” Know More What's New Lessmore joins Miniclip Innovative game concepts a","2026-05-31T03:16:17.883Z","medium_high","ok"
"CP_0054","Carrom Pool: Disc Game","Miniclip.com","public_web","company_positioning_page","Company/public web positioning","https://www.miniclip.com/subscribe","https://www.miniclip.com/subscribe","https://www.miniclip.com/subscribe","miniclip.com","gaming","pricing_or_plan_page","known_domain_pricing_or_plan_page","54","pricing_or_plan_page","","","visible_price_or_pricing_language","yes","","Miniclip Miniclip Unleash the gamer in everyone Toggle Menu Publishing Our Story Games Web Games Careers Support My account Play our most popular games now! Play Now1234 We are Miniclip An international digital games and entertainment company. We develop, publish and distribute multiplayer mobile games. We reach over 400 million players each month, and our audience keeps growing. Know More Our purpose… “unleash the gamer in everyone” Know More What's New Lessmore joins Miniclip Innovative game concepts a","game_progression","","game_progression","pricing_page","Miniclip","200","ok","pricing_or_plan_page","game_progression","visible_price_or_pricing_language","","public_company_or_product_page","Miniclip Unleash the gamer in everyone Toggle Menu Publishing Our Story Games Web Games Careers Support My account Play our most popular games now! Play Now1234 We are Miniclip An international digital games and entertainment company. We develop, publish and distribute multiplayer mobile games. We reach over 400 million players each month, and our audience keeps growing. Know More Our purpose… “unleash the gamer in everyone” Know More What's New Lessmore joins Miniclip Innovative game concepts a","2026-05-31T03:16:18.704Z","medium_high","ok"
"CP_0055","Carrom Pool: Disc Game","Miniclip.com","public_web","company_positioning_page","Company/public web positioning","https://www.miniclip.com/subscription","https://www.miniclip.com/subscription","https://www.miniclip.com/subscription","miniclip.com","gaming","pricing_or_plan_page","known_domain_pricing_or_plan_page","55","pricing_or_plan_page","","","visible_price_or_pricing_language","yes","","Miniclip Miniclip Unleash the gamer in everyone Toggle Menu Publishing Our Story Games Web Games Careers Support My account Play our most popular games now! Play Now1234 We are Miniclip An international digital games and entertainment company. We develop, publish and distribute multiplayer mobile games. We reach over 400 million players each month, and our audience keeps growing. Know More Our purpose… “unleash the gamer in everyone” Know More What's New Lessmore joins Miniclip Innovative game concepts a","game_progression","","game_progression","pricing_page","Miniclip","200","ok","pricing_or_plan_page","game_progression","visible_price_or_pricing_language","","public_company_or_product_page","Miniclip Unleash the gamer in everyone Toggle Menu Publishing Our Story Games Web Games Careers Support My account Play our most popular games now! Play Now1234 We are Miniclip An international digital games and entertainment company. We develop, publish and distribute multiplayer mobile games. We reach over 400 million players each month, and our audience keeps growing. Know More Our purpose… “unleash the gamer in everyone” Know More What's New Lessmore joins Miniclip Innovative game concepts a","2026-05-31T03:16:19.626Z","medium_high","ok"
"CP_0056","Carrom Pool: Disc Game","Miniclip.com","public_web","company_positioning_page","Company/public web positioning","https://www.miniclip.com/upgrade","https://www.miniclip.com/upgrade","https://www.miniclip.com/upgrade","miniclip.com","gaming","pricing_or_plan_page","known_domain_pricing_or_plan_page","56","pricing_or_plan_page","","","visible_price_or_pricing_language","yes","","Miniclip Miniclip Unleash the gamer in everyone Toggle Menu Publishing Our Story Games Web Games Careers Support My account Play our most popular games now! Play Now1234 We are Miniclip An international digital games and entertainment company. We develop, publish and distribute multiplayer mobile games. We reach over 400 million players each month, and our audience keeps growing. Know More Our purpose… “unleash the gamer in everyone” Know More What's New Lessmore joins Miniclip Innovative game concepts a","game_progression","","game_progression","pricing_page","Miniclip","200","ok","pricing_or_plan_page","game_progression","visible_price_or_pricing_language","","public_company_or_product_page","Miniclip Unleash the gamer in everyone Toggle Menu Publishing Our Story Games Web Games Careers Support My account Play our most popular games now! Play Now1234 We are Miniclip An international digital games and entertainment company. We develop, publish and distribute multiplayer mobile games. We reach over 400 million players each month, and our audience keeps growing. Know More Our purpose… “unleash the gamer in everyone” Know More What's New Lessmore joins Miniclip Innovative game concepts a","2026-05-31T03:16:20.443Z","medium_high","ok"
"CP_0057","Pokémon GO","Niantic, Inc.","public_web","company_positioning_page","Company/public web positioning","https://pokemongo.com/","http://pokemongo.nianticlabs.com/","https://pokemongo.com/","pokemongo.com","gaming","homepage","known_domain_homepage","57","homepage","","","visible_price_or_pricing_language","yes","","Pokémon GO Pokémon GO Join Trainers around the world and play Pokémon GO together in new and exciting ways. Overcome challenges, catch more Pokémon, and forge friendships through incredible shared experiences. GO FestNewsSeasonsEventsAll EventsFeatured In-Person EventsMapCommunityLEADERBOARDShopWeb StoreIn-Person TicketsCode RedemptionReward RoadNewsSeasonsEventsAll EventsFeatured In-Person EventsMapCommunityLEADERBOARDMore...Sign InLatest NewsMore NewsCatch PokémonFind your buddy!Catching Pokémon is one w","habit_action_loop|progress_feedback|community_social|game_progression","","community_social|game_progression","pricing_page|app_store_redirect","Pokémon GO","200","ok","homepage","habit_action_loop|progress_feedback|community_social|game_progression","visible_price_or_pricing_language","","public_company_or_product_page","Pokémon GO Join Trainers around the world and play Pokémon GO together in new and exciting ways. Overcome challenges, catch more Pokémon, and forge friendships through incredible shared experiences. GO FestNewsSeasonsEventsAll EventsFeatured In-Person EventsMapCommunityLEADERBOARDShopWeb StoreIn-Person TicketsCode RedemptionReward RoadNewsSeasonsEventsAll EventsFeatured In-Person EventsMapCommunityLEADERBOARDMore...Sign InLatest NewsMore NewsCatch PokémonFind your buddy!Catching Pokémon is one w","2026-05-31T03:16:22.353Z","medium_high","ok"
"CP_0058","Pokémon GO","Niantic, Inc.","public_web","company_positioning_page","Company/public web positioning","https://pokemongo.com/","http://pokemongo.nianticlabs.com","https://pokemongo.com/","pokemongo.com","gaming","homepage","known_domain_homepage","58","homepage","","","visible_price_or_pricing_language","yes","","Pokémon GO Pokémon GO Join Trainers around the world and play Pokémon GO together in new and exciting ways. Overcome challenges, catch more Pokémon, and forge friendships through incredible shared experiences. GO FestNewsSeasonsEventsAll EventsFeatured In-Person EventsMapCommunityLEADERBOARDShopWeb StoreIn-Person TicketsCode RedemptionReward RoadNewsSeasonsEventsAll EventsFeatured In-Person EventsMapCommunityLEADERBOARDMore...Sign InLatest NewsMore NewsCatch PokémonFind your buddy!Catching Pokémon is one w","habit_action_loop|progress_feedback|community_social|game_progression","","community_social|game_progression","pricing_page|app_store_redirect","Pokémon GO","200","ok","homepage","habit_action_loop|progress_feedback|community_social|game_progression","visible_price_or_pricing_language","","public_company_or_product_page","Pokémon GO Join Trainers around the world and play Pokémon GO together in new and exciting ways. Overcome challenges, catch more Pokémon, and forge friendships through incredible shared experiences. GO FestNewsSeasonsEventsAll EventsFeatured In-Person EventsMapCommunityLEADERBOARDShopWeb StoreIn-Person TicketsCode RedemptionReward RoadNewsSeasonsEventsAll EventsFeatured In-Person EventsMapCommunityLEADERBOARDMore...Sign InLatest NewsMore NewsCatch PokémonFind your buddy!Catching Pokémon is one w","2026-05-31T03:16:23.674Z","medium_high","ok"
"CP_0059","Pokémon GO","Niantic, Inc.","public_web","company_positioning_page","Company/public web positioning","https://pokemongo.com/pricing","http://pokemongo.nianticlabs.com/pricing","https://pokemongo.com/pricing","pokemongo.com","gaming","pricing_or_plan_page","known_domain_pricing_or_plan_page","59","pricing_or_plan_page","","","no_clean_public_monetization_signal","yes","","404 NOT FOUND – Pokémon GO 404 NOT FOUND – Pokémon GO GO Wild Area News Seasons EVENTS Community LEADERBOARD Shop Event Ticketing GO Wild Area News Seasons EVENTS Community LEADERBOARD Shop Event Ticketing Deutsch English Español Español (México) Français हिन्दी Bahasa Indonesia Italiano 日本語 한국어 polski Português Русский ไทย Türkçe 繁體中文 404 NOT FOUND The page you're looking for doesn't exist. Please verify the URL you've input is correct or return to the homepage. News Seasons EVENTS Community Day Map LEADERBOARD SUPPORT D","community_social|game_progression","","community_social|game_progression","no_pricing_signal","404 NOT FOUND – Pokémon GO","404","error:http_404","pricing_or_plan_page","community_social|game_progression","no_clean_public_monetization_signal","","unreachable_or_not_found","404 NOT FOUND – Pokémon GO GO Wild Area News Seasons EVENTS Community LEADERBOARD Shop Event Ticketing GO Wild Area News Seasons EVENTS Community LEADERBOARD Shop Event Ticketing Deutsch English Español Español (México) Français हिन्दी Bahasa Indonesia Italiano 日本語 한국어 polski Português Русский ไทย Türkçe 繁體中文 404 NOT FOUND The page you're looking for doesn't exist. Please verify the URL you've input is correct or return to the homepage. News Seasons EVENTS Community Day Map LEADERBOARD SUPPORT D","2026-05-31T03:16:25.352Z","low","error:http_404"
"CP_0060","Pokémon GO","Niantic, Inc.","public_web","company_positioning_page","Company/public web positioning","https://pokemongo.com/plans","http://pokemongo.nianticlabs.com/plans","https://pokemongo.com/plans","pokemongo.com","gaming","pricing_or_plan_page","known_domain_pricing_or_plan_page","60","pricing_or_plan_page","","","no_clean_public_monetization_signal","yes","","404 NOT FOUND – Pokémon GO 404 NOT FOUND – Pokémon GO GO Wild Area News Seasons EVENTS Community LEADERBOARD Shop Event Ticketing GO Wild Area News Seasons EVENTS Community LEADERBOARD Shop Event Ticketing Deutsch English Español Español (México) Français हिन्दी Bahasa Indonesia Italiano 日本語 한국어 polski Português Русский ไทย Türkçe 繁體中文 404 NOT FOUND The page you're looking for doesn't exist. Please verify the URL you've input is correct or return to the homepage. News Seasons EVENTS Community Day Map LEADERBOARD SUPPORT D","community_social|game_progression","","community_social|game_progression","no_pricing_signal","404 NOT FOUND – Pokémon GO","404","error:http_404","pricing_or_plan_page","community_social|game_progression","no_clean_public_monetization_signal","","unreachable_or_not_found","404 NOT FOUND – Pokémon GO GO Wild Area News Seasons EVENTS Community LEADERBOARD Shop Event Ticketing GO Wild Area News Seasons EVENTS Community LEADERBOARD Shop Event Ticketing Deutsch English Español Español (México) Français हिन्दी Bahasa Indonesia Italiano 日本語 한국어 polski Português Русский ไทย Türkçe 繁體中文 404 NOT FOUND The page you're looking for doesn't exist. Please verify the URL you've input is correct or return to the homepage. News Seasons EVENTS Community Day Map LEADERBOARD SUPPORT D","2026-05-31T03:16:26.695Z","low","error:http_404"
"CP_0061","Pokémon GO","Niantic, Inc.","public_web","company_positioning_page","Company/public web positioning","https://pokemongo.com/premium","http://pokemongo.nianticlabs.com/premium","https://pokemongo.com/premium","pokemongo.com","gaming","pricing_or_plan_page","known_domain_pricing_or_plan_page","61","pricing_or_plan_page","","","no_clean_public_monetization_signal","yes","","404 NOT FOUND – Pokémon GO 404 NOT FOUND – Pokémon GO GO Wild Area News Seasons EVENTS Community LEADERBOARD Shop Event Ticketing GO Wild Area News Seasons EVENTS Community LEADERBOARD Shop Event Ticketing Deutsch English Español Español (México) Français हिन्दी Bahasa Indonesia Italiano 日本語 한국어 polski Português Русский ไทย Türkçe 繁體中文 404 NOT FOUND The page you're looking for doesn't exist. Please verify the URL you've input is correct or return to the homepage. News Seasons EVENTS Community Day Map LEADERBOARD SUPPORT D","community_social|game_progression","","community_social|game_progression","no_pricing_signal","404 NOT FOUND – Pokémon GO","404","error:http_404","pricing_or_plan_page","community_social|game_progression","no_clean_public_monetization_signal","","unreachable_or_not_found","404 NOT FOUND – Pokémon GO GO Wild Area News Seasons EVENTS Community LEADERBOARD Shop Event Ticketing GO Wild Area News Seasons EVENTS Community LEADERBOARD Shop Event Ticketing Deutsch English Español Español (México) Français हिन्दी Bahasa Indonesia Italiano 日本語 한국어 polski Português Русский ไทย Türkçe 繁體中文 404 NOT FOUND The page you're looking for doesn't exist. Please verify the URL you've input is correct or return to the homepage. News Seasons EVENTS Community Day Map LEADERBOARD SUPPORT D","2026-05-31T03:16:28.219Z","low","error:http_404"
"CP_0062","Pokémon GO","Niantic, Inc.","public_web","company_positioning_page","Company/public web positioning","https://pokemongo.com/subscribe","http://pokemongo.nianticlabs.com/subscribe","https://pokemongo.com/subscribe","pokemongo.com","gaming","pricing_or_plan_page","known_domain_pricing_or_plan_page","62","pricing_or_plan_page","","","no_clean_public_monetization_signal","yes","","404 NOT FOUND – Pokémon GO 404 NOT FOUND – Pokémon GO GO Wild Area News Seasons EVENTS Community LEADERBOARD Shop Event Ticketing GO Wild Area News Seasons EVENTS Community LEADERBOARD Shop Event Ticketing Deutsch English Español Español (México) Français हिन्दी Bahasa Indonesia Italiano 日本語 한국어 polski Português Русский ไทย Türkçe 繁體中文 404 NOT FOUND The page you're looking for doesn't exist. Please verify the URL you've input is correct or return to the homepage. News Seasons EVENTS Community Day Map LEADERBOARD SUPPORT D","community_social|game_progression","","community_social|game_progression","no_pricing_signal","404 NOT FOUND – Pokémon GO","404","error:http_404","pricing_or_plan_page","community_social|game_progression","no_clean_public_monetization_signal","","unreachable_or_not_found","404 NOT FOUND – Pokémon GO GO Wild Area News Seasons EVENTS Community LEADERBOARD Shop Event Ticketing GO Wild Area News Seasons EVENTS Community LEADERBOARD Shop Event Ticketing Deutsch English Español Español (México) Français हिन्दी Bahasa Indonesia Italiano 日本語 한국어 polski Português Русский ไทย Türkçe 繁體中文 404 NOT FOUND The page you're looking for doesn't exist. Please verify the URL you've input is correct or return to the homepage. News Seasons EVENTS Community Day Map LEADERBOARD SUPPORT D","2026-05-31T03:16:29.753Z","low","error:http_404"
"CP_0063","Pokémon GO","Niantic, Inc.","public_web","company_positioning_page","Company/public web positioning","https://pokemongo.com/subscription","http://pokemongo.nianticlabs.com/subscription","https://pokemongo.com/subscription","pokemongo.com","gaming","pricing_or_plan_page","known_domain_pricing_or_plan_page","63","pricing_or_plan_page","","","no_clean_public_monetization_signal","yes","","404 NOT FOUND – Pokémon GO 404 NOT FOUND – Pokémon GO GO Wild Area News Seasons EVENTS Community LEADERBOARD Shop Event Ticketing GO Wild Area News Seasons EVENTS Community LEADERBOARD Shop Event Ticketing Deutsch English Español Español (México) Français हिन्दी Bahasa Indonesia Italiano 日本語 한국어 polski Português Русский ไทย Türkçe 繁體中文 404 NOT FOUND The page you're looking for doesn't exist. Please verify the URL you've input is correct or return to the homepage. News Seasons EVENTS Community Day Map LEADERBOARD SUPPORT D","community_social|game_progression","","community_social|game_progression","no_pricing_signal","404 NOT FOUND – Pokémon GO","404","error:http_404","pricing_or_plan_page","community_social|game_progression","no_clean_public_monetization_signal","","unreachable_or_not_found","404 NOT FOUND – Pokémon GO GO Wild Area News Seasons EVENTS Community LEADERBOARD Shop Event Ticketing GO Wild Area News Seasons EVENTS Community LEADERBOARD Shop Event Ticketing Deutsch English Español Español (México) Français हिन्दी Bahasa Indonesia Italiano 日本語 한국어 polski Português Русский ไทย Türkçe 繁體中文 404 NOT FOUND The page you're looking for doesn't exist. Please verify the URL you've input is correct or return to the homepage. News Seasons EVENTS Community Day Map LEADERBOARD SUPPORT D","2026-05-31T03:16:31.221Z","low","error:http_404"
"CP_0064","Pokémon GO","Niantic, Inc.","public_web","company_positioning_page","Company/public web positioning","https://pokemongo.com/upgrade","http://pokemongo.nianticlabs.com/upgrade","https://pokemongo.com/upgrade","pokemongo.com","gaming","pricing_or_plan_page","known_domain_pricing_or_plan_page","64","pricing_or_plan_page","","","no_clean_public_monetization_signal","yes","","404 NOT FOUND – Pokémon GO 404 NOT FOUND – Pokémon GO GO Wild Area News Seasons EVENTS Community LEADERBOARD Shop Event Ticketing GO Wild Area News Seasons EVENTS Community LEADERBOARD Shop Event Ticketing Deutsch English Español Español (México) Français हिन्दी Bahasa Indonesia Italiano 日本語 한국어 polski Português Русский ไทย Türkçe 繁體中文 404 NOT FOUND The page you're looking for doesn't exist. Please verify the URL you've input is correct or return to the homepage. News Seasons EVENTS Community Day Map LEADERBOARD SUPPORT D","community_social|game_progression","","community_social|game_progression","no_pricing_signal","404 NOT FOUND – Pokémon GO","404","error:http_404","pricing_or_plan_page","community_social|game_progression","no_clean_public_monetization_signal","","unreachable_or_not_found","404 NOT FOUND – Pokémon GO GO Wild Area News Seasons EVENTS Community LEADERBOARD Shop Event Ticketing GO Wild Area News Seasons EVENTS Community LEADERBOARD Shop Event Ticketing Deutsch English Español Español (México) Français हिन्दी Bahasa Indonesia Italiano 日本語 한국어 polski Português Русский ไทย Türkçe 繁體中文 404 NOT FOUND The page you're looking for doesn't exist. Please verify the URL you've input is correct or return to the homepage. News Seasons EVENTS Community Day Map LEADERBOARD SUPPORT D","2026-05-31T03:16:32.825Z","low","error:http_404"
"CP_0065","Modern Combat 5: mobile FPS","Gameloft SE","public_web","company_positioning_page","Company/public web positioning","https://www.gameloft.com/","http://www.gameloft.com/","https://www.gameloft.com/","gameloft.com","gaming","homepage","known_domain_homepage","65","homepage","","","subscription_or_premium_language|b2b_sales_motion","yes","yes_or_language_present","Gameloft Official: We create gaming experiences Gameloft Official: We create gaming experiences Gameloft welcomes you to amazing gaming experiences, with hits like Asphalt Legends Unite and Disney Dreamlight Valley. Discover our 25-year legacy in PC, console and mobile gaming! Gameloft Official - #1 Mobile Video Games DeveloperAbout UsGames for EveryoneGaming for BusinessesOur StudiosBarcelonaBrisbaneBucharestHanoiMontrealParisSaigonSofiaUkraineYogyakartaMoreBlogsNewsroomCareersRedeemLicensing OutGameloft ChangePlay the Good Game SubscribeHom","progress_feedback|b2b_enterprise|game_progression","","b2b_enterprise|game_progression","no_pricing_signal","Gameloft Official: We create gaming experiences","200","ok","homepage","progress_feedback|b2b_enterprise|game_progression","subscription_or_premium_language|b2b_sales_motion","","b2b_or_parent_context_possible","Gameloft Official: We create gaming experiences Gameloft welcomes you to amazing gaming experiences, with hits like Asphalt Legends Unite and Disney Dreamlight Valley. Discover our 25-year legacy in PC, console and mobile gaming! Gameloft Official - #1 Mobile Video Games DeveloperAbout UsGames for EveryoneGaming for BusinessesOur StudiosBarcelonaBrisbaneBucharestHanoiMontrealParisSaigonSofiaUkraineYogyakartaMoreBlogsNewsroomCareersRedeemLicensing OutGameloft ChangePlay the Good Game SubscribeHom","2026-05-31T03:16:35.559Z","medium","ok"
"CP_0066","Modern Combat 5: mobile FPS","Gameloft SE","public_web","company_positioning_page","Company/public web positioning","https://www.gameloft.com/","http://www.gameloft.com","https://www.gameloft.com/","gameloft.com","gaming","homepage","known_domain_homepage","66","homepage","","","subscription_or_premium_language|b2b_sales_motion","yes","yes_or_language_present","Gameloft Official: We create gaming experiences Gameloft Official: We create gaming experiences Gameloft welcomes you to amazing gaming experiences, with hits like Asphalt Legends Unite and Disney Dreamlight Valley. Discover our 25-year legacy in PC, console and mobile gaming! Gameloft Official - #1 Mobile Video Games DeveloperAbout UsGames for EveryoneGaming for BusinessesOur StudiosBarcelonaBrisbaneBucharestHanoiMontrealParisSaigonSofiaUkraineYogyakartaMoreBlogsNewsroomCareersRedeemLicensing OutGameloft ChangePlay the Good Game SubscribeHom","progress_feedback|b2b_enterprise|game_progression","","b2b_enterprise|game_progression","no_pricing_signal","Gameloft Official: We create gaming experiences","200","ok","homepage","progress_feedback|b2b_enterprise|game_progression","subscription_or_premium_language|b2b_sales_motion","","b2b_or_parent_context_possible","Gameloft Official: We create gaming experiences Gameloft welcomes you to amazing gaming experiences, with hits like Asphalt Legends Unite and Disney Dreamlight Valley. Discover our 25-year legacy in PC, console and mobile gaming! Gameloft Official - #1 Mobile Video Games DeveloperAbout UsGames for EveryoneGaming for BusinessesOur StudiosBarcelonaBrisbaneBucharestHanoiMontrealParisSaigonSofiaUkraineYogyakartaMoreBlogsNewsroomCareersRedeemLicensing OutGameloft ChangePlay the Good Game SubscribeHom","2026-05-31T03:16:36.758Z","medium","ok"
"CP_0067","Modern Combat 5: mobile FPS","Gameloft SE","public_web","company_positioning_page","Company/public web positioning","https://www.gameloft.com/en/not-found/","http://www.gameloft.com/pricing","https://www.gameloft.com/en/not-found/","gameloft.com","gaming","other_public_page","known_domain_other_public_page","67","other_public_page","","","no_clean_public_monetization_signal","yes","","404 - Gameloft 404 - Gameloft Gameloft Showcase Error 404 Where do you think You’re going?! Back to Homepage","game_progression","","game_progression","no_pricing_signal","404 - Gameloft","404","error:http_404","other_public_page","game_progression","no_clean_public_monetization_signal","","unreachable_or_not_found","404 - Gameloft Gameloft Showcase Error 404 Where do you think You’re going?! Back to Homepage","2026-05-31T03:16:38.045Z","low","error:http_404"
"CP_0068","Modern Combat 5: mobile FPS","Gameloft SE","public_web","company_positioning_page","Company/public web positioning","https://www.gameloft.com/en/not-found/","http://www.gameloft.com/plans","https://www.gameloft.com/en/not-found/","gameloft.com","gaming","other_public_page","known_domain_other_public_page","68","other_public_page","","","no_clean_public_monetization_signal","yes","","404 - Gameloft 404 - Gameloft Gameloft Showcase Error 404 Where do you think You’re going?! Back to Homepage","game_progression","","game_progression","no_pricing_signal","404 - Gameloft","404","error:http_404","other_public_page","game_progression","no_clean_public_monetization_signal","","unreachable_or_not_found","404 - Gameloft Gameloft Showcase Error 404 Where do you think You’re going?! Back to Homepage","2026-05-31T03:16:39.172Z","low","error:http_404"
"CP_0069","Modern Combat 5: mobile FPS","Gameloft SE","public_web","company_positioning_page","Company/public web positioning","https://www.gameloft.com/en/not-found/","http://www.gameloft.com/premium","https://www.gameloft.com/en/not-found/","gameloft.com","gaming","other_public_page","known_domain_other_public_page","69","other_public_page","","","no_clean_public_monetization_signal","yes","","404 - Gameloft 404 - Gameloft Gameloft Showcase Error 404 Where do you think You’re going?! Back to Homepage","game_progression","","game_progression","no_pricing_signal","404 - Gameloft","404","error:http_404","other_public_page","game_progression","no_clean_public_monetization_signal","","unreachable_or_not_found","404 - Gameloft Gameloft Showcase Error 404 Where do you think You’re going?! Back to Homepage","2026-05-31T03:16:40.160Z","low","error:http_404"
"CP_0070","Modern Combat 5: mobile FPS","Gameloft SE","public_web","company_positioning_page","Company/public web positioning","https://www.gameloft.com/en/not-found/","http://www.gameloft.com/subscribe","https://www.gameloft.com/en/not-found/","gameloft.com","gaming","other_public_page","known_domain_other_public_page","70","other_public_page","","","no_clean_public_monetization_signal","yes","","404 - Gameloft 404 - Gameloft Gameloft Showcase Error 404 Where do you think You’re going?! Back to Homepage","game_progression","","game_progression","no_pricing_signal","404 - Gameloft","404","error:http_404","other_public_page","game_progression","no_clean_public_monetization_signal","","unreachable_or_not_found","404 - Gameloft Gameloft Showcase Error 404 Where do you think You’re going?! Back to Homepage","2026-05-31T03:16:41.220Z","low","error:http_404"
"CP_0071","Modern Combat 5: mobile FPS","Gameloft SE","public_web","company_positioning_page","Company/public web positioning","https://www.gameloft.com/en/not-found/","http://www.gameloft.com/subscription","https://www.gameloft.com/en/not-found/","gameloft.com","gaming","other_public_page","known_domain_other_public_page","71","other_public_page","","","no_clean_public_monetization_signal","yes","","404 - Gameloft 404 - Gameloft Gameloft Showcase Error 404 Where do you think You’re going?! Back to Homepage","game_progression","","game_progression","no_pricing_signal","404 - Gameloft","404","error:http_404","other_public_page","game_progression","no_clean_public_monetization_signal","","unreachable_or_not_found","404 - Gameloft Gameloft Showcase Error 404 Where do you think You’re going?! Back to Homepage","2026-05-31T03:16:42.244Z","low","error:http_404"
"CP_0072","Modern Combat 5: mobile FPS","Gameloft SE","public_web","company_positioning_page","Company/public web positioning","https://www.gameloft.com/en/not-found/","http://www.gameloft.com/upgrade","https://www.gameloft.com/en/not-found/","gameloft.com","gaming","other_public_page","known_domain_other_public_page","72","other_public_page","","","no_clean_public_monetization_signal","yes","","404 - Gameloft 404 - Gameloft Gameloft Showcase Error 404 Where do you think You’re going?! Back to Homepage","game_progression","","game_progression","no_pricing_signal","404 - Gameloft","404","error:http_404","other_public_page","game_progression","no_clean_public_monetization_signal","","unreachable_or_not_found","404 - Gameloft Gameloft Showcase Error 404 Where do you think You’re going?! Back to Homepage","2026-05-31T03:16:43.370Z","low","error:http_404"
"CP_0073","Stumble Guys","Scopely","public_web","company_positioning_page","Company/public web positioning","https://www.scopely.com/","https://www.scopely.com/","https://www.scopely.com/","scopely.com","gaming","homepage","known_domain_homepage","73","homepage","","","no_clean_public_monetization_signal","yes","","Scopely | Global interactive Mobile-first video game company Scopely | Global interactive Mobile-first video game company Scopely is expanding the possibilities of play through game experiences that aim to inspire community, connection and competition. Inspire play, every day. About usOur gamesLife at ScopelyNewsJoin usCreatorsPlease accept cookies to view this video content. Manage cookiesScopely is expanding the possibilities of play through game experiences that aim to inspire community, connection, competition and PLAY, EVERY DAY.Read moreOur gamesAbo","progress_feedback|community_social|game_progression","","community_social|game_progression","no_pricing_signal","Scopely | Global interactive Mobile-first video game company","200","ok","homepage","progress_feedback|community_social|game_progression","no_clean_public_monetization_signal","","public_company_or_product_page","Scopely | Global interactive Mobile-first video game company Scopely is expanding the possibilities of play through game experiences that aim to inspire community, connection and competition. Inspire play, every day. About usOur gamesLife at ScopelyNewsJoin usCreatorsPlease accept cookies to view this video content. Manage cookiesScopely is expanding the possibilities of play through game experiences that aim to inspire community, connection, competition and PLAY, EVERY DAY.Read moreOur gamesAbo","2026-05-31T03:16:44.424Z","medium","ok"
"CP_0074","Stumble Guys","Scopely","public_web","company_positioning_page","Company/public web positioning","https://www.scopely.com/","https://www.scopely.com","https://www.scopely.com/","scopely.com","gaming","homepage","known_domain_homepage","74","homepage","","","no_clean_public_monetization_signal","yes","","Scopely | Global interactive Mobile-first video game company Scopely | Global interactive Mobile-first video game company Scopely is expanding the possibilities of play through game experiences that aim to inspire community, connection and competition. Inspire play, every day. About usOur gamesLife at ScopelyNewsJoin usCreatorsPlease accept cookies to view this video content. Manage cookiesScopely is expanding the possibilities of play through game experiences that aim to inspire community, connection, competition and PLAY, EVERY DAY.Read moreOur gamesAbo","progress_feedback|community_social|game_progression","","community_social|game_progression","no_pricing_signal","Scopely | Global interactive Mobile-first video game company","200","ok","homepage","progress_feedback|community_social|game_progression","no_clean_public_monetization_signal","","public_company_or_product_page","Scopely | Global interactive Mobile-first video game company Scopely is expanding the possibilities of play through game experiences that aim to inspire community, connection and competition. Inspire play, every day. About usOur gamesLife at ScopelyNewsJoin usCreatorsPlease accept cookies to view this video content. Manage cookiesScopely is expanding the possibilities of play through game experiences that aim to inspire community, connection, competition and PLAY, EVERY DAY.Read moreOur gamesAbo","2026-05-31T03:16:45.525Z","medium","ok"
"CP_0075","Stumble Guys","Scopely","public_web","company_positioning_page","Company/public web positioning","https://www.scopely.com/pricing","https://www.scopely.com/pricing","https://www.scopely.com/pricing","scopely.com","gaming","pricing_or_plan_page","known_domain_pricing_or_plan_page","75","pricing_or_plan_page","","","no_clean_public_monetization_signal","yes","","404: This page could not be found 404: This page could not be found 404This page could not be found.","unclassified_public_positioning","","","no_pricing_signal","404: This page could not be found","404","error:http_404","pricing_or_plan_page","unclassified_public_positioning","no_clean_public_monetization_signal","","unreachable_or_not_found","404: This page could not be found 404This page could not be found.","2026-05-31T03:16:45.693Z","low","error:http_404"
"CP_0076","Stumble Guys","Scopely","public_web","company_positioning_page","Company/public web positioning","https://www.scopely.com/plans","https://www.scopely.com/plans","https://www.scopely.com/plans","scopely.com","gaming","pricing_or_plan_page","known_domain_pricing_or_plan_page","76","pricing_or_plan_page","","","no_clean_public_monetization_signal","yes","","404: This page could not be found 404: This page could not be found 404This page could not be found.","unclassified_public_positioning","","","no_pricing_signal","404: This page could not be found","404","error:http_404","pricing_or_plan_page","unclassified_public_positioning","no_clean_public_monetization_signal","","unreachable_or_not_found","404: This page could not be found 404This page could not be found.","2026-05-31T03:16:45.863Z","low","error:http_404"
"CP_0077","Stumble Guys","Scopely","public_web","company_positioning_page","Company/public web positioning","https://www.scopely.com/premium","https://www.scopely.com/premium","https://www.scopely.com/premium","scopely.com","gaming","pricing_or_plan_page","known_domain_pricing_or_plan_page","77","pricing_or_plan_page","","","no_clean_public_monetization_signal","yes","","404: This page could not be found 404: This page could not be found 404This page could not be found.","unclassified_public_positioning","","","no_pricing_signal","404: This page could not be found","404","error:http_404","pricing_or_plan_page","unclassified_public_positioning","no_clean_public_monetization_signal","","unreachable_or_not_found","404: This page could not be found 404This page could not be found.","2026-05-31T03:16:46.035Z","low","error:http_404"
"CP_0078","Stumble Guys","Scopely","public_web","company_positioning_page","Company/public web positioning","https://www.scopely.com/subscribe","https://www.scopely.com/subscribe","https://www.scopely.com/subscribe","scopely.com","gaming","pricing_or_plan_page","known_domain_pricing_or_plan_page","78","pricing_or_plan_page","","","no_clean_public_monetization_signal","yes","","404: This page could not be found 404: This page could not be found 404This page could not be found.","unclassified_public_positioning","","","no_pricing_signal","404: This page could not be found","404","error:http_404","pricing_or_plan_page","unclassified_public_positioning","no_clean_public_monetization_signal","","unreachable_or_not_found","404: This page could not be found 404This page could not be found.","2026-05-31T03:16:46.217Z","low","error:http_404"
"CP_0079","Stumble Guys","Scopely","public_web","company_positioning_page","Company/public web positioning","https://www.scopely.com/subscription","https://www.scopely.com/subscription","https://www.scopely.com/subscription","scopely.com","gaming","pricing_or_plan_page","known_domain_pricing_or_plan_page","79","pricing_or_plan_page","","","no_clean_public_monetization_signal","yes","","404: This page could not be found 404: This page could not be found 404This page could not be found.","unclassified_public_positioning","","","no_pricing_signal","404: This page could not be found","404","error:http_404","pricing_or_plan_page","unclassified_public_positioning","no_clean_public_monetization_signal","","unreachable_or_not_found","404: This page could not be found 404This page could not be found.","2026-05-31T03:16:46.392Z","low","error:http_404"
"CP_0080","Stumble Guys","Scopely","public_web","company_positioning_page","Company/public web positioning","https://www.scopely.com/upgrade","https://www.scopely.com/upgrade","https://www.scopely.com/upgrade","scopely.com","gaming","pricing_or_plan_page","known_domain_pricing_or_plan_page","80","pricing_or_plan_page","","","no_clean_public_monetization_signal","yes","","404: This page could not be found 404: This page could not be found 404This page could not be found.","unclassified_public_positioning","","","no_pricing_signal","404: This page could not be found","404","error:http_404","pricing_or_plan_page","unclassified_public_positioning","no_clean_public_monetization_signal","","unreachable_or_not_found","404: This page could not be found 404This page could not be found.","2026-05-31T03:16:46.562Z","low","error:http_404"
"CP_0081","Critical Strike CS: Online FPS","VERTIGO GAMES","public_web","company_positioning_page","Company/public web positioning","https://vertigogames.co/","https://www.vertigogames.co/","https://vertigogames.co/","vertigogames.co","gaming","homepage","known_domain_homepage","81","homepage","","","no_clean_public_monetization_signal","yes","","Vertigo Games – Mobile game development & publishing studio of midcore real-time social multiplayer games Vertigo Games – Mobile game development & publishing studio of midcore real-time social multiplayer games Skip to content Vertigo Games Mobile game development & publishing studio of midcore real-time social multiplayer games Home Jobs Critical Strike Polygun Arena Terms of Use Privacy Policy Search… Vertigo Games Mobile game development & publishing studio of midcore real-time social multiplayer games Search… Home Jobs Critical Strike Polygun Arena Terms of Use Privacy Policy Search… Who we are","community_social|game_progression","","community_social|game_progression","no_pricing_signal","Vertigo Games – Mobile game development & publishing studio of midcore real-time social multiplayer games","200","ok","homepage","community_social|game_progression","no_clean_public_monetization_signal","","public_company_or_product_page","Vertigo Games – Mobile game development & publishing studio of midcore real-time social multiplayer games Skip to content Vertigo Games Mobile game development & publishing studio of midcore real-time social multiplayer games Home Jobs Critical Strike Polygun Arena Terms of Use Privacy Policy Search… Vertigo Games Mobile game development & publishing studio of midcore real-time social multiplayer games Search… Home Jobs Critical Strike Polygun Arena Terms of Use Privacy Policy Search… Who we are","2026-05-31T03:16:47.032Z","medium","ok"
"CP_0082","Critical Strike CS: Online FPS","VERTIGO GAMES","public_web","company_positioning_page","Company/public web positioning","https://vertigogames.co/","https://www.vertigogames.co","https://vertigogames.co/","vertigogames.co","gaming","homepage","known_domain_homepage","82","homepage","","","no_clean_public_monetization_signal","yes","","Vertigo Games – Mobile game development & publishing studio of midcore real-time social multiplayer games Vertigo Games – Mobile game development & publishing studio of midcore real-time social multiplayer games Skip to content Vertigo Games Mobile game development & publishing studio of midcore real-time social multiplayer games Home Jobs Critical Strike Polygun Arena Terms of Use Privacy Policy Search… Vertigo Games Mobile game development & publishing studio of midcore real-time social multiplayer games Search… Home Jobs Critical Strike Polygun Arena Terms of Use Privacy Policy Search… Who we are","community_social|game_progression","","community_social|game_progression","no_pricing_signal","Vertigo Games – Mobile game development & publishing studio of midcore real-time social multiplayer games","200","ok","homepage","community_social|game_progression","no_clean_public_monetization_signal","","public_company_or_product_page","Vertigo Games – Mobile game development & publishing studio of midcore real-time social multiplayer games Skip to content Vertigo Games Mobile game development & publishing studio of midcore real-time social multiplayer games Home Jobs Critical Strike Polygun Arena Terms of Use Privacy Policy Search… Vertigo Games Mobile game development & publishing studio of midcore real-time social multiplayer games Search… Home Jobs Critical Strike Polygun Arena Terms of Use Privacy Policy Search… Who we are","2026-05-31T03:16:47.228Z","medium","ok"
"CP_0083","Critical Strike CS: Online FPS","VERTIGO GAMES","public_web","company_positioning_page","Company/public web positioning","https://vertigogames.co/pricing","https://www.vertigogames.co/pricing","https://vertigogames.co/pricing","vertigogames.co","gaming","pricing_or_plan_page","known_domain_pricing_or_plan_page","83","pricing_or_plan_page","","","no_clean_public_monetization_signal","yes","","Page not found – Vertigo Games Page not found – Vertigo Games Skip to content Vertigo Games Mobile game development & publishing studio of midcore real-time social multiplayer games Home Jobs Critical Strike Polygun Arena Terms of Use Privacy Policy Search… Vertigo Games Mobile game development & publishing studio of midcore real-time social multiplayer games Search… Home Jobs Critical Strike Polygun Arena Terms of Use Privacy Policy Search… Oops! That page can’t be found. It looks like nothing was found at this location. May","community_social|game_progression","","community_social|game_progression","no_pricing_signal","Page not found – Vertigo Games","404","error:http_404","pricing_or_plan_page","community_social|game_progression","no_clean_public_monetization_signal","","unreachable_or_not_found","Page not found – Vertigo Games Skip to content Vertigo Games Mobile game development & publishing studio of midcore real-time social multiplayer games Home Jobs Critical Strike Polygun Arena Terms of Use Privacy Policy Search… Vertigo Games Mobile game development & publishing studio of midcore real-time social multiplayer games Search… Home Jobs Critical Strike Polygun Arena Terms of Use Privacy Policy Search… Oops! That page can’t be found. It looks like nothing was found at this location. May","2026-05-31T03:16:47.800Z","low","error:http_404"
"CP_0084","Critical Strike CS: Online FPS","VERTIGO GAMES","public_web","company_positioning_page","Company/public web positioning","https://vertigogames.co/plans","https://www.vertigogames.co/plans","https://vertigogames.co/plans","vertigogames.co","gaming","pricing_or_plan_page","known_domain_pricing_or_plan_page","84","pricing_or_plan_page","","","no_clean_public_monetization_signal","yes","","Page not found – Vertigo Games Page not found – Vertigo Games Skip to content Vertigo Games Mobile game development & publishing studio of midcore real-time social multiplayer games Home Jobs Critical Strike Polygun Arena Terms of Use Privacy Policy Search… Vertigo Games Mobile game development & publishing studio of midcore real-time social multiplayer games Search… Home Jobs Critical Strike Polygun Arena Terms of Use Privacy Policy Search… Oops! That page can’t be found. It looks like nothing was found at this location. May","community_social|game_progression","","community_social|game_progression","no_pricing_signal","Page not found – Vertigo Games","404","error:http_404","pricing_or_plan_page","community_social|game_progression","no_clean_public_monetization_signal","","unreachable_or_not_found","Page not found – Vertigo Games Skip to content Vertigo Games Mobile game development & publishing studio of midcore real-time social multiplayer games Home Jobs Critical Strike Polygun Arena Terms of Use Privacy Policy Search… Vertigo Games Mobile game development & publishing studio of midcore real-time social multiplayer games Search… Home Jobs Critical Strike Polygun Arena Terms of Use Privacy Policy Search… Oops! That page can’t be found. It looks like nothing was found at this location. May","2026-05-31T03:16:49.160Z","low","error:http_404"
"CP_0085","Critical Strike CS: Online FPS","VERTIGO GAMES","public_web","company_positioning_page","Company/public web positioning","https://vertigogames.co/premium","https://www.vertigogames.co/premium","https://vertigogames.co/premium","vertigogames.co","gaming","pricing_or_plan_page","known_domain_pricing_or_plan_page","85","pricing_or_plan_page","","","no_clean_public_monetization_signal","yes","","Page not found – Vertigo Games Page not found – Vertigo Games Skip to content Vertigo Games Mobile game development & publishing studio of midcore real-time social multiplayer games Home Jobs Critical Strike Polygun Arena Terms of Use Privacy Policy Search… Vertigo Games Mobile game development & publishing studio of midcore real-time social multiplayer games Search… Home Jobs Critical Strike Polygun Arena Terms of Use Privacy Policy Search… Oops! That page can’t be found. It looks like nothing was found at this location. May","community_social|game_progression","","community_social|game_progression","no_pricing_signal","Page not found – Vertigo Games","404","error:http_404","pricing_or_plan_page","community_social|game_progression","no_clean_public_monetization_signal","","unreachable_or_not_found","Page not found – Vertigo Games Skip to content Vertigo Games Mobile game development & publishing studio of midcore real-time social multiplayer games Home Jobs Critical Strike Polygun Arena Terms of Use Privacy Policy Search… Vertigo Games Mobile game development & publishing studio of midcore real-time social multiplayer games Search… Home Jobs Critical Strike Polygun Arena Terms of Use Privacy Policy Search… Oops! That page can’t be found. It looks like nothing was found at this location. May","2026-05-31T03:16:49.735Z","low","error:http_404"
"CP_0086","Critical Strike CS: Online FPS","VERTIGO GAMES","public_web","company_positioning_page","Company/public web positioning","https://vertigogames.co/subscribe","https://www.vertigogames.co/subscribe","https://vertigogames.co/subscribe","vertigogames.co","gaming","pricing_or_plan_page","known_domain_pricing_or_plan_page","86","pricing_or_plan_page","","","no_clean_public_monetization_signal","yes","","Page not found – Vertigo Games Page not found – Vertigo Games Skip to content Vertigo Games Mobile game development & publishing studio of midcore real-time social multiplayer games Home Jobs Critical Strike Polygun Arena Terms of Use Privacy Policy Search… Vertigo Games Mobile game development & publishing studio of midcore real-time social multiplayer games Search… Home Jobs Critical Strike Polygun Arena Terms of Use Privacy Policy Search… Oops! That page can’t be found. It looks like nothing was found at this location. May","community_social|game_progression","","community_social|game_progression","no_pricing_signal","Page not found – Vertigo Games","404","error:http_404","pricing_or_plan_page","community_social|game_progression","no_clean_public_monetization_signal","","unreachable_or_not_found","Page not found – Vertigo Games Skip to content Vertigo Games Mobile game development & publishing studio of midcore real-time social multiplayer games Home Jobs Critical Strike Polygun Arena Terms of Use Privacy Policy Search… Vertigo Games Mobile game development & publishing studio of midcore real-time social multiplayer games Search… Home Jobs Critical Strike Polygun Arena Terms of Use Privacy Policy Search… Oops! That page can’t be found. It looks like nothing was found at this location. May","2026-05-31T03:16:50.348Z","low","error:http_404"
"CP_0087","Critical Strike CS: Online FPS","VERTIGO GAMES","public_web","company_positioning_page","Company/public web positioning","https://vertigogames.co/subscription","https://www.vertigogames.co/subscription","https://vertigogames.co/subscription","vertigogames.co","gaming","pricing_or_plan_page","known_domain_pricing_or_plan_page","87","pricing_or_plan_page","","","no_clean_public_monetization_signal","yes","","Page not found – Vertigo Games Page not found – Vertigo Games Skip to content Vertigo Games Mobile game development & publishing studio of midcore real-time social multiplayer games Home Jobs Critical Strike Polygun Arena Terms of Use Privacy Policy Search… Vertigo Games Mobile game development & publishing studio of midcore real-time social multiplayer games Search… Home Jobs Critical Strike Polygun Arena Terms of Use Privacy Policy Search… Oops! That page can’t be found. It looks like nothing was found at this location. May","community_social|game_progression","","community_social|game_progression","no_pricing_signal","Page not found – Vertigo Games","404","error:http_404","pricing_or_plan_page","community_social|game_progression","no_clean_public_monetization_signal","","unreachable_or_not_found","Page not found – Vertigo Games Skip to content Vertigo Games Mobile game development & publishing studio of midcore real-time social multiplayer games Home Jobs Critical Strike Polygun Arena Terms of Use Privacy Policy Search… Vertigo Games Mobile game development & publishing studio of midcore real-time social multiplayer games Search… Home Jobs Critical Strike Polygun Arena Terms of Use Privacy Policy Search… Oops! That page can’t be found. It looks like nothing was found at this location. May","2026-05-31T03:16:51.875Z","low","error:http_404"
"CP_0088","Critical Strike CS: Online FPS","VERTIGO GAMES","public_web","company_positioning_page","Company/public web positioning","https://vertigogames.co/upgrade","https://www.vertigogames.co/upgrade","https://vertigogames.co/upgrade","vertigogames.co","gaming","pricing_or_plan_page","known_domain_pricing_or_plan_page","88","pricing_or_plan_page","","","no_clean_public_monetization_signal","yes","","Page not found – Vertigo Games Page not found – Vertigo Games Skip to content Vertigo Games Mobile game development & publishing studio of midcore real-time social multiplayer games Home Jobs Critical Strike Polygun Arena Terms of Use Privacy Policy Search… Vertigo Games Mobile game development & publishing studio of midcore real-time social multiplayer games Search… Home Jobs Critical Strike Polygun Arena Terms of Use Privacy Policy Search… Oops! That page can’t be found. It looks like nothing was found at this location. May","community_social|game_progression","","community_social|game_progression","no_pricing_signal","Page not found – Vertigo Games","404","error:http_404","pricing_or_plan_page","community_social|game_progression","no_clean_public_monetization_signal","","unreachable_or_not_found","Page not found – Vertigo Games Skip to content Vertigo Games Mobile game development & publishing studio of midcore real-time social multiplayer games Home Jobs Critical Strike Polygun Arena Terms of Use Privacy Policy Search… Vertigo Games Mobile game development & publishing studio of midcore real-time social multiplayer games Search… Home Jobs Critical Strike Polygun Arena Terms of Use Privacy Policy Search… Oops! That page can’t be found. It looks like nothing was found at this location. May","2026-05-31T03:16:52.789Z","low","error:http_404"
"CP_0089","Tennis Clash: Multiplayer Game","Wildlife Studios","public_web","company_positioning_page","Company/public web positioning","https://wildlifestudios.com/","https://www.wildlifestudios.com/","https://wildlifestudios.com/","wildlifestudios.com","gaming","homepage","known_domain_homepage","89","homepage","","","visible_price_or_pricing_language|subscription_or_premium_language","yes","yes_or_language_present","Wildlife Wildlife ""Play Tennis Clash for an exciting game of tennis! Try Zooba for a unique Battle Royale experience. Join Wildlife Studios for a career in game development."" Games Publishing Newsroom Careers Who We Are Leadership Português Games Newsroom Blog Careers Who We Are Search Jobs and keywords It's always a good day to play Tennis Clash! Go to Tennis Clash Battle Royale meets MOBA. Play Zooba! Go to Zooba Unleash your potential and work on games Go to careers News Check out our latest news News","progress_feedback|game_progression","","game_progression","pricing_page|subscription_terms","Wildlife","200","ok","homepage","progress_feedback|game_progression","visible_price_or_pricing_language|subscription_or_premium_language","","public_company_or_product_page","Wildlife ""Play Tennis Clash for an exciting game of tennis! Try Zooba for a unique Battle Royale experience. Join Wildlife Studios for a career in game development."" Games Publishing Newsroom Careers Who We Are Leadership Português Games Newsroom Blog Careers Who We Are Search Jobs and keywords It's always a good day to play Tennis Clash! Go to Tennis Clash Battle Royale meets MOBA. Play Zooba! Go to Zooba Unleash your potential and work on games Go to careers News Check out our latest news News","2026-05-31T03:16:55.970Z","medium_high","ok"
"CP_0090","Tennis Clash: Multiplayer Game","Wildlife Studios","public_web","company_positioning_page","Company/public web positioning","https://wildlifestudios.com/","https://www.wildlifestudios.com","https://wildlifestudios.com/","wildlifestudios.com","gaming","homepage","known_domain_homepage","90","homepage","","","visible_price_or_pricing_language|subscription_or_premium_language","yes","yes_or_language_present","Wildlife Wildlife ""Play Tennis Clash for an exciting game of tennis! Try Zooba for a unique Battle Royale experience. Join Wildlife Studios for a career in game development."" Games Publishing Newsroom Careers Who We Are Leadership Português Games Newsroom Blog Careers Who We Are Search Jobs and keywords It's always a good day to play Tennis Clash! Go to Tennis Clash Battle Royale meets MOBA. Play Zooba! Go to Zooba Unleash your potential and work on games Go to careers News Check out our latest news News","progress_feedback|game_progression","","game_progression","pricing_page|subscription_terms","Wildlife","200","ok","homepage","progress_feedback|game_progression","visible_price_or_pricing_language|subscription_or_premium_language","","public_company_or_product_page","Wildlife ""Play Tennis Clash for an exciting game of tennis! Try Zooba for a unique Battle Royale experience. Join Wildlife Studios for a career in game development."" Games Publishing Newsroom Careers Who We Are Leadership Português Games Newsroom Blog Careers Who We Are Search Jobs and keywords It's always a good day to play Tennis Clash! Go to Tennis Clash Battle Royale meets MOBA. Play Zooba! Go to Zooba Unleash your potential and work on games Go to careers News Check out our latest news News","2026-05-31T03:16:56.690Z","medium_high","ok"
"CP_0091","Tennis Clash: Multiplayer Game","Wildlife Studios","public_web","company_positioning_page","Company/public web positioning","https://wildlifestudios.com/pricing/","https://www.wildlifestudios.com/pricing","https://wildlifestudios.com/pricing/","wildlifestudios.com","gaming","pricing_or_plan_page","known_domain_pricing_or_plan_page","91","pricing_or_plan_page","","","subscription_or_premium_language","yes","yes_or_language_present","Error: Page not Found | Wildlife Error: Page not Found | Wildlife Games Publishing Newsroom Careers Who We Are Leadership Português Games Newsroom Blog Careers Who We Are Search Jobs and keywords Something went wrong. The page you tried to access does not exist or is being maintained, but stay calm. How about trying to put the puzzle together? Congratulations 00:00:00 Don't miss Wildlife's news! Subscribe to our newsletter. Email ok I have read and accepted the Read the Privacy Policy. Unleash your potential and explore the fut","progress_feedback|game_progression","","game_progression","no_pricing_signal","Error: Page not Found | Wildlife","404","error:http_404","pricing_or_plan_page","progress_feedback|game_progression","subscription_or_premium_language","","unreachable_or_not_found","Error: Page not Found | Wildlife Games Publishing Newsroom Careers Who We Are Leadership Português Games Newsroom Blog Careers Who We Are Search Jobs and keywords Something went wrong. The page you tried to access does not exist or is being maintained, but stay calm. How about trying to put the puzzle together? Congratulations 00:00:00 Don't miss Wildlife's news! Subscribe to our newsletter. Email ok I have read and accepted the Read the Privacy Policy. Unleash your potential and explore the fut","2026-05-31T03:16:59.346Z","low","error:http_404"
"CP_0092","Tennis Clash: Multiplayer Game","Wildlife Studios","public_web","company_positioning_page","Company/public web positioning","https://wildlifestudios.com/plans/","https://www.wildlifestudios.com/plans","https://wildlifestudios.com/plans/","wildlifestudios.com","gaming","pricing_or_plan_page","known_domain_pricing_or_plan_page","92","pricing_or_plan_page","","","subscription_or_premium_language","yes","yes_or_language_present","Error: Page not Found | Wildlife Error: Page not Found | Wildlife Games Publishing Newsroom Careers Who We Are Leadership Português Games Newsroom Blog Careers Who We Are Search Jobs and keywords Something went wrong. The page you tried to access does not exist or is being maintained, but stay calm. How about trying to put the puzzle together? Congratulations 00:00:00 Don't miss Wildlife's news! Subscribe to our newsletter. Email ok I have read and accepted the Read the Privacy Policy. Unleash your potential and explore the fut","progress_feedback|game_progression","","game_progression","no_pricing_signal","Error: Page not Found | Wildlife","404","error:http_404","pricing_or_plan_page","progress_feedback|game_progression","subscription_or_premium_language","","unreachable_or_not_found","Error: Page not Found | Wildlife Games Publishing Newsroom Careers Who We Are Leadership Português Games Newsroom Blog Careers Who We Are Search Jobs and keywords Something went wrong. The page you tried to access does not exist or is being maintained, but stay calm. How about trying to put the puzzle together? Congratulations 00:00:00 Don't miss Wildlife's news! Subscribe to our newsletter. Email ok I have read and accepted the Read the Privacy Policy. Unleash your potential and explore the fut","2026-05-31T03:17:00.646Z","low","error:http_404"
"CP_0093","Tennis Clash: Multiplayer Game","Wildlife Studios","public_web","company_positioning_page","Company/public web positioning","https://wildlifestudios.com/premium/","https://www.wildlifestudios.com/premium","https://wildlifestudios.com/premium/","wildlifestudios.com","gaming","pricing_or_plan_page","known_domain_pricing_or_plan_page","93","pricing_or_plan_page","","","subscription_or_premium_language","yes","yes_or_language_present","Error: Page not Found | Wildlife Error: Page not Found | Wildlife Games Publishing Newsroom Careers Who We Are Leadership Português Games Newsroom Blog Careers Who We Are Search Jobs and keywords Something went wrong. The page you tried to access does not exist or is being maintained, but stay calm. How about trying to put the puzzle together? Congratulations 00:00:00 Don't miss Wildlife's news! Subscribe to our newsletter. Email ok I have read and accepted the Read the Privacy Policy. Unleash your potential and explore the fut","progress_feedback|game_progression","","game_progression","no_pricing_signal","Error: Page not Found | Wildlife","404","error:http_404","pricing_or_plan_page","progress_feedback|game_progression","subscription_or_premium_language","","unreachable_or_not_found","Error: Page not Found | Wildlife Games Publishing Newsroom Careers Who We Are Leadership Português Games Newsroom Blog Careers Who We Are Search Jobs and keywords Something went wrong. The page you tried to access does not exist or is being maintained, but stay calm. How about trying to put the puzzle together? Congratulations 00:00:00 Don't miss Wildlife's news! Subscribe to our newsletter. Email ok I have read and accepted the Read the Privacy Policy. Unleash your potential and explore the fut","2026-05-31T03:17:01.917Z","low","error:http_404"
"CP_0094","Tennis Clash: Multiplayer Game","Wildlife Studios","public_web","company_positioning_page","Company/public web positioning","https://wildlifestudios.com/subscribe/","https://www.wildlifestudios.com/subscribe","https://wildlifestudios.com/subscribe/","wildlifestudios.com","gaming","pricing_or_plan_page","known_domain_pricing_or_plan_page","94","pricing_or_plan_page","","","subscription_or_premium_language","yes","yes_or_language_present","Error: Page not Found | Wildlife Error: Page not Found | Wildlife Games Publishing Newsroom Careers Who We Are Leadership Português Games Newsroom Blog Careers Who We Are Search Jobs and keywords Something went wrong. The page you tried to access does not exist or is being maintained, but stay calm. How about trying to put the puzzle together? Congratulations 00:00:00 Don't miss Wildlife's news! Subscribe to our newsletter. Email ok I have read and accepted the Read the Privacy Policy. Unleash your potential and explore the fut","progress_feedback|game_progression","","game_progression","no_pricing_signal","Error: Page not Found | Wildlife","404","error:http_404","pricing_or_plan_page","progress_feedback|game_progression","subscription_or_premium_language","","unreachable_or_not_found","Error: Page not Found | Wildlife Games Publishing Newsroom Careers Who We Are Leadership Português Games Newsroom Blog Careers Who We Are Search Jobs and keywords Something went wrong. The page you tried to access does not exist or is being maintained, but stay calm. How about trying to put the puzzle together? Congratulations 00:00:00 Don't miss Wildlife's news! Subscribe to our newsletter. Email ok I have read and accepted the Read the Privacy Policy. Unleash your potential and explore the fut","2026-05-31T03:17:03.307Z","low","error:http_404"
"CP_0095","Tennis Clash: Multiplayer Game","Wildlife Studios","public_web","company_positioning_page","Company/public web positioning","https://wildlifestudios.com/subscription/","https://www.wildlifestudios.com/subscription","https://wildlifestudios.com/subscription/","wildlifestudios.com","gaming","pricing_or_plan_page","known_domain_pricing_or_plan_page","95","pricing_or_plan_page","","","subscription_or_premium_language","yes","yes_or_language_present","Error: Page not Found | Wildlife Error: Page not Found | Wildlife Games Publishing Newsroom Careers Who We Are Leadership Português Games Newsroom Blog Careers Who We Are Search Jobs and keywords Something went wrong. The page you tried to access does not exist or is being maintained, but stay calm. How about trying to put the puzzle together? Congratulations 00:00:00 Don't miss Wildlife's news! Subscribe to our newsletter. Email ok I have read and accepted the Read the Privacy Policy. Unleash your potential and explore the fut","progress_feedback|game_progression","","game_progression","no_pricing_signal","Error: Page not Found | Wildlife","404","error:http_404","pricing_or_plan_page","progress_feedback|game_progression","subscription_or_premium_language","","unreachable_or_not_found","Error: Page not Found | Wildlife Games Publishing Newsroom Careers Who We Are Leadership Português Games Newsroom Blog Careers Who We Are Search Jobs and keywords Something went wrong. The page you tried to access does not exist or is being maintained, but stay calm. How about trying to put the puzzle together? Congratulations 00:00:00 Don't miss Wildlife's news! Subscribe to our newsletter. Email ok I have read and accepted the Read the Privacy Policy. Unleash your potential and explore the fut","2026-05-31T03:17:04.568Z","low","error:http_404"
"CP_0096","Tennis Clash: Multiplayer Game","Wildlife Studios","public_web","company_positioning_page","Company/public web positioning","https://wildlifestudios.com/upgrade/","https://www.wildlifestudios.com/upgrade","https://wildlifestudios.com/upgrade/","wildlifestudios.com","gaming","pricing_or_plan_page","known_domain_pricing_or_plan_page","96","pricing_or_plan_page","","","subscription_or_premium_language","yes","yes_or_language_present","Error: Page not Found | Wildlife Error: Page not Found | Wildlife Games Publishing Newsroom Careers Who We Are Leadership Português Games Newsroom Blog Careers Who We Are Search Jobs and keywords Something went wrong. The page you tried to access does not exist or is being maintained, but stay calm. How about trying to put the puzzle together? Congratulations 00:00:00 Don't miss Wildlife's news! Subscribe to our newsletter. Email ok I have read and accepted the Read the Privacy Policy. Unleash your potential and explore the fut","progress_feedback|game_progression","","game_progression","no_pricing_signal","Error: Page not Found | Wildlife","404","error:http_404","pricing_or_plan_page","progress_feedback|game_progression","subscription_or_premium_language","","unreachable_or_not_found","Error: Page not Found | Wildlife Games Publishing Newsroom Careers Who We Are Leadership Português Games Newsroom Blog Careers Who We Are Search Jobs and keywords Something went wrong. The page you tried to access does not exist or is being maintained, but stay calm. How about trying to put the puzzle together? Congratulations 00:00:00 Don't miss Wildlife's news! Subscribe to our newsletter. Email ok I have read and accepted the Read the Privacy Policy. Unleash your potential and explore the fut","2026-05-31T03:17:05.902Z","low","error:http_404"
"CP_0097","Jurassic World™: The Game","Ludia Games Inc.","public_web","company_positioning_page","Company/public web positioning","https://www.ludia.com/","https://www.ludia.com/","https://www.ludia.com/","ludia.com","gaming","homepage","known_domain_homepage","97","homepage","","","subscription_or_premium_language|purchase_or_upgrade_cta","yes","yes_or_language_present","Home | Ludia Montreal Home | Ludia Montreal Ludia is a leading mobile gaming company based in Montreal. top of pageABOUT USGAMESCAREERCONTACTMENU CONTACTCAREERGAMESSAINSTAGRAM LINKEDIN FACEBOOK BUOTUSAdd Add CLOSE ABOUT USGAMESCAREERCONTACT Create the best of mobile gamingscroll to discover our universe about usSpanning across nearly two decades, Montreal-based Ludia designs, creates and distributes award-winning cross-platform digital games. Our high-quality product portfolio consists of original and world-recognize","game_progression","","game_progression","no_pricing_signal","Home | Ludia Montreal","200","ok","homepage","game_progression","subscription_or_premium_language|purchase_or_upgrade_cta","","public_company_or_product_page","Home | Ludia Montreal Ludia is a leading mobile gaming company based in Montreal. top of pageABOUT USGAMESCAREERCONTACTMENU CONTACTCAREERGAMESSAINSTAGRAM LINKEDIN FACEBOOK BUOTUSAdd Add CLOSE ABOUT USGAMESCAREERCONTACT Create the best of mobile gamingscroll to discover our universe about usSpanning across nearly two decades, Montreal-based Ludia designs, creates and distributes award-winning cross-platform digital games. Our high-quality product portfolio consists of original and world-recognize","2026-05-31T03:17:06.783Z","medium","ok"
"CP_0098","Jurassic World™: The Game","Ludia Games Inc.","public_web","company_positioning_page","Company/public web positioning","https://www.ludia.com/","https://www.ludia.com","https://www.ludia.com/","ludia.com","gaming","homepage","known_domain_homepage","98","homepage","","","subscription_or_premium_language|purchase_or_upgrade_cta","yes","yes_or_language_present","Home | Ludia Montreal Home | Ludia Montreal Ludia is a leading mobile gaming company based in Montreal. top of pageABOUT USGAMESCAREERCONTACTMENU CONTACTCAREERGAMESSAINSTAGRAM LINKEDIN FACEBOOK BUOTUSAdd Add CLOSE ABOUT USGAMESCAREERCONTACT Create the best of mobile gamingscroll to discover our universe about usSpanning across nearly two decades, Montreal-based Ludia designs, creates and distributes award-winning cross-platform digital games. Our high-quality product portfolio consists of original and world-recognize","game_progression","","game_progression","no_pricing_signal","Home | Ludia Montreal","200","ok","homepage","game_progression","subscription_or_premium_language|purchase_or_upgrade_cta","","public_company_or_product_page","Home | Ludia Montreal Ludia is a leading mobile gaming company based in Montreal. top of pageABOUT USGAMESCAREERCONTACTMENU CONTACTCAREERGAMESSAINSTAGRAM LINKEDIN FACEBOOK BUOTUSAdd Add CLOSE ABOUT USGAMESCAREERCONTACT Create the best of mobile gamingscroll to discover our universe about usSpanning across nearly two decades, Montreal-based Ludia designs, creates and distributes award-winning cross-platform digital games. Our high-quality product portfolio consists of original and world-recognize","2026-05-31T03:17:07.334Z","medium","ok"
"CP_0099","Jurassic World™: The Game","Ludia Games Inc.","public_web","company_positioning_page","Company/public web positioning","https://www.ludia.com/pricing","https://www.ludia.com/pricing","https://www.ludia.com/pricing","ludia.com","gaming","pricing_or_plan_page","known_domain_pricing_or_plan_page","99","pricing_or_plan_page","","","no_clean_public_monetization_signal","yes","","404 Error: Page Not Found 404 Error: Page Not Found","unclassified_public_positioning","","","no_pricing_signal","404 Error: Page Not Found","404","error:http_404","pricing_or_plan_page","unclassified_public_positioning","no_clean_public_monetization_signal","","unreachable_or_not_found","404 Error: Page Not Found","2026-05-31T03:17:07.686Z","low","error:http_404"
"CP_0100","Jurassic World™: The Game","Ludia Games Inc.","public_web","company_positioning_page","Company/public web positioning","https://www.ludia.com/plans","https://www.ludia.com/plans","https://www.ludia.com/plans","ludia.com","gaming","pricing_or_plan_page","known_domain_pricing_or_plan_page","100","pricing_or_plan_page","","","no_clean_public_monetization_signal","yes","","404 Error: Page Not Found 404 Error: Page Not Found","unclassified_public_positioning","","","no_pricing_signal","404 Error: Page Not Found","404","error:http_404","pricing_or_plan_page","unclassified_public_positioning","no_clean_public_monetization_signal","","unreachable_or_not_found","404 Error: Page Not Found","2026-05-31T03:17:08.049Z","low","error:http_404"
"CP_0101","Jurassic World™: The Game","Ludia Games Inc.","public_web","company_positioning_page","Company/public web positioning","https://www.ludia.com/premium","https://www.ludia.com/premium","https://www.ludia.com/premium","ludia.com","gaming","pricing_or_plan_page","known_domain_pricing_or_plan_page","101","pricing_or_plan_page","","","no_clean_public_monetization_signal","yes","","404 Error: Page Not Found 404 Error: Page Not Found","unclassified_public_positioning","","","no_pricing_signal","404 Error: Page Not Found","404","error:http_404","pricing_or_plan_page","unclassified_public_positioning","no_clean_public_monetization_signal","","unreachable_or_not_found","404 Error: Page Not Found","2026-05-31T03:17:08.456Z","low","error:http_404"
"CP_0102","Jurassic World™: The Game","Ludia Games Inc.","public_web","company_positioning_page","Company/public web positioning","https://www.ludia.com/subscribe","https://www.ludia.com/subscribe","https://www.ludia.com/subscribe","ludia.com","gaming","pricing_or_plan_page","known_domain_pricing_or_plan_page","102","pricing_or_plan_page","","","no_clean_public_monetization_signal","yes","","404 Error: Page Not Found 404 Error: Page Not Found","unclassified_public_positioning","","","no_pricing_signal","404 Error: Page Not Found","404","error:http_404","pricing_or_plan_page","unclassified_public_positioning","no_clean_public_monetization_signal","","unreachable_or_not_found","404 Error: Page Not Found","2026-05-31T03:17:08.780Z","low","error:http_404"
"CP_0103","Jurassic World™: The Game","Ludia Games Inc.","public_web","company_positioning_page","Company/public web positioning","https://www.ludia.com/subscription","https://www.ludia.com/subscription","https://www.ludia.com/subscription","ludia.com","gaming","pricing_or_plan_page","known_domain_pricing_or_plan_page","103","pricing_or_plan_page","","","no_clean_public_monetization_signal","yes","","404 Error: Page Not Found 404 Error: Page Not Found","unclassified_public_positioning","","","no_pricing_signal","404 Error: Page Not Found","404","error:http_404","pricing_or_plan_page","unclassified_public_positioning","no_clean_public_monetization_signal","","unreachable_or_not_found","404 Error: Page Not Found","2026-05-31T03:17:09.110Z","low","error:http_404"
"CP_0104","Jurassic World™: The Game","Ludia Games Inc.","public_web","company_positioning_page","Company/public web positioning","https://www.ludia.com/upgrade","https://www.ludia.com/upgrade","https://www.ludia.com/upgrade","ludia.com","gaming","pricing_or_plan_page","known_domain_pricing_or_plan_page","104","pricing_or_plan_page","","","no_clean_public_monetization_signal","yes","","404 Error: Page Not Found 404 Error: Page Not Found","unclassified_public_positioning","","","no_pricing_signal","404 Error: Page Not Found","404","error:http_404","pricing_or_plan_page","unclassified_public_positioning","no_clean_public_monetization_signal","","unreachable_or_not_found","404 Error: Page Not Found","2026-05-31T03:17:09.424Z","low","error:http_404"
"CP_0105","Mario Kart Tour","Nintendo Co., Ltd.","public_web","company_positioning_page","Company/public web positioning","https://mariokarttour.com/","https://mariokarttour.com/","https://mariokarttour.com/","mariokarttour.com","gaming","homepage","known_domain_homepage","105","homepage","","","no_clean_public_monetization_signal","yes","","","unclassified_public_positioning","","","no_pricing_signal","","200","ok","homepage","unclassified_public_positioning","no_clean_public_monetization_signal","","public_company_or_product_page","","2026-05-31T03:17:09.925Z","low","ok"
"CP_0106","Mario Kart Tour","Nintendo Co., Ltd.","public_web","company_positioning_page","Company/public web positioning","https://mariokarttour.com/","https://mariokarttour.com","https://mariokarttour.com/","mariokarttour.com","gaming","homepage","known_domain_homepage","106","homepage","","","no_clean_public_monetization_signal","yes","","","unclassified_public_positioning","","","no_pricing_signal","","200","ok","homepage","unclassified_public_positioning","no_clean_public_monetization_signal","","public_company_or_product_page","","2026-05-31T03:17:10.123Z","low","ok"
"CP_0107","Mario Kart Tour","Nintendo Co., Ltd.","public_web","company_positioning_page","Company/public web positioning","https://mariokarttour.com/pricing","https://mariokarttour.com/pricing","https://mariokarttour.com/pricing","mariokarttour.com","gaming","pricing_or_plan_page","known_domain_pricing_or_plan_page","107","pricing_or_plan_page","","","no_clean_public_monetization_signal","yes","","Loading...","unclassified_public_positioning","","","no_pricing_signal","","404","error:http_404","pricing_or_plan_page","unclassified_public_positioning","no_clean_public_monetization_signal","","public_company_or_product_page","Loading...","2026-05-31T03:17:10.362Z","low","error:http_404"
"CP_0108","Mario Kart Tour","Nintendo Co., Ltd.","public_web","company_positioning_page","Company/public web positioning","https://mariokarttour.com/plans","https://mariokarttour.com/plans","https://mariokarttour.com/plans","mariokarttour.com","gaming","pricing_or_plan_page","known_domain_pricing_or_plan_page","108","pricing_or_plan_page","","","no_clean_public_monetization_signal","yes","","Loading...","unclassified_public_positioning","","","no_pricing_signal","","404","error:http_404","pricing_or_plan_page","unclassified_public_positioning","no_clean_public_monetization_signal","","public_company_or_product_page","Loading...","2026-05-31T03:17:10.913Z","low","error:http_404"
"CP_0109","Mario Kart Tour","Nintendo Co., Ltd.","public_web","company_positioning_page","Company/public web positioning","https://mariokarttour.com/premium","https://mariokarttour.com/premium","https://mariokarttour.com/premium","mariokarttour.com","gaming","pricing_or_plan_page","known_domain_pricing_or_plan_page","109","pricing_or_plan_page","","","no_clean_public_monetization_signal","yes","","Loading...","unclassified_public_positioning","","","no_pricing_signal","","404","error:http_404","pricing_or_plan_page","unclassified_public_positioning","no_clean_public_monetization_signal","","public_company_or_product_page","Loading...","2026-05-31T03:17:11.151Z","low","error:http_404"
"CP_0110","Mario Kart Tour","Nintendo Co., Ltd.","public_web","company_positioning_page","Company/public web positioning","https://mariokarttour.com/subscribe","https://mariokarttour.com/subscribe","https://mariokarttour.com/subscribe","mariokarttour.com","gaming","pricing_or_plan_page","known_domain_pricing_or_plan_page","110","pricing_or_plan_page","","","no_clean_public_monetization_signal","yes","","Loading...","unclassified_public_positioning","","","no_pricing_signal","","404","error:http_404","pricing_or_plan_page","unclassified_public_positioning","no_clean_public_monetization_signal","","public_company_or_product_page","Loading...","2026-05-31T03:17:11.430Z","low","error:http_404"
"CP_0111","Mario Kart Tour","Nintendo Co., Ltd.","public_web","company_positioning_page","Company/public web positioning","https://mariokarttour.com/subscription","https://mariokarttour.com/subscription","https://mariokarttour.com/subscription","mariokarttour.com","gaming","pricing_or_plan_page","known_domain_pricing_or_plan_page","111","pricing_or_plan_page","","","no_clean_public_monetization_signal","yes","","Loading...","unclassified_public_positioning","","","no_pricing_signal","","404","error:http_404","pricing_or_plan_page","unclassified_public_positioning","no_clean_public_monetization_signal","","public_company_or_product_page","Loading...","2026-05-31T03:17:11.671Z","low","error:http_404"
"CP_0112","Mario Kart Tour","Nintendo Co., Ltd.","public_web","company_positioning_page","Company/public web positioning","https://mariokarttour.com/upgrade","https://mariokarttour.com/upgrade","https://mariokarttour.com/upgrade","mariokarttour.com","gaming","pricing_or_plan_page","known_domain_pricing_or_plan_page","112","pricing_or_plan_page","","","no_clean_public_monetization_signal","yes","","Loading...","unclassified_public_positioning","","","no_pricing_signal","","404","error:http_404","pricing_or_plan_page","unclassified_public_positioning","no_clean_public_monetization_signal","","public_company_or_product_page","Loading...","2026-05-31T03:17:11.927Z","low","error:http_404"
"CP_0113","Mob Control","VOODOO","public_web","company_positioning_page","Company/public web positioning","https://voodoo.io/","https://www.voodoo.io/","https://voodoo.io/","voodoo.io","gaming","homepage","known_domain_homepage","113","homepage","","","visible_price_or_pricing_language","yes","","Voodoo | Entertain the world Voodoo | Entertain the world We entertain the world with iconic apps and games. CompanyPublishingCareersNewsCompanyPublishingCareersNewsCompanyPublishingCareersNewsCompanyPublishingCareersNewsThe always fresh, oddly satisfying strategy game where anyone can feel skilled and powerful.An endlessly engaging puzzle that’s easy to pick up but hard to put down. Sharpen your mind with each block you place.A classic and timeless board game. Immerse yourself in a world of strategy where your mind is your","game_progression","","game_progression","$670","Voodoo | Entertain the world","200","ok","homepage","game_progression","visible_price_or_pricing_language","$670","public_company_or_product_page","Voodoo | Entertain the world We entertain the world with iconic apps and games. CompanyPublishingCareersNewsCompanyPublishingCareersNewsCompanyPublishingCareersNewsCompanyPublishingCareersNewsThe always fresh, oddly satisfying strategy game where anyone can feel skilled and powerful.An endlessly engaging puzzle that’s easy to pick up but hard to put down. Sharpen your mind with each block you place.A classic and timeless board game. Immerse yourself in a world of strategy where your mind is your","2026-05-31T03:17:12.506Z","medium_high","ok"
"CP_0114","Mob Control","VOODOO","public_web","company_positioning_page","Company/public web positioning","https://voodoo.io/","https://www.voodoo.io","https://voodoo.io/","voodoo.io","gaming","homepage","known_domain_homepage","114","homepage","","","visible_price_or_pricing_language","yes","","Voodoo | Entertain the world Voodoo | Entertain the world We entertain the world with iconic apps and games. CompanyPublishingCareersNewsCompanyPublishingCareersNewsCompanyPublishingCareersNewsCompanyPublishingCareersNewsThe always fresh, oddly satisfying strategy game where anyone can feel skilled and powerful.An endlessly engaging puzzle that’s easy to pick up but hard to put down. Sharpen your mind with each block you place.A classic and timeless board game. Immerse yourself in a world of strategy where your mind is your","game_progression","","game_progression","$670","Voodoo | Entertain the world","200","ok","homepage","game_progression","visible_price_or_pricing_language","$670","public_company_or_product_page","Voodoo | Entertain the world We entertain the world with iconic apps and games. CompanyPublishingCareersNewsCompanyPublishingCareersNewsCompanyPublishingCareersNewsCompanyPublishingCareersNewsThe always fresh, oddly satisfying strategy game where anyone can feel skilled and powerful.An endlessly engaging puzzle that’s easy to pick up but hard to put down. Sharpen your mind with each block you place.A classic and timeless board game. Immerse yourself in a world of strategy where your mind is your","2026-05-31T03:17:12.723Z","medium_high","ok"
"CP_0115","Mob Control","VOODOO","public_web","company_positioning_page","Company/public web positioning","https://voodoo.io/pricing","https://www.voodoo.io/pricing","https://voodoo.io/pricing","voodoo.io","gaming","pricing_or_plan_page","known_domain_pricing_or_plan_page","115","pricing_or_plan_page","","","no_clean_public_monetization_signal","yes","","404 | Voodoo 404 | Voodoo We entertain the world with iconic apps and games. CompanyPublishingCareersNewsCompanyPublishingCareersNewsCompanyPublishingCareersNewsCompanyPublishingCareersNewsPage not foundWe're sorry but the page you requested can't be found. The URL may be misspelled or the page is no longer available.Back to homeEntertain the world© 2026 VoodooServicesPublishingAcademyAdsAbout usCompanyCareersNewsPressLegalTerms of servicePrivacyLegalCookie PolicyCookie SettingsEntertain the world© 2026 Vood","habit_action_loop|game_progression","","game_progression","no_pricing_signal","404 | Voodoo","404","error:http_404","pricing_or_plan_page","habit_action_loop|game_progression","no_clean_public_monetization_signal","","unreachable_or_not_found","404 | Voodoo We entertain the world with iconic apps and games. CompanyPublishingCareersNewsCompanyPublishingCareersNewsCompanyPublishingCareersNewsCompanyPublishingCareersNewsPage not foundWe're sorry but the page you requested can't be found. The URL may be misspelled or the page is no longer available.Back to homeEntertain the world© 2026 VoodooServicesPublishingAcademyAdsAbout usCompanyCareersNewsPressLegalTerms of servicePrivacyLegalCookie PolicyCookie SettingsEntertain the world© 2026 Vood","2026-05-31T03:17:12.918Z","low","error:http_404"
"CP_0116","Mob Control","VOODOO","public_web","company_positioning_page","Company/public web positioning","https://voodoo.io/plans","https://www.voodoo.io/plans","https://voodoo.io/plans","voodoo.io","gaming","pricing_or_plan_page","known_domain_pricing_or_plan_page","116","pricing_or_plan_page","","","no_clean_public_monetization_signal","yes","","404 | Voodoo 404 | Voodoo We entertain the world with iconic apps and games. CompanyPublishingCareersNewsCompanyPublishingCareersNewsCompanyPublishingCareersNewsCompanyPublishingCareersNewsPage not foundWe're sorry but the page you requested can't be found. The URL may be misspelled or the page is no longer available.Back to homeEntertain the world© 2026 VoodooServicesPublishingAcademyAdsAbout usCompanyCareersNewsPressLegalTerms of servicePrivacyLegalCookie PolicyCookie SettingsEntertain the world© 2026 Vood","habit_action_loop|game_progression","","game_progression","no_pricing_signal","404 | Voodoo","404","error:http_404","pricing_or_plan_page","habit_action_loop|game_progression","no_clean_public_monetization_signal","","unreachable_or_not_found","404 | Voodoo We entertain the world with iconic apps and games. CompanyPublishingCareersNewsCompanyPublishingCareersNewsCompanyPublishingCareersNewsCompanyPublishingCareersNewsPage not foundWe're sorry but the page you requested can't be found. The URL may be misspelled or the page is no longer available.Back to homeEntertain the world© 2026 VoodooServicesPublishingAcademyAdsAbout usCompanyCareersNewsPressLegalTerms of servicePrivacyLegalCookie PolicyCookie SettingsEntertain the world© 2026 Vood","2026-05-31T03:17:13.109Z","low","error:http_404"
"CP_0117","Mob Control","VOODOO","public_web","company_positioning_page","Company/public web positioning","https://voodoo.io/premium","https://www.voodoo.io/premium","https://voodoo.io/premium","voodoo.io","gaming","pricing_or_plan_page","known_domain_pricing_or_plan_page","117","pricing_or_plan_page","","","no_clean_public_monetization_signal","yes","","404 | Voodoo 404 | Voodoo We entertain the world with iconic apps and games. CompanyPublishingCareersNewsCompanyPublishingCareersNewsCompanyPublishingCareersNewsCompanyPublishingCareersNewsPage not foundWe're sorry but the page you requested can't be found. The URL may be misspelled or the page is no longer available.Back to homeEntertain the world© 2026 VoodooServicesPublishingAcademyAdsAbout usCompanyCareersNewsPressLegalTerms of servicePrivacyLegalCookie PolicyCookie SettingsEntertain the world© 2026 Vood","habit_action_loop|game_progression","","game_progression","no_pricing_signal","404 | Voodoo","404","error:http_404","pricing_or_plan_page","habit_action_loop|game_progression","no_clean_public_monetization_signal","","unreachable_or_not_found","404 | Voodoo We entertain the world with iconic apps and games. CompanyPublishingCareersNewsCompanyPublishingCareersNewsCompanyPublishingCareersNewsCompanyPublishingCareersNewsPage not foundWe're sorry but the page you requested can't be found. The URL may be misspelled or the page is no longer available.Back to homeEntertain the world© 2026 VoodooServicesPublishingAcademyAdsAbout usCompanyCareersNewsPressLegalTerms of servicePrivacyLegalCookie PolicyCookie SettingsEntertain the world© 2026 Vood","2026-05-31T03:17:13.300Z","low","error:http_404"
"CP_0118","Mob Control","VOODOO","public_web","company_positioning_page","Company/public web positioning","https://voodoo.io/subscribe","https://www.voodoo.io/subscribe","https://voodoo.io/subscribe","voodoo.io","gaming","pricing_or_plan_page","known_domain_pricing_or_plan_page","118","pricing_or_plan_page","","","no_clean_public_monetization_signal","yes","","404 | Voodoo 404 | Voodoo We entertain the world with iconic apps and games. CompanyPublishingCareersNewsCompanyPublishingCareersNewsCompanyPublishingCareersNewsCompanyPublishingCareersNewsPage not foundWe're sorry but the page you requested can't be found. The URL may be misspelled or the page is no longer available.Back to homeEntertain the world© 2026 VoodooServicesPublishingAcademyAdsAbout usCompanyCareersNewsPressLegalTerms of servicePrivacyLegalCookie PolicyCookie SettingsEntertain the world© 2026 Vood","habit_action_loop|game_progression","","game_progression","no_pricing_signal","404 | Voodoo","404","error:http_404","pricing_or_plan_page","habit_action_loop|game_progression","no_clean_public_monetization_signal","","unreachable_or_not_found","404 | Voodoo We entertain the world with iconic apps and games. CompanyPublishingCareersNewsCompanyPublishingCareersNewsCompanyPublishingCareersNewsCompanyPublishingCareersNewsPage not foundWe're sorry but the page you requested can't be found. The URL may be misspelled or the page is no longer available.Back to homeEntertain the world© 2026 VoodooServicesPublishingAcademyAdsAbout usCompanyCareersNewsPressLegalTerms of servicePrivacyLegalCookie PolicyCookie SettingsEntertain the world© 2026 Vood","2026-05-31T03:17:13.490Z","low","error:http_404"
"CP_0119","Mob Control","VOODOO","public_web","company_positioning_page","Company/public web positioning","https://voodoo.io/subscription","https://www.voodoo.io/subscription","https://voodoo.io/subscription","voodoo.io","gaming","pricing_or_plan_page","known_domain_pricing_or_plan_page","119","pricing_or_plan_page","","","no_clean_public_monetization_signal","yes","","404 | Voodoo 404 | Voodoo We entertain the world with iconic apps and games. CompanyPublishingCareersNewsCompanyPublishingCareersNewsCompanyPublishingCareersNewsCompanyPublishingCareersNewsPage not foundWe're sorry but the page you requested can't be found. The URL may be misspelled or the page is no longer available.Back to homeEntertain the world© 2026 VoodooServicesPublishingAcademyAdsAbout usCompanyCareersNewsPressLegalTerms of servicePrivacyLegalCookie PolicyCookie SettingsEntertain the world© 2026 Vood","habit_action_loop|game_progression","","game_progression","no_pricing_signal","404 | Voodoo","404","error:http_404","pricing_or_plan_page","habit_action_loop|game_progression","no_clean_public_monetization_signal","","unreachable_or_not_found","404 | Voodoo We entertain the world with iconic apps and games. CompanyPublishingCareersNewsCompanyPublishingCareersNewsCompanyPublishingCareersNewsCompanyPublishingCareersNewsPage not foundWe're sorry but the page you requested can't be found. The URL may be misspelled or the page is no longer available.Back to homeEntertain the world© 2026 VoodooServicesPublishingAcademyAdsAbout usCompanyCareersNewsPressLegalTerms of servicePrivacyLegalCookie PolicyCookie SettingsEntertain the world© 2026 Vood","2026-05-31T03:17:13.679Z","low","error:http_404"
"CP_0120","Mob Control","VOODOO","public_web","company_positioning_page","Company/public web positioning","https://voodoo.io/upgrade","https://www.voodoo.io/upgrade","https://voodoo.io/upgrade","voodoo.io","gaming","pricing_or_plan_page","known_domain_pricing_or_plan_page","120","pricing_or_plan_page","","","no_clean_public_monetization_signal","yes","","404 | Voodoo 404 | Voodoo We entertain the world with iconic apps and games. CompanyPublishingCareersNewsCompanyPublishingCareersNewsCompanyPublishingCareersNewsCompanyPublishingCareersNewsPage not foundWe're sorry but the page you requested can't be found. The URL may be misspelled or the page is no longer available.Back to homeEntertain the world© 2026 VoodooServicesPublishingAcademyAdsAbout usCompanyCareersNewsPressLegalTerms of servicePrivacyLegalCookie PolicyCookie SettingsEntertain the world© 2026 Vood","habit_action_loop|game_progression","","game_progression","no_pricing_signal","404 | Voodoo","404","error:http_404","pricing_or_plan_page","habit_action_loop|game_progression","no_clean_public_monetization_signal","","unreachable_or_not_found","404 | Voodoo We entertain the world with iconic apps and games. CompanyPublishingCareersNewsCompanyPublishingCareersNewsCompanyPublishingCareersNewsCompanyPublishingCareersNewsPage not foundWe're sorry but the page you requested can't be found. The URL may be misspelled or the page is no longer available.Back to homeEntertain the world© 2026 VoodooServicesPublishingAcademyAdsAbout usCompanyCareersNewsPressLegalTerms of servicePrivacyLegalCookie PolicyCookie SettingsEntertain the world© 2026 Vood","2026-05-31T03:17:13.872Z","low","error:http_404"
"CP_0121","The Sims™ FreePlay","ELECTRONIC ARTS","public_web","company_positioning_page","Company/public web positioning","https://www.ea.com/games/library/mobile","http://www.ea.com/android","https://www.ea.com/games/library/mobile","ea.com","gaming","feature_or_product_page","known_domain_feature_or_product_page","121","feature_or_product_page","","","visible_price_or_pricing_language|subscription_or_premium_language","yes","yes_or_language_present","EA Mobile Games Library - Electronic Arts EA Mobile Games Library - Electronic Arts Enter a world of endless entertainment that fits right in your pocket! From thrilling action to mind-bending puzzles, EA mobile games offer a vast variety of experiences anytime, anywhere. EA Play FIFA 23 F1™ 22 Madden NFL 23 Apex Legends Battlefield™ 2042 The Sims 4 Electronic Arts Home Latest Games Coming Soon Free-To-Play EA SPORTS EA Originals Games Library EA app Deals PC PlayStation Xbox Nintendo Switch Mobile Pogo The EA app EA Play Playtesting Co","habit_action_loop|progress_feedback|game_progression","","game_progression","pricing_page|subscription_terms","EA Mobile Games Library - Electronic Arts","200","ok","feature_or_product_page","habit_action_loop|progress_feedback|game_progression","visible_price_or_pricing_language|subscription_or_premium_language","","public_company_or_product_page","EA Mobile Games Library - Electronic Arts Enter a world of endless entertainment that fits right in your pocket! From thrilling action to mind-bending puzzles, EA mobile games offer a vast variety of experiences anytime, anywhere. EA Play FIFA 23 F1™ 22 Madden NFL 23 Apex Legends Battlefield™ 2042 The Sims 4 Electronic Arts Home Latest Games Coming Soon Free-To-Play EA SPORTS EA Originals Games Library EA app Deals PC PlayStation Xbox Nintendo Switch Mobile Pogo The EA app EA Play Playtesting Co","2026-05-31T03:17:14.716Z","medium_high","ok"
"CP_0122","The Sims™ FreePlay","ELECTRONIC ARTS","public_web","company_positioning_page","Company/public web positioning","https://www.ea.com/","http://www.ea.com","https://www.ea.com/","ea.com","gaming","homepage","known_domain_homepage","122","homepage","","","visible_price_or_pricing_language|subscription_or_premium_language","yes","yes_or_language_present","Electronic Arts Home Page - Official EA Site Electronic Arts Home Page - Official EA Site We exist to inspire the world through Play. Electronic Arts is a leading publisher of games on Console, PC and Mobile. EA Play FIFA 23 F1™ 22 Madden NFL 23 Apex Legends Battlefield™ 2042 The Sims 4 Electronic Arts Home Latest Games Coming Soon Free-To-Play EA SPORTS EA Originals Games Library EA app Deals PC PlayStation Xbox Nintendo Switch Mobile Pogo The EA app EA Play Playtesting Company Careers News Technology EA Studios EA Partners Our Commitment","community_social|game_progression","","community_social|game_progression","pricing_page|subscription_terms|paywall_language","Electronic Arts Home Page - Official EA Site","200","ok","homepage","community_social|game_progression","visible_price_or_pricing_language|subscription_or_premium_language","","public_company_or_product_page","Electronic Arts Home Page - Official EA Site We exist to inspire the world through Play. Electronic Arts is a leading publisher of games on Console, PC and Mobile. EA Play FIFA 23 F1™ 22 Madden NFL 23 Apex Legends Battlefield™ 2042 The Sims 4 Electronic Arts Home Latest Games Coming Soon Free-To-Play EA SPORTS EA Originals Games Library EA app Deals PC PlayStation Xbox Nintendo Switch Mobile Pogo The EA app EA Play Playtesting Company Careers News Technology EA Studios EA Partners Our Commitment","2026-05-31T03:17:15.421Z","medium_high","ok"
"CP_0123","The Sims™ FreePlay","ELECTRONIC ARTS","public_web","company_positioning_page","Company/public web positioning","https://www.ea.com/pricing","http://www.ea.com/pricing","https://www.ea.com/pricing","ea.com","gaming","pricing_or_plan_page","known_domain_pricing_or_plan_page","123","pricing_or_plan_page","","","no_clean_public_monetization_signal","yes","","404 - Official EA Site 404 - Official EA Site EA Play FIFA 23 F1™ 22 Madden NFL 23 Apex Legends Battlefield™ 2042 The Sims 4 Electronic Arts Home Latest Games Coming Soon Free-To-Play EA SPORTS EA Originals Games Library EA app Deals PC PlayStation Xbox Nintendo Switch Mobile Pogo The EA app EA Play Playtesting Company Careers News Technology EA Studios EA Partners Our Commitments Positive Play People & Inclusive Culture Social Impact Environment Help EA Community Forums Player and Parental Tools Accessibility Press I","community_social|game_progression","","community_social|game_progression","no_pricing_signal","404 - Official EA Site","404","error:http_404","pricing_or_plan_page","community_social|game_progression","no_clean_public_monetization_signal","","unreachable_or_not_found","404 - Official EA Site EA Play FIFA 23 F1™ 22 Madden NFL 23 Apex Legends Battlefield™ 2042 The Sims 4 Electronic Arts Home Latest Games Coming Soon Free-To-Play EA SPORTS EA Originals Games Library EA app Deals PC PlayStation Xbox Nintendo Switch Mobile Pogo The EA app EA Play Playtesting Company Careers News Technology EA Studios EA Partners Our Commitments Positive Play People & Inclusive Culture Social Impact Environment Help EA Community Forums Player and Parental Tools Accessibility Press I","2026-05-31T03:17:15.890Z","low","error:http_404"
"CP_0124","The Sims™ FreePlay","ELECTRONIC ARTS","public_web","company_positioning_page","Company/public web positioning","https://www.ea.com/plans","http://www.ea.com/plans","https://www.ea.com/plans","ea.com","gaming","pricing_or_plan_page","known_domain_pricing_or_plan_page","124","pricing_or_plan_page","","","no_clean_public_monetization_signal","yes","","404 - Official EA Site 404 - Official EA Site EA Play FIFA 23 F1™ 22 Madden NFL 23 Apex Legends Battlefield™ 2042 The Sims 4 Electronic Arts Home Latest Games Coming Soon Free-To-Play EA SPORTS EA Originals Games Library EA app Deals PC PlayStation Xbox Nintendo Switch Mobile Pogo The EA app EA Play Playtesting Company Careers News Technology EA Studios EA Partners Our Commitments Positive Play People & Inclusive Culture Social Impact Environment Help EA Community Forums Player and Parental Tools Accessibility Press I","community_social|game_progression","","community_social|game_progression","no_pricing_signal","404 - Official EA Site","404","error:http_404","pricing_or_plan_page","community_social|game_progression","no_clean_public_monetization_signal","","unreachable_or_not_found","404 - Official EA Site EA Play FIFA 23 F1™ 22 Madden NFL 23 Apex Legends Battlefield™ 2042 The Sims 4 Electronic Arts Home Latest Games Coming Soon Free-To-Play EA SPORTS EA Originals Games Library EA app Deals PC PlayStation Xbox Nintendo Switch Mobile Pogo The EA app EA Play Playtesting Company Careers News Technology EA Studios EA Partners Our Commitments Positive Play People & Inclusive Culture Social Impact Environment Help EA Community Forums Player and Parental Tools Accessibility Press I","2026-05-31T03:17:17.494Z","low","error:http_404"
"CP_0125","The Sims™ FreePlay","ELECTRONIC ARTS","public_web","company_positioning_page","Company/public web positioning","https://www.ea.com/premium","http://www.ea.com/premium","https://www.ea.com/premium","ea.com","gaming","pricing_or_plan_page","known_domain_pricing_or_plan_page","125","pricing_or_plan_page","","","no_clean_public_monetization_signal","yes","","404 - Official EA Site 404 - Official EA Site EA Play FIFA 23 F1™ 22 Madden NFL 23 Apex Legends Battlefield™ 2042 The Sims 4 Electronic Arts Home Latest Games Coming Soon Free-To-Play EA SPORTS EA Originals Games Library EA app Deals PC PlayStation Xbox Nintendo Switch Mobile Pogo The EA app EA Play Playtesting Company Careers News Technology EA Studios EA Partners Our Commitments Positive Play People & Inclusive Culture Social Impact Environment Help EA Community Forums Player and Parental Tools Accessibility Press I","community_social|game_progression","","community_social|game_progression","no_pricing_signal","404 - Official EA Site","404","error:http_404","pricing_or_plan_page","community_social|game_progression","no_clean_public_monetization_signal","","unreachable_or_not_found","404 - Official EA Site EA Play FIFA 23 F1™ 22 Madden NFL 23 Apex Legends Battlefield™ 2042 The Sims 4 Electronic Arts Home Latest Games Coming Soon Free-To-Play EA SPORTS EA Originals Games Library EA app Deals PC PlayStation Xbox Nintendo Switch Mobile Pogo The EA app EA Play Playtesting Company Careers News Technology EA Studios EA Partners Our Commitments Positive Play People & Inclusive Culture Social Impact Environment Help EA Community Forums Player and Parental Tools Accessibility Press I","2026-05-31T03:17:18.837Z","low","error:http_404"
"CP_0126","The Sims™ FreePlay","ELECTRONIC ARTS","public_web","company_positioning_page","Company/public web positioning","https://www.ea.com/ea-play","http://www.ea.com/subscribe","https://www.ea.com/ea-play","ea.com","gaming","other_public_page","known_domain_other_public_page","126","other_public_page","","","visible_price_or_pricing_language|subscription_or_premium_language|trial_language|purchase_or_upgrade_cta","yes","yes_or_language_present","EA Play Membership - Official EA Site EA Play Membership - Official EA Site Unlock the world of EA. Experience unlimited access to a collection of top EA titles, trials of select new games, and more with an EA Play membership. EA Play Games Member Benefits News Newsletter FAQ Games Member Benefits News Newsletter FAQ Unlock a world of thrill Experience unlimited access to a collection of EA titles, trials of select new games and more. Join Now EA Play Member Benefits The Play List Unlimited access to an unrivaled collection of EA’s","progress_feedback|game_progression","","game_progression","$5.99|$39.99|$16.99|$119.99","EA Play Membership - Official EA Site","200","ok","other_public_page","progress_feedback|game_progression","visible_price_or_pricing_language|subscription_or_premium_language|trial_language|purchase_or_upgrade_cta","$5.99|$39.99|$16.99|$119.99","public_company_or_product_page","EA Play Membership - Official EA Site Unlock the world of EA. Experience unlimited access to a collection of top EA titles, trials of select new games, and more with an EA Play membership. EA Play Games Member Benefits News Newsletter FAQ Games Member Benefits News Newsletter FAQ Unlock a world of thrill Experience unlimited access to a collection of EA titles, trials of select new games and more. Join Now EA Play Member Benefits The Play List Unlimited access to an unrivaled collection of EA’s","2026-05-31T03:17:19.661Z","medium_high","ok"
"CP_0127","The Sims™ FreePlay","ELECTRONIC ARTS","public_web","company_positioning_page","Company/public web positioning","https://www.ea.com/subscription","http://www.ea.com/subscription","https://www.ea.com/subscription","ea.com","gaming","pricing_or_plan_page","known_domain_pricing_or_plan_page","127","pricing_or_plan_page","","","no_clean_public_monetization_signal","yes","","404 - Official EA Site 404 - Official EA Site EA Play FIFA 23 F1™ 22 Madden NFL 23 Apex Legends Battlefield™ 2042 The Sims 4 Electronic Arts Home Latest Games Coming Soon Free-To-Play EA SPORTS EA Originals Games Library EA app Deals PC PlayStation Xbox Nintendo Switch Mobile Pogo The EA app EA Play Playtesting Company Careers News Technology EA Studios EA Partners Our Commitments Positive Play People & Inclusive Culture Social Impact Environment Help EA Community Forums Player and Parental Tools Accessibility Press I","community_social|game_progression","","community_social|game_progression","no_pricing_signal","404 - Official EA Site","404","error:http_404","pricing_or_plan_page","community_social|game_progression","no_clean_public_monetization_signal","","unreachable_or_not_found","404 - Official EA Site EA Play FIFA 23 F1™ 22 Madden NFL 23 Apex Legends Battlefield™ 2042 The Sims 4 Electronic Arts Home Latest Games Coming Soon Free-To-Play EA SPORTS EA Originals Games Library EA app Deals PC PlayStation Xbox Nintendo Switch Mobile Pogo The EA app EA Play Playtesting Company Careers News Technology EA Studios EA Partners Our Commitments Positive Play People & Inclusive Culture Social Impact Environment Help EA Community Forums Player and Parental Tools Accessibility Press I","2026-05-31T03:17:20.259Z","low","error:http_404"
"CP_0128","The Sims™ FreePlay","ELECTRONIC ARTS","public_web","company_positioning_page","Company/public web positioning","https://www.ea.com/upgrade","http://www.ea.com/upgrade","https://www.ea.com/upgrade","ea.com","gaming","pricing_or_plan_page","known_domain_pricing_or_plan_page","128","pricing_or_plan_page","","","no_clean_public_monetization_signal","yes","","404 - Official EA Site 404 - Official EA Site EA Play FIFA 23 F1™ 22 Madden NFL 23 Apex Legends Battlefield™ 2042 The Sims 4 Electronic Arts Home Latest Games Coming Soon Free-To-Play EA SPORTS EA Originals Games Library EA app Deals PC PlayStation Xbox Nintendo Switch Mobile Pogo The EA app EA Play Playtesting Company Careers News Technology EA Studios EA Partners Our Commitments Positive Play People & Inclusive Culture Social Impact Environment Help EA Community Forums Player and Parental Tools Accessibility Press I","community_social|game_progression","","community_social|game_progression","no_pricing_signal","404 - Official EA Site","404","error:http_404","pricing_or_plan_page","community_social|game_progression","no_clean_public_monetization_signal","","unreachable_or_not_found","404 - Official EA Site EA Play FIFA 23 F1™ 22 Madden NFL 23 Apex Legends Battlefield™ 2042 The Sims 4 Electronic Arts Home Latest Games Coming Soon Free-To-Play EA SPORTS EA Originals Games Library EA app Deals PC PlayStation Xbox Nintendo Switch Mobile Pogo The EA app EA Play Playtesting Company Careers News Technology EA Studios EA Partners Our Commitments Positive Play People & Inclusive Culture Social Impact Environment Help EA Community Forums Player and Parental Tools Accessibility Press I","2026-05-31T03:17:21.587Z","low","error:http_404"
"CP_0129","Shadow Fight 3 - RPG fighting","NEKKI","public_web","company_positioning_page","Company/public web positioning","https://nekki.com/","http://www.nekki.com/","https://nekki.com/","nekki.com","gaming","homepage","known_domain_homepage","129","homepage","","","no_clean_public_monetization_signal","yes","","Main - Nekki - game developer and publisher Main - Nekki - game developer and publisher Games Spine Shadow Fight 4 Shadow Fight 3 Shadow Fight 2 Fight Me! Vector Shades Careers Contacts Support We create emotions worth sharing Since 2002, our games have been downloaded over a billion times. Let’s go for the next billion together! Join Nekki Our games spine.game SPINE SPINE is a single-player story rich action game focused on intense close-quarters gun fights with aesthetics of Gun Fu movies. Made with UE5 and Cascadeur, SPINE kicks off ou","habit_action_loop|game_progression","","game_progression","no_pricing_signal","Main - Nekki - game developer and publisher","200","ok","homepage","habit_action_loop|game_progression","no_clean_public_monetization_signal","","public_company_or_product_page","Main - Nekki - game developer and publisher Games Spine Shadow Fight 4 Shadow Fight 3 Shadow Fight 2 Fight Me! Vector Shades Careers Contacts Support We create emotions worth sharing Since 2002, our games have been downloaded over a billion times. Let’s go for the next billion together! Join Nekki Our games spine.game SPINE SPINE is a single-player story rich action game focused on intense close-quarters gun fights with aesthetics of Gun Fu movies. Made with UE5 and Cascadeur, SPINE kicks off ou","2026-05-31T03:17:23.813Z","medium","ok"
"CP_0130","Shadow Fight 3 - RPG fighting","NEKKI","public_web","company_positioning_page","Company/public web positioning","https://nekki.com/","http://www.nekki.com","https://nekki.com/","nekki.com","gaming","homepage","known_domain_homepage","130","homepage","","","no_clean_public_monetization_signal","yes","","Main - Nekki - game developer and publisher Main - Nekki - game developer and publisher Games Spine Shadow Fight 4 Shadow Fight 3 Shadow Fight 2 Fight Me! Vector Shades Careers Contacts Support We create emotions worth sharing Since 2002, our games have been downloaded over a billion times. Let’s go for the next billion together! Join Nekki Our games spine.game SPINE SPINE is a single-player story rich action game focused on intense close-quarters gun fights with aesthetics of Gun Fu movies. Made with UE5 and Cascadeur, SPINE kicks off ou","habit_action_loop|game_progression","","game_progression","no_pricing_signal","Main - Nekki - game developer and publisher","200","ok","homepage","habit_action_loop|game_progression","no_clean_public_monetization_signal","","public_company_or_product_page","Main - Nekki - game developer and publisher Games Spine Shadow Fight 4 Shadow Fight 3 Shadow Fight 2 Fight Me! Vector Shades Careers Contacts Support We create emotions worth sharing Since 2002, our games have been downloaded over a billion times. Let’s go for the next billion together! Join Nekki Our games spine.game SPINE SPINE is a single-player story rich action game focused on intense close-quarters gun fights with aesthetics of Gun Fu movies. Made with UE5 and Cascadeur, SPINE kicks off ou","2026-05-31T03:17:25.013Z","medium","ok"
"CP_0131","Shadow Fight 3 - RPG fighting","NEKKI","public_web","company_positioning_page","Company/public web positioning","https://nekki.com/pricing","http://www.nekki.com/pricing","https://nekki.com/pricing","nekki.com","gaming","pricing_or_plan_page","known_domain_pricing_or_plan_page","131","pricing_or_plan_page","","","subscription_or_premium_language","yes","yes_or_language_present","Страница не найдена - Nekki - game developer and publisher Страница не найдена - Nekki - game developer and publisher Games Spine Shadow Fight 4 Shadow Fight 3 Shadow Fight 2 Fight Me! Vector Shades Careers Contacts Support 404 Oops, this vacancy doesn’t exist anymore. You can check the current list below. We’re hiring All 11 Art 2 Game design 4 Marketing 2 Programming 1 QA 2 Creative Producer, Remote QA Engineer (UE5, PC/Console), Remote QA engineer (Unity, Mobile), Remote Technical Game Designer (2D mobile game), Remote Encounter Game Designer (PC/Con","game_progression","","game_progression","no_pricing_signal","Страница не найдена - Nekki - game developer and publisher","404","error:http_404","pricing_or_plan_page","game_progression","subscription_or_premium_language","","unreachable_or_not_found","Страница не найдена - Nekki - game developer and publisher Games Spine Shadow Fight 4 Shadow Fight 3 Shadow Fight 2 Fight Me! Vector Shades Careers Contacts Support 404 Oops, this vacancy doesn’t exist anymore. You can check the current list below. We’re hiring All 11 Art 2 Game design 4 Marketing 2 Programming 1 QA 2 Creative Producer, Remote QA Engineer (UE5, PC/Console), Remote QA engineer (Unity, Mobile), Remote Technical Game Designer (2D mobile game), Remote Encounter Game Designer (PC/Con","2026-05-31T03:17:25.727Z","low","error:http_404"
"CP_0132","Shadow Fight 3 - RPG fighting","NEKKI","public_web","company_positioning_page","Company/public web positioning","https://nekki.com/plans","http://www.nekki.com/plans","https://nekki.com/plans","nekki.com","gaming","pricing_or_plan_page","known_domain_pricing_or_plan_page","132","pricing_or_plan_page","","","subscription_or_premium_language","yes","yes_or_language_present","Страница не найдена - Nekki - game developer and publisher Страница не найдена - Nekki - game developer and publisher Games Spine Shadow Fight 4 Shadow Fight 3 Shadow Fight 2 Fight Me! Vector Shades Careers Contacts Support 404 Oops, this vacancy doesn’t exist anymore. You can check the current list below. We’re hiring All 11 Art 2 Game design 4 Marketing 2 Programming 1 QA 2 Creative Producer, Remote QA Engineer (UE5, PC/Console), Remote QA engineer (Unity, Mobile), Remote Technical Game Designer (2D mobile game), Remote Encounter Game Designer (PC/Con","game_progression","","game_progression","no_pricing_signal","Страница не найдена - Nekki - game developer and publisher","404","error:http_404","pricing_or_plan_page","game_progression","subscription_or_premium_language","","unreachable_or_not_found","Страница не найдена - Nekki - game developer and publisher Games Spine Shadow Fight 4 Shadow Fight 3 Shadow Fight 2 Fight Me! Vector Shades Careers Contacts Support 404 Oops, this vacancy doesn’t exist anymore. You can check the current list below. We’re hiring All 11 Art 2 Game design 4 Marketing 2 Programming 1 QA 2 Creative Producer, Remote QA Engineer (UE5, PC/Console), Remote QA engineer (Unity, Mobile), Remote Technical Game Designer (2D mobile game), Remote Encounter Game Designer (PC/Con","2026-05-31T03:17:28.228Z","low","error:http_404"
"CP_0133","Shadow Fight 3 - RPG fighting","NEKKI","public_web","company_positioning_page","Company/public web positioning","https://nekki.com/premium","http://www.nekki.com/premium","https://nekki.com/premium","nekki.com","gaming","pricing_or_plan_page","known_domain_pricing_or_plan_page","133","pricing_or_plan_page","","","subscription_or_premium_language","yes","yes_or_language_present","Страница не найдена - Nekki - game developer and publisher Страница не найдена - Nekki - game developer and publisher Games Spine Shadow Fight 4 Shadow Fight 3 Shadow Fight 2 Fight Me! Vector Shades Careers Contacts Support 404 Oops, this vacancy doesn’t exist anymore. You can check the current list below. We’re hiring All 11 Art 2 Game design 4 Marketing 2 Programming 1 QA 2 Creative Producer, Remote QA Engineer (UE5, PC/Console), Remote QA engineer (Unity, Mobile), Remote Technical Game Designer (2D mobile game), Remote Encounter Game Designer (PC/Con","game_progression","","game_progression","no_pricing_signal","Страница не найдена - Nekki - game developer and publisher","404","error:http_404","pricing_or_plan_page","game_progression","subscription_or_premium_language","","unreachable_or_not_found","Страница не найдена - Nekki - game developer and publisher Games Spine Shadow Fight 4 Shadow Fight 3 Shadow Fight 2 Fight Me! Vector Shades Careers Contacts Support 404 Oops, this vacancy doesn’t exist anymore. You can check the current list below. We’re hiring All 11 Art 2 Game design 4 Marketing 2 Programming 1 QA 2 Creative Producer, Remote QA Engineer (UE5, PC/Console), Remote QA engineer (Unity, Mobile), Remote Technical Game Designer (2D mobile game), Remote Encounter Game Designer (PC/Con","2026-05-31T03:17:29.351Z","low","error:http_404"
"CP_0134","Shadow Fight 3 - RPG fighting","NEKKI","public_web","company_positioning_page","Company/public web positioning","https://nekki.com/subscribe","http://www.nekki.com/subscribe","https://nekki.com/subscribe","nekki.com","gaming","pricing_or_plan_page","known_domain_pricing_or_plan_page","134","pricing_or_plan_page","","","subscription_or_premium_language","yes","yes_or_language_present","Страница не найдена - Nekki - game developer and publisher Страница не найдена - Nekki - game developer and publisher Games Spine Shadow Fight 4 Shadow Fight 3 Shadow Fight 2 Fight Me! Vector Shades Careers Contacts Support 404 Oops, this vacancy doesn’t exist anymore. You can check the current list below. We’re hiring All 11 Art 2 Game design 4 Marketing 2 Programming 1 QA 2 Creative Producer, Remote QA Engineer (UE5, PC/Console), Remote QA engineer (Unity, Mobile), Remote Technical Game Designer (2D mobile game), Remote Encounter Game Designer (PC/Con","game_progression","","game_progression","no_pricing_signal","Страница не найдена - Nekki - game developer and publisher","404","error:http_404","pricing_or_plan_page","game_progression","subscription_or_premium_language","","unreachable_or_not_found","Страница не найдена - Nekki - game developer and publisher Games Spine Shadow Fight 4 Shadow Fight 3 Shadow Fight 2 Fight Me! Vector Shades Careers Contacts Support 404 Oops, this vacancy doesn’t exist anymore. You can check the current list below. We’re hiring All 11 Art 2 Game design 4 Marketing 2 Programming 1 QA 2 Creative Producer, Remote QA Engineer (UE5, PC/Console), Remote QA engineer (Unity, Mobile), Remote Technical Game Designer (2D mobile game), Remote Encounter Game Designer (PC/Con","2026-05-31T03:17:30.379Z","low","error:http_404"
"CP_0135","Shadow Fight 3 - RPG fighting","NEKKI","public_web","company_positioning_page","Company/public web positioning","https://nekki.com/subscription","http://www.nekki.com/subscription","https://nekki.com/subscription","nekki.com","gaming","pricing_or_plan_page","known_domain_pricing_or_plan_page","135","pricing_or_plan_page","","","subscription_or_premium_language","yes","yes_or_language_present","Страница не найдена - Nekki - game developer and publisher Страница не найдена - Nekki - game developer and publisher Games Spine Shadow Fight 4 Shadow Fight 3 Shadow Fight 2 Fight Me! Vector Shades Careers Contacts Support 404 Oops, this vacancy doesn’t exist anymore. You can check the current list below. We’re hiring All 11 Art 2 Game design 4 Marketing 2 Programming 1 QA 2 Creative Producer, Remote QA Engineer (UE5, PC/Console), Remote QA engineer (Unity, Mobile), Remote Technical Game Designer (2D mobile game), Remote Encounter Game Designer (PC/Con","game_progression","","game_progression","no_pricing_signal","Страница не найдена - Nekki - game developer and publisher","404","error:http_404","pricing_or_plan_page","game_progression","subscription_or_premium_language","","unreachable_or_not_found","Страница не найдена - Nekki - game developer and publisher Games Spine Shadow Fight 4 Shadow Fight 3 Shadow Fight 2 Fight Me! Vector Shades Careers Contacts Support 404 Oops, this vacancy doesn’t exist anymore. You can check the current list below. We’re hiring All 11 Art 2 Game design 4 Marketing 2 Programming 1 QA 2 Creative Producer, Remote QA Engineer (UE5, PC/Console), Remote QA engineer (Unity, Mobile), Remote Technical Game Designer (2D mobile game), Remote Encounter Game Designer (PC/Con","2026-05-31T03:17:31.369Z","low","error:http_404"
"CP_0136","Shadow Fight 3 - RPG fighting","NEKKI","public_web","company_positioning_page","Company/public web positioning","https://nekki.com/upgrade","http://www.nekki.com/upgrade","https://nekki.com/upgrade","nekki.com","gaming","pricing_or_plan_page","known_domain_pricing_or_plan_page","136","pricing_or_plan_page","","","subscription_or_premium_language","yes","yes_or_language_present","Страница не найдена - Nekki - game developer and publisher Страница не найдена - Nekki - game developer and publisher Games Spine Shadow Fight 4 Shadow Fight 3 Shadow Fight 2 Fight Me! Vector Shades Careers Contacts Support 404 Oops, this vacancy doesn’t exist anymore. You can check the current list below. We’re hiring All 11 Art 2 Game design 4 Marketing 2 Programming 1 QA 2 Creative Producer, Remote QA Engineer (UE5, PC/Console), Remote QA engineer (Unity, Mobile), Remote Technical Game Designer (2D mobile game), Remote Encounter Game Designer (PC/Con","game_progression","","game_progression","no_pricing_signal","Страница не найдена - Nekki - game developer and publisher","404","error:http_404","pricing_or_plan_page","game_progression","subscription_or_premium_language","","unreachable_or_not_found","Страница не найдена - Nekki - game developer and publisher Games Spine Shadow Fight 4 Shadow Fight 3 Shadow Fight 2 Fight Me! Vector Shades Careers Contacts Support 404 Oops, this vacancy doesn’t exist anymore. You can check the current list below. We’re hiring All 11 Art 2 Game design 4 Marketing 2 Programming 1 QA 2 Creative Producer, Remote QA Engineer (UE5, PC/Console), Remote QA engineer (Unity, Mobile), Remote Technical Game Designer (2D mobile game), Remote Encounter Game Designer (PC/Con","2026-05-31T03:17:32.426Z","low","error:http_404"
"CP_0137","Modern Strike Online: War FPS","Azur Interactive Games Limited","public_web","company_positioning_page","Company/public web positioning","https://azurgames.com/","https://azurgames.com/","https://azurgames.com/","azurgames.com","gaming","homepage","known_domain_homepage","137","homepage","","","subscription_or_premium_language|b2b_sales_motion","yes","yes_or_language_present","AZUR GAMES - Play, Publish, Work, Grow with Us! AZUR GAMES - Play, Publish, Work, Grow with Us! AZUR GAMES is a top 5 international mobile games developer and publisher. About us Games Publishing Blog All Case Studies GameDev News Interviews Submit game Game Submission Form Contact information Full name E-mail Game information Game title Gameplay video link Is your game live on the App Store/Google Play store? YesNo APK download link Please enter the app URL Tell us more about your game Team Studio name Website (optional) Location Portfolio l","b2b_enterprise|game_progression","","b2b_enterprise|game_progression","subscription_terms|app_store_redirect","AZUR GAMES - Play, Publish, Work, Grow with Us!","200","ok","homepage","b2b_enterprise|game_progression","subscription_or_premium_language|b2b_sales_motion","","b2b_or_parent_context_possible","AZUR GAMES - Play, Publish, Work, Grow with Us! AZUR GAMES is a top 5 international mobile games developer and publisher. About us Games Publishing Blog All Case Studies GameDev News Interviews Submit game Game Submission Form Contact information Full name E-mail Game information Game title Gameplay video link Is your game live on the App Store/Google Play store? YesNo APK download link Please enter the app URL Tell us more about your game Team Studio name Website (optional) Location Portfolio l","2026-05-31T03:17:34.583Z","medium","ok"
"CP_0138","Modern Strike Online: War FPS","Azur Interactive Games Limited","public_web","company_positioning_page","Company/public web positioning","https://azurgames.com/","https://azurgames.com","https://azurgames.com/","azurgames.com","gaming","homepage","known_domain_homepage","138","homepage","","","subscription_or_premium_language|b2b_sales_motion","yes","yes_or_language_present","AZUR GAMES - Play, Publish, Work, Grow with Us! AZUR GAMES - Play, Publish, Work, Grow with Us! AZUR GAMES is a top 5 international mobile games developer and publisher. About us Games Publishing Blog All Case Studies GameDev News Interviews Submit game Game Submission Form Contact information Full name E-mail Game information Game title Gameplay video link Is your game live on the App Store/Google Play store? YesNo APK download link Please enter the app URL Tell us more about your game Team Studio name Website (optional) Location Portfolio l","b2b_enterprise|game_progression","","b2b_enterprise|game_progression","subscription_terms|app_store_redirect","AZUR GAMES - Play, Publish, Work, Grow with Us!","200","ok","homepage","b2b_enterprise|game_progression","subscription_or_premium_language|b2b_sales_motion","","b2b_or_parent_context_possible","AZUR GAMES - Play, Publish, Work, Grow with Us! AZUR GAMES is a top 5 international mobile games developer and publisher. About us Games Publishing Blog All Case Studies GameDev News Interviews Submit game Game Submission Form Contact information Full name E-mail Game information Game title Gameplay video link Is your game live on the App Store/Google Play store? YesNo APK download link Please enter the app URL Tell us more about your game Team Studio name Website (optional) Location Portfolio l","2026-05-31T03:17:35.486Z","medium","ok"
"CP_0139","Modern Strike Online: War FPS","Azur Interactive Games Limited","public_web","company_positioning_page","Company/public web positioning","https://azurgames.com/pricing","https://azurgames.com/pricing","https://azurgames.com/pricing","azurgames.com","gaming","pricing_or_plan_page","known_domain_pricing_or_plan_page","139","pricing_or_plan_page","","","no_clean_public_monetization_signal","yes","","404 404 Oh no! Page can't be found Quick! Let's get you... Back home","unclassified_public_positioning","","","no_pricing_signal","404","404","error:http_404","pricing_or_plan_page","unclassified_public_positioning","no_clean_public_monetization_signal","","unreachable_or_not_found","404 Oh no! Page can't be found Quick! Let's get you... Back home","2026-05-31T03:17:36.001Z","low","error:http_404"
"CP_0140","Modern Strike Online: War FPS","Azur Interactive Games Limited","public_web","company_positioning_page","Company/public web positioning","https://azurgames.com/plans","https://azurgames.com/plans","https://azurgames.com/plans","azurgames.com","gaming","pricing_or_plan_page","known_domain_pricing_or_plan_page","140","pricing_or_plan_page","","","no_clean_public_monetization_signal","yes","","404 404 Oh no! Page can't be found Quick! Let's get you... Back home","unclassified_public_positioning","","","no_pricing_signal","404","404","error:http_404","pricing_or_plan_page","unclassified_public_positioning","no_clean_public_monetization_signal","","unreachable_or_not_found","404 Oh no! Page can't be found Quick! Let's get you... Back home","2026-05-31T03:17:36.490Z","low","error:http_404"
"CP_0141","Modern Strike Online: War FPS","Azur Interactive Games Limited","public_web","company_positioning_page","Company/public web positioning","https://azurgames.com/premium","https://azurgames.com/premium","https://azurgames.com/premium","azurgames.com","gaming","pricing_or_plan_page","known_domain_pricing_or_plan_page","141","pricing_or_plan_page","","","no_clean_public_monetization_signal","yes","","404 404 Oh no! Page can't be found Quick! Let's get you... Back home","unclassified_public_positioning","","","no_pricing_signal","404","404","error:http_404","pricing_or_plan_page","unclassified_public_positioning","no_clean_public_monetization_signal","","unreachable_or_not_found","404 Oh no! Page can't be found Quick! Let's get you... Back home","2026-05-31T03:17:36.957Z","low","error:http_404"
"CP_0142","Modern Strike Online: War FPS","Azur Interactive Games Limited","public_web","company_positioning_page","Company/public web positioning","https://azurgames.com/subscribe","https://azurgames.com/subscribe","https://azurgames.com/subscribe","azurgames.com","gaming","pricing_or_plan_page","known_domain_pricing_or_plan_page","142","pricing_or_plan_page","","","no_clean_public_monetization_signal","yes","","404 404 Oh no! Page can't be found Quick! Let's get you... Back home","unclassified_public_positioning","","","no_pricing_signal","404","404","error:http_404","pricing_or_plan_page","unclassified_public_positioning","no_clean_public_monetization_signal","","unreachable_or_not_found","404 Oh no! Page can't be found Quick! Let's get you... Back home","2026-05-31T03:17:37.449Z","low","error:http_404"
"CP_0143","Modern Strike Online: War FPS","Azur Interactive Games Limited","public_web","company_positioning_page","Company/public web positioning","https://azurgames.com/subscription","https://azurgames.com/subscription","https://azurgames.com/subscription","azurgames.com","gaming","pricing_or_plan_page","known_domain_pricing_or_plan_page","143","pricing_or_plan_page","","","no_clean_public_monetization_signal","yes","","404 404 Oh no! Page can't be found Quick! Let's get you... Back home","unclassified_public_positioning","","","no_pricing_signal","404","404","error:http_404","pricing_or_plan_page","unclassified_public_positioning","no_clean_public_monetization_signal","","unreachable_or_not_found","404 Oh no! Page can't be found Quick! Let's get you... Back home","2026-05-31T03:17:37.921Z","low","error:http_404"
"CP_0144","Modern Strike Online: War FPS","Azur Interactive Games Limited","public_web","company_positioning_page","Company/public web positioning","https://azurgames.com/upgrade","https://azurgames.com/upgrade","https://azurgames.com/upgrade","azurgames.com","gaming","pricing_or_plan_page","known_domain_pricing_or_plan_page","144","pricing_or_plan_page","","","no_clean_public_monetization_signal","yes","","404 404 Oh no! Page can't be found Quick! Let's get you... Back home","unclassified_public_positioning","","","no_pricing_signal","404","404","error:http_404","pricing_or_plan_page","unclassified_public_positioning","no_clean_public_monetization_signal","","unreachable_or_not_found","404 Oh no! Page can't be found Quick! Let's get you... Back home","2026-05-31T03:17:38.446Z","low","error:http_404"
"CP_0145","Last Day on Earth: Survival","KEFIR","public_web","company_positioning_page","Company/public web positioning","https://kefirgames.com/","https://www.kefircyprus.com/","https://kefirgames.com/","kefirgames.com","gaming","homepage","known_domain_homepage","145","homepage","","","b2b_sales_motion","yes","","Kefir Kefir We are Kefir and we make games AboutCareersPartnershipCreatorsGamesSupportenWe make gamesTeamwork makes the dream workWe have assembled a team of people who are really passionate about games and game development! We love to fantasize, invent, and set the most ambitious goals for ourselves. And our team is as passionate as it is diverse, for it includes people from all over the world.JoinCareersWe make games that bring joy to millions of players from all over the world. And we share the fee","habit_action_loop|community_social|b2b_enterprise|game_progression","","community_social|b2b_enterprise|game_progression","no_pricing_signal","Kefir","200","ok","homepage","habit_action_loop|community_social|b2b_enterprise|game_progression","b2b_sales_motion","","b2b_or_parent_context_possible","Kefir We are Kefir and we make games AboutCareersPartnershipCreatorsGamesSupportenWe make gamesTeamwork makes the dream workWe have assembled a team of people who are really passionate about games and game development! We love to fantasize, invent, and set the most ambitious goals for ourselves. And our team is as passionate as it is diverse, for it includes people from all over the world.JoinCareersWe make games that bring joy to millions of players from all over the world. And we share the fee","2026-05-31T03:17:39.854Z","medium","ok"
"CP_0146","Last Day on Earth: Survival","KEFIR","public_web","company_positioning_page","Company/public web positioning","https://kefirgames.com/","https://www.kefircyprus.com","https://kefirgames.com/","kefirgames.com","gaming","homepage","known_domain_homepage","146","homepage","","","b2b_sales_motion","yes","","Kefir Kefir We are Kefir and we make games AboutCareersPartnershipCreatorsGamesSupportenWe make gamesTeamwork makes the dream workWe have assembled a team of people who are really passionate about games and game development! We love to fantasize, invent, and set the most ambitious goals for ourselves. And our team is as passionate as it is diverse, for it includes people from all over the world.JoinCareersWe make games that bring joy to millions of players from all over the world. And we share the fee","habit_action_loop|community_social|b2b_enterprise|game_progression","","community_social|b2b_enterprise|game_progression","no_pricing_signal","Kefir","200","ok","homepage","habit_action_loop|community_social|b2b_enterprise|game_progression","b2b_sales_motion","","b2b_or_parent_context_possible","Kefir We are Kefir and we make games AboutCareersPartnershipCreatorsGamesSupportenWe make gamesTeamwork makes the dream workWe have assembled a team of people who are really passionate about games and game development! We love to fantasize, invent, and set the most ambitious goals for ourselves. And our team is as passionate as it is diverse, for it includes people from all over the world.JoinCareersWe make games that bring joy to millions of players from all over the world. And we share the fee","2026-05-31T03:17:41.215Z","medium","ok"
"CP_0147","Last Day on Earth: Survival","KEFIR","public_web","company_positioning_page","Company/public web positioning","https://kefirgames.com/pricing","https://www.kefircyprus.com/pricing","https://kefirgames.com/pricing","kefirgames.com","gaming","pricing_or_plan_page","known_domain_pricing_or_plan_page","147","pricing_or_plan_page","","","no_clean_public_monetization_signal","yes","","Kefir Kefir We are Kefir and we make games","game_progression","","game_progression","no_pricing_signal","Kefir","404","error:http_404","pricing_or_plan_page","game_progression","no_clean_public_monetization_signal","","public_company_or_product_page","Kefir We are Kefir and we make games","2026-05-31T03:17:42.139Z","low","error:http_404"
"CP_0148","Last Day on Earth: Survival","KEFIR","public_web","company_positioning_page","Company/public web positioning","https://kefirgames.com/plans","https://www.kefircyprus.com/plans","https://kefirgames.com/plans","kefirgames.com","gaming","pricing_or_plan_page","known_domain_pricing_or_plan_page","148","pricing_or_plan_page","","","no_clean_public_monetization_signal","yes","","Kefir Kefir We are Kefir and we make games","game_progression","","game_progression","no_pricing_signal","Kefir","404","error:http_404","pricing_or_plan_page","game_progression","no_clean_public_monetization_signal","","public_company_or_product_page","Kefir We are Kefir and we make games","2026-05-31T03:17:43.075Z","low","error:http_404"
"CP_0149","Last Day on Earth: Survival","KEFIR","public_web","company_positioning_page","Company/public web positioning","https://kefirgames.com/premium","https://www.kefircyprus.com/premium","https://kefirgames.com/premium","kefirgames.com","gaming","pricing_or_plan_page","known_domain_pricing_or_plan_page","149","pricing_or_plan_page","","","no_clean_public_monetization_signal","yes","","Kefir Kefir We are Kefir and we make games","game_progression","","game_progression","no_pricing_signal","Kefir","404","error:http_404","pricing_or_plan_page","game_progression","no_clean_public_monetization_signal","","public_company_or_product_page","Kefir We are Kefir and we make games","2026-05-31T03:17:43.996Z","low","error:http_404"
"CP_0150","Last Day on Earth: Survival","KEFIR","public_web","company_positioning_page","Company/public web positioning","https://kefirgames.com/subscribe","https://www.kefircyprus.com/subscribe","https://kefirgames.com/subscribe","kefirgames.com","gaming","pricing_or_plan_page","known_domain_pricing_or_plan_page","150","pricing_or_plan_page","","","no_clean_public_monetization_signal","yes","","Kefir Kefir We are Kefir and we make games","game_progression","","game_progression","no_pricing_signal","Kefir","404","error:http_404","pricing_or_plan_page","game_progression","no_clean_public_monetization_signal","","public_company_or_product_page","Kefir We are Kefir and we make games","2026-05-31T03:17:45.024Z","low","error:http_404"
"CP_0151","Last Day on Earth: Survival","KEFIR","public_web","company_positioning_page","Company/public web positioning","https://kefirgames.com/subscription","https://www.kefircyprus.com/subscription","https://kefirgames.com/subscription","kefirgames.com","gaming","pricing_or_plan_page","known_domain_pricing_or_plan_page","151","pricing_or_plan_page","","","no_clean_public_monetization_signal","yes","","Kefir Kefir We are Kefir and we make games","game_progression","","game_progression","no_pricing_signal","Kefir","404","error:http_404","pricing_or_plan_page","game_progression","no_clean_public_monetization_signal","","public_company_or_product_page","Kefir We are Kefir and we make games","2026-05-31T03:17:45.941Z","low","error:http_404"
"CP_0152","Last Day on Earth: Survival","KEFIR","public_web","company_positioning_page","Company/public web positioning","https://kefirgames.com/upgrade","https://www.kefircyprus.com/upgrade","https://kefirgames.com/upgrade","kefirgames.com","gaming","pricing_or_plan_page","known_domain_pricing_or_plan_page","152","pricing_or_plan_page","","","no_clean_public_monetization_signal","yes","","Kefir Kefir We are Kefir and we make games","game_progression","","game_progression","no_pricing_signal","Kefir","404","error:http_404","pricing_or_plan_page","game_progression","no_clean_public_monetization_signal","","public_company_or_product_page","Kefir We are Kefir and we make games","2026-05-31T03:17:46.793Z","low","error:http_404"
"CP_0153","FPS Strike Ops : Modern Arena","FPS Shooter & Action Game","public_web","company_positioning_page","Company/public web positioning","https://j14d00d8.app-ads-txt.com/","https://j14d00d8.app-ads-txt.com/","https://j14d00d8.app-ads-txt.com/","j14d00d8.app-ads-txt.com","gaming","homepage","known_domain_homepage","153","homepage","","","no_clean_public_monetization_signal","yes","","app-ads-txt.com app-ads-txt.com Redirecting in seconds.","unclassified_public_positioning","","","no_pricing_signal","app-ads-txt.com","200","ok","homepage","unclassified_public_positioning","no_clean_public_monetization_signal","","public_company_or_product_page","app-ads-txt.com Redirecting in seconds.","2026-05-31T03:17:48.156Z","low","ok"
"CP_0154","FPS Strike Ops : Modern Arena","FPS Shooter & Action Game","public_web","company_positioning_page","Company/public web positioning","https://j14d00d8.app-ads-txt.com/","https://j14d00d8.app-ads-txt.com","https://j14d00d8.app-ads-txt.com/","j14d00d8.app-ads-txt.com","gaming","homepage","known_domain_homepage","154","homepage","","","no_clean_public_monetization_signal","yes","","app-ads-txt.com app-ads-txt.com Redirecting in seconds.","unclassified_public_positioning","","","no_pricing_signal","app-ads-txt.com","200","ok","homepage","unclassified_public_positioning","no_clean_public_monetization_signal","","public_company_or_product_page","app-ads-txt.com Redirecting in seconds.","2026-05-31T03:17:48.602Z","low","ok"
"CP_0155","FPS Strike Ops : Modern Arena","FPS Shooter & Action Game","public_web","company_positioning_page","Company/public web positioning","https://j14d00d8.app-ads-txt.com/pricing","https://j14d00d8.app-ads-txt.com/pricing","https://j14d00d8.app-ads-txt.com/pricing","j14d00d8.app-ads-txt.com","gaming","pricing_or_plan_page","known_domain_pricing_or_plan_page","155","pricing_or_plan_page","","","no_clean_public_monetization_signal","yes","","Not Found Not Found 404 Not Found","unclassified_public_positioning","","","no_pricing_signal","Not Found","404","error:http_404","pricing_or_plan_page","unclassified_public_positioning","no_clean_public_monetization_signal","","unreachable_or_not_found","Not Found 404 Not Found","2026-05-31T03:17:49.026Z","low","error:http_404"
"CP_0156","FPS Strike Ops : Modern Arena","FPS Shooter & Action Game","public_web","company_positioning_page","Company/public web positioning","https://j14d00d8.app-ads-txt.com/plans","https://j14d00d8.app-ads-txt.com/plans","https://j14d00d8.app-ads-txt.com/plans","j14d00d8.app-ads-txt.com","gaming","pricing_or_plan_page","known_domain_pricing_or_plan_page","156","pricing_or_plan_page","","","no_clean_public_monetization_signal","yes","","Not Found Not Found 404 Not Found","unclassified_public_positioning","","","no_pricing_signal","Not Found","404","error:http_404","pricing_or_plan_page","unclassified_public_positioning","no_clean_public_monetization_signal","","unreachable_or_not_found","Not Found 404 Not Found","2026-05-31T03:17:49.370Z","low","error:http_404"
"CP_0157","FPS Strike Ops : Modern Arena","FPS Shooter & Action Game","public_web","company_positioning_page","Company/public web positioning","https://j14d00d8.app-ads-txt.com/premium","https://j14d00d8.app-ads-txt.com/premium","https://j14d00d8.app-ads-txt.com/premium","j14d00d8.app-ads-txt.com","gaming","pricing_or_plan_page","known_domain_pricing_or_plan_page","157","pricing_or_plan_page","","","no_clean_public_monetization_signal","yes","","Not Found Not Found 404 Not Found","unclassified_public_positioning","","","no_pricing_signal","Not Found","404","error:http_404","pricing_or_plan_page","unclassified_public_positioning","no_clean_public_monetization_signal","","unreachable_or_not_found","Not Found 404 Not Found","2026-05-31T03:17:49.826Z","low","error:http_404"
"CP_0158","FPS Strike Ops : Modern Arena","FPS Shooter & Action Game","public_web","company_positioning_page","Company/public web positioning","https://j14d00d8.app-ads-txt.com/subscribe","https://j14d00d8.app-ads-txt.com/subscribe","https://j14d00d8.app-ads-txt.com/subscribe","j14d00d8.app-ads-txt.com","gaming","pricing_or_plan_page","known_domain_pricing_or_plan_page","158","pricing_or_plan_page","","","no_clean_public_monetization_signal","yes","","Not Found Not Found 404 Not Found","unclassified_public_positioning","","","no_pricing_signal","Not Found","404","error:http_404","pricing_or_plan_page","unclassified_public_positioning","no_clean_public_monetization_signal","","unreachable_or_not_found","Not Found 404 Not Found","2026-05-31T03:17:50.236Z","low","error:http_404"
"CP_0159","FPS Strike Ops : Modern Arena","FPS Shooter & Action Game","public_web","company_positioning_page","Company/public web positioning","https://j14d00d8.app-ads-txt.com/subscription","https://j14d00d8.app-ads-txt.com/subscription","https://j14d00d8.app-ads-txt.com/subscription","j14d00d8.app-ads-txt.com","gaming","pricing_or_plan_page","known_domain_pricing_or_plan_page","159","pricing_or_plan_page","","","no_clean_public_monetization_signal","yes","","","unclassified_public_positioning","","","no_pricing_signal","","","error:This operation was aborted","pricing_or_plan_page","unclassified_public_positioning","no_clean_public_monetization_signal","","public_company_or_product_page","","2026-05-31T03:17:59.320Z","low","error:This operation was aborted"
"CP_0160","FPS Strike Ops : Modern Arena","FPS Shooter & Action Game","public_web","company_positioning_page","Company/public web positioning","https://j14d00d8.app-ads-txt.com/upgrade","https://j14d00d8.app-ads-txt.com/upgrade","https://j14d00d8.app-ads-txt.com/upgrade","j14d00d8.app-ads-txt.com","gaming","pricing_or_plan_page","known_domain_pricing_or_plan_page","160","pricing_or_plan_page","","","no_clean_public_monetization_signal","yes","","","unclassified_public_positioning","","","no_pricing_signal","","","error:This operation was aborted","pricing_or_plan_page","unclassified_public_positioning","no_clean_public_monetization_signal","","public_company_or_product_page","","2026-05-31T03:18:08.405Z","low","error:This operation was aborted"
"CP_0161","Dream League Soccer 2026","First Touch Games Ltd.","public_web","company_positioning_page","Company/public web positioning","https://www.ftgames.com/","http://www.ftgames.com/","https://www.ftgames.com/","ftgames.com","gaming","homepage","known_domain_homepage","161","homepage","","","no_clean_public_monetization_signal","yes","","First Touch Games First Touch Games Toggle Navigation Home about games support careers we are first touch games about us We are an award-winning independent studio established in 2011, developing sports games across digital download platforms. With over 1 billion downloads of our games to date, and multiple number one spots throughout App Store Charts. DREAM LEAGUE SOCCER Can you build the ultimate squad. Millions of players attempt it everyday. Play for free today! View Now SCORE! HERO BE THE HERO! The award win","game_progression","","game_progression","app_store_redirect","First Touch Games","200","ok","homepage","game_progression","no_clean_public_monetization_signal","","public_company_or_product_page","First Touch Games Toggle Navigation Home about games support careers we are first touch games about us We are an award-winning independent studio established in 2011, developing sports games across digital download platforms. With over 1 billion downloads of our games to date, and multiple number one spots throughout App Store Charts. DREAM LEAGUE SOCCER Can you build the ultimate squad. Millions of players attempt it everyday. Play for free today! View Now SCORE! HERO BE THE HERO! The award win","2026-05-31T03:18:09.486Z","medium","ok"
"CP_0162","Dream League Soccer 2026","First Touch Games Ltd.","public_web","company_positioning_page","Company/public web positioning","https://www.ftgames.com/","http://www.ftgames.com","https://www.ftgames.com/","ftgames.com","gaming","homepage","known_domain_homepage","162","homepage","","","no_clean_public_monetization_signal","yes","","First Touch Games First Touch Games Toggle Navigation Home about games support careers we are first touch games about us We are an award-winning independent studio established in 2011, developing sports games across digital download platforms. With over 1 billion downloads of our games to date, and multiple number one spots throughout App Store Charts. DREAM LEAGUE SOCCER Can you build the ultimate squad. Millions of players attempt it everyday. Play for free today! View Now SCORE! HERO BE THE HERO! The award win","game_progression","","game_progression","app_store_redirect","First Touch Games","200","ok","homepage","game_progression","no_clean_public_monetization_signal","","public_company_or_product_page","First Touch Games Toggle Navigation Home about games support careers we are first touch games about us We are an award-winning independent studio established in 2011, developing sports games across digital download platforms. With over 1 billion downloads of our games to date, and multiple number one spots throughout App Store Charts. DREAM LEAGUE SOCCER Can you build the ultimate squad. Millions of players attempt it everyday. Play for free today! View Now SCORE! HERO BE THE HERO! The award win","2026-05-31T03:18:09.965Z","medium","ok"
"CP_0163","Dream League Soccer 2026","First Touch Games Ltd.","public_web","company_positioning_page","Company/public web positioning","https://www.ftgames.com/pricing","http://www.ftgames.com/pricing","https://www.ftgames.com/pricing","ftgames.com","gaming","pricing_or_plan_page","known_domain_pricing_or_plan_page","163","pricing_or_plan_page","","","visible_price_or_pricing_language","yes","","404 Not Found 404 Not Found 404 Not Found Code: NoSuchKey Message: The specified key does not exist. Key: release/pricing RequestId: DZH6GP6BHXVTJMPH HostId: yzNmB1VKpGIyAZeu+71E1T9OuDDcXByP3dneeoeMN/zJErTHjVpznZlm1mRkdOn+KQQFQ6jt2sY=","habit_action_loop","","","no_pricing_signal","404 Not Found","404","error:http_404","pricing_or_plan_page","habit_action_loop","visible_price_or_pricing_language","","unreachable_or_not_found","404 Not Found 404 Not Found Code: NoSuchKey Message: The specified key does not exist. Key: release/pricing RequestId: DZH6GP6BHXVTJMPH HostId: yzNmB1VKpGIyAZeu+71E1T9OuDDcXByP3dneeoeMN/zJErTHjVpznZlm1mRkdOn+KQQFQ6jt2sY=","2026-05-31T03:18:10.518Z","low","error:http_404"
"CP_0164","Dream League Soccer 2026","First Touch Games Ltd.","public_web","company_positioning_page","Company/public web positioning","https://www.ftgames.com/plans","http://www.ftgames.com/plans","https://www.ftgames.com/plans","ftgames.com","gaming","pricing_or_plan_page","known_domain_pricing_or_plan_page","164","pricing_or_plan_page","","","no_clean_public_monetization_signal","yes","","404 Not Found 404 Not Found 404 Not Found Code: NoSuchKey Message: The specified key does not exist. Key: release/plans RequestId: NVMFSNVWAHN9ZRV9 HostId: amZ6Pc/PiWyR4J/aKsXXM7y/jqKkfXasQ/l3mkSIUIFGJNXxk3JfLFcEF61gTgr7aK+8fTgxotJvGJopebgHa/nbEzLCPj82","habit_action_loop","","","no_pricing_signal","404 Not Found","404","error:http_404","pricing_or_plan_page","habit_action_loop","no_clean_public_monetization_signal","","unreachable_or_not_found","404 Not Found 404 Not Found Code: NoSuchKey Message: The specified key does not exist. Key: release/plans RequestId: NVMFSNVWAHN9ZRV9 HostId: amZ6Pc/PiWyR4J/aKsXXM7y/jqKkfXasQ/l3mkSIUIFGJNXxk3JfLFcEF61gTgr7aK+8fTgxotJvGJopebgHa/nbEzLCPj82","2026-05-31T03:18:11.142Z","low","error:http_404"
"CP_0165","Dream League Soccer 2026","First Touch Games Ltd.","public_web","company_positioning_page","Company/public web positioning","https://www.ftgames.com/premium","http://www.ftgames.com/premium","https://www.ftgames.com/premium","ftgames.com","gaming","pricing_or_plan_page","known_domain_pricing_or_plan_page","165","pricing_or_plan_page","","","subscription_or_premium_language","yes","yes_or_language_present","404 Not Found 404 Not Found 404 Not Found Code: NoSuchKey Message: The specified key does not exist. Key: release/premium RequestId: NVMD2EMSH06FD03E HostId: VLJjANiScU+okRDMpPmLRH+J+WjwdQcFOdbxJ5OXywZrvwfODz7ts5QXrs6g2LSFnCS9SN0ksss=","habit_action_loop","","","no_pricing_signal","404 Not Found","404","error:http_404","pricing_or_plan_page","habit_action_loop","subscription_or_premium_language","","unreachable_or_not_found","404 Not Found 404 Not Found Code: NoSuchKey Message: The specified key does not exist. Key: release/premium RequestId: NVMD2EMSH06FD03E HostId: VLJjANiScU+okRDMpPmLRH+J+WjwdQcFOdbxJ5OXywZrvwfODz7ts5QXrs6g2LSFnCS9SN0ksss=","2026-05-31T03:18:11.702Z","low","error:http_404"
"CP_0166","Dream League Soccer 2026","First Touch Games Ltd.","public_web","company_positioning_page","Company/public web positioning","https://www.ftgames.com/subscribe","http://www.ftgames.com/subscribe","https://www.ftgames.com/subscribe","ftgames.com","gaming","pricing_or_plan_page","known_domain_pricing_or_plan_page","166","pricing_or_plan_page","","","subscription_or_premium_language","yes","yes_or_language_present","404 Not Found 404 Not Found 404 Not Found Code: NoSuchKey Message: The specified key does not exist. Key: release/subscribe RequestId: PJZ8TP1GAC0Y8H0Z HostId: GFeWrQAZFJg8qsUPjOiJ0Pi/2/fE5/ok7ih+zAOhsWg9EQ1riWCafSd+V89MD6mQlxoncqAcXl76Y8C8wsXZrExxnNz1pzOt","habit_action_loop","","","no_pricing_signal","404 Not Found","404","error:http_404","pricing_or_plan_page","habit_action_loop","subscription_or_premium_language","","unreachable_or_not_found","404 Not Found 404 Not Found Code: NoSuchKey Message: The specified key does not exist. Key: release/subscribe RequestId: PJZ8TP1GAC0Y8H0Z HostId: GFeWrQAZFJg8qsUPjOiJ0Pi/2/fE5/ok7ih+zAOhsWg9EQ1riWCafSd+V89MD6mQlxoncqAcXl76Y8C8wsXZrExxnNz1pzOt","2026-05-31T03:18:12.262Z","low","error:http_404"
"CP_0167","Dream League Soccer 2026","First Touch Games Ltd.","public_web","company_positioning_page","Company/public web positioning","https://www.ftgames.com/subscription","http://www.ftgames.com/subscription","https://www.ftgames.com/subscription","ftgames.com","gaming","pricing_or_plan_page","known_domain_pricing_or_plan_page","167","pricing_or_plan_page","","","subscription_or_premium_language","yes","yes_or_language_present","404 Not Found 404 Not Found 404 Not Found Code: NoSuchKey Message: The specified key does not exist. Key: release/subscription RequestId: PJZ8W7X5M2N6P31T HostId: kotBSp3BQU9O7vQVkLT8ZNrXeUhIp+VHhXA9docg07QwWCk8Y9febeseek28mvDEjM0pKyNjDEA=","habit_action_loop","","","no_pricing_signal","404 Not Found","404","error:http_404","pricing_or_plan_page","habit_action_loop","subscription_or_premium_language","","unreachable_or_not_found","404 Not Found 404 Not Found Code: NoSuchKey Message: The specified key does not exist. Key: release/subscription RequestId: PJZ8W7X5M2N6P31T HostId: kotBSp3BQU9O7vQVkLT8ZNrXeUhIp+VHhXA9docg07QwWCk8Y9febeseek28mvDEjM0pKyNjDEA=","2026-05-31T03:18:12.818Z","low","error:http_404"
"CP_0168","Dream League Soccer 2026","First Touch Games Ltd.","public_web","company_positioning_page","Company/public web positioning","https://www.ftgames.com/upgrade","http://www.ftgames.com/upgrade","https://www.ftgames.com/upgrade","ftgames.com","gaming","pricing_or_plan_page","known_domain_pricing_or_plan_page","168","pricing_or_plan_page","","","purchase_or_upgrade_cta","yes","","404 Not Found 404 Not Found 404 Not Found Code: NoSuchKey Message: The specified key does not exist. Key: release/upgrade RequestId: G9E1K9V75G0C9DHQ HostId: c6rnsQfmpPYdOHwXMM6xZzM0buQW+TARZjWuQshbK210AYKzCrBazMLmZyVLo0PkZWrjTwX66rdrMytqX1zRBbf4e4REp09v","habit_action_loop","","","no_pricing_signal","404 Not Found","404","error:http_404","pricing_or_plan_page","habit_action_loop","purchase_or_upgrade_cta","","unreachable_or_not_found","404 Not Found 404 Not Found Code: NoSuchKey Message: The specified key does not exist. Key: release/upgrade RequestId: G9E1K9V75G0C9DHQ HostId: c6rnsQfmpPYdOHwXMM6xZzM0buQW+TARZjWuQshbK210AYKzCrBazMLmZyVLo0PkZWrjTwX66rdrMytqX1zRBbf4e4REp09v","2026-05-31T03:18:13.450Z","low","error:http_404"
"CP_0169","Cover Fire: Offline Shooting","Viva Games Studios","public_web","company_positioning_page","Company/public web positioning","https://www.vivastudios.com/","https://vivastudios.com/","https://www.vivastudios.com/","vivastudios.com","gaming","homepage","known_domain_homepage","169","homepage","","","no_clean_public_monetization_signal","yes","","Mobile Gaming Company | Viva Games Studios Mobile Gaming Company | Viva Games Studios Mobile gaming company that empowers visionary creators and publishes global hits. Boost reach, revenue, and game success. Skip to content About Us Games Google Play Apple Store Publishing Careers About Us Games Google Play Apple Store Publishing Careers Contact We empower great ideas. We publish successful hits Submit your game End-to-End Development Support From concept to launch. User Acquisition & Ads To maximize your game's reach. Monetization Strat","game_progression","","game_progression","app_store_redirect","Mobile Gaming Company | Viva Games Studios","200","ok","homepage","game_progression","no_clean_public_monetization_signal","","public_company_or_product_page","Mobile Gaming Company | Viva Games Studios Mobile gaming company that empowers visionary creators and publishes global hits. Boost reach, revenue, and game success. Skip to content About Us Games Google Play Apple Store Publishing Careers About Us Games Google Play Apple Store Publishing Careers Contact We empower great ideas. We publish successful hits Submit your game End-to-End Development Support From concept to launch. User Acquisition & Ads To maximize your game's reach. Monetization Strat","2026-05-31T03:18:16.603Z","medium","ok"
"CP_0170","Cover Fire: Offline Shooting","Viva Games Studios","public_web","company_positioning_page","Company/public web positioning","https://www.vivastudios.com/","https://vivastudios.com","https://www.vivastudios.com/","vivastudios.com","gaming","homepage","known_domain_homepage","170","homepage","","","no_clean_public_monetization_signal","yes","","Mobile Gaming Company | Viva Games Studios Mobile Gaming Company | Viva Games Studios Mobile gaming company that empowers visionary creators and publishes global hits. Boost reach, revenue, and game success. Skip to content About Us Games Google Play Apple Store Publishing Careers About Us Games Google Play Apple Store Publishing Careers Contact We empower great ideas. We publish successful hits Submit your game End-to-End Development Support From concept to launch. User Acquisition & Ads To maximize your game's reach. Monetization Strat","game_progression","","game_progression","app_store_redirect","Mobile Gaming Company | Viva Games Studios","200","ok","homepage","game_progression","no_clean_public_monetization_signal","","public_company_or_product_page","Mobile Gaming Company | Viva Games Studios Mobile gaming company that empowers visionary creators and publishes global hits. Boost reach, revenue, and game success. Skip to content About Us Games Google Play Apple Store Publishing Careers About Us Games Google Play Apple Store Publishing Careers Contact We empower great ideas. We publish successful hits Submit your game End-to-End Development Support From concept to launch. User Acquisition & Ads To maximize your game's reach. Monetization Strat","2026-05-31T03:18:18.002Z","medium","ok"
"CP_0171","Cover Fire: Offline Shooting","Viva Games Studios","public_web","company_positioning_page","Company/public web positioning","https://www.vivastudios.com/pricing","https://vivastudios.com/pricing","https://www.vivastudios.com/pricing","vivastudios.com","gaming","pricing_or_plan_page","known_domain_pricing_or_plan_page","171","pricing_or_plan_page","","","no_clean_public_monetization_signal","yes","","Page Not Found - Viva Games Studios Page Not Found - Viva Games Studios Skip to content About Us Games Google Play Apple Store Publishing Careers About Us Games Google Play Apple Store Publishing Careers Contact This page doesn't seem to exist. It looks like the link pointing here was faulty. Maybe try searching? Search for: Search Empowering developers and bringing great mobile games to a global audience Linkedin-in Youtube Google-play Apple hello@vivastudios.com About VIVA Sucess Case Games Publishing Careers About VIVA Sucess C","game_progression","","game_progression","no_pricing_signal","Page Not Found - Viva Games Studios","404","error:http_404","pricing_or_plan_page","game_progression","no_clean_public_monetization_signal","","unreachable_or_not_found","Page Not Found - Viva Games Studios Skip to content About Us Games Google Play Apple Store Publishing Careers About Us Games Google Play Apple Store Publishing Careers Contact This page doesn't seem to exist. It looks like the link pointing here was faulty. Maybe try searching? Search for: Search Empowering developers and bringing great mobile games to a global audience Linkedin-in Youtube Google-play Apple hello@vivastudios.com About VIVA Sucess Case Games Publishing Careers About VIVA Sucess C","2026-05-31T03:18:19.668Z","low","error:http_404"
"CP_0172","Cover Fire: Offline Shooting","Viva Games Studios","public_web","company_positioning_page","Company/public web positioning","https://www.vivastudios.com/plans","https://vivastudios.com/plans","https://www.vivastudios.com/plans","vivastudios.com","gaming","pricing_or_plan_page","known_domain_pricing_or_plan_page","172","pricing_or_plan_page","","","no_clean_public_monetization_signal","yes","","Page Not Found - Viva Games Studios Page Not Found - Viva Games Studios Skip to content About Us Games Google Play Apple Store Publishing Careers About Us Games Google Play Apple Store Publishing Careers Contact This page doesn't seem to exist. It looks like the link pointing here was faulty. Maybe try searching? Search for: Search Empowering developers and bringing great mobile games to a global audience Linkedin-in Youtube Google-play Apple hello@vivastudios.com About VIVA Sucess Case Games Publishing Careers About VIVA Sucess C","game_progression","","game_progression","no_pricing_signal","Page Not Found - Viva Games Studios","404","error:http_404","pricing_or_plan_page","game_progression","no_clean_public_monetization_signal","","unreachable_or_not_found","Page Not Found - Viva Games Studios Skip to content About Us Games Google Play Apple Store Publishing Careers About Us Games Google Play Apple Store Publishing Careers Contact This page doesn't seem to exist. It looks like the link pointing here was faulty. Maybe try searching? Search for: Search Empowering developers and bringing great mobile games to a global audience Linkedin-in Youtube Google-play Apple hello@vivastudios.com About VIVA Sucess Case Games Publishing Careers About VIVA Sucess C","2026-05-31T03:18:21.383Z","low","error:http_404"
"CP_0173","Cover Fire: Offline Shooting","Viva Games Studios","public_web","company_positioning_page","Company/public web positioning","https://www.vivastudios.com/premium","https://vivastudios.com/premium","https://www.vivastudios.com/premium","vivastudios.com","gaming","pricing_or_plan_page","known_domain_pricing_or_plan_page","173","pricing_or_plan_page","","","no_clean_public_monetization_signal","yes","","Page Not Found - Viva Games Studios Page Not Found - Viva Games Studios Skip to content About Us Games Google Play Apple Store Publishing Careers About Us Games Google Play Apple Store Publishing Careers Contact This page doesn't seem to exist. It looks like the link pointing here was faulty. Maybe try searching? Search for: Search Empowering developers and bringing great mobile games to a global audience Linkedin-in Youtube Google-play Apple hello@vivastudios.com About VIVA Sucess Case Games Publishing Careers About VIVA Sucess C","game_progression","","game_progression","no_pricing_signal","Page Not Found - Viva Games Studios","404","error:http_404","pricing_or_plan_page","game_progression","no_clean_public_monetization_signal","","unreachable_or_not_found","Page Not Found - Viva Games Studios Skip to content About Us Games Google Play Apple Store Publishing Careers About Us Games Google Play Apple Store Publishing Careers Contact This page doesn't seem to exist. It looks like the link pointing here was faulty. Maybe try searching? Search for: Search Empowering developers and bringing great mobile games to a global audience Linkedin-in Youtube Google-play Apple hello@vivastudios.com About VIVA Sucess Case Games Publishing Careers About VIVA Sucess C","2026-05-31T03:18:23.128Z","low","error:http_404"
"CP_0174","Cover Fire: Offline Shooting","Viva Games Studios","public_web","company_positioning_page","Company/public web positioning","https://www.vivastudios.com/subscribe","https://vivastudios.com/subscribe","https://www.vivastudios.com/subscribe","vivastudios.com","gaming","pricing_or_plan_page","known_domain_pricing_or_plan_page","174","pricing_or_plan_page","","","no_clean_public_monetization_signal","yes","","Page Not Found - Viva Games Studios Page Not Found - Viva Games Studios Skip to content About Us Games Google Play Apple Store Publishing Careers About Us Games Google Play Apple Store Publishing Careers Contact This page doesn't seem to exist. It looks like the link pointing here was faulty. Maybe try searching? Search for: Search Empowering developers and bringing great mobile games to a global audience Linkedin-in Youtube Google-play Apple hello@vivastudios.com About VIVA Sucess Case Games Publishing Careers About VIVA Sucess C","game_progression","","game_progression","no_pricing_signal","Page Not Found - Viva Games Studios","404","error:http_404","pricing_or_plan_page","game_progression","no_clean_public_monetization_signal","","unreachable_or_not_found","Page Not Found - Viva Games Studios Skip to content About Us Games Google Play Apple Store Publishing Careers About Us Games Google Play Apple Store Publishing Careers Contact This page doesn't seem to exist. It looks like the link pointing here was faulty. Maybe try searching? Search for: Search Empowering developers and bringing great mobile games to a global audience Linkedin-in Youtube Google-play Apple hello@vivastudios.com About VIVA Sucess Case Games Publishing Careers About VIVA Sucess C","2026-05-31T03:18:24.785Z","low","error:http_404"
"CP_0175","Cover Fire: Offline Shooting","Viva Games Studios","public_web","company_positioning_page","Company/public web positioning","https://www.vivastudios.com/subscription","https://vivastudios.com/subscription","https://www.vivastudios.com/subscription","vivastudios.com","gaming","pricing_or_plan_page","known_domain_pricing_or_plan_page","175","pricing_or_plan_page","","","no_clean_public_monetization_signal","yes","","Page Not Found - Viva Games Studios Page Not Found - Viva Games Studios Skip to content About Us Games Google Play Apple Store Publishing Careers About Us Games Google Play Apple Store Publishing Careers Contact This page doesn't seem to exist. It looks like the link pointing here was faulty. Maybe try searching? Search for: Search Empowering developers and bringing great mobile games to a global audience Linkedin-in Youtube Google-play Apple hello@vivastudios.com About VIVA Sucess Case Games Publishing Careers About VIVA Sucess C","game_progression","","game_progression","no_pricing_signal","Page Not Found - Viva Games Studios","404","error:http_404","pricing_or_plan_page","game_progression","no_clean_public_monetization_signal","","unreachable_or_not_found","Page Not Found - Viva Games Studios Skip to content About Us Games Google Play Apple Store Publishing Careers About Us Games Google Play Apple Store Publishing Careers Contact This page doesn't seem to exist. It looks like the link pointing here was faulty. Maybe try searching? Search for: Search Empowering developers and bringing great mobile games to a global audience Linkedin-in Youtube Google-play Apple hello@vivastudios.com About VIVA Sucess Case Games Publishing Careers About VIVA Sucess C","2026-05-31T03:18:26.500Z","low","error:http_404"
"CP_0176","Cover Fire: Offline Shooting","Viva Games Studios","public_web","company_positioning_page","Company/public web positioning","https://www.vivastudios.com/upgrade","https://vivastudios.com/upgrade","https://www.vivastudios.com/upgrade","vivastudios.com","gaming","pricing_or_plan_page","known_domain_pricing_or_plan_page","176","pricing_or_plan_page","","","no_clean_public_monetization_signal","yes","","Page Not Found - Viva Games Studios Page Not Found - Viva Games Studios Skip to content About Us Games Google Play Apple Store Publishing Careers About Us Games Google Play Apple Store Publishing Careers Contact This page doesn't seem to exist. It looks like the link pointing here was faulty. Maybe try searching? Search for: Search Empowering developers and bringing great mobile games to a global audience Linkedin-in Youtube Google-play Apple hello@vivastudios.com About VIVA Sucess Case Games Publishing Careers About VIVA Sucess C","game_progression","","game_progression","no_pricing_signal","Page Not Found - Viva Games Studios","404","error:http_404","pricing_or_plan_page","game_progression","no_clean_public_monetization_signal","","unreachable_or_not_found","Page Not Found - Viva Games Studios Skip to content About Us Games Google Play Apple Store Publishing Careers About Us Games Google Play Apple Store Publishing Careers Contact This page doesn't seem to exist. It looks like the link pointing here was faulty. Maybe try searching? Search for: Search Empowering developers and bringing great mobile games to a global audience Linkedin-in Youtube Google-play Apple hello@vivastudios.com About VIVA Sucess Case Games Publishing Careers About VIVA Sucess C","2026-05-31T03:18:28.238Z","low","error:http_404"
"CP_0177","Avatar World ®","Pazu Games","public_web","company_positioning_page","Company/public web positioning","https://pazugames.com/","http://pazugames.com/","https://pazugames.com/","pazugames.com","avatar_identity","homepage","known_domain_homepage","177","homepage","","","visible_price_or_pricing_language|subscription_or_premium_language|b2b_sales_motion|purchase_or_upgrade_cta","yes","yes_or_language_present","PAZU World PAZU World Pazu is the creator and publisher of successful mobile games for kids. Our games are loved and trusted by over 100 million kids and parents worldwide. Careers Games Support Business opportunity About us Sign in Try for free Careers Games Support Business opportunity About us Sign in Try for free A better place to play Explore Our Games Our Games Avatar World is full of fun adventures and mysteries. A magical place to fulfill and recreate any story that comes to your mind! Learn more M","avatar_identity|progress_feedback|b2b_enterprise|game_progression","avatar_identity","b2b_enterprise|game_progression","pricing_page|subscription_terms|paywall_language|checkout_language","PAZU World","200","ok","homepage","avatar_identity|progress_feedback|b2b_enterprise|game_progression","visible_price_or_pricing_language|subscription_or_premium_language|b2b_sales_motion|purchase_or_upgrade_cta","","b2b_or_parent_context_possible","PAZU World Pazu is the creator and publisher of successful mobile games for kids. Our games are loved and trusted by over 100 million kids and parents worldwide. Careers Games Support Business opportunity About us Sign in Try for free Careers Games Support Business opportunity About us Sign in Try for free A better place to play Explore Our Games Our Games Avatar World is full of fun adventures and mysteries. A magical place to fulfill and recreate any story that comes to your mind! Learn more M","2026-05-31T03:18:28.471Z","medium_high","ok"
"CP_0178","Avatar World ®","Pazu Games","public_web","company_positioning_page","Company/public web positioning","https://pazugames.com/","http://pazugames.com","https://pazugames.com/","pazugames.com","avatar_identity","homepage","known_domain_homepage","178","homepage","","","visible_price_or_pricing_language|subscription_or_premium_language|b2b_sales_motion|purchase_or_upgrade_cta","yes","yes_or_language_present","PAZU World PAZU World Pazu is the creator and publisher of successful mobile games for kids. Our games are loved and trusted by over 100 million kids and parents worldwide. Careers Games Support Business opportunity About us Sign in Try for free Careers Games Support Business opportunity About us Sign in Try for free A better place to play Explore Our Games Our Games Avatar World is full of fun adventures and mysteries. A magical place to fulfill and recreate any story that comes to your mind! Learn more M","avatar_identity|progress_feedback|b2b_enterprise|game_progression","avatar_identity","b2b_enterprise|game_progression","pricing_page|subscription_terms|paywall_language|checkout_language","PAZU World","200","ok","homepage","avatar_identity|progress_feedback|b2b_enterprise|game_progression","visible_price_or_pricing_language|subscription_or_premium_language|b2b_sales_motion|purchase_or_upgrade_cta","","b2b_or_parent_context_possible","PAZU World Pazu is the creator and publisher of successful mobile games for kids. Our games are loved and trusted by over 100 million kids and parents worldwide. Careers Games Support Business opportunity About us Sign in Try for free Careers Games Support Business opportunity About us Sign in Try for free A better place to play Explore Our Games Our Games Avatar World is full of fun adventures and mysteries. A magical place to fulfill and recreate any story that comes to your mind! Learn more M","2026-05-31T03:18:28.603Z","medium_high","ok"
"CP_0179","Avatar World ®","Pazu Games","public_web","company_positioning_page","Company/public web positioning","https://pazugames.com/pricing","http://pazugames.com/pricing","https://pazugames.com/pricing","pazugames.com","avatar_identity","pricing_or_plan_page","known_domain_pricing_or_plan_page","179","pricing_or_plan_page","","","b2b_sales_motion","yes","","PAZU World PAZU World Pazu is the creator and publisher of successful mobile games for kids. Our games are loved and trusted by over 100 million kids and parents worldwide. Careers Games Support Business opportunity About us Sign in Try for free Careers Games Support Business opportunity About us Sign in Try for free 404 Page Not Found Oops! We can't seem to find the page you are looking for. Go home Our Games About Careers Contact Business opportunity Privacy Policy Terms of Service","b2b_enterprise|game_progression","","b2b_enterprise|game_progression","no_pricing_signal","PAZU World","404","error:http_404","pricing_or_plan_page","b2b_enterprise|game_progression","b2b_sales_motion","","b2b_or_parent_context_possible","PAZU World Pazu is the creator and publisher of successful mobile games for kids. Our games are loved and trusted by over 100 million kids and parents worldwide. Careers Games Support Business opportunity About us Sign in Try for free Careers Games Support Business opportunity About us Sign in Try for free 404 Page Not Found Oops! We can't seem to find the page you are looking for. Go home Our Games About Careers Contact Business opportunity Privacy Policy Terms of Service","2026-05-31T03:18:30.173Z","low","error:http_404"
"CP_0180","Avatar World ®","Pazu Games","public_web","company_positioning_page","Company/public web positioning","https://pazugames.com/plans","http://pazugames.com/plans","https://pazugames.com/plans","pazugames.com","avatar_identity","pricing_or_plan_page","known_domain_pricing_or_plan_page","180","pricing_or_plan_page","","","b2b_sales_motion","yes","","PAZU World PAZU World Pazu is the creator and publisher of successful mobile games for kids. Our games are loved and trusted by over 100 million kids and parents worldwide. Careers Games Support Business opportunity About us Sign in Try for free Careers Games Support Business opportunity About us Sign in Try for free 404 Page Not Found Oops! We can't seem to find the page you are looking for. Go home Our Games About Careers Contact Business opportunity Privacy Policy Terms of Service","b2b_enterprise|game_progression","","b2b_enterprise|game_progression","no_pricing_signal","PAZU World","404","error:http_404","pricing_or_plan_page","b2b_enterprise|game_progression","b2b_sales_motion","","b2b_or_parent_context_possible","PAZU World Pazu is the creator and publisher of successful mobile games for kids. Our games are loved and trusted by over 100 million kids and parents worldwide. Careers Games Support Business opportunity About us Sign in Try for free Careers Games Support Business opportunity About us Sign in Try for free 404 Page Not Found Oops! We can't seem to find the page you are looking for. Go home Our Games About Careers Contact Business opportunity Privacy Policy Terms of Service","2026-05-31T03:18:31.715Z","low","error:http_404"
"CP_0181","Avatar World ®","Pazu Games","public_web","company_positioning_page","Company/public web positioning","https://pazugames.com/premium","http://pazugames.com/premium","https://pazugames.com/premium","pazugames.com","avatar_identity","pricing_or_plan_page","known_domain_pricing_or_plan_page","181","pricing_or_plan_page","","","b2b_sales_motion","yes","","PAZU World PAZU World Pazu is the creator and publisher of successful mobile games for kids. Our games are loved and trusted by over 100 million kids and parents worldwide. Careers Games Support Business opportunity About us Sign in Try for free Careers Games Support Business opportunity About us Sign in Try for free 404 Page Not Found Oops! We can't seem to find the page you are looking for. Go home Our Games About Careers Contact Business opportunity Privacy Policy Terms of Service","b2b_enterprise|game_progression","","b2b_enterprise|game_progression","no_pricing_signal","PAZU World","404","error:http_404","pricing_or_plan_page","b2b_enterprise|game_progression","b2b_sales_motion","","b2b_or_parent_context_possible","PAZU World Pazu is the creator and publisher of successful mobile games for kids. Our games are loved and trusted by over 100 million kids and parents worldwide. Careers Games Support Business opportunity About us Sign in Try for free Careers Games Support Business opportunity About us Sign in Try for free 404 Page Not Found Oops! We can't seem to find the page you are looking for. Go home Our Games About Careers Contact Business opportunity Privacy Policy Terms of Service","2026-05-31T03:18:33.210Z","low","error:http_404"
"CP_0182","Avatar World ®","Pazu Games","public_web","company_positioning_page","Company/public web positioning","https://pazugames.com/subscribe","http://pazugames.com/subscribe","https://pazugames.com/subscribe","pazugames.com","avatar_identity","pricing_or_plan_page","known_domain_pricing_or_plan_page","182","pricing_or_plan_page","","","b2b_sales_motion","yes","","PAZU World PAZU World Pazu is the creator and publisher of successful mobile games for kids. Our games are loved and trusted by over 100 million kids and parents worldwide. Careers Games Support Business opportunity About us Sign in Try for free Careers Games Support Business opportunity About us Sign in Try for free 404 Page Not Found Oops! We can't seem to find the page you are looking for. Go home Our Games About Careers Contact Business opportunity Privacy Policy Terms of Service","b2b_enterprise|game_progression","","b2b_enterprise|game_progression","no_pricing_signal","PAZU World","404","error:http_404","pricing_or_plan_page","b2b_enterprise|game_progression","b2b_sales_motion","","b2b_or_parent_context_possible","PAZU World Pazu is the creator and publisher of successful mobile games for kids. Our games are loved and trusted by over 100 million kids and parents worldwide. Careers Games Support Business opportunity About us Sign in Try for free Careers Games Support Business opportunity About us Sign in Try for free 404 Page Not Found Oops! We can't seem to find the page you are looking for. Go home Our Games About Careers Contact Business opportunity Privacy Policy Terms of Service","2026-05-31T03:18:34.786Z","low","error:http_404"
"CP_0183","Avatar World ®","Pazu Games","public_web","company_positioning_page","Company/public web positioning","https://pazugames.com/subscription","http://pazugames.com/subscription","https://pazugames.com/subscription","pazugames.com","avatar_identity","pricing_or_plan_page","known_domain_pricing_or_plan_page","183","pricing_or_plan_page","","","b2b_sales_motion","yes","","PAZU World PAZU World Pazu is the creator and publisher of successful mobile games for kids. Our games are loved and trusted by over 100 million kids and parents worldwide. Careers Games Support Business opportunity About us Sign in Try for free Careers Games Support Business opportunity About us Sign in Try for free 404 Page Not Found Oops! We can't seem to find the page you are looking for. Go home Our Games About Careers Contact Business opportunity Privacy Policy Terms of Service","b2b_enterprise|game_progression","","b2b_enterprise|game_progression","no_pricing_signal","PAZU World","404","error:http_404","pricing_or_plan_page","b2b_enterprise|game_progression","b2b_sales_motion","","b2b_or_parent_context_possible","PAZU World Pazu is the creator and publisher of successful mobile games for kids. Our games are loved and trusted by over 100 million kids and parents worldwide. Careers Games Support Business opportunity About us Sign in Try for free Careers Games Support Business opportunity About us Sign in Try for free 404 Page Not Found Oops! We can't seem to find the page you are looking for. Go home Our Games About Careers Contact Business opportunity Privacy Policy Terms of Service","2026-05-31T03:18:36.422Z","low","error:http_404"
"CP_0184","Avatar World ®","Pazu Games","public_web","company_positioning_page","Company/public web positioning","https://pazugames.com/upgrade","http://pazugames.com/upgrade","https://pazugames.com/upgrade","pazugames.com","avatar_identity","pricing_or_plan_page","known_domain_pricing_or_plan_page","184","pricing_or_plan_page","","","b2b_sales_motion","yes","","PAZU World PAZU World Pazu is the creator and publisher of successful mobile games for kids. Our games are loved and trusted by over 100 million kids and parents worldwide. Careers Games Support Business opportunity About us Sign in Try for free Careers Games Support Business opportunity About us Sign in Try for free 404 Page Not Found Oops! We can't seem to find the page you are looking for. Go home Our Games About Careers Contact Business opportunity Privacy Policy Terms of Service","b2b_enterprise|game_progression","","b2b_enterprise|game_progression","no_pricing_signal","PAZU World","404","error:http_404","pricing_or_plan_page","b2b_enterprise|game_progression","b2b_sales_motion","","b2b_or_parent_context_possible","PAZU World Pazu is the creator and publisher of successful mobile games for kids. Our games are loved and trusted by over 100 million kids and parents worldwide. Careers Games Support Business opportunity About us Sign in Try for free Careers Games Support Business opportunity About us Sign in Try for free 404 Page Not Found Oops! We can't seem to find the page you are looking for. Go home Our Games About Careers Contact Business opportunity Privacy Policy Terms of Service","2026-05-31T03:18:37.928Z","low","error:http_404"
"CP_0185","ZEPETO: Avatar, Connect & Live","Naver Z Corporation","public_web","company_positioning_page","Company/public web positioning","https://web.zepeto.me/en","https://zepeto.me/","https://web.zepeto.me/en","web.zepeto.me","avatar_identity","other_public_page","known_domain_other_public_page","185","other_public_page","","","no_clean_public_monetization_signal","yes","","ZEPETO ZEPETO Another me in another universe","unclassified_public_positioning","","","no_pricing_signal","ZEPETO","200","ok","other_public_page","unclassified_public_positioning","no_clean_public_monetization_signal","","public_company_or_product_page","ZEPETO Another me in another universe","2026-05-31T03:18:39.545Z","low","ok"
"CP_0186","ZEPETO: Avatar, Connect & Live","Naver Z Corporation","public_web","company_positioning_page","Company/public web positioning","https://web.zepeto.me/en","https://zepeto.me","https://web.zepeto.me/en","web.zepeto.me","avatar_identity","other_public_page","known_domain_other_public_page","186","other_public_page","","","no_clean_public_monetization_signal","yes","","ZEPETO ZEPETO Another me in another universe","unclassified_public_positioning","","","no_pricing_signal","ZEPETO","200","ok","other_public_page","unclassified_public_positioning","no_clean_public_monetization_signal","","public_company_or_product_page","ZEPETO Another me in another universe","2026-05-31T03:18:40.329Z","low","ok"
"CP_0187","ZEPETO: Avatar, Connect & Live","Naver Z Corporation","public_web","company_positioning_page","Company/public web positioning","https://zepeto.me/pricing","https://zepeto.me/pricing","https://zepeto.me/pricing","zepeto.me","avatar_identity","pricing_or_plan_page","known_domain_pricing_or_plan_page","187","pricing_or_plan_page","","","no_clean_public_monetization_signal","yes","","","unclassified_public_positioning","","","no_pricing_signal","","404","error:non_text:","pricing_or_plan_page","unclassified_public_positioning","no_clean_public_monetization_signal","","public_company_or_product_page","","2026-05-31T03:18:40.543Z","low","error:non_text:"
"CP_0188","ZEPETO: Avatar, Connect & Live","Naver Z Corporation","public_web","company_positioning_page","Company/public web positioning","https://zepeto.me/plans","https://zepeto.me/plans","https://zepeto.me/plans","zepeto.me","avatar_identity","pricing_or_plan_page","known_domain_pricing_or_plan_page","188","pricing_or_plan_page","","","no_clean_public_monetization_signal","yes","","","unclassified_public_positioning","","","no_pricing_signal","","404","error:non_text:","pricing_or_plan_page","unclassified_public_positioning","no_clean_public_monetization_signal","","public_company_or_product_page","","2026-05-31T03:18:40.759Z","low","error:non_text:"
"CP_0189","ZEPETO: Avatar, Connect & Live","Naver Z Corporation","public_web","company_positioning_page","Company/public web positioning","https://zepeto.me/premium","https://zepeto.me/premium","https://zepeto.me/premium","zepeto.me","avatar_identity","pricing_or_plan_page","known_domain_pricing_or_plan_page","189","pricing_or_plan_page","","","no_clean_public_monetization_signal","yes","","","unclassified_public_positioning","","","no_pricing_signal","","404","error:non_text:","pricing_or_plan_page","unclassified_public_positioning","no_clean_public_monetization_signal","","public_company_or_product_page","","2026-05-31T03:18:40.973Z","low","error:non_text:"
"CP_0190","ZEPETO: Avatar, Connect & Live","Naver Z Corporation","public_web","company_positioning_page","Company/public web positioning","https://zepeto.me/subscribe","https://zepeto.me/subscribe","https://zepeto.me/subscribe","zepeto.me","avatar_identity","pricing_or_plan_page","known_domain_pricing_or_plan_page","190","pricing_or_plan_page","","","no_clean_public_monetization_signal","yes","","","unclassified_public_positioning","","","no_pricing_signal","","404","error:non_text:","pricing_or_plan_page","unclassified_public_positioning","no_clean_public_monetization_signal","","public_company_or_product_page","","2026-05-31T03:18:41.188Z","low","error:non_text:"
"CP_0191","ZEPETO: Avatar, Connect & Live","Naver Z Corporation","public_web","company_positioning_page","Company/public web positioning","https://zepeto.me/subscription","https://zepeto.me/subscription","https://zepeto.me/subscription","zepeto.me","avatar_identity","pricing_or_plan_page","known_domain_pricing_or_plan_page","191","pricing_or_plan_page","","","no_clean_public_monetization_signal","yes","","","unclassified_public_positioning","","","no_pricing_signal","","404","error:non_text:","pricing_or_plan_page","unclassified_public_positioning","no_clean_public_monetization_signal","","public_company_or_product_page","","2026-05-31T03:18:41.406Z","low","error:non_text:"
"CP_0192","ZEPETO: Avatar, Connect & Live","Naver Z Corporation","public_web","company_positioning_page","Company/public web positioning","https://zepeto.me/upgrade","https://zepeto.me/upgrade","https://zepeto.me/upgrade","zepeto.me","avatar_identity","pricing_or_plan_page","known_domain_pricing_or_plan_page","192","pricing_or_plan_page","","","no_clean_public_monetization_signal","yes","","","unclassified_public_positioning","","","no_pricing_signal","","404","error:non_text:","pricing_or_plan_page","unclassified_public_positioning","no_clean_public_monetization_signal","","public_company_or_product_page","","2026-05-31T03:18:41.620Z","low","error:non_text:"
"CP_0193","ONE PIECE Bounty Rush","Bandai Namco Entertainment Inc.","public_web","company_positioning_page","Company/public web positioning","https://www.bandainamcoent.co.jp/english","https://www.bandainamcoent.co.jp/english","https://www.bandainamcoent.co.jp/english","bandainamcoent.co.jp","gaming","other_public_page","known_domain_other_public_page","193","other_public_page","","","subscription_or_premium_language","yes","yes_or_language_present","Bandai Namco Entertainment Inc. Bandai Namco Entertainment Inc. It is an official site of Bandai Namco Entertainment Inc. Bandai Namco will continue to provide Dreams, Fun and Inspiration to people around the world, based on our boundless creativity and enthusiasm. Home About us Corporate Info Bandai Namco’s Purpose What We Do International Offices Press CEO Message Organization History Bandai Namco Group Corporate Profile Close Sustainability Contact us Japanese Bandai Namco’s Purpose Bandai Namco exists to share dreams, fun","avatar_identity|community_social|b2b_enterprise","avatar_identity","community_social|b2b_enterprise","no_pricing_signal","Bandai Namco Entertainment Inc.","200","ok","other_public_page","avatar_identity|community_social|b2b_enterprise","subscription_or_premium_language","","public_company_or_product_page","Bandai Namco Entertainment Inc. It is an official site of Bandai Namco Entertainment Inc. Bandai Namco will continue to provide Dreams, Fun and Inspiration to people around the world, based on our boundless creativity and enthusiasm. Home About us Corporate Info Bandai Namco’s Purpose What We Do International Offices Press CEO Message Organization History Bandai Namco Group Corporate Profile Close Sustainability Contact us Japanese Bandai Namco’s Purpose Bandai Namco exists to share dreams, fun","2026-05-31T03:18:42.451Z","medium","ok"
"CP_0194","ONE PIECE Bounty Rush","Bandai Namco Entertainment Inc.","public_web","company_positioning_page","Company/public web positioning","https://www.bandainamcoent.co.jp/","https://www.bandainamcoent.co.jp","https://www.bandainamcoent.co.jp/","bandainamcoent.co.jp","gaming","homepage","known_domain_homepage","194","homepage","","","subscription_or_premium_language","yes","yes_or_language_present","バンダイナムコエンターテインメント公式サイト バンダイナムコエンターテインメント公式サイト バンダイナムコエンターテインメントの公式サイトです。スマートフォン向けゲームアプリや家庭用ゲーム、ライブ、イベントなど、多彩なエンターテインメントをお届けしています。 製品・サービス情報 カテゴリー ネットワークコンテンツ 家庭用ゲーム アミューズメント ライブ・イベント グッズ・コラボ ECサイト ゲームアイテムストア キャラクター {{ Character.name }} 閉じる 企業情報 企業情報トップ Bandai Namco’s Purpose 事業内容 主な事業拠点 お知らせ CEOメッセージ 会社概要/組織図 ヒストリー 法定公告 バンダイナムコグループ 会社案内PDF 閉じる ライセンスビジネス サステナビリティ 採用情報 お問い合わせ English 検索キーワード 検索 調べたいキーワードを入力してください 閉じる 重要なお知らせ {{ formatDate(Notice.publishStartAt) }}更新 {{ Notice.title }} {{ Promotion.mouseoverText1 }} {{ P","avatar_identity","avatar_identity","","no_pricing_signal","バンダイナムコエンターテインメント公式サイト","200","ok","homepage","avatar_identity","subscription_or_premium_language","","public_company_or_product_page","バンダイナムコエンターテインメント公式サイト バンダイナムコエンターテインメントの公式サイトです。スマートフォン向けゲームアプリや家庭用ゲーム、ライブ、イベントなど、多彩なエンターテインメントをお届けしています。 製品・サービス情報 カテゴリー ネットワークコンテンツ 家庭用ゲーム アミューズメント ライブ・イベント グッズ・コラボ ECサイト ゲームアイテムストア キャラクター {{ Character.name }} 閉じる 企業情報 企業情報トップ Bandai Namco’s Purpose 事業内容 主な事業拠点 お知らせ CEOメッセージ 会社概要/組織図 ヒストリー 法定公告 バンダイナムコグループ 会社案内PDF 閉じる ライセンスビジネス サステナビリティ 採用情報 お問い合わせ English 検索キーワード 検索 調べたいキーワードを入力してください 閉じる 重要なお知らせ {{ formatDate(Notice.publishStartAt) }}更新 {{ Notice.title }} {{ Promotion.mouseoverText1 }} {{ P","2026-05-31T03:18:42.917Z","medium","ok"
"CP_0195","ONE PIECE Bounty Rush","Bandai Namco Entertainment Inc.","public_web","company_positioning_page","Company/public web positioning","https://www.bandainamcoent.co.jp/pricing","https://www.bandainamcoent.co.jp/pricing","https://www.bandainamcoent.co.jp/pricing","bandainamcoent.co.jp","gaming","pricing_or_plan_page","known_domain_pricing_or_plan_page","195","pricing_or_plan_page","","","no_clean_public_monetization_signal","yes","","403 Forbidden/404 Not Found │ バンダイナムコエンターテインメント公式サイト 403 Forbidden/404 Not Found │ バンダイナムコエンターテインメント公式サイト バンダイナムコエンターテインメント公式サイト 403 Forbidden/404 Not Found お客様が指定されたURL（アドレス）には、 ご覧いただけるファイルが存在いたしません。 考えられる原因は以下の通りです。 リニューアルにより、ファイルが移動、名称の変更、もしくは削除されている （期間限定サイトなどは、期間終了後にファイルは削除されています） 指定されたURLが間違っている アクセス制限されているファイルにアクセスしようとしている ご不便をおかけして申し訳ありません。 トップページへ戻る ©Bandai Namco Entertainment Inc.","unclassified_public_positioning","","","no_pricing_signal","403 Forbidden/404 Not Found │ バンダイナムコエンターテインメント公式サイト","403","error:http_403","pricing_or_plan_page","unclassified_public_positioning","no_clean_public_monetization_signal","","unreachable_or_not_found","403 Forbidden/404 Not Found │ バンダイナムコエンターテインメント公式サイト バンダイナムコエンターテインメント公式サイト 403 Forbidden/404 Not Found お客様が指定されたURL（アドレス）には、 ご覧いただけるファイルが存在いたしません。 考えられる原因は以下の通りです。 リニューアルにより、ファイルが移動、名称の変更、もしくは削除されている （期間限定サイトなどは、期間終了後にファイルは削除されています） 指定されたURLが間違っている アクセス制限されているファイルにアクセスしようとしている ご不便をおかけして申し訳ありません。 トップページへ戻る ©Bandai Namco Entertainment Inc.","2026-05-31T03:18:43.616Z","low","error:http_403"
"CP_0196","ONE PIECE Bounty Rush","Bandai Namco Entertainment Inc.","public_web","company_positioning_page","Company/public web positioning","https://www.bandainamcoent.co.jp/plans","https://www.bandainamcoent.co.jp/plans","https://www.bandainamcoent.co.jp/plans","bandainamcoent.co.jp","gaming","pricing_or_plan_page","known_domain_pricing_or_plan_page","196","pricing_or_plan_page","","","no_clean_public_monetization_signal","yes","","403 Forbidden/404 Not Found │ バンダイナムコエンターテインメント公式サイト 403 Forbidden/404 Not Found │ バンダイナムコエンターテインメント公式サイト バンダイナムコエンターテインメント公式サイト 403 Forbidden/404 Not Found お客様が指定されたURL（アドレス）には、 ご覧いただけるファイルが存在いたしません。 考えられる原因は以下の通りです。 リニューアルにより、ファイルが移動、名称の変更、もしくは削除されている （期間限定サイトなどは、期間終了後にファイルは削除されています） 指定されたURLが間違っている アクセス制限されているファイルにアクセスしようとしている ご不便をおかけして申し訳ありません。 トップページへ戻る ©Bandai Namco Entertainment Inc.","unclassified_public_positioning","","","no_pricing_signal","403 Forbidden/404 Not Found │ バンダイナムコエンターテインメント公式サイト","403","error:http_403","pricing_or_plan_page","unclassified_public_positioning","no_clean_public_monetization_signal","","unreachable_or_not_found","403 Forbidden/404 Not Found │ バンダイナムコエンターテインメント公式サイト バンダイナムコエンターテインメント公式サイト 403 Forbidden/404 Not Found お客様が指定されたURL（アドレス）には、 ご覧いただけるファイルが存在いたしません。 考えられる原因は以下の通りです。 リニューアルにより、ファイルが移動、名称の変更、もしくは削除されている （期間限定サイトなどは、期間終了後にファイルは削除されています） 指定されたURLが間違っている アクセス制限されているファイルにアクセスしようとしている ご不便をおかけして申し訳ありません。 トップページへ戻る ©Bandai Namco Entertainment Inc.","2026-05-31T03:18:44.271Z","low","error:http_403"
"CP_0197","ONE PIECE Bounty Rush","Bandai Namco Entertainment Inc.","public_web","company_positioning_page","Company/public web positioning","https://www.bandainamcoent.co.jp/premium","https://www.bandainamcoent.co.jp/premium","https://www.bandainamcoent.co.jp/premium","bandainamcoent.co.jp","gaming","pricing_or_plan_page","known_domain_pricing_or_plan_page","197","pricing_or_plan_page","","","no_clean_public_monetization_signal","yes","","403 Forbidden/404 Not Found │ バンダイナムコエンターテインメント公式サイト 403 Forbidden/404 Not Found │ バンダイナムコエンターテインメント公式サイト バンダイナムコエンターテインメント公式サイト 403 Forbidden/404 Not Found お客様が指定されたURL（アドレス）には、 ご覧いただけるファイルが存在いたしません。 考えられる原因は以下の通りです。 リニューアルにより、ファイルが移動、名称の変更、もしくは削除されている （期間限定サイトなどは、期間終了後にファイルは削除されています） 指定されたURLが間違っている アクセス制限されているファイルにアクセスしようとしている ご不便をおかけして申し訳ありません。 トップページへ戻る ©Bandai Namco Entertainment Inc.","unclassified_public_positioning","","","no_pricing_signal","403 Forbidden/404 Not Found │ バンダイナムコエンターテインメント公式サイト","403","error:http_403","pricing_or_plan_page","unclassified_public_positioning","no_clean_public_monetization_signal","","unreachable_or_not_found","403 Forbidden/404 Not Found │ バンダイナムコエンターテインメント公式サイト バンダイナムコエンターテインメント公式サイト 403 Forbidden/404 Not Found お客様が指定されたURL（アドレス）には、 ご覧いただけるファイルが存在いたしません。 考えられる原因は以下の通りです。 リニューアルにより、ファイルが移動、名称の変更、もしくは削除されている （期間限定サイトなどは、期間終了後にファイルは削除されています） 指定されたURLが間違っている アクセス制限されているファイルにアクセスしようとしている ご不便をおかけして申し訳ありません。 トップページへ戻る ©Bandai Namco Entertainment Inc.","2026-05-31T03:18:44.920Z","low","error:http_403"
"CP_0198","ONE PIECE Bounty Rush","Bandai Namco Entertainment Inc.","public_web","company_positioning_page","Company/public web positioning","https://www.bandainamcoent.co.jp/subscribe","https://www.bandainamcoent.co.jp/subscribe","https://www.bandainamcoent.co.jp/subscribe","bandainamcoent.co.jp","gaming","pricing_or_plan_page","known_domain_pricing_or_plan_page","198","pricing_or_plan_page","","","no_clean_public_monetization_signal","yes","","403 Forbidden/404 Not Found │ バンダイナムコエンターテインメント公式サイト 403 Forbidden/404 Not Found │ バンダイナムコエンターテインメント公式サイト バンダイナムコエンターテインメント公式サイト 403 Forbidden/404 Not Found お客様が指定されたURL（アドレス）には、 ご覧いただけるファイルが存在いたしません。 考えられる原因は以下の通りです。 リニューアルにより、ファイルが移動、名称の変更、もしくは削除されている （期間限定サイトなどは、期間終了後にファイルは削除されています） 指定されたURLが間違っている アクセス制限されているファイルにアクセスしようとしている ご不便をおかけして申し訳ありません。 トップページへ戻る ©Bandai Namco Entertainment Inc.","unclassified_public_positioning","","","no_pricing_signal","403 Forbidden/404 Not Found │ バンダイナムコエンターテインメント公式サイト","403","error:http_403","pricing_or_plan_page","unclassified_public_positioning","no_clean_public_monetization_signal","","unreachable_or_not_found","403 Forbidden/404 Not Found │ バンダイナムコエンターテインメント公式サイト バンダイナムコエンターテインメント公式サイト 403 Forbidden/404 Not Found お客様が指定されたURL（アドレス）には、 ご覧いただけるファイルが存在いたしません。 考えられる原因は以下の通りです。 リニューアルにより、ファイルが移動、名称の変更、もしくは削除されている （期間限定サイトなどは、期間終了後にファイルは削除されています） 指定されたURLが間違っている アクセス制限されているファイルにアクセスしようとしている ご不便をおかけして申し訳ありません。 トップページへ戻る ©Bandai Namco Entertainment Inc.","2026-05-31T03:18:45.605Z","low","error:http_403"
"CP_0199","ONE PIECE Bounty Rush","Bandai Namco Entertainment Inc.","public_web","company_positioning_page","Company/public web positioning","https://www.bandainamcoent.co.jp/subscription","https://www.bandainamcoent.co.jp/subscription","https://www.bandainamcoent.co.jp/subscription","bandainamcoent.co.jp","gaming","pricing_or_plan_page","known_domain_pricing_or_plan_page","199","pricing_or_plan_page","","","no_clean_public_monetization_signal","yes","","403 Forbidden/404 Not Found │ バンダイナムコエンターテインメント公式サイト 403 Forbidden/404 Not Found │ バンダイナムコエンターテインメント公式サイト バンダイナムコエンターテインメント公式サイト 403 Forbidden/404 Not Found お客様が指定されたURL（アドレス）には、 ご覧いただけるファイルが存在いたしません。 考えられる原因は以下の通りです。 リニューアルにより、ファイルが移動、名称の変更、もしくは削除されている （期間限定サイトなどは、期間終了後にファイルは削除されています） 指定されたURLが間違っている アクセス制限されているファイルにアクセスしようとしている ご不便をおかけして申し訳ありません。 トップページへ戻る ©Bandai Namco Entertainment Inc.","unclassified_public_positioning","","","no_pricing_signal","403 Forbidden/404 Not Found │ バンダイナムコエンターテインメント公式サイト","403","error:http_403","pricing_or_plan_page","unclassified_public_positioning","no_clean_public_monetization_signal","","unreachable_or_not_found","403 Forbidden/404 Not Found │ バンダイナムコエンターテインメント公式サイト バンダイナムコエンターテインメント公式サイト 403 Forbidden/404 Not Found お客様が指定されたURL（アドレス）には、 ご覧いただけるファイルが存在いたしません。 考えられる原因は以下の通りです。 リニューアルにより、ファイルが移動、名称の変更、もしくは削除されている （期間限定サイトなどは、期間終了後にファイルは削除されています） 指定されたURLが間違っている アクセス制限されているファイルにアクセスしようとしている ご不便をおかけして申し訳ありません。 トップページへ戻る ©Bandai Namco Entertainment Inc.","2026-05-31T03:18:46.352Z","low","error:http_403"
"CP_0200","ONE PIECE Bounty Rush","Bandai Namco Entertainment Inc.","public_web","company_positioning_page","Company/public web positioning","https://www.bandainamcoent.co.jp/upgrade","https://www.bandainamcoent.co.jp/upgrade","https://www.bandainamcoent.co.jp/upgrade","bandainamcoent.co.jp","gaming","pricing_or_plan_page","known_domain_pricing_or_plan_page","200","pricing_or_plan_page","","","no_clean_public_monetization_signal","yes","","403 Forbidden/404 Not Found │ バンダイナムコエンターテインメント公式サイト 403 Forbidden/404 Not Found │ バンダイナムコエンターテインメント公式サイト バンダイナムコエンターテインメント公式サイト 403 Forbidden/404 Not Found お客様が指定されたURL（アドレス）には、 ご覧いただけるファイルが存在いたしません。 考えられる原因は以下の通りです。 リニューアルにより、ファイルが移動、名称の変更、もしくは削除されている （期間限定サイトなどは、期間終了後にファイルは削除されています） 指定されたURLが間違っている アクセス制限されているファイルにアクセスしようとしている ご不便をおかけして申し訳ありません。 トップページへ戻る ©Bandai Namco Entertainment Inc.","unclassified_public_positioning","","","no_pricing_signal","403 Forbidden/404 Not Found │ バンダイナムコエンターテインメント公式サイト","403","error:http_403","pricing_or_plan_page","unclassified_public_positioning","no_clean_public_monetization_signal","","unreachable_or_not_found","403 Forbidden/404 Not Found │ バンダイナムコエンターテインメント公式サイト バンダイナムコエンターテインメント公式サイト 403 Forbidden/404 Not Found お客様が指定されたURL（アドレス）には、 ご覧いただけるファイルが存在いたしません。 考えられる原因は以下の通りです。 リニューアルにより、ファイルが移動、名称の変更、もしくは削除されている （期間限定サイトなどは、期間終了後にファイルは削除されています） 指定されたURLが間違っている アクセス制限されているファイルにアクセスしようとしている ご不便をおかけして申し訳ありません。 トップページへ戻る ©Bandai Namco Entertainment Inc.","2026-05-31T03:18:47.069Z","low","error:http_403"
"CP_0201","Mech Arena - Shooting Game","Plarium Global Ltd","public_web","company_positioning_page","Company/public web positioning","https://plarium.com/en/game/mech-arena/","https://plarium.com/en/game/mech-arena-robot-showdown","https://plarium.com/en/game/mech-arena/","plarium.com","gaming","other_public_page","known_domain_other_public_page","201","other_public_page","","","no_clean_public_monetization_signal","yes","","Mech Arena - Plarium Mech Arena - Plarium Step into Mech Arena and compete for glory in this multiplayer PvP shooter game! Dominate in combat with endless combinations of mechs, weapons and pilots. Skip to content Games Discover Games RAID: Shadow Legends Epic Fantasy Collection RPG Mech Arena PvP Tactical Robot Action All Games Games Categories Download Games Free to Play Games New Games Popular Games Best Games Devices iPhone Games iPad Games Platforms PC Games HTML5 Games Mobile Games Mac Games Browser Games Flas","habit_action_loop|game_progression","","game_progression","no_pricing_signal","Mech Arena - Plarium","200","ok","other_public_page","habit_action_loop|game_progression","no_clean_public_monetization_signal","","public_company_or_product_page","Mech Arena - Plarium Step into Mech Arena and compete for glory in this multiplayer PvP shooter game! Dominate in combat with endless combinations of mechs, weapons and pilots. Skip to content Games Discover Games RAID: Shadow Legends Epic Fantasy Collection RPG Mech Arena PvP Tactical Robot Action All Games Games Categories Download Games Free to Play Games New Games Popular Games Best Games Devices iPhone Games iPad Games Platforms PC Games HTML5 Games Mobile Games Mac Games Browser Games Flas","2026-05-31T03:18:48.404Z","medium","ok"
"CP_0202","Mech Arena - Shooting Game","Plarium Global Ltd","public_web","company_positioning_page","Company/public web positioning","https://plarium.com/","https://plarium.com","https://plarium.com/","plarium.com","gaming","homepage","known_domain_homepage","202","homepage","","","no_clean_public_monetization_signal","yes","","Plarium: Enter a World of Cross-Platform Gaming! Plarium: Enter a World of Cross-Platform Gaming! Join over 500 million registered players worldwide - play Plarium games on your phone, and on your computer! Skip to content Games Discover Games RAID: Shadow Legends Epic Fantasy Collection RPG Mech Arena PvP Tactical Robot Action All Games Games Categories Download Games Free to Play Games New Games Popular Games Best Games Devices iPhone Games iPad Games Platforms PC Games HTML5 Games Mobile Games Mac Games Browser Games Flash Games OS Windows","habit_action_loop|game_progression","","game_progression","no_pricing_signal","Plarium: Enter a World of Cross-Platform Gaming!","200","ok","homepage","habit_action_loop|game_progression","no_clean_public_monetization_signal","","public_company_or_product_page","Plarium: Enter a World of Cross-Platform Gaming! Join over 500 million registered players worldwide - play Plarium games on your phone, and on your computer! Skip to content Games Discover Games RAID: Shadow Legends Epic Fantasy Collection RPG Mech Arena PvP Tactical Robot Action All Games Games Categories Download Games Free to Play Games New Games Popular Games Best Games Devices iPhone Games iPad Games Platforms PC Games HTML5 Games Mobile Games Mac Games Browser Games Flash Games OS Windows","2026-05-31T03:18:48.540Z","medium","ok"
"CP_0203","Mech Arena - Shooting Game","Plarium Global Ltd","public_web","company_positioning_page","Company/public web positioning","https://plarium.com/pricing","https://plarium.com/pricing","https://plarium.com/pricing","plarium.com","gaming","pricing_or_plan_page","known_domain_pricing_or_plan_page","203","pricing_or_plan_page","","","no_clean_public_monetization_signal","yes","","Page not found - Plarium Page not found - Plarium Skip to content Games Discover Games RAID: Shadow Legends Epic Fantasy Collection RPG Mech Arena PvP Tactical Robot Action All Games Games Categories Download Games Free to Play Games New Games Popular Games Best Games Devices iPhone Games iPad Games Platforms PC Games HTML5 Games Mobile Games Mac Games Browser Games Flash Games OS Windows Games Android Games Genres Medieval Games Casual Games Action Games PvP Games Survival Games Adventure Games Match 3 Games RPG Games","habit_action_loop|game_progression","","game_progression","no_pricing_signal","Page not found - Plarium","404","error:http_404","pricing_or_plan_page","habit_action_loop|game_progression","no_clean_public_monetization_signal","","unreachable_or_not_found","Page not found - Plarium Skip to content Games Discover Games RAID: Shadow Legends Epic Fantasy Collection RPG Mech Arena PvP Tactical Robot Action All Games Games Categories Download Games Free to Play Games New Games Popular Games Best Games Devices iPhone Games iPad Games Platforms PC Games HTML5 Games Mobile Games Mac Games Browser Games Flash Games OS Windows Games Android Games Genres Medieval Games Casual Games Action Games PvP Games Survival Games Adventure Games Match 3 Games RPG Games","2026-05-31T03:18:49.484Z","low","error:http_404"
"CP_0204","Mech Arena - Shooting Game","Plarium Global Ltd","public_web","company_positioning_page","Company/public web positioning","https://plarium.com/plans","https://plarium.com/plans","https://plarium.com/plans","plarium.com","gaming","pricing_or_plan_page","known_domain_pricing_or_plan_page","204","pricing_or_plan_page","","","no_clean_public_monetization_signal","yes","","Page not found - Plarium Page not found - Plarium Skip to content Games Discover Games RAID: Shadow Legends Epic Fantasy Collection RPG Mech Arena PvP Tactical Robot Action All Games Games Categories Download Games Free to Play Games New Games Popular Games Best Games Devices iPhone Games iPad Games Platforms PC Games HTML5 Games Mobile Games Mac Games Browser Games Flash Games OS Windows Games Android Games Genres Medieval Games Casual Games Action Games PvP Games Survival Games Adventure Games Match 3 Games RPG Games","habit_action_loop|game_progression","","game_progression","no_pricing_signal","Page not found - Plarium","404","error:http_404","pricing_or_plan_page","habit_action_loop|game_progression","no_clean_public_monetization_signal","","unreachable_or_not_found","Page not found - Plarium Skip to content Games Discover Games RAID: Shadow Legends Epic Fantasy Collection RPG Mech Arena PvP Tactical Robot Action All Games Games Categories Download Games Free to Play Games New Games Popular Games Best Games Devices iPhone Games iPad Games Platforms PC Games HTML5 Games Mobile Games Mac Games Browser Games Flash Games OS Windows Games Android Games Genres Medieval Games Casual Games Action Games PvP Games Survival Games Adventure Games Match 3 Games RPG Games","2026-05-31T03:18:50.409Z","low","error:http_404"
"CP_0205","Mech Arena - Shooting Game","Plarium Global Ltd","public_web","company_positioning_page","Company/public web positioning","https://plarium.com/premium","https://plarium.com/premium","https://plarium.com/premium","plarium.com","gaming","pricing_or_plan_page","known_domain_pricing_or_plan_page","205","pricing_or_plan_page","","","no_clean_public_monetization_signal","yes","","Page not found - Plarium Page not found - Plarium Skip to content Games Discover Games RAID: Shadow Legends Epic Fantasy Collection RPG Mech Arena PvP Tactical Robot Action All Games Games Categories Download Games Free to Play Games New Games Popular Games Best Games Devices iPhone Games iPad Games Platforms PC Games HTML5 Games Mobile Games Mac Games Browser Games Flash Games OS Windows Games Android Games Genres Medieval Games Casual Games Action Games PvP Games Survival Games Adventure Games Match 3 Games RPG Games","habit_action_loop|game_progression","","game_progression","no_pricing_signal","Page not found - Plarium","404","error:http_404","pricing_or_plan_page","habit_action_loop|game_progression","no_clean_public_monetization_signal","","unreachable_or_not_found","Page not found - Plarium Skip to content Games Discover Games RAID: Shadow Legends Epic Fantasy Collection RPG Mech Arena PvP Tactical Robot Action All Games Games Categories Download Games Free to Play Games New Games Popular Games Best Games Devices iPhone Games iPad Games Platforms PC Games HTML5 Games Mobile Games Mac Games Browser Games Flash Games OS Windows Games Android Games Genres Medieval Games Casual Games Action Games PvP Games Survival Games Adventure Games Match 3 Games RPG Games","2026-05-31T03:18:51.379Z","low","error:http_404"
"CP_0206","Mech Arena - Shooting Game","Plarium Global Ltd","public_web","company_positioning_page","Company/public web positioning","https://plarium.com/subscribe","https://plarium.com/subscribe","https://plarium.com/subscribe","plarium.com","gaming","pricing_or_plan_page","known_domain_pricing_or_plan_page","206","pricing_or_plan_page","","","no_clean_public_monetization_signal","yes","","Page not found - Plarium Page not found - Plarium Skip to content Games Discover Games RAID: Shadow Legends Epic Fantasy Collection RPG Mech Arena PvP Tactical Robot Action All Games Games Categories Download Games Free to Play Games New Games Popular Games Best Games Devices iPhone Games iPad Games Platforms PC Games HTML5 Games Mobile Games Mac Games Browser Games Flash Games OS Windows Games Android Games Genres Medieval Games Casual Games Action Games PvP Games Survival Games Adventure Games Match 3 Games RPG Games","habit_action_loop|game_progression","","game_progression","no_pricing_signal","Page not found - Plarium","404","error:http_404","pricing_or_plan_page","habit_action_loop|game_progression","no_clean_public_monetization_signal","","unreachable_or_not_found","Page not found - Plarium Skip to content Games Discover Games RAID: Shadow Legends Epic Fantasy Collection RPG Mech Arena PvP Tactical Robot Action All Games Games Categories Download Games Free to Play Games New Games Popular Games Best Games Devices iPhone Games iPad Games Platforms PC Games HTML5 Games Mobile Games Mac Games Browser Games Flash Games OS Windows Games Android Games Genres Medieval Games Casual Games Action Games PvP Games Survival Games Adventure Games Match 3 Games RPG Games","2026-05-31T03:18:52.314Z","low","error:http_404"
"CP_0207","Mech Arena - Shooting Game","Plarium Global Ltd","public_web","company_positioning_page","Company/public web positioning","https://plarium.com/subscription","https://plarium.com/subscription","https://plarium.com/subscription","plarium.com","gaming","pricing_or_plan_page","known_domain_pricing_or_plan_page","207","pricing_or_plan_page","","","no_clean_public_monetization_signal","yes","","Page not found - Plarium Page not found - Plarium Skip to content Games Discover Games RAID: Shadow Legends Epic Fantasy Collection RPG Mech Arena PvP Tactical Robot Action All Games Games Categories Download Games Free to Play Games New Games Popular Games Best Games Devices iPhone Games iPad Games Platforms PC Games HTML5 Games Mobile Games Mac Games Browser Games Flash Games OS Windows Games Android Games Genres Medieval Games Casual Games Action Games PvP Games Survival Games Adventure Games Match 3 Games RPG Games","habit_action_loop|game_progression","","game_progression","no_pricing_signal","Page not found - Plarium","404","error:http_404","pricing_or_plan_page","habit_action_loop|game_progression","no_clean_public_monetization_signal","","unreachable_or_not_found","Page not found - Plarium Skip to content Games Discover Games RAID: Shadow Legends Epic Fantasy Collection RPG Mech Arena PvP Tactical Robot Action All Games Games Categories Download Games Free to Play Games New Games Popular Games Best Games Devices iPhone Games iPad Games Platforms PC Games HTML5 Games Mobile Games Mac Games Browser Games Flash Games OS Windows Games Android Games Genres Medieval Games Casual Games Action Games PvP Games Survival Games Adventure Games Match 3 Games RPG Games","2026-05-31T03:18:53.251Z","low","error:http_404"
"CP_0208","Mech Arena - Shooting Game","Plarium Global Ltd","public_web","company_positioning_page","Company/public web positioning","https://plarium.com/upgrade","https://plarium.com/upgrade","https://plarium.com/upgrade","plarium.com","gaming","pricing_or_plan_page","known_domain_pricing_or_plan_page","208","pricing_or_plan_page","","","no_clean_public_monetization_signal","yes","","Page not found - Plarium Page not found - Plarium Skip to content Games Discover Games RAID: Shadow Legends Epic Fantasy Collection RPG Mech Arena PvP Tactical Robot Action All Games Games Categories Download Games Free to Play Games New Games Popular Games Best Games Devices iPhone Games iPad Games Platforms PC Games HTML5 Games Mobile Games Mac Games Browser Games Flash Games OS Windows Games Android Games Genres Medieval Games Casual Games Action Games PvP Games Survival Games Adventure Games Match 3 Games RPG Games","habit_action_loop|game_progression","","game_progression","no_pricing_signal","Page not found - Plarium","404","error:http_404","pricing_or_plan_page","habit_action_loop|game_progression","no_clean_public_monetization_signal","","unreachable_or_not_found","Page not found - Plarium Skip to content Games Discover Games RAID: Shadow Legends Epic Fantasy Collection RPG Mech Arena PvP Tactical Robot Action All Games Games Categories Download Games Free to Play Games New Games Popular Games Best Games Devices iPhone Games iPad Games Platforms PC Games HTML5 Games Mobile Games Mac Games Browser Games Flash Games OS Windows Games Android Games Genres Medieval Games Casual Games Action Games PvP Games Survival Games Adventure Games Match 3 Games RPG Games","2026-05-31T03:18:54.195Z","low","error:http_404"
"CP_0209","Call of Duty®: Mobile - Garena","Garena Mobile Private","public_web","company_positioning_page","Company/public web positioning","https://codm.garena.tw/","https://codm.garena.tw/","https://codm.garena.tw/","codm.garena.tw","gaming","homepage","known_domain_homepage","209","homepage","","","visible_price_or_pricing_language","yes","","《決勝時刻®: Mobile - Garena》 《決勝時刻®: Mobile - Garena》 【團隊競技 經典重現】全球經典射擊遊戲Call of duty決勝時刻完美移植手機，決勝沙場、時刻競技，隨時隨地，手機就是你的板機！ 戰地快訊 遊戲特色 社群分享 儲值中心 客服中心 最新 公告 活動 系統 遊戲介紹 新兵特訓 模式總覽 技能介紹 官方FB 巴哈姆特 Youtube 官方IG 最新 公告 活動 系統 更多+ [公告] 《決勝時刻 Mobile》全新版本《「英雄」時刻》更新公告05-25 [公告] 【DMZ 出金巔峰賽】資金榜前 100 名 DMZ 巔峰外套 得獎名單 (05/17 前回報資料)05-01 [公告] 「浪我樂園」三大樂園聯動開跑！出示《決勝時刻 Mobile》遊戲畫面享專屬門票優惠03-26 [公告] 03/19 (四) 活動更新：《夏日水球大戰》決勝浪我玩！03-19 [公告] 《決勝DMZ賞金獵人》第三階段得獎名單公告01-16 [公告] 決勝冬季盃 S7 正式啟動，總獎金高達 20 萬，勇者齊聚世界舞台！即日起報名到 01/22 止01-06 [公告] 《決勝時刻 Mobile》全新版本《「英雄」時刻","unclassified_public_positioning","","","$5,00","《決勝時刻®: Mobile - Garena》","200","ok","homepage","unclassified_public_positioning","visible_price_or_pricing_language","$5,00","public_company_or_product_page","《決勝時刻®: Mobile - Garena》 【團隊競技 經典重現】全球經典射擊遊戲Call of duty決勝時刻完美移植手機，決勝沙場、時刻競技，隨時隨地，手機就是你的板機！ 戰地快訊 遊戲特色 社群分享 儲值中心 客服中心 最新 公告 活動 系統 遊戲介紹 新兵特訓 模式總覽 技能介紹 官方FB 巴哈姆特 Youtube 官方IG 最新 公告 活動 系統 更多+ [公告] 《決勝時刻 Mobile》全新版本《「英雄」時刻》更新公告05-25 [公告] 【DMZ 出金巔峰賽】資金榜前 100 名 DMZ 巔峰外套 得獎名單 (05/17 前回報資料)05-01 [公告] 「浪我樂園」三大樂園聯動開跑！出示《決勝時刻 Mobile》遊戲畫面享專屬門票優惠03-26 [公告] 03/19 (四) 活動更新：《夏日水球大戰》決勝浪我玩！03-19 [公告] 《決勝DMZ賞金獵人》第三階段得獎名單公告01-16 [公告] 決勝冬季盃 S7 正式啟動，總獎金高達 20 萬，勇者齊聚世界舞台！即日起報名到 01/22 止01-06 [公告] 《決勝時刻 Mobile》全新版本《「英雄」時刻","2026-05-31T03:18:54.514Z","medium_high","ok"
"CP_0210","Call of Duty®: Mobile - Garena","Garena Mobile Private","public_web","company_positioning_page","Company/public web positioning","https://codm.garena.tw/","https://codm.garena.tw","https://codm.garena.tw/","codm.garena.tw","gaming","homepage","known_domain_homepage","210","homepage","","","visible_price_or_pricing_language","yes","","《決勝時刻®: Mobile - Garena》 《決勝時刻®: Mobile - Garena》 【團隊競技 經典重現】全球經典射擊遊戲Call of duty決勝時刻完美移植手機，決勝沙場、時刻競技，隨時隨地，手機就是你的板機！ 戰地快訊 遊戲特色 社群分享 儲值中心 客服中心 最新 公告 活動 系統 遊戲介紹 新兵特訓 模式總覽 技能介紹 官方FB 巴哈姆特 Youtube 官方IG 最新 公告 活動 系統 更多+ [公告] 《決勝時刻 Mobile》全新版本《「英雄」時刻》更新公告05-25 [公告] 【DMZ 出金巔峰賽】資金榜前 100 名 DMZ 巔峰外套 得獎名單 (05/17 前回報資料)05-01 [公告] 「浪我樂園」三大樂園聯動開跑！出示《決勝時刻 Mobile》遊戲畫面享專屬門票優惠03-26 [公告] 03/19 (四) 活動更新：《夏日水球大戰》決勝浪我玩！03-19 [公告] 《決勝DMZ賞金獵人》第三階段得獎名單公告01-16 [公告] 決勝冬季盃 S7 正式啟動，總獎金高達 20 萬，勇者齊聚世界舞台！即日起報名到 01/22 止01-06 [公告] 《決勝時刻 Mobile》全新版本《「英雄」時刻","unclassified_public_positioning","","","$5,00","《決勝時刻®: Mobile - Garena》","200","ok","homepage","unclassified_public_positioning","visible_price_or_pricing_language","$5,00","public_company_or_product_page","《決勝時刻®: Mobile - Garena》 【團隊競技 經典重現】全球經典射擊遊戲Call of duty決勝時刻完美移植手機，決勝沙場、時刻競技，隨時隨地，手機就是你的板機！ 戰地快訊 遊戲特色 社群分享 儲值中心 客服中心 最新 公告 活動 系統 遊戲介紹 新兵特訓 模式總覽 技能介紹 官方FB 巴哈姆特 Youtube 官方IG 最新 公告 活動 系統 更多+ [公告] 《決勝時刻 Mobile》全新版本《「英雄」時刻》更新公告05-25 [公告] 【DMZ 出金巔峰賽】資金榜前 100 名 DMZ 巔峰外套 得獎名單 (05/17 前回報資料)05-01 [公告] 「浪我樂園」三大樂園聯動開跑！出示《決勝時刻 Mobile》遊戲畫面享專屬門票優惠03-26 [公告] 03/19 (四) 活動更新：《夏日水球大戰》決勝浪我玩！03-19 [公告] 《決勝DMZ賞金獵人》第三階段得獎名單公告01-16 [公告] 決勝冬季盃 S7 正式啟動，總獎金高達 20 萬，勇者齊聚世界舞台！即日起報名到 01/22 止01-06 [公告] 《決勝時刻 Mobile》全新版本《「英雄」時刻","2026-05-31T03:18:54.748Z","medium_high","ok"
"CP_0211","Call of Duty®: Mobile - Garena","Garena Mobile Private","public_web","company_positioning_page","Company/public web positioning","https://codm.garena.tw/pricing","https://codm.garena.tw/pricing","https://codm.garena.tw/pricing","codm.garena.tw","gaming","pricing_or_plan_page","known_domain_pricing_or_plan_page","211","pricing_or_plan_page","","","no_clean_public_monetization_signal","yes","","Not Found Not Found Not FoundThe requested resource was not found on this server.","habit_action_loop","","","no_pricing_signal","Not Found","404","error:http_404","pricing_or_plan_page","habit_action_loop","no_clean_public_monetization_signal","","unreachable_or_not_found","Not Found Not FoundThe requested resource was not found on this server.","2026-05-31T03:18:54.882Z","low","error:http_404"
"CP_0212","Call of Duty®: Mobile - Garena","Garena Mobile Private","public_web","company_positioning_page","Company/public web positioning","https://codm.garena.tw/plans","https://codm.garena.tw/plans","https://codm.garena.tw/plans","codm.garena.tw","gaming","pricing_or_plan_page","known_domain_pricing_or_plan_page","212","pricing_or_plan_page","","","no_clean_public_monetization_signal","yes","","Not Found Not Found Not FoundThe requested resource was not found on this server.","habit_action_loop","","","no_pricing_signal","Not Found","404","error:http_404","pricing_or_plan_page","habit_action_loop","no_clean_public_monetization_signal","","unreachable_or_not_found","Not Found Not FoundThe requested resource was not found on this server.","2026-05-31T03:18:55.014Z","low","error:http_404"
"CP_0213","Call of Duty®: Mobile - Garena","Garena Mobile Private","public_web","company_positioning_page","Company/public web positioning","https://codm.garena.tw/premium","https://codm.garena.tw/premium","https://codm.garena.tw/premium","codm.garena.tw","gaming","pricing_or_plan_page","known_domain_pricing_or_plan_page","213","pricing_or_plan_page","","","no_clean_public_monetization_signal","yes","","Not Found Not Found Not FoundThe requested resource was not found on this server.","habit_action_loop","","","no_pricing_signal","Not Found","404","error:http_404","pricing_or_plan_page","habit_action_loop","no_clean_public_monetization_signal","","unreachable_or_not_found","Not Found Not FoundThe requested resource was not found on this server.","2026-05-31T03:18:55.146Z","low","error:http_404"
"CP_0214","Call of Duty®: Mobile - Garena","Garena Mobile Private","public_web","company_positioning_page","Company/public web positioning","https://codm.garena.tw/subscribe","https://codm.garena.tw/subscribe","https://codm.garena.tw/subscribe","codm.garena.tw","gaming","pricing_or_plan_page","known_domain_pricing_or_plan_page","214","pricing_or_plan_page","","","no_clean_public_monetization_signal","yes","","Not Found Not Found Not FoundThe requested resource was not found on this server.","habit_action_loop","","","no_pricing_signal","Not Found","404","error:http_404","pricing_or_plan_page","habit_action_loop","no_clean_public_monetization_signal","","unreachable_or_not_found","Not Found Not FoundThe requested resource was not found on this server.","2026-05-31T03:18:55.279Z","low","error:http_404"
"CP_0215","Call of Duty®: Mobile - Garena","Garena Mobile Private","public_web","company_positioning_page","Company/public web positioning","https://codm.garena.tw/subscription","https://codm.garena.tw/subscription","https://codm.garena.tw/subscription","codm.garena.tw","gaming","pricing_or_plan_page","known_domain_pricing_or_plan_page","215","pricing_or_plan_page","","","no_clean_public_monetization_signal","yes","","Not Found Not Found Not FoundThe requested resource was not found on this server.","habit_action_loop","","","no_pricing_signal","Not Found","404","error:http_404","pricing_or_plan_page","habit_action_loop","no_clean_public_monetization_signal","","unreachable_or_not_found","Not Found Not FoundThe requested resource was not found on this server.","2026-05-31T03:18:55.412Z","low","error:http_404"
"CP_0216","Call of Duty®: Mobile - Garena","Garena Mobile Private","public_web","company_positioning_page","Company/public web positioning","https://codm.garena.tw/upgrade","https://codm.garena.tw/upgrade","https://codm.garena.tw/upgrade","codm.garena.tw","gaming","pricing_or_plan_page","known_domain_pricing_or_plan_page","216","pricing_or_plan_page","","","no_clean_public_monetization_signal","yes","","Not Found Not Found Not FoundThe requested resource was not found on this server.","habit_action_loop","","","no_pricing_signal","Not Found","404","error:http_404","pricing_or_plan_page","habit_action_loop","no_clean_public_monetization_signal","","unreachable_or_not_found","Not Found Not FoundThe requested resource was not found on this server.","2026-05-31T03:18:55.547Z","low","error:http_404"
"CP_0217","AstroSage Kundli: AI Astrology","Ojas Softech Pvt Ltd","public_web","company_positioning_page","Company/public web positioning","https://www.astrosage.com/","https://www.astrosage.com/","https://www.astrosage.com/","astrosage.com","astrology_esoterics","homepage","known_domain_homepage","217","homepage","","","subscription_or_premium_language","yes","yes_or_language_present","AI Astrology - Free Online Horoscope & AI-Powered Online Astrologer AI Astrology - Free Online Horoscope & AI-Powered Online Astrologer Rashifal Kundli Rashifal 2026 Horoscope 2026 Today Horoscope Calendar 2026 Chat with Astrologer ₹ 0 Sign In / Sign Up Welcome Go to AstroSage Cloud Log Out Aries Taurus Gemini Cancer Leo Virgo Libra Scorpio Sagittarius Capricorn Aquarius Pisces ததமிழ் తెతెలుగు ಕಕನ್ನಡ ગુગુજરાતી ममराठी বাবাংলা മമലയാളം دواردو हिहिन्दी नेनेपाली ଓଓଡ଼ିଆ অঅসমীয়া ਪੰਪੰਜਾਬੀ Home Free Kundli Horoscope Matching Horoscope 2026 राशिफल 2026 Today's Horoscope R","ai_or_personalization|astrology_spiritual","ai_or_personalization","astrology_spiritual","subscription_terms","AI Astrology - Free Online Horoscope & AI-Powered Online Astrologer","200","ok","homepage","ai_or_personalization|astrology_spiritual","subscription_or_premium_language","","public_company_or_product_page","AI Astrology - Free Online Horoscope & AI-Powered Online Astrologer Rashifal Kundli Rashifal 2026 Horoscope 2026 Today Horoscope Calendar 2026 Chat with Astrologer ₹ 0 Sign In / Sign Up Welcome Go to AstroSage Cloud Log Out Aries Taurus Gemini Cancer Leo Virgo Libra Scorpio Sagittarius Capricorn Aquarius Pisces ததமிழ் తెతెలుగు ಕಕನ್ನಡ ગુગુજરાતી ममराठी বাবাংলা മമലയാളം دواردو हिहिन्दी नेनेपाली ଓଓଡ଼ିଆ অঅসমীয়া ਪੰਪੰਜਾਬੀ Home Free Kundli Horoscope Matching Horoscope 2026 राशिफल 2026 Today's Horoscope R","2026-05-31T03:18:57.825Z","medium","ok"
"CP_0218","AstroSage Kundli: AI Astrology","Ojas Softech Pvt Ltd","public_web","company_positioning_page","Company/public web positioning","https://www.astrosage.com/","https://www.astrosage.com","https://www.astrosage.com/","astrosage.com","astrology_esoterics","homepage","known_domain_homepage","218","homepage","","","subscription_or_premium_language","yes","yes_or_language_present","AI Astrology - Free Online Horoscope & AI-Powered Online Astrologer AI Astrology - Free Online Horoscope & AI-Powered Online Astrologer Rashifal Kundli Rashifal 2026 Horoscope 2026 Today Horoscope Calendar 2026 Chat with Astrologer ₹ 0 Sign In / Sign Up Welcome Go to AstroSage Cloud Log Out Aries Taurus Gemini Cancer Leo Virgo Libra Scorpio Sagittarius Capricorn Aquarius Pisces ததமிழ் తెతెలుగు ಕಕನ್ನಡ ગુગુજરાતી ममराठी বাবাংলা മമലയാളം دواردو हिहिन्दी नेनेपाली ଓଓଡ଼ିଆ অঅসমীয়া ਪੰਪੰਜਾਬੀ Home Free Kundli Horoscope Matching Horoscope 2026 राशिफल 2026 Today's Horoscope R","ai_or_personalization|astrology_spiritual","ai_or_personalization","astrology_spiritual","subscription_terms","AI Astrology - Free Online Horoscope & AI-Powered Online Astrologer","200","ok","homepage","ai_or_personalization|astrology_spiritual","subscription_or_premium_language","","public_company_or_product_page","AI Astrology - Free Online Horoscope & AI-Powered Online Astrologer Rashifal Kundli Rashifal 2026 Horoscope 2026 Today Horoscope Calendar 2026 Chat with Astrologer ₹ 0 Sign In / Sign Up Welcome Go to AstroSage Cloud Log Out Aries Taurus Gemini Cancer Leo Virgo Libra Scorpio Sagittarius Capricorn Aquarius Pisces ததமிழ் తెతెలుగు ಕಕನ್ನಡ ગુગુજરાતી ममराठी বাবাংলা മമലയാളം دواردو हिहिन्दी नेनेपाली ଓଓଡ଼ିଆ অঅসমীয়া ਪੰਪੰਜਾਬੀ Home Free Kundli Horoscope Matching Horoscope 2026 राशिफल 2026 Today's Horoscope R","2026-05-31T03:18:58.993Z","medium","ok"
"CP_0219","AstroSage Kundli: AI Astrology","Ojas Softech Pvt Ltd","public_web","company_positioning_page","Company/public web positioning","https://www.astrosage.com/pricing","https://www.astrosage.com/pricing","https://www.astrosage.com/pricing","astrosage.com","astrology_esoterics","pricing_or_plan_page","known_domain_pricing_or_plan_page","219","pricing_or_plan_page","","","no_clean_public_monetization_signal","yes","","IIS 10.0 Detailed Error - 404.0 - Not Found IIS 10.0 Detailed Error - 404.0 - Not Found HTTP Error 404.0 - Not Found The resource you are looking for has been removed, had its name changed, or is temporarily unavailable. Most likely causes: The directory or file specified does not exist on the Web server. The URL contains a typographical error. A custom filter or module, such as URLScan, restricts access to the file. Things you can try: Create the content on the Web server. Review the browser URL. Create a tracing rule to track failed req","unclassified_public_positioning","","","no_pricing_signal","IIS 10.0 Detailed Error - 404.0 - Not Found","404","error:http_404","pricing_or_plan_page","unclassified_public_positioning","no_clean_public_monetization_signal","","unreachable_or_not_found","IIS 10.0 Detailed Error - 404.0 - Not Found HTTP Error 404.0 - Not Found The resource you are looking for has been removed, had its name changed, or is temporarily unavailable. Most likely causes: The directory or file specified does not exist on the Web server. The URL contains a typographical error. A custom filter or module, such as URLScan, restricts access to the file. Things you can try: Create the content on the Web server. Review the browser URL. Create a tracing rule to track failed req","2026-05-31T03:18:59.459Z","low","error:http_404"
"CP_0220","AstroSage Kundli: AI Astrology","Ojas Softech Pvt Ltd","public_web","company_positioning_page","Company/public web positioning","https://www.astrosage.com/plans","https://www.astrosage.com/plans","https://www.astrosage.com/plans","astrosage.com","astrology_esoterics","pricing_or_plan_page","known_domain_pricing_or_plan_page","220","pricing_or_plan_page","","","no_clean_public_monetization_signal","yes","","IIS 10.0 Detailed Error - 404.0 - Not Found IIS 10.0 Detailed Error - 404.0 - Not Found HTTP Error 404.0 - Not Found The resource you are looking for has been removed, had its name changed, or is temporarily unavailable. Most likely causes: The directory or file specified does not exist on the Web server. The URL contains a typographical error. A custom filter or module, such as URLScan, restricts access to the file. Things you can try: Create the content on the Web server. Review the browser URL. Create a tracing rule to track failed req","unclassified_public_positioning","","","no_pricing_signal","IIS 10.0 Detailed Error - 404.0 - Not Found","404","error:http_404","pricing_or_plan_page","unclassified_public_positioning","no_clean_public_monetization_signal","","unreachable_or_not_found","IIS 10.0 Detailed Error - 404.0 - Not Found HTTP Error 404.0 - Not Found The resource you are looking for has been removed, had its name changed, or is temporarily unavailable. Most likely causes: The directory or file specified does not exist on the Web server. The URL contains a typographical error. A custom filter or module, such as URLScan, restricts access to the file. Things you can try: Create the content on the Web server. Review the browser URL. Create a tracing rule to track failed req","2026-05-31T03:18:59.868Z","low","error:http_404"
"CP_0221","AstroSage Kundli: AI Astrology","Ojas Softech Pvt Ltd","public_web","company_positioning_page","Company/public web positioning","https://www.astrosage.com/premium","https://www.astrosage.com/premium","https://www.astrosage.com/premium","astrosage.com","astrology_esoterics","pricing_or_plan_page","known_domain_pricing_or_plan_page","221","pricing_or_plan_page","","","no_clean_public_monetization_signal","yes","","IIS 10.0 Detailed Error - 404.0 - Not Found IIS 10.0 Detailed Error - 404.0 - Not Found HTTP Error 404.0 - Not Found The resource you are looking for has been removed, had its name changed, or is temporarily unavailable. Most likely causes: The directory or file specified does not exist on the Web server. The URL contains a typographical error. A custom filter or module, such as URLScan, restricts access to the file. Things you can try: Create the content on the Web server. Review the browser URL. Create a tracing rule to track failed req","unclassified_public_positioning","","","no_pricing_signal","IIS 10.0 Detailed Error - 404.0 - Not Found","404","error:http_404","pricing_or_plan_page","unclassified_public_positioning","no_clean_public_monetization_signal","","unreachable_or_not_found","IIS 10.0 Detailed Error - 404.0 - Not Found HTTP Error 404.0 - Not Found The resource you are looking for has been removed, had its name changed, or is temporarily unavailable. Most likely causes: The directory or file specified does not exist on the Web server. The URL contains a typographical error. A custom filter or module, such as URLScan, restricts access to the file. Things you can try: Create the content on the Web server. Review the browser URL. Create a tracing rule to track failed req","2026-05-31T03:19:00.276Z","low","error:http_404"
"CP_0222","AstroSage Kundli: AI Astrology","Ojas Softech Pvt Ltd","public_web","company_positioning_page","Company/public web positioning","https://www.astrosage.com/subscribe","https://www.astrosage.com/subscribe","https://www.astrosage.com/subscribe","astrosage.com","astrology_esoterics","pricing_or_plan_page","known_domain_pricing_or_plan_page","222","pricing_or_plan_page","","","no_clean_public_monetization_signal","yes","","IIS 10.0 Detailed Error - 404.0 - Not Found IIS 10.0 Detailed Error - 404.0 - Not Found HTTP Error 404.0 - Not Found The resource you are looking for has been removed, had its name changed, or is temporarily unavailable. Most likely causes: The directory or file specified does not exist on the Web server. The URL contains a typographical error. A custom filter or module, such as URLScan, restricts access to the file. Things you can try: Create the content on the Web server. Review the browser URL. Create a tracing rule to track failed req","unclassified_public_positioning","","","no_pricing_signal","IIS 10.0 Detailed Error - 404.0 - Not Found","404","error:http_404","pricing_or_plan_page","unclassified_public_positioning","no_clean_public_monetization_signal","","unreachable_or_not_found","IIS 10.0 Detailed Error - 404.0 - Not Found HTTP Error 404.0 - Not Found The resource you are looking for has been removed, had its name changed, or is temporarily unavailable. Most likely causes: The directory or file specified does not exist on the Web server. The URL contains a typographical error. A custom filter or module, such as URLScan, restricts access to the file. Things you can try: Create the content on the Web server. Review the browser URL. Create a tracing rule to track failed req","2026-05-31T03:19:00.651Z","low","error:http_404"
"CP_0223","AstroSage Kundli: AI Astrology","Ojas Softech Pvt Ltd","public_web","company_positioning_page","Company/public web positioning","https://www.astrosage.com/subscription","https://www.astrosage.com/subscription","https://www.astrosage.com/subscription","astrosage.com","astrology_esoterics","pricing_or_plan_page","known_domain_pricing_or_plan_page","223","pricing_or_plan_page","","","no_clean_public_monetization_signal","yes","","IIS 10.0 Detailed Error - 404.0 - Not Found IIS 10.0 Detailed Error - 404.0 - Not Found HTTP Error 404.0 - Not Found The resource you are looking for has been removed, had its name changed, or is temporarily unavailable. Most likely causes: The directory or file specified does not exist on the Web server. The URL contains a typographical error. A custom filter or module, such as URLScan, restricts access to the file. Things you can try: Create the content on the Web server. Review the browser URL. Create a tracing rule to track failed req","unclassified_public_positioning","","","no_pricing_signal","IIS 10.0 Detailed Error - 404.0 - Not Found","404","error:http_404","pricing_or_plan_page","unclassified_public_positioning","no_clean_public_monetization_signal","","unreachable_or_not_found","IIS 10.0 Detailed Error - 404.0 - Not Found HTTP Error 404.0 - Not Found The resource you are looking for has been removed, had its name changed, or is temporarily unavailable. Most likely causes: The directory or file specified does not exist on the Web server. The URL contains a typographical error. A custom filter or module, such as URLScan, restricts access to the file. Things you can try: Create the content on the Web server. Review the browser URL. Create a tracing rule to track failed req","2026-05-31T03:19:01.096Z","low","error:http_404"
"CP_0224","AstroSage Kundli: AI Astrology","Ojas Softech Pvt Ltd","public_web","company_positioning_page","Company/public web positioning","https://www.astrosage.com/upgrade","https://www.astrosage.com/upgrade","https://www.astrosage.com/upgrade","astrosage.com","astrology_esoterics","pricing_or_plan_page","known_domain_pricing_or_plan_page","224","pricing_or_plan_page","","","no_clean_public_monetization_signal","yes","","IIS 10.0 Detailed Error - 404.0 - Not Found IIS 10.0 Detailed Error - 404.0 - Not Found HTTP Error 404.0 - Not Found The resource you are looking for has been removed, had its name changed, or is temporarily unavailable. Most likely causes: The directory or file specified does not exist on the Web server. The URL contains a typographical error. A custom filter or module, such as URLScan, restricts access to the file. Things you can try: Create the content on the Web server. Review the browser URL. Create a tracing rule to track failed req","unclassified_public_positioning","","","no_pricing_signal","IIS 10.0 Detailed Error - 404.0 - Not Found","404","error:http_404","pricing_or_plan_page","unclassified_public_positioning","no_clean_public_monetization_signal","","unreachable_or_not_found","IIS 10.0 Detailed Error - 404.0 - Not Found HTTP Error 404.0 - Not Found The resource you are looking for has been removed, had its name changed, or is temporarily unavailable. Most likely causes: The directory or file specified does not exist on the Web server. The URL contains a typographical error. A custom filter or module, such as URLScan, restricts access to the file. Things you can try: Create the content on the Web server. Review the browser URL. Create a tracing rule to track failed req","2026-05-31T03:19:01.487Z","low","error:http_404"
"CP_0225","Avatoon® - Avatar Maker","IdeaLabs.","public_web","company_positioning_page","Company/public web positioning","https://www.avatoon.me/","https://www.avatoon.me/","https://www.avatoon.me/","avatoon.me","avatar_identity","homepage","known_domain_homepage","225","homepage","","","no_clean_public_monetization_signal","yes","","","unclassified_public_positioning","","","no_pricing_signal","","200","ok","homepage","unclassified_public_positioning","no_clean_public_monetization_signal","","public_company_or_product_page","","2026-05-31T03:19:02.325Z","low","ok"
"CP_0226","Avatoon® - Avatar Maker","IdeaLabs.","public_web","company_positioning_page","Company/public web positioning","https://www.avatoon.me/","https://www.avatoon.me","https://www.avatoon.me/","avatoon.me","avatar_identity","homepage","known_domain_homepage","226","homepage","","","no_clean_public_monetization_signal","yes","","","unclassified_public_positioning","","","no_pricing_signal","","200","ok","homepage","unclassified_public_positioning","no_clean_public_monetization_signal","","public_company_or_product_page","","2026-05-31T03:19:02.670Z","low","ok"
"CP_0227","Avatoon® - Avatar Maker","IdeaLabs.","public_web","company_positioning_page","Company/public web positioning","https://www.avatoon.me/pricing","https://www.avatoon.me/pricing","https://www.avatoon.me/pricing","avatoon.me","avatar_identity","pricing_or_plan_page","known_domain_pricing_or_plan_page","227","pricing_or_plan_page","","","no_clean_public_monetization_signal","yes","","404 Not Found 404 Not Found Not Found The requested URL was not found on this server. Apache/2.4.38 (Debian) Server at www.avatoon.me Port 80","habit_action_loop","","","no_pricing_signal","404 Not Found","404","error:http_404","pricing_or_plan_page","habit_action_loop","no_clean_public_monetization_signal","","unreachable_or_not_found","404 Not Found Not Found The requested URL was not found on this server. Apache/2.4.38 (Debian) Server at www.avatoon.me Port 80","2026-05-31T03:19:03.348Z","low","error:http_404"
"CP_0228","Avatoon® - Avatar Maker","IdeaLabs.","public_web","company_positioning_page","Company/public web positioning","https://www.avatoon.me/plans","https://www.avatoon.me/plans","https://www.avatoon.me/plans","avatoon.me","avatar_identity","pricing_or_plan_page","known_domain_pricing_or_plan_page","228","pricing_or_plan_page","","","no_clean_public_monetization_signal","yes","","404 Not Found 404 Not Found Not Found The requested URL was not found on this server. Apache/2.4.38 (Debian) Server at www.avatoon.me Port 80","habit_action_loop","","","no_pricing_signal","404 Not Found","404","error:http_404","pricing_or_plan_page","habit_action_loop","no_clean_public_monetization_signal","","unreachable_or_not_found","404 Not Found Not Found The requested URL was not found on this server. Apache/2.4.38 (Debian) Server at www.avatoon.me Port 80","2026-05-31T03:19:03.963Z","low","error:http_404"
"CP_0229","Avatoon® - Avatar Maker","IdeaLabs.","public_web","company_positioning_page","Company/public web positioning","https://www.avatoon.me/premium","https://www.avatoon.me/premium","https://www.avatoon.me/premium","avatoon.me","avatar_identity","pricing_or_plan_page","known_domain_pricing_or_plan_page","229","pricing_or_plan_page","","","no_clean_public_monetization_signal","yes","","404 Not Found 404 Not Found Not Found The requested URL was not found on this server. Apache/2.4.38 (Debian) Server at www.avatoon.me Port 80","habit_action_loop","","","no_pricing_signal","404 Not Found","404","error:http_404","pricing_or_plan_page","habit_action_loop","no_clean_public_monetization_signal","","unreachable_or_not_found","404 Not Found Not Found The requested URL was not found on this server. Apache/2.4.38 (Debian) Server at www.avatoon.me Port 80","2026-05-31T03:19:04.475Z","low","error:http_404"
"CP_0230","Avatoon® - Avatar Maker","IdeaLabs.","public_web","company_positioning_page","Company/public web positioning","https://www.avatoon.me/subscribe","https://www.avatoon.me/subscribe","https://www.avatoon.me/subscribe","avatoon.me","avatar_identity","pricing_or_plan_page","known_domain_pricing_or_plan_page","230","pricing_or_plan_page","","","no_clean_public_monetization_signal","yes","","404 Not Found 404 Not Found Not Found The requested URL was not found on this server. Apache/2.4.38 (Debian) Server at www.avatoon.me Port 80","habit_action_loop","","","no_pricing_signal","404 Not Found","404","error:http_404","pricing_or_plan_page","habit_action_loop","no_clean_public_monetization_signal","","unreachable_or_not_found","404 Not Found Not Found The requested URL was not found on this server. Apache/2.4.38 (Debian) Server at www.avatoon.me Port 80","2026-05-31T03:19:04.884Z","low","error:http_404"
"CP_0231","Avatoon® - Avatar Maker","IdeaLabs.","public_web","company_positioning_page","Company/public web positioning","https://www.avatoon.me/subscription","https://www.avatoon.me/subscription","https://www.avatoon.me/subscription","avatoon.me","avatar_identity","pricing_or_plan_page","known_domain_pricing_or_plan_page","231","pricing_or_plan_page","","","no_clean_public_monetization_signal","yes","","404 Not Found 404 Not Found Not Found The requested URL was not found on this server. Apache/2.4.38 (Debian) Server at www.avatoon.me Port 80","habit_action_loop","","","no_pricing_signal","404 Not Found","404","error:http_404","pricing_or_plan_page","habit_action_loop","no_clean_public_monetization_signal","","unreachable_or_not_found","404 Not Found Not Found The requested URL was not found on this server. Apache/2.4.38 (Debian) Server at www.avatoon.me Port 80","2026-05-31T03:19:05.314Z","low","error:http_404"
"CP_0232","Avatoon® - Avatar Maker","IdeaLabs.","public_web","company_positioning_page","Company/public web positioning","https://www.avatoon.me/upgrade","https://www.avatoon.me/upgrade","https://www.avatoon.me/upgrade","avatoon.me","avatar_identity","pricing_or_plan_page","known_domain_pricing_or_plan_page","232","pricing_or_plan_page","","","no_clean_public_monetization_signal","yes","","404 Not Found 404 Not Found Not Found The requested URL was not found on this server. Apache/2.4.38 (Debian) Server at www.avatoon.me Port 80","habit_action_loop","","","no_pricing_signal","404 Not Found","404","error:http_404","pricing_or_plan_page","habit_action_loop","no_clean_public_monetization_signal","","unreachable_or_not_found","404 Not Found Not Found The requested URL was not found on this server. Apache/2.4.38 (Debian) Server at www.avatoon.me Port 80","2026-05-31T03:19:05.667Z","low","error:http_404"
"CP_0233","Character AI: Chat, Talk, Text","Character.AI","public_web","company_positioning_page","Company/public web positioning","https://character.ai/","https://character.ai/","https://character.ai/","character.ai","avatar_identity","homepage","known_domain_homepage","233","homepage","","","subscription_or_premium_language","yes","yes_or_language_present","Attention Required! | Cloudflare Attention Required! | Cloudflare Please enable cookies. Sorry, you have been blocked You are unable to access character.ai Why have I been blocked? This website is using a security service to protect itself from online attacks. The action you just performed triggered the security solution. There are several actions that could trigger this block including submitting a certain word or phrase, a SQL command or malformed data. What can I do to resolve this? You can email the site owner to let them k","ai_or_personalization|habit_action_loop|avatar_identity","ai_or_personalization|avatar_identity","","no_pricing_signal","Attention Required! | Cloudflare","403","error:http_403","homepage","ai_or_personalization|habit_action_loop|avatar_identity","subscription_or_premium_language","","public_company_or_product_page","Attention Required! | Cloudflare Please enable cookies. Sorry, you have been blocked You are unable to access character.ai Why have I been blocked? This website is using a security service to protect itself from online attacks. The action you just performed triggered the security solution. There are several actions that could trigger this block including submitting a certain word or phrase, a SQL command or malformed data. What can I do to resolve this? You can email the site owner to let them k","2026-05-31T03:19:05.846Z","low","error:http_403"
"CP_0234","Character AI: Chat, Talk, Text","Character.AI","public_web","company_positioning_page","Company/public web positioning","https://character.ai/","https://character.ai","https://character.ai/","character.ai","avatar_identity","homepage","known_domain_homepage","234","homepage","","","subscription_or_premium_language","yes","yes_or_language_present","Attention Required! | Cloudflare Attention Required! | Cloudflare Please enable cookies. Sorry, you have been blocked You are unable to access character.ai Why have I been blocked? This website is using a security service to protect itself from online attacks. The action you just performed triggered the security solution. There are several actions that could trigger this block including submitting a certain word or phrase, a SQL command or malformed data. What can I do to resolve this? You can email the site owner to let them k","ai_or_personalization|habit_action_loop|avatar_identity","ai_or_personalization|avatar_identity","","no_pricing_signal","Attention Required! | Cloudflare","403","error:http_403","homepage","ai_or_personalization|habit_action_loop|avatar_identity","subscription_or_premium_language","","public_company_or_product_page","Attention Required! | Cloudflare Please enable cookies. Sorry, you have been blocked You are unable to access character.ai Why have I been blocked? This website is using a security service to protect itself from online attacks. The action you just performed triggered the security solution. There are several actions that could trigger this block including submitting a certain word or phrase, a SQL command or malformed data. What can I do to resolve this? You can email the site owner to let them k","2026-05-31T03:19:05.957Z","low","error:http_403"
"CP_0235","Character AI: Chat, Talk, Text","Character.AI","public_web","company_positioning_page","Company/public web positioning","https://character.ai/pricing","https://character.ai/pricing","https://character.ai/pricing","character.ai","avatar_identity","pricing_or_plan_page","known_domain_pricing_or_plan_page","235","pricing_or_plan_page","","","no_clean_public_monetization_signal","yes","","Character.AI Character.AI 404This page could not be found.","ai_or_personalization|avatar_identity","ai_or_personalization|avatar_identity","","no_pricing_signal","Character.AI","404","error:http_404","pricing_or_plan_page","ai_or_personalization|avatar_identity","no_clean_public_monetization_signal","","unreachable_or_not_found","Character.AI 404This page could not be found.","2026-05-31T03:19:07.243Z","low","error:http_404"
"CP_0236","Character AI: Chat, Talk, Text","Character.AI","public_web","company_positioning_page","Company/public web positioning","https://character.ai/plans","https://character.ai/plans","https://character.ai/plans","character.ai","avatar_identity","pricing_or_plan_page","known_domain_pricing_or_plan_page","236","pricing_or_plan_page","","","no_clean_public_monetization_signal","yes","","Character.AI Character.AI 404This page could not be found.","ai_or_personalization|avatar_identity","ai_or_personalization|avatar_identity","","no_pricing_signal","Character.AI","404","error:http_404","pricing_or_plan_page","ai_or_personalization|avatar_identity","no_clean_public_monetization_signal","","unreachable_or_not_found","Character.AI 404This page could not be found.","2026-05-31T03:19:09.217Z","low","error:http_404"
"CP_0237","Character AI: Chat, Talk, Text","Character.AI","public_web","company_positioning_page","Company/public web positioning","https://character.ai/premium","https://character.ai/premium","https://character.ai/premium","character.ai","avatar_identity","pricing_or_plan_page","known_domain_pricing_or_plan_page","237","pricing_or_plan_page","","","no_clean_public_monetization_signal","yes","","Character.AI Character.AI 404This page could not be found.","ai_or_personalization|avatar_identity","ai_or_personalization|avatar_identity","","no_pricing_signal","Character.AI","404","error:http_404","pricing_or_plan_page","ai_or_personalization|avatar_identity","no_clean_public_monetization_signal","","unreachable_or_not_found","Character.AI 404This page could not be found.","2026-05-31T03:19:09.373Z","low","error:http_404"
"CP_0238","Character AI: Chat, Talk, Text","Character.AI","public_web","company_positioning_page","Company/public web positioning","https://character.ai/subscribe","https://character.ai/subscribe","https://character.ai/subscribe","character.ai","avatar_identity","pricing_or_plan_page","known_domain_pricing_or_plan_page","238","pricing_or_plan_page","","","visible_price_or_pricing_language|subscription_or_premium_language|purchase_or_upgrade_cta","yes","yes_or_language_present","Unlock c.ai+ Annual – Exclusive Savings & Premium Features | character.ai | AI Chat, Reimagined–Your Words. Your World. Unlock c.ai+ Annual – Exclusive Savings & Premium Features | character.ai | AI Chat, Reimagined–Your Words. Your World. Get the best of Character.AI with an annual c.ai+ subscription. Enjoy significant savings, enhanced character memory, faster responses, and exclusive access to select features. Upgrade today! GetUpgrade to c.ai+FeatureFreePlusBasic chat modelsBetter memoryAd-free chatsBonus on every Charms packAccess our latest and best modelsNo slow modeUnlimited voice callsEven more muted wor","ai_or_personalization|avatar_identity","ai_or_personalization|avatar_identity","","$9.99|$94.99|$119.88","Unlock c.ai+ Annual – Exclusive Savings & Premium Features | character.ai | AI Chat, Reimagined–Your Words. Your World.","200","ok","pricing_or_plan_page","ai_or_personalization|avatar_identity","visible_price_or_pricing_language|subscription_or_premium_language|purchase_or_upgrade_cta","$9.99|$94.99|$119.88","public_company_or_product_page","Unlock c.ai+ Annual – Exclusive Savings & Premium Features | character.ai | AI Chat, Reimagined–Your Words. Your World. Get the best of Character.AI with an annual c.ai+ subscription. Enjoy significant savings, enhanced character memory, faster responses, and exclusive access to select features. Upgrade today! GetUpgrade to c.ai+FeatureFreePlusBasic chat modelsBetter memoryAd-free chatsBonus on every Charms packAccess our latest and best modelsNo slow modeUnlimited voice callsEven more muted wor","2026-05-31T03:19:11.512Z","medium_high","ok"
"CP_0239","Character AI: Chat, Talk, Text","Character.AI","public_web","company_positioning_page","Company/public web positioning","https://character.ai/subscription","https://character.ai/subscription","https://character.ai/subscription","character.ai","avatar_identity","pricing_or_plan_page","known_domain_pricing_or_plan_page","239","pricing_or_plan_page","","","no_clean_public_monetization_signal","yes","","Character.AI Character.AI 404This page could not be found.","ai_or_personalization|avatar_identity","ai_or_personalization|avatar_identity","","no_pricing_signal","Character.AI","404","error:http_404","pricing_or_plan_page","ai_or_personalization|avatar_identity","no_clean_public_monetization_signal","","unreachable_or_not_found","Character.AI 404This page could not be found.","2026-05-31T03:19:11.713Z","low","error:http_404"
"CP_0240","Character AI: Chat, Talk, Text","Character.AI","public_web","company_positioning_page","Company/public web positioning","https://character.ai/upgrade","https://character.ai/upgrade","https://character.ai/upgrade","character.ai","avatar_identity","pricing_or_plan_page","known_domain_pricing_or_plan_page","240","pricing_or_plan_page","","","no_clean_public_monetization_signal","yes","","Character.AI Character.AI 404This page could not be found.","ai_or_personalization|avatar_identity","ai_or_personalization|avatar_identity","","no_pricing_signal","Character.AI","404","error:http_404","pricing_or_plan_page","ai_or_personalization|avatar_identity","no_clean_public_monetization_signal","","unreachable_or_not_found","Character.AI 404This page could not be found.","2026-05-31T03:19:11.866Z","low","error:http_404"
"CP_0241","Calm - Sleep, Meditate, Relax","Calm.com, Inc.","public_web","company_positioning_page","Company/public web positioning","https://www.calm.com/","http://www.calm.com/","https://www.calm.com/","calm.com","mindfulness","homepage","known_domain_homepage","241","homepage","","","visible_price_or_pricing_language|subscription_or_premium_language|trial_language","yes","yes_or_language_present","Calm - The #1 App for Meditation and Sleep Calm - The #1 App for Meditation and Sleep Calm is the #1 app for sleep and meditation. Join the millions experiencing better sleep, lower stress, and less anxiety. Skip to main contentSleepStress & AnxietyMindfulnessCalm HealthLog InTry Calm for FreeSleepStress & AnxietyMindfulnessCalm HealthLog InWe're here to help you feel better.Stress less.Get in-the-moment relief for stress and anxiety so you can get back to living.Learn MoreSleep more.Fall asleep (and stay asleep) naturally and peacefully","mindfulness_reset|progress_feedback","","mindfulness_reset","pricing_page|subscription_terms|trial_terms|app_store_redirect","Calm - The #1 App for Meditation and Sleep","200","ok","homepage","mindfulness_reset|progress_feedback","visible_price_or_pricing_language|subscription_or_premium_language|trial_language","","public_company_or_product_page","Calm - The #1 App for Meditation and Sleep Calm is the #1 app for sleep and meditation. Join the millions experiencing better sleep, lower stress, and less anxiety. Skip to main contentSleepStress & AnxietyMindfulnessCalm HealthLog InTry Calm for FreeSleepStress & AnxietyMindfulnessCalm HealthLog InWe're here to help you feel better.Stress less.Get in-the-moment relief for stress and anxiety so you can get back to living.Learn MoreSleep more.Fall asleep (and stay asleep) naturally and peacefully","2026-05-31T03:19:14.072Z","medium_high","ok"
"CP_0242","Calm - Sleep, Meditate, Relax","Calm.com, Inc.","public_web","company_positioning_page","Company/public web positioning","https://www.calm.com/","http://www.calm.com","https://www.calm.com/","calm.com","mindfulness","homepage","known_domain_homepage","242","homepage","","","visible_price_or_pricing_language|subscription_or_premium_language|trial_language","yes","yes_or_language_present","Calm - The #1 App for Meditation and Sleep Calm - The #1 App for Meditation and Sleep Calm is the #1 app for sleep and meditation. Join the millions experiencing better sleep, lower stress, and less anxiety. Skip to main contentSleepStress & AnxietyMindfulnessCalm HealthLog InTry Calm for FreeSleepStress & AnxietyMindfulnessCalm HealthLog InWe're here to help you feel better.Stress less.Get in-the-moment relief for stress and anxiety so you can get back to living.Learn MoreSleep more.Fall asleep (and stay asleep) naturally and peacefully","mindfulness_reset|progress_feedback","","mindfulness_reset","pricing_page|subscription_terms|trial_terms|app_store_redirect","Calm - The #1 App for Meditation and Sleep","200","ok","homepage","mindfulness_reset|progress_feedback","visible_price_or_pricing_language|subscription_or_premium_language|trial_language","","public_company_or_product_page","Calm - The #1 App for Meditation and Sleep Calm is the #1 app for sleep and meditation. Join the millions experiencing better sleep, lower stress, and less anxiety. Skip to main contentSleepStress & AnxietyMindfulnessCalm HealthLog InTry Calm for FreeSleepStress & AnxietyMindfulnessCalm HealthLog InWe're here to help you feel better.Stress less.Get in-the-moment relief for stress and anxiety so you can get back to living.Learn MoreSleep more.Fall asleep (and stay asleep) naturally and peacefully","2026-05-31T03:19:15.192Z","medium_high","ok"
"CP_0243","Calm - Sleep, Meditate, Relax","Calm.com, Inc.","public_web","company_positioning_page","Company/public web positioning","https://www.calm.com/pricing","http://www.calm.com/pricing","https://www.calm.com/pricing","calm.com","mindfulness","pricing_or_plan_page","known_domain_pricing_or_plan_page","243","pricing_or_plan_page","","","no_clean_public_monetization_signal","yes","","Calm - The #1 App for Meditation and Sleep Calm - The #1 App for Meditation and Sleep Calm is the #1 app for sleep and meditation. Join the millions experiencing better sleep, lower stress, and less anxiety.","mindfulness_reset|progress_feedback","","mindfulness_reset","no_pricing_signal","Calm - The #1 App for Meditation and Sleep","404","error:http_404","pricing_or_plan_page","mindfulness_reset|progress_feedback","no_clean_public_monetization_signal","","public_company_or_product_page","Calm - The #1 App for Meditation and Sleep Calm is the #1 app for sleep and meditation. Join the millions experiencing better sleep, lower stress, and less anxiety.","2026-05-31T03:19:16.994Z","low","error:http_404"
"CP_0244","Calm - Sleep, Meditate, Relax","Calm.com, Inc.","public_web","company_positioning_page","Company/public web positioning","https://www.calm.com/plans","http://www.calm.com/plans","https://www.calm.com/plans","calm.com","mindfulness","pricing_or_plan_page","known_domain_pricing_or_plan_page","244","pricing_or_plan_page","","","no_clean_public_monetization_signal","yes","","Calm - The #1 App for Meditation and Sleep Calm - The #1 App for Meditation and Sleep Calm is the #1 app for sleep and meditation. Join the millions experiencing better sleep, lower stress, and less anxiety.","mindfulness_reset|progress_feedback","","mindfulness_reset","no_pricing_signal","Calm - The #1 App for Meditation and Sleep","404","error:http_404","pricing_or_plan_page","mindfulness_reset|progress_feedback","no_clean_public_monetization_signal","","public_company_or_product_page","Calm - The #1 App for Meditation and Sleep Calm is the #1 app for sleep and meditation. Join the millions experiencing better sleep, lower stress, and less anxiety.","2026-05-31T03:19:18.736Z","low","error:http_404"
"CP_0245","Calm - Sleep, Meditate, Relax","Calm.com, Inc.","public_web","company_positioning_page","Company/public web positioning","https://www.calm.com/premium","http://www.calm.com/premium","https://www.calm.com/premium","calm.com","mindfulness","pricing_or_plan_page","known_domain_pricing_or_plan_page","245","pricing_or_plan_page","","","no_clean_public_monetization_signal","yes","","Calm - The #1 App for Meditation and Sleep Calm - The #1 App for Meditation and Sleep Calm is the #1 app for sleep and meditation. Join the millions experiencing better sleep, lower stress, and less anxiety.","mindfulness_reset|progress_feedback","","mindfulness_reset","no_pricing_signal","Calm - The #1 App for Meditation and Sleep","404","error:http_404","pricing_or_plan_page","mindfulness_reset|progress_feedback","no_clean_public_monetization_signal","","public_company_or_product_page","Calm - The #1 App for Meditation and Sleep Calm is the #1 app for sleep and meditation. Join the millions experiencing better sleep, lower stress, and less anxiety.","2026-05-31T03:19:20.292Z","low","error:http_404"
"CP_0246","Calm - Sleep, Meditate, Relax","Calm.com, Inc.","public_web","company_positioning_page","Company/public web positioning","https://www.calm.com/subscribe","http://www.calm.com/subscribe","https://www.calm.com/subscribe","calm.com","mindfulness","pricing_or_plan_page","known_domain_pricing_or_plan_page","246","pricing_or_plan_page","","","visible_price_or_pricing_language|subscription_or_premium_language|purchase_or_upgrade_cta","yes","yes_or_language_present","Calm - The #1 App for Meditation and Sleep Calm - The #1 App for Meditation and Sleep Calm is the #1 app for sleep and meditation. Join the millions experiencing better sleep, lower stress, and less anxiety. Skip to main contentCreate a free Calm accountContinue with EmailContinue with FacebookContinue with AppleContinue with GoogleBy tapping Continue or logging into an existing Calm account, you agree to our Terms and acknowledge that you have read our Privacy Policy, which explains how to opt out of offers and promos.Already have an ac","mindfulness_reset|progress_feedback","","mindfulness_reset","pricing_page","Calm - The #1 App for Meditation and Sleep","200","ok","pricing_or_plan_page","mindfulness_reset|progress_feedback","visible_price_or_pricing_language|subscription_or_premium_language|purchase_or_upgrade_cta","","public_company_or_product_page","Calm - The #1 App for Meditation and Sleep Calm is the #1 app for sleep and meditation. Join the millions experiencing better sleep, lower stress, and less anxiety. Skip to main contentCreate a free Calm accountContinue with EmailContinue with FacebookContinue with AppleContinue with GoogleBy tapping Continue or logging into an existing Calm account, you agree to our Terms and acknowledge that you have read our Privacy Policy, which explains how to opt out of offers and promos.Already have an ac","2026-05-31T03:19:21.369Z","medium_high","ok"
"CP_0247","Calm - Sleep, Meditate, Relax","Calm.com, Inc.","public_web","company_positioning_page","Company/public web positioning","https://www.calm.com/subscription","http://www.calm.com/subscription","https://www.calm.com/subscription","calm.com","mindfulness","pricing_or_plan_page","known_domain_pricing_or_plan_page","247","pricing_or_plan_page","","","no_clean_public_monetization_signal","yes","","Calm - The #1 App for Meditation and Sleep Calm - The #1 App for Meditation and Sleep Calm is the #1 app for sleep and meditation. Join the millions experiencing better sleep, lower stress, and less anxiety.","mindfulness_reset|progress_feedback","","mindfulness_reset","no_pricing_signal","Calm - The #1 App for Meditation and Sleep","404","error:http_404","pricing_or_plan_page","mindfulness_reset|progress_feedback","no_clean_public_monetization_signal","","public_company_or_product_page","Calm - The #1 App for Meditation and Sleep Calm is the #1 app for sleep and meditation. Join the millions experiencing better sleep, lower stress, and less anxiety.","2026-05-31T03:19:22.118Z","low","error:http_404"
"CP_0248","Calm - Sleep, Meditate, Relax","Calm.com, Inc.","public_web","company_positioning_page","Company/public web positioning","https://health.calm.com/","http://www.calm.com/upgrade","https://health.calm.com/","health.calm.com","mindfulness","homepage","known_domain_homepage","248","homepage","","","visible_price_or_pricing_language|b2b_sales_motion","yes","","Mental Health Benefits Solution for Employers, Health Plans & Consultants | Calm Health Mental Health Benefits Solution for Employers, Health Plans & Consultants | Calm Health Calm Health helps health plans, employers, and consultants deliver engaging, evidence-based mental health support to individuals. Request a demo. Skip to content Solutions For Health Plans For Employers For Consultants Calm Workshops Resources View All Blog Reports & Guides Webinars About Us Contact Us Our Experts Press Login App Login Customer Login Request a demo Health Plans Support your members and boost","mindfulness_reset|habit_action_loop|progress_feedback|b2b_enterprise","","mindfulness_reset|b2b_enterprise","pricing_page|paywall_language","Mental Health Benefits Solution for Employers, Health Plans & Consultants | Calm Health","200","ok","homepage","mindfulness_reset|habit_action_loop|progress_feedback|b2b_enterprise","visible_price_or_pricing_language|b2b_sales_motion","","b2b_or_parent_context_possible","Mental Health Benefits Solution for Employers, Health Plans & Consultants | Calm Health Calm Health helps health plans, employers, and consultants deliver engaging, evidence-based mental health support to individuals. Request a demo. Skip to content Solutions For Health Plans For Employers For Consultants Calm Workshops Resources View All Blog Reports & Guides Webinars About Us Contact Us Our Experts Press Login App Login Customer Login Request a demo Health Plans Support your members and boost","2026-05-31T03:19:23.585Z","medium_high","ok"
"CP_0249","Fortnite","Epic Games, Inc","public_web","company_positioning_page","Company/public web positioning","https://www.epicgames.com/help","https://www.epicgames.com/help","https://www.epicgames.com/help","epicgames.com","gaming","other_public_page","known_domain_other_public_page","249","other_public_page","","","no_clean_public_monetization_signal","yes","",": a042d635db70d33c : 171.6.239.144","unclassified_public_positioning","","","no_pricing_signal","","403","error:http_403","other_public_page","unclassified_public_positioning","no_clean_public_monetization_signal","","public_company_or_product_page",": a042d635db70d33c : 171.6.239.144","2026-05-31T03:19:23.972Z","low","error:http_403"
"CP_0250","Fortnite","Epic Games, Inc","public_web","company_positioning_page","Company/public web positioning","https://www.epicgames.com/","https://www.epicgames.com","https://www.epicgames.com/","epicgames.com","gaming","homepage","known_domain_homepage","250","homepage","","","no_clean_public_monetization_signal","yes","",": a042d6381c33d32e : 171.6.239.144","unclassified_public_positioning","","","no_pricing_signal","","403","error:http_403","homepage","unclassified_public_positioning","no_clean_public_monetization_signal","","public_company_or_product_page",": a042d6381c33d32e : 171.6.239.144","2026-05-31T03:19:24.144Z","low","error:http_403"
"CP_0251","Fortnite","Epic Games, Inc","public_web","company_positioning_page","Company/public web positioning","https://www.epicgames.com/pricing","https://www.epicgames.com/pricing","https://www.epicgames.com/pricing","epicgames.com","gaming","pricing_or_plan_page","known_domain_pricing_or_plan_page","251","pricing_or_plan_page","","","no_clean_public_monetization_signal","yes","",": a042d6393f1cd340 : 171.6.239.144","unclassified_public_positioning","","","no_pricing_signal","","403","error:http_403","pricing_or_plan_page","unclassified_public_positioning","no_clean_public_monetization_signal","","public_company_or_product_page",": a042d6393f1cd340 : 171.6.239.144","2026-05-31T03:19:24.313Z","low","error:http_403"
"CP_0252","Fortnite","Epic Games, Inc","public_web","company_positioning_page","Company/public web positioning","https://www.epicgames.com/plans","https://www.epicgames.com/plans","https://www.epicgames.com/plans","epicgames.com","gaming","pricing_or_plan_page","known_domain_pricing_or_plan_page","252","pricing_or_plan_page","","","no_clean_public_monetization_signal","yes","",": a042d63a4a54d02c : 171.6.239.144","unclassified_public_positioning","","","no_pricing_signal","","403","error:http_403","pricing_or_plan_page","unclassified_public_positioning","no_clean_public_monetization_signal","","public_company_or_product_page",": a042d63a4a54d02c : 171.6.239.144","2026-05-31T03:19:24.473Z","low","error:http_403"
"CP_0253","Fortnite","Epic Games, Inc","public_web","company_positioning_page","Company/public web positioning","https://www.epicgames.com/premium","https://www.epicgames.com/premium","https://www.epicgames.com/premium","epicgames.com","gaming","pricing_or_plan_page","known_domain_pricing_or_plan_page","253","pricing_or_plan_page","","","no_clean_public_monetization_signal","yes","",": a042d63b3cc1d02b : 171.6.239.144","unclassified_public_positioning","","","no_pricing_signal","","403","error:http_403","pricing_or_plan_page","unclassified_public_positioning","no_clean_public_monetization_signal","","public_company_or_product_page",": a042d63b3cc1d02b : 171.6.239.144","2026-05-31T03:19:24.640Z","low","error:http_403"
"CP_0254","Fortnite","Epic Games, Inc","public_web","company_positioning_page","Company/public web positioning","https://www.epicgames.com/subscribe","https://www.epicgames.com/subscribe","https://www.epicgames.com/subscribe","epicgames.com","gaming","pricing_or_plan_page","known_domain_pricing_or_plan_page","254","pricing_or_plan_page","","","no_clean_public_monetization_signal","yes","",": a042d63c4883d01f : 171.6.239.144","unclassified_public_positioning","","","no_pricing_signal","","403","error:http_403","pricing_or_plan_page","unclassified_public_positioning","no_clean_public_monetization_signal","","public_company_or_product_page",": a042d63c4883d01f : 171.6.239.144","2026-05-31T03:19:24.801Z","low","error:http_403"
"CP_0255","Fortnite","Epic Games, Inc","public_web","company_positioning_page","Company/public web positioning","https://www.epicgames.com/subscription","https://www.epicgames.com/subscription","https://www.epicgames.com/subscription","epicgames.com","gaming","pricing_or_plan_page","known_domain_pricing_or_plan_page","255","pricing_or_plan_page","","","no_clean_public_monetization_signal","yes","",": a042d63d4d27d033 : 171.6.239.144","unclassified_public_positioning","","","no_pricing_signal","","403","error:http_403","pricing_or_plan_page","unclassified_public_positioning","no_clean_public_monetization_signal","","public_company_or_product_page",": a042d63d4d27d033 : 171.6.239.144","2026-05-31T03:19:24.964Z","low","error:http_403"
"CP_0256","Fortnite","Epic Games, Inc","public_web","company_positioning_page","Company/public web positioning","https://www.epicgames.com/upgrade","https://www.epicgames.com/upgrade","https://www.epicgames.com/upgrade","epicgames.com","gaming","pricing_or_plan_page","known_domain_pricing_or_plan_page","256","pricing_or_plan_page","","","no_clean_public_monetization_signal","yes","",": a042d63e6e26d335 : 171.6.239.144","unclassified_public_positioning","","","no_pricing_signal","","403","error:http_403","pricing_or_plan_page","unclassified_public_positioning","no_clean_public_monetization_signal","","public_company_or_product_page",": a042d63e6e26d335 : 171.6.239.144","2026-05-31T03:19:25.135Z","low","error:http_403"
"CP_0257","NBA 2K Mobile Basketball Game","2K, Inc. - a Take-Two Interactive affiliate","public_web","company_positioning_page","Company/public web positioning","https://www.nba2kmobile.com/","https://nba2kmobile.com/","https://www.nba2kmobile.com/","nba2kmobile.com","gaming","homepage","known_domain_homepage","257","homepage","","","visible_price_or_pricing_language|purchase_or_upgrade_cta","yes","","NBA 2K Mobile Web Store | Buy NBA 2K Mobile Coin Packs | NBA 2K Mobile NBA 2K Mobile Web Store | Buy NBA 2K Mobile Coin Packs | NBA 2K Mobile Buy Coins and Packs from the official Web Store. Supports iOS and Android versions of the game. Skip to ContentStoreNewsDaily Streak StoreNewsDaily Streak Empire State Elite1 King of New York Jalen Brunson ELITE (20% Bonus Chance) + 3 Guaranteed Random Lunar Rose Specialists card + 6 Random Specialists cards (LUNAR ROSE - ARCANA) + 4 Random theme or Specialists theme cards (LUNAR ROSE - AZURE) + 1400 Coins + 3 Legendary GearB","habit_action_loop|game_progression","","game_progression","pricing_page|paywall_language|checkout_language","NBA 2K Mobile Web Store | Buy NBA 2K Mobile Coin Packs | NBA 2K Mobile","200","ok","homepage","habit_action_loop|game_progression","visible_price_or_pricing_language|purchase_or_upgrade_cta","","public_company_or_product_page","NBA 2K Mobile Web Store | Buy NBA 2K Mobile Coin Packs | NBA 2K Mobile Buy Coins and Packs from the official Web Store. Supports iOS and Android versions of the game. Skip to ContentStoreNewsDaily Streak StoreNewsDaily Streak Empire State Elite1 King of New York Jalen Brunson ELITE (20% Bonus Chance) + 3 Guaranteed Random Lunar Rose Specialists card + 6 Random Specialists cards (LUNAR ROSE - ARCANA) + 4 Random theme or Specialists theme cards (LUNAR ROSE - AZURE) + 1400 Coins + 3 Legendary GearB","2026-05-31T03:19:26.317Z","medium_high","ok"
"CP_0258","NBA 2K Mobile Basketball Game","2K, Inc. - a Take-Two Interactive affiliate","public_web","company_positioning_page","Company/public web positioning","https://www.nba2kmobile.com/","https://nba2kmobile.com","https://www.nba2kmobile.com/","nba2kmobile.com","gaming","homepage","known_domain_homepage","258","homepage","","","visible_price_or_pricing_language|purchase_or_upgrade_cta","yes","","NBA 2K Mobile Web Store | Buy NBA 2K Mobile Coin Packs | NBA 2K Mobile NBA 2K Mobile Web Store | Buy NBA 2K Mobile Coin Packs | NBA 2K Mobile Buy Coins and Packs from the official Web Store. Supports iOS and Android versions of the game. Skip to ContentStoreNewsDaily Streak StoreNewsDaily Streak Empire State Elite1 King of New York Jalen Brunson ELITE (20% Bonus Chance) + 3 Guaranteed Random Lunar Rose Specialists card + 6 Random Specialists cards (LUNAR ROSE - ARCANA) + 4 Random theme or Specialists theme cards (LUNAR ROSE - AZURE) + 1400 Coins + 3 Legendary GearB","habit_action_loop|game_progression","","game_progression","pricing_page|paywall_language|checkout_language","NBA 2K Mobile Web Store | Buy NBA 2K Mobile Coin Packs | NBA 2K Mobile","200","ok","homepage","habit_action_loop|game_progression","visible_price_or_pricing_language|purchase_or_upgrade_cta","","public_company_or_product_page","NBA 2K Mobile Web Store | Buy NBA 2K Mobile Coin Packs | NBA 2K Mobile Buy Coins and Packs from the official Web Store. Supports iOS and Android versions of the game. Skip to ContentStoreNewsDaily Streak StoreNewsDaily Streak Empire State Elite1 King of New York Jalen Brunson ELITE (20% Bonus Chance) + 3 Guaranteed Random Lunar Rose Specialists card + 6 Random Specialists cards (LUNAR ROSE - ARCANA) + 4 Random theme or Specialists theme cards (LUNAR ROSE - AZURE) + 1400 Coins + 3 Legendary GearB","2026-05-31T03:19:27.158Z","medium_high","ok"
"CP_0259","NBA 2K Mobile Basketball Game","2K, Inc. - a Take-Two Interactive affiliate","public_web","company_positioning_page","Company/public web positioning","https://www.nba2kmobile.com/pricing","https://nba2kmobile.com/pricing","https://www.nba2kmobile.com/pricing","nba2kmobile.com","gaming","pricing_or_plan_page","known_domain_pricing_or_plan_page","259","pricing_or_plan_page","","","no_clean_public_monetization_signal","yes","","skip-to-contentStoreNewsDaily Streak StoreNewsDaily Streak Something went wrong. Please go back to the home page and try again.The page you're looking for doesn't exist or another error occurred. (404).Back to StorePrivacy PolicyLegalCookie PolicyDo Not Sell or Share My Personal InformationSupportRefunds2K Ad Partners©2005-2026 Take-Two Interactive Software Inc. Developed by Cat Daddy Games. 2K, Cat Daddy Games, and respective logos are trademarks of Take-Two Interactive Software, Inc. All right","habit_action_loop|avatar_identity|community_social|game_progression","avatar_identity","community_social|game_progression","no_pricing_signal","","404","error:http_404","pricing_or_plan_page","habit_action_loop|avatar_identity|community_social|game_progression","no_clean_public_monetization_signal","","unreachable_or_not_found","skip-to-contentStoreNewsDaily Streak StoreNewsDaily Streak Something went wrong. Please go back to the home page and try again.The page you're looking for doesn't exist or another error occurred. (404).Back to StorePrivacy PolicyLegalCookie PolicyDo Not Sell or Share My Personal InformationSupportRefunds2K Ad Partners©2005-2026 Take-Two Interactive Software Inc. Developed by Cat Daddy Games. 2K, Cat Daddy Games, and respective logos are trademarks of Take-Two Interactive Software, Inc. All right","2026-05-31T03:19:27.788Z","low","error:http_404"
"CP_0260","NBA 2K Mobile Basketball Game","2K, Inc. - a Take-Two Interactive affiliate","public_web","company_positioning_page","Company/public web positioning","https://www.nba2kmobile.com/plans","https://nba2kmobile.com/plans","https://www.nba2kmobile.com/plans","nba2kmobile.com","gaming","pricing_or_plan_page","known_domain_pricing_or_plan_page","260","pricing_or_plan_page","","","no_clean_public_monetization_signal","yes","","skip-to-contentStoreNewsDaily Streak StoreNewsDaily Streak Something went wrong. Please go back to the home page and try again.The page you're looking for doesn't exist or another error occurred. (404).Back to StorePrivacy PolicyLegalCookie PolicyDo Not Sell or Share My Personal InformationSupportRefunds2K Ad Partners©2005-2026 Take-Two Interactive Software Inc. Developed by Cat Daddy Games. 2K, Cat Daddy Games, and respective logos are trademarks of Take-Two Interactive Software, Inc. All right","habit_action_loop|avatar_identity|community_social|game_progression","avatar_identity","community_social|game_progression","no_pricing_signal","","404","error:http_404","pricing_or_plan_page","habit_action_loop|avatar_identity|community_social|game_progression","no_clean_public_monetization_signal","","unreachable_or_not_found","skip-to-contentStoreNewsDaily Streak StoreNewsDaily Streak Something went wrong. Please go back to the home page and try again.The page you're looking for doesn't exist or another error occurred. (404).Back to StorePrivacy PolicyLegalCookie PolicyDo Not Sell or Share My Personal InformationSupportRefunds2K Ad Partners©2005-2026 Take-Two Interactive Software Inc. Developed by Cat Daddy Games. 2K, Cat Daddy Games, and respective logos are trademarks of Take-Two Interactive Software, Inc. All right","2026-05-31T03:19:29.179Z","low","error:http_404"
"CP_0261","NBA 2K Mobile Basketball Game","2K, Inc. - a Take-Two Interactive affiliate","public_web","company_positioning_page","Company/public web positioning","https://www.nba2kmobile.com/premium","https://nba2kmobile.com/premium","https://www.nba2kmobile.com/premium","nba2kmobile.com","gaming","pricing_or_plan_page","known_domain_pricing_or_plan_page","261","pricing_or_plan_page","","","no_clean_public_monetization_signal","yes","","skip-to-contentStoreNewsDaily Streak StoreNewsDaily Streak Something went wrong. Please go back to the home page and try again.The page you're looking for doesn't exist or another error occurred. (404).Back to StorePrivacy PolicyLegalCookie PolicyDo Not Sell or Share My Personal InformationSupportRefunds2K Ad Partners©2005-2026 Take-Two Interactive Software Inc. Developed by Cat Daddy Games. 2K, Cat Daddy Games, and respective logos are trademarks of Take-Two Interactive Software, Inc. All right","habit_action_loop|avatar_identity|community_social|game_progression","avatar_identity","community_social|game_progression","no_pricing_signal","","404","error:http_404","pricing_or_plan_page","habit_action_loop|avatar_identity|community_social|game_progression","no_clean_public_monetization_signal","","unreachable_or_not_found","skip-to-contentStoreNewsDaily Streak StoreNewsDaily Streak Something went wrong. Please go back to the home page and try again.The page you're looking for doesn't exist or another error occurred. (404).Back to StorePrivacy PolicyLegalCookie PolicyDo Not Sell or Share My Personal InformationSupportRefunds2K Ad Partners©2005-2026 Take-Two Interactive Software Inc. Developed by Cat Daddy Games. 2K, Cat Daddy Games, and respective logos are trademarks of Take-Two Interactive Software, Inc. All right","2026-05-31T03:19:29.901Z","low","error:http_404"
"CP_0262","NBA 2K Mobile Basketball Game","2K, Inc. - a Take-Two Interactive affiliate","public_web","company_positioning_page","Company/public web positioning","https://www.nba2kmobile.com/subscribe","https://nba2kmobile.com/subscribe","https://www.nba2kmobile.com/subscribe","nba2kmobile.com","gaming","pricing_or_plan_page","known_domain_pricing_or_plan_page","262","pricing_or_plan_page","","","no_clean_public_monetization_signal","yes","","skip-to-contentStoreNewsDaily Streak StoreNewsDaily Streak Something went wrong. Please go back to the home page and try again.The page you're looking for doesn't exist or another error occurred. (404).Back to StorePrivacy PolicyLegalCookie PolicyDo Not Sell or Share My Personal InformationSupportRefunds2K Ad Partners©2005-2026 Take-Two Interactive Software Inc. Developed by Cat Daddy Games. 2K, Cat Daddy Games, and respective logos are trademarks of Take-Two Interactive Software, Inc. All right","habit_action_loop|avatar_identity|community_social|game_progression","avatar_identity","community_social|game_progression","no_pricing_signal","","404","error:http_404","pricing_or_plan_page","habit_action_loop|avatar_identity|community_social|game_progression","no_clean_public_monetization_signal","","unreachable_or_not_found","skip-to-contentStoreNewsDaily Streak StoreNewsDaily Streak Something went wrong. Please go back to the home page and try again.The page you're looking for doesn't exist or another error occurred. (404).Back to StorePrivacy PolicyLegalCookie PolicyDo Not Sell or Share My Personal InformationSupportRefunds2K Ad Partners©2005-2026 Take-Two Interactive Software Inc. Developed by Cat Daddy Games. 2K, Cat Daddy Games, and respective logos are trademarks of Take-Two Interactive Software, Inc. All right","2026-05-31T03:19:30.585Z","low","error:http_404"
"CP_0263","NBA 2K Mobile Basketball Game","2K, Inc. - a Take-Two Interactive affiliate","public_web","company_positioning_page","Company/public web positioning","https://www.nba2kmobile.com/subscription","https://nba2kmobile.com/subscription","https://www.nba2kmobile.com/subscription","nba2kmobile.com","gaming","pricing_or_plan_page","known_domain_pricing_or_plan_page","263","pricing_or_plan_page","","","no_clean_public_monetization_signal","yes","","skip-to-contentStoreNewsDaily Streak StoreNewsDaily Streak Something went wrong. Please go back to the home page and try again.The page you're looking for doesn't exist or another error occurred. (404).Back to StorePrivacy PolicyLegalCookie PolicyDo Not Sell or Share My Personal InformationSupportRefunds2K Ad Partners©2005-2026 Take-Two Interactive Software Inc. Developed by Cat Daddy Games. 2K, Cat Daddy Games, and respective logos are trademarks of Take-Two Interactive Software, Inc. All right","habit_action_loop|avatar_identity|community_social|game_progression","avatar_identity","community_social|game_progression","no_pricing_signal","","404","error:http_404","pricing_or_plan_page","habit_action_loop|avatar_identity|community_social|game_progression","no_clean_public_monetization_signal","","unreachable_or_not_found","skip-to-contentStoreNewsDaily Streak StoreNewsDaily Streak Something went wrong. Please go back to the home page and try again.The page you're looking for doesn't exist or another error occurred. (404).Back to StorePrivacy PolicyLegalCookie PolicyDo Not Sell or Share My Personal InformationSupportRefunds2K Ad Partners©2005-2026 Take-Two Interactive Software Inc. Developed by Cat Daddy Games. 2K, Cat Daddy Games, and respective logos are trademarks of Take-Two Interactive Software, Inc. All right","2026-05-31T03:19:31.200Z","low","error:http_404"
"CP_0264","NBA 2K Mobile Basketball Game","2K, Inc. - a Take-Two Interactive affiliate","public_web","company_positioning_page","Company/public web positioning","https://www.nba2kmobile.com/upgrade","https://nba2kmobile.com/upgrade","https://www.nba2kmobile.com/upgrade","nba2kmobile.com","gaming","pricing_or_plan_page","known_domain_pricing_or_plan_page","264","pricing_or_plan_page","","","no_clean_public_monetization_signal","yes","","skip-to-contentStoreNewsDaily Streak StoreNewsDaily Streak Something went wrong. Please go back to the home page and try again.The page you're looking for doesn't exist or another error occurred. (404).Back to StorePrivacy PolicyLegalCookie PolicyDo Not Sell or Share My Personal InformationSupportRefunds2K Ad Partners©2005-2026 Take-Two Interactive Software Inc. Developed by Cat Daddy Games. 2K, Cat Daddy Games, and respective logos are trademarks of Take-Two Interactive Software, Inc. All right","habit_action_loop|avatar_identity|community_social|game_progression","avatar_identity","community_social|game_progression","no_pricing_signal","","404","error:http_404","pricing_or_plan_page","habit_action_loop|avatar_identity|community_social|game_progression","no_clean_public_monetization_signal","","unreachable_or_not_found","skip-to-contentStoreNewsDaily Streak StoreNewsDaily Streak Something went wrong. Please go back to the home page and try again.The page you're looking for doesn't exist or another error occurred. (404).Back to StorePrivacy PolicyLegalCookie PolicyDo Not Sell or Share My Personal InformationSupportRefunds2K Ad Partners©2005-2026 Take-Two Interactive Software Inc. Developed by Cat Daddy Games. 2K, Cat Daddy Games, and respective logos are trademarks of Take-Two Interactive Software, Inc. All right","2026-05-31T03:19:32.025Z","low","error:http_404"
"CP_0265","Rainbow Six Mobile","Ubisoft Nova","public_web","company_positioning_page","Company/public web positioning","https://ubisoft-mobile.helpshift.com/hc/en/45-rainbow-six-mobile/","https://ubisoft-mobile.helpshift.com/hc/app/45-rainbow-six-mobile","https://ubisoft-mobile.helpshift.com/hc/en/45-rainbow-six-mobile/","ubisoft-mobile.helpshift.com","gaming","other_public_page","known_domain_other_public_page","265","other_public_page","","","subscription_or_premium_language|purchase_or_upgrade_cta","yes","yes_or_language_present","Rainbow Six Mobile — Ubisoft Mobile Technical Support and Help Center Rainbow Six Mobile — Ubisoft Mobile Technical Support and Help Center Are you looking for help with Rainbow Six Mobile? Learn more about GLOBAL RELEASE – FREQUENTLY ASKED QUESTIONS, RAINBOW SIX MOBILE (GAME), PATCH NOTES, FEATURES, APPLICATION & ACCOUNTS, REPORTS & BANS, GAMEPLAY, OPTIONS AND SETTINGS, PAYMENTS & PURCHASES, CODE OF CONDUCT, PRIVACY, Hotfixes. This website uses only the necessary cookies required for the site's proper functioning. By using the website, you consent to all cookies","habit_action_loop|game_progression","","game_progression","paywall_language","Rainbow Six Mobile — Ubisoft Mobile Technical Support and Help Center","200","ok","other_public_page","habit_action_loop|game_progression","subscription_or_premium_language|purchase_or_upgrade_cta","","public_company_or_product_page","Rainbow Six Mobile — Ubisoft Mobile Technical Support and Help Center Are you looking for help with Rainbow Six Mobile? Learn more about GLOBAL RELEASE – FREQUENTLY ASKED QUESTIONS, RAINBOW SIX MOBILE (GAME), PATCH NOTES, FEATURES, APPLICATION & ACCOUNTS, REPORTS & BANS, GAMEPLAY, OPTIONS AND SETTINGS, PAYMENTS & PURCHASES, CODE OF CONDUCT, PRIVACY, Hotfixes. This website uses only the necessary cookies required for the site's proper functioning. By using the website, you consent to all cookies","2026-05-31T03:19:33.989Z","medium","ok"
"CP_0266","Rainbow Six Mobile","Ubisoft Nova","public_web","company_positioning_page","Company/public web positioning","https://ubisoft-mobile.helpshift.com/hc/en/","https://ubisoft-mobile.helpshift.com","https://ubisoft-mobile.helpshift.com/hc/en/","ubisoft-mobile.helpshift.com","gaming","other_public_page","known_domain_other_public_page","266","other_public_page","","","subscription_or_premium_language","yes","yes_or_language_present","Ubisoft Mobile Technical Support and Help Center Ubisoft Mobile Technical Support and Help Center Welcome to the Ubisoft Mobile support page. How can we help you? We have ready answers for many common questions about Ubisoft Mobile Main. This website uses only the necessary cookies required for the site's proper functioning. By using the website, you consent to all cookies in accordance with the cookie policy. To know more, refer Cookie Policy. Ubisoft Mobile Support Hi, how can we help you? Popular articles How do I contact Support for my gam","habit_action_loop","","","no_pricing_signal","Ubisoft Mobile Technical Support and Help Center","200","ok","other_public_page","habit_action_loop","subscription_or_premium_language","","public_company_or_product_page","Ubisoft Mobile Technical Support and Help Center Welcome to the Ubisoft Mobile support page. How can we help you? We have ready answers for many common questions about Ubisoft Mobile Main. This website uses only the necessary cookies required for the site's proper functioning. By using the website, you consent to all cookies in accordance with the cookie policy. To know more, refer Cookie Policy. Ubisoft Mobile Support Hi, how can we help you? Popular articles How do I contact Support for my gam","2026-05-31T03:19:35.037Z","medium","ok"
"CP_0267","Rainbow Six Mobile","Ubisoft Nova","public_web","company_positioning_page","Company/public web positioning","https://ubisoft-mobile.helpshift.com/login/?next=%2Fpricing%2F","https://ubisoft-mobile.helpshift.com/pricing","https://ubisoft-mobile.helpshift.com/login/?next=%2Fpricing%2F","ubisoft-mobile.helpshift.com","gaming","other_public_page","known_domain_other_public_page","267","other_public_page","","","visible_price_or_pricing_language","yes","","Helpshift Helpshift Ubisoft Mobile Log in to your account Azure Active Directory Helpshift Privacy Policy","unclassified_public_positioning","","","pricing_page","Helpshift","200","ok","other_public_page","unclassified_public_positioning","visible_price_or_pricing_language","","public_company_or_product_page","Helpshift Ubisoft Mobile Log in to your account Azure Active Directory Helpshift Privacy Policy","2026-05-31T03:19:36.022Z","medium_high","ok"
"CP_0268","Rainbow Six Mobile","Ubisoft Nova","public_web","company_positioning_page","Company/public web positioning","https://ubisoft-mobile.helpshift.com/login/?next=%2Fplans%2F","https://ubisoft-mobile.helpshift.com/plans","https://ubisoft-mobile.helpshift.com/login/?next=%2Fplans%2F","ubisoft-mobile.helpshift.com","gaming","other_public_page","known_domain_other_public_page","268","other_public_page","","","visible_price_or_pricing_language","yes","","Helpshift Helpshift Ubisoft Mobile Log in to your account Azure Active Directory Helpshift Privacy Policy","unclassified_public_positioning","","","pricing_page","Helpshift","200","ok","other_public_page","unclassified_public_positioning","visible_price_or_pricing_language","","public_company_or_product_page","Helpshift Ubisoft Mobile Log in to your account Azure Active Directory Helpshift Privacy Policy","2026-05-31T03:19:37.044Z","medium_high","ok"
"CP_0269","Rainbow Six Mobile","Ubisoft Nova","public_web","company_positioning_page","Company/public web positioning","https://ubisoft-mobile.helpshift.com/login/?next=%2Fpremium%2F","https://ubisoft-mobile.helpshift.com/premium","https://ubisoft-mobile.helpshift.com/login/?next=%2Fpremium%2F","ubisoft-mobile.helpshift.com","gaming","other_public_page","known_domain_other_public_page","269","other_public_page","","","visible_price_or_pricing_language","yes","","Helpshift Helpshift Ubisoft Mobile Log in to your account Azure Active Directory Helpshift Privacy Policy","unclassified_public_positioning","","","pricing_page","Helpshift","200","ok","other_public_page","unclassified_public_positioning","visible_price_or_pricing_language","","public_company_or_product_page","Helpshift Ubisoft Mobile Log in to your account Azure Active Directory Helpshift Privacy Policy","2026-05-31T03:19:38.068Z","medium_high","ok"
"CP_0270","Rainbow Six Mobile","Ubisoft Nova","public_web","company_positioning_page","Company/public web positioning","https://ubisoft-mobile.helpshift.com/subscribe/","https://ubisoft-mobile.helpshift.com/subscribe","https://ubisoft-mobile.helpshift.com/subscribe/","ubisoft-mobile.helpshift.com","gaming","pricing_or_plan_page","known_domain_pricing_or_plan_page","270","pricing_or_plan_page","","","no_clean_public_monetization_signal","yes","","","unclassified_public_positioning","","","no_pricing_signal","","404","error:non_text:","pricing_or_plan_page","unclassified_public_positioning","no_clean_public_monetization_signal","","public_company_or_product_page","","2026-05-31T03:19:38.783Z","low","error:non_text:"
"CP_0271","Rainbow Six Mobile","Ubisoft Nova","public_web","company_positioning_page","Company/public web positioning","https://ubisoft-mobile.helpshift.com/login/?next=%2Fsubscription%2F","https://ubisoft-mobile.helpshift.com/subscription","https://ubisoft-mobile.helpshift.com/login/?next=%2Fsubscription%2F","ubisoft-mobile.helpshift.com","gaming","other_public_page","known_domain_other_public_page","271","other_public_page","","","visible_price_or_pricing_language","yes","","Helpshift Helpshift Ubisoft Mobile Log in to your account Azure Active Directory Helpshift Privacy Policy","unclassified_public_positioning","","","pricing_page","Helpshift","200","ok","other_public_page","unclassified_public_positioning","visible_price_or_pricing_language","","public_company_or_product_page","Helpshift Ubisoft Mobile Log in to your account Azure Active Directory Helpshift Privacy Policy","2026-05-31T03:19:39.764Z","medium_high","ok"
"CP_0272","Rainbow Six Mobile","Ubisoft Nova","public_web","company_positioning_page","Company/public web positioning","https://ubisoft-mobile.helpshift.com/login/?next=%2Fupgrade%2F","https://ubisoft-mobile.helpshift.com/upgrade","https://ubisoft-mobile.helpshift.com/login/?next=%2Fupgrade%2F","ubisoft-mobile.helpshift.com","gaming","other_public_page","known_domain_other_public_page","272","other_public_page","","","visible_price_or_pricing_language","yes","","Helpshift Helpshift Ubisoft Mobile Log in to your account Azure Active Directory Helpshift Privacy Policy","unclassified_public_positioning","","","pricing_page","Helpshift","200","ok","other_public_page","unclassified_public_positioning","visible_price_or_pricing_language","","public_company_or_product_page","Helpshift Ubisoft Mobile Log in to your account Azure Active Directory Helpshift Privacy Policy","2026-05-31T03:19:40.696Z","medium_high","ok"
"CP_0273","Madden NFL 26 Mobile Football","ELECTRONIC ARTS","public_web","company_positioning_page","Company/public web positioning","https://help.ea.com/en/help-top-issues","https://help.ea.com/en/help-top-issues","https://help.ea.com/en/help-top-issues","help.ea.com","gaming","other_public_page","known_domain_other_public_page","273","other_public_page","","","no_clean_public_monetization_signal","yes","","","unclassified_public_positioning","","","no_pricing_signal","","","error:This operation was aborted","other_public_page","unclassified_public_positioning","no_clean_public_monetization_signal","","public_company_or_product_page","","2026-05-31T03:19:49.781Z","low","error:This operation was aborted"
"CP_0274","Madden NFL 26 Mobile Football","ELECTRONIC ARTS","public_web","company_positioning_page","Company/public web positioning","https://help.ea.com","https://help.ea.com","https://help.ea.com","help.ea.com","gaming","homepage","known_domain_homepage","274","homepage","","","no_clean_public_monetization_signal","yes","","","unclassified_public_positioning","","","no_pricing_signal","","","error:This operation was aborted","homepage","unclassified_public_positioning","no_clean_public_monetization_signal","","public_company_or_product_page","","2026-05-31T03:19:58.865Z","low","error:This operation was aborted"
"CP_0275","Madden NFL 26 Mobile Football","ELECTRONIC ARTS","public_web","company_positioning_page","Company/public web positioning","https://help.ea.com/pricing","https://help.ea.com/pricing","https://help.ea.com/pricing","help.ea.com","gaming","pricing_or_plan_page","known_domain_pricing_or_plan_page","275","pricing_or_plan_page","","","no_clean_public_monetization_signal","yes","","","unclassified_public_positioning","","","no_pricing_signal","","","error:This operation was aborted","pricing_or_plan_page","unclassified_public_positioning","no_clean_public_monetization_signal","","public_company_or_product_page","","2026-05-31T03:20:07.948Z","low","error:This operation was aborted"
"CP_0276","Madden NFL 26 Mobile Football","ELECTRONIC ARTS","public_web","company_positioning_page","Company/public web positioning","https://help.ea.com/plans","https://help.ea.com/plans","https://help.ea.com/plans","help.ea.com","gaming","pricing_or_plan_page","known_domain_pricing_or_plan_page","276","pricing_or_plan_page","","","no_clean_public_monetization_signal","yes","","","unclassified_public_positioning","","","no_pricing_signal","","","error:This operation was aborted","pricing_or_plan_page","unclassified_public_positioning","no_clean_public_monetization_signal","","public_company_or_product_page","","2026-05-31T03:20:17.032Z","low","error:This operation was aborted"
"CP_0277","Madden NFL 26 Mobile Football","ELECTRONIC ARTS","public_web","company_positioning_page","Company/public web positioning","https://help.ea.com/premium","https://help.ea.com/premium","https://help.ea.com/premium","help.ea.com","gaming","pricing_or_plan_page","known_domain_pricing_or_plan_page","277","pricing_or_plan_page","","","no_clean_public_monetization_signal","yes","","","unclassified_public_positioning","","","no_pricing_signal","","","error:This operation was aborted","pricing_or_plan_page","unclassified_public_positioning","no_clean_public_monetization_signal","","public_company_or_product_page","","2026-05-31T03:20:26.117Z","low","error:This operation was aborted"
"CP_0278","Madden NFL 26 Mobile Football","ELECTRONIC ARTS","public_web","company_positioning_page","Company/public web positioning","https://help.ea.com/subscribe","https://help.ea.com/subscribe","https://help.ea.com/subscribe","help.ea.com","gaming","pricing_or_plan_page","known_domain_pricing_or_plan_page","278","pricing_or_plan_page","","","no_clean_public_monetization_signal","yes","","","unclassified_public_positioning","","","no_pricing_signal","","","error:This operation was aborted","pricing_or_plan_page","unclassified_public_positioning","no_clean_public_monetization_signal","","public_company_or_product_page","","2026-05-31T03:20:35.202Z","low","error:This operation was aborted"
"CP_0279","Madden NFL 26 Mobile Football","ELECTRONIC ARTS","public_web","company_positioning_page","Company/public web positioning","https://help.ea.com/subscription","https://help.ea.com/subscription","https://help.ea.com/subscription","help.ea.com","gaming","pricing_or_plan_page","known_domain_pricing_or_plan_page","279","pricing_or_plan_page","","","no_clean_public_monetization_signal","yes","","","unclassified_public_positioning","","","no_pricing_signal","","","error:This operation was aborted","pricing_or_plan_page","unclassified_public_positioning","no_clean_public_monetization_signal","","public_company_or_product_page","","2026-05-31T03:20:44.285Z","low","error:This operation was aborted"
"CP_0280","Madden NFL 26 Mobile Football","ELECTRONIC ARTS","public_web","company_positioning_page","Company/public web positioning","https://help.ea.com/upgrade","https://help.ea.com/upgrade","https://help.ea.com/upgrade","help.ea.com","gaming","pricing_or_plan_page","known_domain_pricing_or_plan_page","280","pricing_or_plan_page","","","no_clean_public_monetization_signal","yes","","","unclassified_public_positioning","","","no_pricing_signal","","","error:This operation was aborted","pricing_or_plan_page","unclassified_public_positioning","no_clean_public_monetization_signal","","public_company_or_product_page","","2026-05-31T03:20:53.369Z","low","error:This operation was aborted"
"CP_0281","Tacticool: PvP Action Shooter","Panzerdog","public_web","company_positioning_page","Company/public web positioning","https://tacticool.game/","https://www.tacticool.game/","https://tacticool.game/","tacticool.game","gaming","homepage","known_domain_homepage","281","homepage","","","no_clean_public_monetization_signal","yes","","Tacticool. 5v5 Online Shooter Tacticool. 5v5 Online Shooter Online battles. Real physics. Real fun. Get in action right now! SHOPMARKETMGLAUNCHERCommunityDISCORDCOMMUNITY CODESUPPORTPLAY NOWINTENSE 5v5 SHOOTERONLINE BATTLES. REAL PHYSICSREAL FUNPLAY FOR FREELATEST UPDATESTacticool — patch notes 2.13.1018.05.2026UpdatesTacticool — patch notes 2.13.027.04.2026UpdatesTacticool — patch notes 2.12.1013.04.2026UpdatesTacticool — patch notes 2.12.031.03.2026UpdatesSEE ALLGet in action now. Victories await!DOWNLOAD TACTICOOLJOIN US","habit_action_loop|community_social|game_progression","","community_social|game_progression","no_pricing_signal","Tacticool. 5v5 Online Shooter","200","ok","homepage","habit_action_loop|community_social|game_progression","no_clean_public_monetization_signal","","public_company_or_product_page","Tacticool. 5v5 Online Shooter Online battles. Real physics. Real fun. Get in action right now! SHOPMARKETMGLAUNCHERCommunityDISCORDCOMMUNITY CODESUPPORTPLAY NOWINTENSE 5v5 SHOOTERONLINE BATTLES. REAL PHYSICSREAL FUNPLAY FOR FREELATEST UPDATESTacticool — patch notes 2.13.1018.05.2026UpdatesTacticool — patch notes 2.13.027.04.2026UpdatesTacticool — patch notes 2.12.1013.04.2026UpdatesTacticool — patch notes 2.12.031.03.2026UpdatesSEE ALLGet in action now. Victories await!DOWNLOAD TACTICOOLJOIN US","2026-05-31T03:20:56.415Z","medium","ok"
"CP_0282","Tacticool: PvP Action Shooter","Panzerdog","public_web","company_positioning_page","Company/public web positioning","https://tacticool.game/","https://www.tacticool.game","https://tacticool.game/","tacticool.game","gaming","homepage","known_domain_homepage","282","homepage","","","no_clean_public_monetization_signal","yes","","Tacticool. 5v5 Online Shooter Tacticool. 5v5 Online Shooter Online battles. Real physics. Real fun. Get in action right now! SHOPMARKETMGLAUNCHERCommunityDISCORDCOMMUNITY CODESUPPORTPLAY NOWINTENSE 5v5 SHOOTERONLINE BATTLES. REAL PHYSICSREAL FUNPLAY FOR FREELATEST UPDATESTacticool — patch notes 2.13.1018.05.2026UpdatesTacticool — patch notes 2.13.027.04.2026UpdatesTacticool — patch notes 2.12.1013.04.2026UpdatesTacticool — patch notes 2.12.031.03.2026UpdatesSEE ALLGet in action now. Victories await!DOWNLOAD TACTICOOLJOIN US","habit_action_loop|community_social|game_progression","","community_social|game_progression","no_pricing_signal","Tacticool. 5v5 Online Shooter","200","ok","homepage","habit_action_loop|community_social|game_progression","no_clean_public_monetization_signal","","public_company_or_product_page","Tacticool. 5v5 Online Shooter Online battles. Real physics. Real fun. Get in action right now! SHOPMARKETMGLAUNCHERCommunityDISCORDCOMMUNITY CODESUPPORTPLAY NOWINTENSE 5v5 SHOOTERONLINE BATTLES. REAL PHYSICSREAL FUNPLAY FOR FREELATEST UPDATESTacticool — patch notes 2.13.1018.05.2026UpdatesTacticool — patch notes 2.13.027.04.2026UpdatesTacticool — patch notes 2.12.1013.04.2026UpdatesTacticool — patch notes 2.12.031.03.2026UpdatesSEE ALLGet in action now. Victories await!DOWNLOAD TACTICOOLJOIN US","2026-05-31T03:20:57.129Z","medium","ok"
"CP_0283","Tacticool: PvP Action Shooter","Panzerdog","public_web","company_positioning_page","Company/public web positioning","https://tacticool.game/pricing","https://www.tacticool.game/pricing","https://tacticool.game/pricing","tacticool.game","gaming","pricing_or_plan_page","known_domain_pricing_or_plan_page","283","pricing_or_plan_page","","","no_clean_public_monetization_signal","yes","","","unclassified_public_positioning","","","no_pricing_signal","","404","error:non_text:application/json","pricing_or_plan_page","unclassified_public_positioning","no_clean_public_monetization_signal","","public_company_or_product_page","","2026-05-31T03:20:57.834Z","low","error:non_text:application/json"
"CP_0284","Tacticool: PvP Action Shooter","Panzerdog","public_web","company_positioning_page","Company/public web positioning","https://tacticool.game/plans","https://www.tacticool.game/plans","https://tacticool.game/plans","tacticool.game","gaming","pricing_or_plan_page","known_domain_pricing_or_plan_page","284","pricing_or_plan_page","","","no_clean_public_monetization_signal","yes","","","unclassified_public_positioning","","","no_pricing_signal","","404","error:non_text:application/json","pricing_or_plan_page","unclassified_public_positioning","no_clean_public_monetization_signal","","public_company_or_product_page","","2026-05-31T03:20:58.438Z","low","error:non_text:application/json"
"CP_0285","Tacticool: PvP Action Shooter","Panzerdog","public_web","company_positioning_page","Company/public web positioning","https://tacticool.game/premium","https://www.tacticool.game/premium","https://tacticool.game/premium","tacticool.game","gaming","pricing_or_plan_page","known_domain_pricing_or_plan_page","285","pricing_or_plan_page","","","no_clean_public_monetization_signal","yes","","","unclassified_public_positioning","","","no_pricing_signal","","404","error:non_text:application/json","pricing_or_plan_page","unclassified_public_positioning","no_clean_public_monetization_signal","","public_company_or_product_page","","2026-05-31T03:20:59.063Z","low","error:non_text:application/json"
"CP_0286","Tacticool: PvP Action Shooter","Panzerdog","public_web","company_positioning_page","Company/public web positioning","https://tacticool.game/subscribe","https://www.tacticool.game/subscribe","https://tacticool.game/subscribe","tacticool.game","gaming","pricing_or_plan_page","known_domain_pricing_or_plan_page","286","pricing_or_plan_page","","","no_clean_public_monetization_signal","yes","","","unclassified_public_positioning","","","no_pricing_signal","","404","error:non_text:application/json","pricing_or_plan_page","unclassified_public_positioning","no_clean_public_monetization_signal","","public_company_or_product_page","","2026-05-31T03:20:59.691Z","low","error:non_text:application/json"
"CP_0287","Tacticool: PvP Action Shooter","Panzerdog","public_web","company_positioning_page","Company/public web positioning","https://tacticool.game/subscription","https://www.tacticool.game/subscription","https://tacticool.game/subscription","tacticool.game","gaming","pricing_or_plan_page","known_domain_pricing_or_plan_page","287","pricing_or_plan_page","","","no_clean_public_monetization_signal","yes","","","unclassified_public_positioning","","","no_pricing_signal","","404","error:non_text:application/json","pricing_or_plan_page","unclassified_public_positioning","no_clean_public_monetization_signal","","public_company_or_product_page","","2026-05-31T03:21:00.408Z","low","error:non_text:application/json"
"CP_0288","Tacticool: PvP Action Shooter","Panzerdog","public_web","company_positioning_page","Company/public web positioning","https://tacticool.game/upgrade","https://www.tacticool.game/upgrade","https://tacticool.game/upgrade","tacticool.game","gaming","pricing_or_plan_page","known_domain_pricing_or_plan_page","288","pricing_or_plan_page","","","no_clean_public_monetization_signal","yes","","","unclassified_public_positioning","","","no_pricing_signal","","404","error:non_text:application/json","pricing_or_plan_page","unclassified_public_positioning","no_clean_public_monetization_signal","","public_company_or_product_page","","2026-05-31T03:21:01.075Z","low","error:non_text:application/json"
"CP_0289","Sky: Children of the Light","thatgamecompany inc","public_web","company_positioning_page","Company/public web positioning","https://www.thatskygame.com/","http://thatskygame.com/","https://www.thatskygame.com/","thatskygame.com","gaming","homepage","known_domain_homepage","289","homepage","","","no_clean_public_monetization_signal","yes","","Home - That Sky Game Home - That Sky Game MENU Your browser does not support the video tag. Play Video Explore an Open-World Sky: Children of the Light is a peaceful, award-winning MMO from the creators of Journey. Explore a beautifully-animated kingdom across seven realms and create enriching memories with other players in this delightful puzzle-adventure game. Sky News Days of Color 2026 May 29, 2026 This Month in Sky: May 2026 Edition May 4, 2026 This Month in Sky: April 2026 Edition April 1, 2026 Sunshine Blosso","progress_feedback|game_progression","","game_progression","no_pricing_signal","Home - That Sky Game","200","ok","homepage","progress_feedback|game_progression","no_clean_public_monetization_signal","","public_company_or_product_page","Home - That Sky Game MENU Your browser does not support the video tag. Play Video Explore an Open-World Sky: Children of the Light is a peaceful, award-winning MMO from the creators of Journey. Explore a beautifully-animated kingdom across seven realms and create enriching memories with other players in this delightful puzzle-adventure game. Sky News Days of Color 2026 May 29, 2026 This Month in Sky: May 2026 Edition May 4, 2026 This Month in Sky: April 2026 Edition April 1, 2026 Sunshine Blosso","2026-05-31T03:21:01.679Z","medium","ok"
"CP_0290","Sky: Children of the Light","thatgamecompany inc","public_web","company_positioning_page","Company/public web positioning","https://www.thatskygame.com/","http://thatskygame.com","https://www.thatskygame.com/","thatskygame.com","gaming","homepage","known_domain_homepage","290","homepage","","","no_clean_public_monetization_signal","yes","","Home - That Sky Game Home - That Sky Game MENU Your browser does not support the video tag. Play Video Explore an Open-World Sky: Children of the Light is a peaceful, award-winning MMO from the creators of Journey. Explore a beautifully-animated kingdom across seven realms and create enriching memories with other players in this delightful puzzle-adventure game. Sky News Days of Color 2026 May 29, 2026 This Month in Sky: May 2026 Edition May 4, 2026 This Month in Sky: April 2026 Edition April 1, 2026 Sunshine Blosso","progress_feedback|game_progression","","game_progression","no_pricing_signal","Home - That Sky Game","200","ok","homepage","progress_feedback|game_progression","no_clean_public_monetization_signal","","public_company_or_product_page","Home - That Sky Game MENU Your browser does not support the video tag. Play Video Explore an Open-World Sky: Children of the Light is a peaceful, award-winning MMO from the creators of Journey. Explore a beautifully-animated kingdom across seven realms and create enriching memories with other players in this delightful puzzle-adventure game. Sky News Days of Color 2026 May 29, 2026 This Month in Sky: May 2026 Edition May 4, 2026 This Month in Sky: April 2026 Edition April 1, 2026 Sunshine Blosso","2026-05-31T03:21:01.942Z","medium","ok"
"CP_0291","Sky: Children of the Light","thatgamecompany inc","public_web","company_positioning_page","Company/public web positioning","https://www.thatskygame.com/pricing","http://thatskygame.com/pricing","https://www.thatskygame.com/pricing","thatskygame.com","gaming","pricing_or_plan_page","known_domain_pricing_or_plan_page","291","pricing_or_plan_page","","","no_clean_public_monetization_signal","yes","","ThatSkyGame ThatSkyGame Loading...","game_progression","","game_progression","no_pricing_signal","ThatSkyGame","404","error:http_404","pricing_or_plan_page","game_progression","no_clean_public_monetization_signal","","public_company_or_product_page","ThatSkyGame Loading...","2026-05-31T03:21:02.445Z","low","error:http_404"
"CP_0292","Sky: Children of the Light","thatgamecompany inc","public_web","company_positioning_page","Company/public web positioning","https://www.thatskygame.com/plans","http://thatskygame.com/plans","https://www.thatskygame.com/plans","thatskygame.com","gaming","pricing_or_plan_page","known_domain_pricing_or_plan_page","292","pricing_or_plan_page","","","no_clean_public_monetization_signal","yes","","ThatSkyGame ThatSkyGame Loading...","game_progression","","game_progression","no_pricing_signal","ThatSkyGame","404","error:http_404","pricing_or_plan_page","game_progression","no_clean_public_monetization_signal","","public_company_or_product_page","ThatSkyGame Loading...","2026-05-31T03:21:02.904Z","low","error:http_404"
"CP_0293","Sky: Children of the Light","thatgamecompany inc","public_web","company_positioning_page","Company/public web positioning","https://www.thatskygame.com/premium","http://thatskygame.com/premium","https://www.thatskygame.com/premium","thatskygame.com","gaming","pricing_or_plan_page","known_domain_pricing_or_plan_page","293","pricing_or_plan_page","","","no_clean_public_monetization_signal","yes","","ThatSkyGame ThatSkyGame Loading...","game_progression","","game_progression","no_pricing_signal","ThatSkyGame","404","error:http_404","pricing_or_plan_page","game_progression","no_clean_public_monetization_signal","","public_company_or_product_page","ThatSkyGame Loading...","2026-05-31T03:21:03.355Z","low","error:http_404"
"CP_0294","Sky: Children of the Light","thatgamecompany inc","public_web","company_positioning_page","Company/public web positioning","https://www.thatskygame.com/subscribe","http://thatskygame.com/subscribe","https://www.thatskygame.com/subscribe","thatskygame.com","gaming","pricing_or_plan_page","known_domain_pricing_or_plan_page","294","pricing_or_plan_page","","","no_clean_public_monetization_signal","yes","","ThatSkyGame ThatSkyGame Loading...","game_progression","","game_progression","no_pricing_signal","ThatSkyGame","404","error:http_404","pricing_or_plan_page","game_progression","no_clean_public_monetization_signal","","public_company_or_product_page","ThatSkyGame Loading...","2026-05-31T03:21:03.829Z","low","error:http_404"
"CP_0295","Sky: Children of the Light","thatgamecompany inc","public_web","company_positioning_page","Company/public web positioning","https://www.thatskygame.com/subscription","http://thatskygame.com/subscription","https://www.thatskygame.com/subscription","thatskygame.com","gaming","pricing_or_plan_page","known_domain_pricing_or_plan_page","295","pricing_or_plan_page","","","no_clean_public_monetization_signal","yes","","ThatSkyGame ThatSkyGame Loading...","game_progression","","game_progression","no_pricing_signal","ThatSkyGame","404","error:http_404","pricing_or_plan_page","game_progression","no_clean_public_monetization_signal","","public_company_or_product_page","ThatSkyGame Loading...","2026-05-31T03:21:04.392Z","low","error:http_404"
"CP_0296","Sky: Children of the Light","thatgamecompany inc","public_web","company_positioning_page","Company/public web positioning","https://www.thatskygame.com/upgrade","http://thatskygame.com/upgrade","https://www.thatskygame.com/upgrade","thatskygame.com","gaming","pricing_or_plan_page","known_domain_pricing_or_plan_page","296","pricing_or_plan_page","","","no_clean_public_monetization_signal","yes","","ThatSkyGame ThatSkyGame Loading...","game_progression","","game_progression","no_pricing_signal","ThatSkyGame","404","error:http_404","pricing_or_plan_page","game_progression","no_clean_public_monetization_signal","","public_company_or_product_page","ThatSkyGame Loading...","2026-05-31T03:21:04.911Z","low","error:http_404"
"CP_0297","Art of War 3:RTS strategy game","Gear Games Global","public_web","company_positioning_page","Company/public web positioning","https://geargames.org/","https://geargames.org/","https://geargames.org/","geargames.org","gaming","homepage","known_domain_homepage","297","homepage","","","no_clean_public_monetization_signal","yes","","","unclassified_public_positioning","","","no_pricing_signal","","","error:fetch failed","homepage","unclassified_public_positioning","no_clean_public_monetization_signal","","public_company_or_product_page","","2026-05-31T03:21:05.247Z","low","error:fetch failed"
"CP_0298","Art of War 3:RTS strategy game","Gear Games Global","public_web","company_positioning_page","Company/public web positioning","https://geargames.org","https://geargames.org","https://geargames.org","geargames.org","gaming","homepage","known_domain_homepage","298","homepage","","","no_clean_public_monetization_signal","yes","","","unclassified_public_positioning","","","no_pricing_signal","","","error:fetch failed","homepage","unclassified_public_positioning","no_clean_public_monetization_signal","","public_company_or_product_page","","2026-05-31T03:21:05.586Z","low","error:fetch failed"
"CP_0299","Art of War 3:RTS strategy game","Gear Games Global","public_web","company_positioning_page","Company/public web positioning","https://geargames.org/pricing","https://geargames.org/pricing","https://geargames.org/pricing","geargames.org","gaming","pricing_or_plan_page","known_domain_pricing_or_plan_page","299","pricing_or_plan_page","","","no_clean_public_monetization_signal","yes","","","unclassified_public_positioning","","","no_pricing_signal","","","error:fetch failed","pricing_or_plan_page","unclassified_public_positioning","no_clean_public_monetization_signal","","public_company_or_product_page","","2026-05-31T03:21:05.924Z","low","error:fetch failed"
"CP_0300","Art of War 3:RTS strategy game","Gear Games Global","public_web","company_positioning_page","Company/public web positioning","https://geargames.org/plans","https://geargames.org/plans","https://geargames.org/plans","geargames.org","gaming","pricing_or_plan_page","known_domain_pricing_or_plan_page","300","pricing_or_plan_page","","","no_clean_public_monetization_signal","yes","","","unclassified_public_positioning","","","no_pricing_signal","","","error:fetch failed","pricing_or_plan_page","unclassified_public_positioning","no_clean_public_monetization_signal","","public_company_or_product_page","","2026-05-31T03:21:06.262Z","low","error:fetch failed"
"CP_0301","Art of War 3:RTS strategy game","Gear Games Global","public_web","company_positioning_page","Company/public web positioning","https://geargames.org/premium","https://geargames.org/premium","https://geargames.org/premium","geargames.org","gaming","pricing_or_plan_page","known_domain_pricing_or_plan_page","301","pricing_or_plan_page","","","no_clean_public_monetization_signal","yes","","","unclassified_public_positioning","","","no_pricing_signal","","","error:fetch failed","pricing_or_plan_page","unclassified_public_positioning","no_clean_public_monetization_signal","","public_company_or_product_page","","2026-05-31T03:21:06.600Z","low","error:fetch failed"
"CP_0302","Art of War 3:RTS strategy game","Gear Games Global","public_web","company_positioning_page","Company/public web positioning","https://geargames.org/subscribe","https://geargames.org/subscribe","https://geargames.org/subscribe","geargames.org","gaming","pricing_or_plan_page","known_domain_pricing_or_plan_page","302","pricing_or_plan_page","","","no_clean_public_monetization_signal","yes","","","unclassified_public_positioning","","","no_pricing_signal","","","error:fetch failed","pricing_or_plan_page","unclassified_public_positioning","no_clean_public_monetization_signal","","public_company_or_product_page","","2026-05-31T03:21:06.936Z","low","error:fetch failed"
"CP_0303","Art of War 3:RTS strategy game","Gear Games Global","public_web","company_positioning_page","Company/public web positioning","https://geargames.org/subscription","https://geargames.org/subscription","https://geargames.org/subscription","geargames.org","gaming","pricing_or_plan_page","known_domain_pricing_or_plan_page","303","pricing_or_plan_page","","","no_clean_public_monetization_signal","yes","","","unclassified_public_positioning","","","no_pricing_signal","","","error:fetch failed","pricing_or_plan_page","unclassified_public_positioning","no_clean_public_monetization_signal","","public_company_or_product_page","","2026-05-31T03:21:07.274Z","low","error:fetch failed"
"CP_0304","Art of War 3:RTS strategy game","Gear Games Global","public_web","company_positioning_page","Company/public web positioning","https://geargames.org/upgrade","https://geargames.org/upgrade","https://geargames.org/upgrade","geargames.org","gaming","pricing_or_plan_page","known_domain_pricing_or_plan_page","304","pricing_or_plan_page","","","no_clean_public_monetization_signal","yes","","","unclassified_public_positioning","","","no_pricing_signal","","","error:fetch failed","pricing_or_plan_page","unclassified_public_positioning","no_clean_public_monetization_signal","","public_company_or_product_page","","2026-05-31T03:21:07.608Z","low","error:fetch failed"
"CP_0305","WWE Mayhem","Reliance Games","public_web","company_positioning_page","Company/public web positioning","https://www.reliancegames.com/","https://www.reliancegames.com/","https://www.reliancegames.com/","reliancegames.com","gaming","homepage","known_domain_homepage","305","homepage","","","b2b_sales_motion","yes","","Reliancegames.com | Games Reliancegames.com | Games Reliancegames.com | Games CLose Menu Home About Games Publishing QA Testing Live Operations Team Partners News Careers X ""By browsing this site, you are consenting to the use of cookies for optimum site performance, best user experience & services offerings. Please click here to find more."" RelianceGames Retina Ready Athletica is perfectly adapted to various screen sizes, and its Attractive fresh design makes it look great. Explore Home About Games Publishing QA Testing","progress_feedback|community_social|b2b_enterprise|game_progression","","community_social|b2b_enterprise|game_progression","paywall_language|app_store_redirect","Reliancegames.com | Games","200","ok","homepage","progress_feedback|community_social|b2b_enterprise|game_progression","b2b_sales_motion","","b2b_or_parent_context_possible","Reliancegames.com | Games Reliancegames.com | Games CLose Menu Home About Games Publishing QA Testing Live Operations Team Partners News Careers X ""By browsing this site, you are consenting to the use of cookies for optimum site performance, best user experience & services offerings. Please click here to find more."" RelianceGames Retina Ready Athletica is perfectly adapted to various screen sizes, and its Attractive fresh design makes it look great. Explore Home About Games Publishing QA Testing","2026-05-31T03:21:08.843Z","medium","ok"
"CP_0306","WWE Mayhem","Reliance Games","public_web","company_positioning_page","Company/public web positioning","https://www.reliancegames.com/","https://www.reliancegames.com","https://www.reliancegames.com/","reliancegames.com","gaming","homepage","known_domain_homepage","306","homepage","","","b2b_sales_motion","yes","","Reliancegames.com | Games Reliancegames.com | Games Reliancegames.com | Games CLose Menu Home About Games Publishing QA Testing Live Operations Team Partners News Careers X ""By browsing this site, you are consenting to the use of cookies for optimum site performance, best user experience & services offerings. Please click here to find more."" RelianceGames Retina Ready Athletica is perfectly adapted to various screen sizes, and its Attractive fresh design makes it look great. Explore Home About Games Publishing QA Testing","progress_feedback|community_social|b2b_enterprise|game_progression","","community_social|b2b_enterprise|game_progression","paywall_language|app_store_redirect","Reliancegames.com | Games","200","ok","homepage","progress_feedback|community_social|b2b_enterprise|game_progression","b2b_sales_motion","","b2b_or_parent_context_possible","Reliancegames.com | Games Reliancegames.com | Games CLose Menu Home About Games Publishing QA Testing Live Operations Team Partners News Careers X ""By browsing this site, you are consenting to the use of cookies for optimum site performance, best user experience & services offerings. Please click here to find more."" RelianceGames Retina Ready Athletica is perfectly adapted to various screen sizes, and its Attractive fresh design makes it look great. Explore Home About Games Publishing QA Testing","2026-05-31T03:21:10.960Z","medium","ok"
"CP_0307","WWE Mayhem","Reliance Games","public_web","company_positioning_page","Company/public web positioning","https://www.reliancegames.com/pricing","https://www.reliancegames.com/pricing","https://www.reliancegames.com/pricing","reliancegames.com","gaming","pricing_or_plan_page","known_domain_pricing_or_plan_page","307","pricing_or_plan_page","","","no_clean_public_monetization_signal","yes","","404 Not Found 404 Not Found Not Found The requested URL was not found on this server. Apache/2.4.53 (Ubuntu) Server at www.reliancegames.com Port 80","habit_action_loop|game_progression","","game_progression","no_pricing_signal","404 Not Found","404","error:http_404","pricing_or_plan_page","habit_action_loop|game_progression","no_clean_public_monetization_signal","","unreachable_or_not_found","404 Not Found Not Found The requested URL was not found on this server. Apache/2.4.53 (Ubuntu) Server at www.reliancegames.com Port 80","2026-05-31T03:21:11.312Z","low","error:http_404"
"CP_0308","WWE Mayhem","Reliance Games","public_web","company_positioning_page","Company/public web positioning","https://www.reliancegames.com/plans","https://www.reliancegames.com/plans","https://www.reliancegames.com/plans","reliancegames.com","gaming","pricing_or_plan_page","known_domain_pricing_or_plan_page","308","pricing_or_plan_page","","","no_clean_public_monetization_signal","yes","","404 Not Found 404 Not Found Not Found The requested URL was not found on this server. Apache/2.4.53 (Ubuntu) Server at www.reliancegames.com Port 80","habit_action_loop|game_progression","","game_progression","no_pricing_signal","404 Not Found","404","error:http_404","pricing_or_plan_page","habit_action_loop|game_progression","no_clean_public_monetization_signal","","unreachable_or_not_found","404 Not Found Not Found The requested URL was not found on this server. Apache/2.4.53 (Ubuntu) Server at www.reliancegames.com Port 80","2026-05-31T03:21:11.663Z","low","error:http_404"
"CP_0309","WWE Mayhem","Reliance Games","public_web","company_positioning_page","Company/public web positioning","https://www.reliancegames.com/premium","https://www.reliancegames.com/premium","https://www.reliancegames.com/premium","reliancegames.com","gaming","pricing_or_plan_page","known_domain_pricing_or_plan_page","309","pricing_or_plan_page","","","no_clean_public_monetization_signal","yes","","404 Not Found 404 Not Found Not Found The requested URL was not found on this server. Apache/2.4.53 (Ubuntu) Server at www.reliancegames.com Port 80","habit_action_loop|game_progression","","game_progression","no_pricing_signal","404 Not Found","404","error:http_404","pricing_or_plan_page","habit_action_loop|game_progression","no_clean_public_monetization_signal","","unreachable_or_not_found","404 Not Found Not Found The requested URL was not found on this server. Apache/2.4.53 (Ubuntu) Server at www.reliancegames.com Port 80","2026-05-31T03:21:12.015Z","low","error:http_404"
"CP_0310","WWE Mayhem","Reliance Games","public_web","company_positioning_page","Company/public web positioning","https://www.reliancegames.com/subscribe","https://www.reliancegames.com/subscribe","https://www.reliancegames.com/subscribe","reliancegames.com","gaming","pricing_or_plan_page","known_domain_pricing_or_plan_page","310","pricing_or_plan_page","","","no_clean_public_monetization_signal","yes","","404 Not Found 404 Not Found Not Found The requested URL was not found on this server. Apache/2.4.53 (Ubuntu) Server at www.reliancegames.com Port 80","habit_action_loop|game_progression","","game_progression","no_pricing_signal","404 Not Found","404","error:http_404","pricing_or_plan_page","habit_action_loop|game_progression","no_clean_public_monetization_signal","","unreachable_or_not_found","404 Not Found Not Found The requested URL was not found on this server. Apache/2.4.53 (Ubuntu) Server at www.reliancegames.com Port 80","2026-05-31T03:21:12.367Z","low","error:http_404"
"CP_0311","WWE Mayhem","Reliance Games","public_web","company_positioning_page","Company/public web positioning","https://www.reliancegames.com/subscription","https://www.reliancegames.com/subscription","https://www.reliancegames.com/subscription","reliancegames.com","gaming","pricing_or_plan_page","known_domain_pricing_or_plan_page","311","pricing_or_plan_page","","","no_clean_public_monetization_signal","yes","","404 Not Found 404 Not Found Not Found The requested URL was not found on this server. Apache/2.4.53 (Ubuntu) Server at www.reliancegames.com Port 80","habit_action_loop|game_progression","","game_progression","no_pricing_signal","404 Not Found","404","error:http_404","pricing_or_plan_page","habit_action_loop|game_progression","no_clean_public_monetization_signal","","unreachable_or_not_found","404 Not Found Not Found The requested URL was not found on this server. Apache/2.4.53 (Ubuntu) Server at www.reliancegames.com Port 80","2026-05-31T03:21:12.783Z","low","error:http_404"
"CP_0312","WWE Mayhem","Reliance Games","public_web","company_positioning_page","Company/public web positioning","https://www.reliancegames.com/upgrade","https://www.reliancegames.com/upgrade","https://www.reliancegames.com/upgrade","reliancegames.com","gaming","pricing_or_plan_page","known_domain_pricing_or_plan_page","312","pricing_or_plan_page","","","no_clean_public_monetization_signal","yes","","404 Not Found 404 Not Found Not Found The requested URL was not found on this server. Apache/2.4.53 (Ubuntu) Server at www.reliancegames.com Port 80","habit_action_loop|game_progression","","game_progression","no_pricing_signal","404 Not Found","404","error:http_404","pricing_or_plan_page","habit_action_loop|game_progression","no_clean_public_monetization_signal","","unreachable_or_not_found","404 Not Found Not Found The requested URL was not found on this server. Apache/2.4.53 (Ubuntu) Server at www.reliancegames.com Port 80","2026-05-31T03:21:13.193Z","low","error:http_404"
"CP_0313","Crisis Action: 7th Anniversary","HK Hero Entertainment Co., Limited","public_web","company_positioning_page","Company/public web positioning","https://herogame.com/","https://herogame.com/","https://herogame.com/","herogame.com","gaming","homepage","known_domain_homepage","313","homepage","","","b2b_sales_motion","yes","","HERO GAMES HERO GAMES GAMES SHOP HEROPUB HELP ABOUT Company News Contact Careers Our Story Terms of Service Privacy Policy Company News Game News Player Support Business Press Explore Vacancies JOIN US | CONTACT US | PRIVACY POLICY ©2015 - 2024 . ALL RIGHTS RESERVED","progress_feedback|b2b_enterprise|game_progression","","b2b_enterprise|game_progression","no_pricing_signal","HERO GAMES","200","ok","homepage","progress_feedback|b2b_enterprise|game_progression","b2b_sales_motion","","b2b_or_parent_context_possible","HERO GAMES GAMES SHOP HEROPUB HELP ABOUT Company News Contact Careers Our Story Terms of Service Privacy Policy Company News Game News Player Support Business Press Explore Vacancies JOIN US | CONTACT US | PRIVACY POLICY ©2015 - 2024 . ALL RIGHTS RESERVED","2026-05-31T03:21:13.593Z","medium","ok"
"CP_0314","Crisis Action: 7th Anniversary","HK Hero Entertainment Co., Limited","public_web","company_positioning_page","Company/public web positioning","https://herogame.com/","https://herogame.com","https://herogame.com/","herogame.com","gaming","homepage","known_domain_homepage","314","homepage","","","b2b_sales_motion","yes","","HERO GAMES HERO GAMES GAMES SHOP HEROPUB HELP ABOUT Company News Contact Careers Our Story Terms of Service Privacy Policy Company News Game News Player Support Business Press Explore Vacancies JOIN US | CONTACT US | PRIVACY POLICY ©2015 - 2024 . ALL RIGHTS RESERVED","progress_feedback|b2b_enterprise|game_progression","","b2b_enterprise|game_progression","no_pricing_signal","HERO GAMES","200","ok","homepage","progress_feedback|b2b_enterprise|game_progression","b2b_sales_motion","","b2b_or_parent_context_possible","HERO GAMES GAMES SHOP HEROPUB HELP ABOUT Company News Contact Careers Our Story Terms of Service Privacy Policy Company News Game News Player Support Business Press Explore Vacancies JOIN US | CONTACT US | PRIVACY POLICY ©2015 - 2024 . ALL RIGHTS RESERVED","2026-05-31T03:21:13.762Z","medium","ok"
"CP_0315","Crisis Action: 7th Anniversary","HK Hero Entertainment Co., Limited","public_web","company_positioning_page","Company/public web positioning","https://herogame.com/pricing","https://herogame.com/pricing","https://herogame.com/pricing","herogame.com","gaming","pricing_or_plan_page","known_domain_pricing_or_plan_page","315","pricing_or_plan_page","","","no_clean_public_monetization_signal","yes","","404 404 back","unclassified_public_positioning","","","no_pricing_signal","404","404","error:http_404","pricing_or_plan_page","unclassified_public_positioning","no_clean_public_monetization_signal","","unreachable_or_not_found","404 back","2026-05-31T03:21:13.996Z","low","error:http_404"
"CP_0316","Crisis Action: 7th Anniversary","HK Hero Entertainment Co., Limited","public_web","company_positioning_page","Company/public web positioning","https://herogame.com/plans","https://herogame.com/plans","https://herogame.com/plans","herogame.com","gaming","pricing_or_plan_page","known_domain_pricing_or_plan_page","316","pricing_or_plan_page","","","no_clean_public_monetization_signal","yes","","404 404 back","unclassified_public_positioning","","","no_pricing_signal","404","404","error:http_404","pricing_or_plan_page","unclassified_public_positioning","no_clean_public_monetization_signal","","unreachable_or_not_found","404 back","2026-05-31T03:21:14.222Z","low","error:http_404"
"CP_0317","Crisis Action: 7th Anniversary","HK Hero Entertainment Co., Limited","public_web","company_positioning_page","Company/public web positioning","https://herogame.com/premium","https://herogame.com/premium","https://herogame.com/premium","herogame.com","gaming","pricing_or_plan_page","known_domain_pricing_or_plan_page","317","pricing_or_plan_page","","","no_clean_public_monetization_signal","yes","","404 404 back","unclassified_public_positioning","","","no_pricing_signal","404","404","error:http_404","pricing_or_plan_page","unclassified_public_positioning","no_clean_public_monetization_signal","","unreachable_or_not_found","404 back","2026-05-31T03:21:14.452Z","low","error:http_404"
"CP_0318","Crisis Action: 7th Anniversary","HK Hero Entertainment Co., Limited","public_web","company_positioning_page","Company/public web positioning","https://herogame.com/subscribe","https://herogame.com/subscribe","https://herogame.com/subscribe","herogame.com","gaming","pricing_or_plan_page","known_domain_pricing_or_plan_page","318","pricing_or_plan_page","","","no_clean_public_monetization_signal","yes","","404 404 back","unclassified_public_positioning","","","no_pricing_signal","404","404","error:http_404","pricing_or_plan_page","unclassified_public_positioning","no_clean_public_monetization_signal","","unreachable_or_not_found","404 back","2026-05-31T03:21:14.676Z","low","error:http_404"
"CP_0319","Crisis Action: 7th Anniversary","HK Hero Entertainment Co., Limited","public_web","company_positioning_page","Company/public web positioning","https://herogame.com/subscription","https://herogame.com/subscription","https://herogame.com/subscription","herogame.com","gaming","pricing_or_plan_page","known_domain_pricing_or_plan_page","319","pricing_or_plan_page","","","no_clean_public_monetization_signal","yes","","404 404 back","unclassified_public_positioning","","","no_pricing_signal","404","404","error:http_404","pricing_or_plan_page","unclassified_public_positioning","no_clean_public_monetization_signal","","unreachable_or_not_found","404 back","2026-05-31T03:21:14.907Z","low","error:http_404"
"CP_0320","Crisis Action: 7th Anniversary","HK Hero Entertainment Co., Limited","public_web","company_positioning_page","Company/public web positioning","https://herogame.com/upgrade","https://herogame.com/upgrade","https://herogame.com/upgrade","herogame.com","gaming","pricing_or_plan_page","known_domain_pricing_or_plan_page","320","pricing_or_plan_page","","","no_clean_public_monetization_signal","yes","","404 404 back","unclassified_public_positioning","","","no_pricing_signal","404","404","error:http_404","pricing_or_plan_page","unclassified_public_positioning","no_clean_public_monetization_signal","","unreachable_or_not_found","404 back","2026-05-31T03:21:15.133Z","low","error:http_404"
"CP_0321","Shadowgun Legends: Online FPS","Deca_Games","public_web","company_positioning_page","Company/public web positioning","https://decagames.com/","https://decagames.com/","https://decagames.com/","decagames.com","gaming","homepage","known_domain_homepage","321","homepage","","","no_clean_public_monetization_signal","yes","","Deca Live Operations GmbH Deca Live Operations GmbH Breathing New Life into Old Games Home About Live Ops Case Study Career Games Contact Support  Breathing New Life into Old Games We believe in the games we take over and reinvigorate them to last for the long haul. Who we are Games as a Service Indie Publisher DECA Games is an indie publisher completely focused on live operations and games as a service We take over and reinvigorate games as they age or when their original developer can no longer support them. Experts O","mindfulness_reset|progress_feedback|game_progression","","mindfulness_reset|game_progression","no_pricing_signal","Deca Live Operations GmbH","200","ok","homepage","mindfulness_reset|progress_feedback|game_progression","no_clean_public_monetization_signal","","public_company_or_product_page","Deca Live Operations GmbH Breathing New Life into Old Games Home About Live Ops Case Study Career Games Contact Support  Breathing New Life into Old Games We believe in the games we take over and reinvigorate them to last for the long haul. Who we are Games as a Service Indie Publisher DECA Games is an indie publisher completely focused on live operations and games as a service We take over and reinvigorate games as they age or when their original developer can no longer support them. Experts O","2026-05-31T03:21:15.338Z","medium","ok"
"CP_0322","Shadowgun Legends: Online FPS","Deca_Games","public_web","company_positioning_page","Company/public web positioning","https://decagames.com/","https://decagames.com","https://decagames.com/","decagames.com","gaming","homepage","known_domain_homepage","322","homepage","","","no_clean_public_monetization_signal","yes","","Deca Live Operations GmbH Deca Live Operations GmbH Breathing New Life into Old Games Home About Live Ops Case Study Career Games Contact Support  Breathing New Life into Old Games We believe in the games we take over and reinvigorate them to last for the long haul. Who we are Games as a Service Indie Publisher DECA Games is an indie publisher completely focused on live operations and games as a service We take over and reinvigorate games as they age or when their original developer can no longer support them. Experts O","mindfulness_reset|progress_feedback|game_progression","","mindfulness_reset|game_progression","no_pricing_signal","Deca Live Operations GmbH","200","ok","homepage","mindfulness_reset|progress_feedback|game_progression","no_clean_public_monetization_signal","","public_company_or_product_page","Deca Live Operations GmbH Breathing New Life into Old Games Home About Live Ops Case Study Career Games Contact Support  Breathing New Life into Old Games We believe in the games we take over and reinvigorate them to last for the long haul. Who we are Games as a Service Indie Publisher DECA Games is an indie publisher completely focused on live operations and games as a service We take over and reinvigorate games as they age or when their original developer can no longer support them. Experts O","2026-05-31T03:21:15.455Z","medium","ok"
"CP_0323","Shadowgun Legends: Online FPS","Deca_Games","public_web","company_positioning_page","Company/public web positioning","https://decagames.com/pricing/","https://decagames.com/pricing","https://decagames.com/pricing/","decagames.com","gaming","pricing_or_plan_page","known_domain_pricing_or_plan_page","323","pricing_or_plan_page","","","no_clean_public_monetization_signal","yes","","Deca Live Operations GmbH Deca Live Operations GmbH Breathing New Life into Old Games Home About Live Ops Case Study Career Games Contact Support  Breathing New Life into Old Games We believe in the games we take over and reinvigorate them to last for the long haul. Who we are Games as a Service Indie Publisher DECA Games is an indie publisher completely focused on live operations and games as a service We take over and reinvigorate games as they age or when their original developer can no longer support them. Experts O","mindfulness_reset|progress_feedback|game_progression","","mindfulness_reset|game_progression","no_pricing_signal","Deca Live Operations GmbH","404","error:http_404","pricing_or_plan_page","mindfulness_reset|progress_feedback|game_progression","no_clean_public_monetization_signal","","public_company_or_product_page","Deca Live Operations GmbH Breathing New Life into Old Games Home About Live Ops Case Study Career Games Contact Support  Breathing New Life into Old Games We believe in the games we take over and reinvigorate them to last for the long haul. Who we are Games as a Service Indie Publisher DECA Games is an indie publisher completely focused on live operations and games as a service We take over and reinvigorate games as they age or when their original developer can no longer support them. Experts O","2026-05-31T03:21:16.380Z","low","error:http_404"
"CP_0324","Shadowgun Legends: Online FPS","Deca_Games","public_web","company_positioning_page","Company/public web positioning","https://decagames.com/plans/","https://decagames.com/plans","https://decagames.com/plans/","decagames.com","gaming","pricing_or_plan_page","known_domain_pricing_or_plan_page","324","pricing_or_plan_page","","","no_clean_public_monetization_signal","yes","","Deca Live Operations GmbH Deca Live Operations GmbH Breathing New Life into Old Games Home About Live Ops Case Study Career Games Contact Support  Breathing New Life into Old Games We believe in the games we take over and reinvigorate them to last for the long haul. Who we are Games as a Service Indie Publisher DECA Games is an indie publisher completely focused on live operations and games as a service We take over and reinvigorate games as they age or when their original developer can no longer support them. Experts O","mindfulness_reset|progress_feedback|game_progression","","mindfulness_reset|game_progression","no_pricing_signal","Deca Live Operations GmbH","404","error:http_404","pricing_or_plan_page","mindfulness_reset|progress_feedback|game_progression","no_clean_public_monetization_signal","","public_company_or_product_page","Deca Live Operations GmbH Breathing New Life into Old Games Home About Live Ops Case Study Career Games Contact Support  Breathing New Life into Old Games We believe in the games we take over and reinvigorate them to last for the long haul. Who we are Games as a Service Indie Publisher DECA Games is an indie publisher completely focused on live operations and games as a service We take over and reinvigorate games as they age or when their original developer can no longer support them. Experts O","2026-05-31T03:21:17.219Z","low","error:http_404"
"CP_0325","Shadowgun Legends: Online FPS","Deca_Games","public_web","company_positioning_page","Company/public web positioning","https://decagames.com/premium/","https://decagames.com/premium","https://decagames.com/premium/","decagames.com","gaming","pricing_or_plan_page","known_domain_pricing_or_plan_page","325","pricing_or_plan_page","","","no_clean_public_monetization_signal","yes","","Deca Live Operations GmbH Deca Live Operations GmbH Breathing New Life into Old Games Home About Live Ops Case Study Career Games Contact Support  Breathing New Life into Old Games We believe in the games we take over and reinvigorate them to last for the long haul. Who we are Games as a Service Indie Publisher DECA Games is an indie publisher completely focused on live operations and games as a service We take over and reinvigorate games as they age or when their original developer can no longer support them. Experts O","mindfulness_reset|progress_feedback|game_progression","","mindfulness_reset|game_progression","no_pricing_signal","Deca Live Operations GmbH","404","error:http_404","pricing_or_plan_page","mindfulness_reset|progress_feedback|game_progression","no_clean_public_monetization_signal","","public_company_or_product_page","Deca Live Operations GmbH Breathing New Life into Old Games Home About Live Ops Case Study Career Games Contact Support  Breathing New Life into Old Games We believe in the games we take over and reinvigorate them to last for the long haul. Who we are Games as a Service Indie Publisher DECA Games is an indie publisher completely focused on live operations and games as a service We take over and reinvigorate games as they age or when their original developer can no longer support them. Experts O","2026-05-31T03:21:18.018Z","low","error:http_404"
"CP_0326","Shadowgun Legends: Online FPS","Deca_Games","public_web","company_positioning_page","Company/public web positioning","https://decagames.com/subscribe/","https://decagames.com/subscribe","https://decagames.com/subscribe/","decagames.com","gaming","pricing_or_plan_page","known_domain_pricing_or_plan_page","326","pricing_or_plan_page","","","no_clean_public_monetization_signal","yes","","Deca Live Operations GmbH Deca Live Operations GmbH Breathing New Life into Old Games Home About Live Ops Case Study Career Games Contact Support  Breathing New Life into Old Games We believe in the games we take over and reinvigorate them to last for the long haul. Who we are Games as a Service Indie Publisher DECA Games is an indie publisher completely focused on live operations and games as a service We take over and reinvigorate games as they age or when their original developer can no longer support them. Experts O","mindfulness_reset|progress_feedback|game_progression","","mindfulness_reset|game_progression","no_pricing_signal","Deca Live Operations GmbH","404","error:http_404","pricing_or_plan_page","mindfulness_reset|progress_feedback|game_progression","no_clean_public_monetization_signal","","public_company_or_product_page","Deca Live Operations GmbH Breathing New Life into Old Games Home About Live Ops Case Study Career Games Contact Support  Breathing New Life into Old Games We believe in the games we take over and reinvigorate them to last for the long haul. Who we are Games as a Service Indie Publisher DECA Games is an indie publisher completely focused on live operations and games as a service We take over and reinvigorate games as they age or when their original developer can no longer support them. Experts O","2026-05-31T03:21:18.855Z","low","error:http_404"
"CP_0327","Shadowgun Legends: Online FPS","Deca_Games","public_web","company_positioning_page","Company/public web positioning","https://decagames.com/subscription/","https://decagames.com/subscription","https://decagames.com/subscription/","decagames.com","gaming","pricing_or_plan_page","known_domain_pricing_or_plan_page","327","pricing_or_plan_page","","","no_clean_public_monetization_signal","yes","","Deca Live Operations GmbH Deca Live Operations GmbH Breathing New Life into Old Games Home About Live Ops Case Study Career Games Contact Support  Breathing New Life into Old Games We believe in the games we take over and reinvigorate them to last for the long haul. Who we are Games as a Service Indie Publisher DECA Games is an indie publisher completely focused on live operations and games as a service We take over and reinvigorate games as they age or when their original developer can no longer support them. Experts O","mindfulness_reset|progress_feedback|game_progression","","mindfulness_reset|game_progression","no_pricing_signal","Deca Live Operations GmbH","404","error:http_404","pricing_or_plan_page","mindfulness_reset|progress_feedback|game_progression","no_clean_public_monetization_signal","","public_company_or_product_page","Deca Live Operations GmbH Breathing New Life into Old Games Home About Live Ops Case Study Career Games Contact Support  Breathing New Life into Old Games We believe in the games we take over and reinvigorate them to last for the long haul. Who we are Games as a Service Indie Publisher DECA Games is an indie publisher completely focused on live operations and games as a service We take over and reinvigorate games as they age or when their original developer can no longer support them. Experts O","2026-05-31T03:21:19.653Z","low","error:http_404"
"CP_0328","Shadowgun Legends: Online FPS","Deca_Games","public_web","company_positioning_page","Company/public web positioning","https://decagames.com/upgrade/","https://decagames.com/upgrade","https://decagames.com/upgrade/","decagames.com","gaming","pricing_or_plan_page","known_domain_pricing_or_plan_page","328","pricing_or_plan_page","","","no_clean_public_monetization_signal","yes","","Deca Live Operations GmbH Deca Live Operations GmbH Breathing New Life into Old Games Home About Live Ops Case Study Career Games Contact Support  Breathing New Life into Old Games We believe in the games we take over and reinvigorate them to last for the long haul. Who we are Games as a Service Indie Publisher DECA Games is an indie publisher completely focused on live operations and games as a service We take over and reinvigorate games as they age or when their original developer can no longer support them. Experts O","mindfulness_reset|progress_feedback|game_progression","","mindfulness_reset|game_progression","no_pricing_signal","Deca Live Operations GmbH","404","error:http_404","pricing_or_plan_page","mindfulness_reset|progress_feedback|game_progression","no_clean_public_monetization_signal","","public_company_or_product_page","Deca Live Operations GmbH Breathing New Life into Old Games Home About Live Ops Case Study Career Games Contact Support  Breathing New Life into Old Games We believe in the games we take over and reinvigorate them to last for the long haul. Who we are Games as a Service Indie Publisher DECA Games is an indie publisher completely focused on live operations and games as a service We take over and reinvigorate games as they age or when their original developer can no longer support them. Experts O","2026-05-31T03:21:20.577Z","low","error:http_404"
"CP_0329","Fruit Ninja 2 Fun Action Games","Halfbrick Studios","public_web","company_positioning_page","Company/public web positioning","https://www.halfbrick.com/","http://www.halfbrick.com/","https://www.halfbrick.com/","halfbrick.com","gaming","homepage","known_domain_homepage","329","homepage","","","no_clean_public_monetization_signal","yes","","Halfbrick Halfbrick Creators of Fruit Ninja and Jetpack Joyride and more mobile mega hits! Halfbrick+GamesGamesAboutBlogCareersSupportContactShopVisit shop See our full list of gamesFruit Ninja 2Dan The ManJetpack Joyride 2Monster DashWelcome to HalfbrickLatest releaseDiscover Halfbrick+Scroll to explore ABOUT USWe make games that people look back on with nostalgia!Learn moreLearn moreFEATURED GAMESSome of our games.NewFruit Ninja 2Slice & DiceJetpack JoyrideActionViewDan The ManActionFruit NinjaSlice & D","habit_action_loop|progress_feedback|game_progression","","game_progression","no_pricing_signal","Halfbrick","200","ok","homepage","habit_action_loop|progress_feedback|game_progression","no_clean_public_monetization_signal","","public_company_or_product_page","Halfbrick Creators of Fruit Ninja and Jetpack Joyride and more mobile mega hits! Halfbrick+GamesGamesAboutBlogCareersSupportContactShopVisit shop See our full list of gamesFruit Ninja 2Dan The ManJetpack Joyride 2Monster DashWelcome to HalfbrickLatest releaseDiscover Halfbrick+Scroll to explore ABOUT USWe make games that people look back on with nostalgia!Learn moreLearn moreFEATURED GAMESSome of our games.NewFruit Ninja 2Slice & DiceJetpack JoyrideActionViewDan The ManActionFruit NinjaSlice & D","2026-05-31T03:21:20.987Z","medium","ok"
"CP_0330","Fruit Ninja 2 Fun Action Games","Halfbrick Studios","public_web","company_positioning_page","Company/public web positioning","https://www.halfbrick.com/","http://www.halfbrick.com","https://www.halfbrick.com/","halfbrick.com","gaming","homepage","known_domain_homepage","330","homepage","","","no_clean_public_monetization_signal","yes","","Halfbrick Halfbrick Creators of Fruit Ninja and Jetpack Joyride and more mobile mega hits! Halfbrick+GamesGamesAboutBlogCareersSupportContactShopVisit shop See our full list of gamesFruit Ninja 2Dan The ManJetpack Joyride 2Monster DashWelcome to HalfbrickLatest releaseDiscover Halfbrick+Scroll to explore ABOUT USWe make games that people look back on with nostalgia!Learn moreLearn moreFEATURED GAMESSome of our games.NewFruit Ninja 2Slice & DiceJetpack JoyrideActionViewDan The ManActionFruit NinjaSlice & D","habit_action_loop|progress_feedback|game_progression","","game_progression","no_pricing_signal","Halfbrick","200","ok","homepage","habit_action_loop|progress_feedback|game_progression","no_clean_public_monetization_signal","","public_company_or_product_page","Halfbrick Creators of Fruit Ninja and Jetpack Joyride and more mobile mega hits! Halfbrick+GamesGamesAboutBlogCareersSupportContactShopVisit shop See our full list of gamesFruit Ninja 2Dan The ManJetpack Joyride 2Monster DashWelcome to HalfbrickLatest releaseDiscover Halfbrick+Scroll to explore ABOUT USWe make games that people look back on with nostalgia!Learn moreLearn moreFEATURED GAMESSome of our games.NewFruit Ninja 2Slice & DiceJetpack JoyrideActionViewDan The ManActionFruit NinjaSlice & D","2026-05-31T03:21:21.177Z","medium","ok"
"CP_0331","Fruit Ninja 2 Fun Action Games","Halfbrick Studios","public_web","company_positioning_page","Company/public web positioning","https://www.halfbrick.com/pricing","http://www.halfbrick.com/pricing","https://www.halfbrick.com/pricing","halfbrick.com","gaming","pricing_or_plan_page","known_domain_pricing_or_plan_page","331","pricing_or_plan_page","","","no_clean_public_monetization_signal","yes","","Not Found Not Found Halfbrick+GamesGamesAboutBlogCareersSupportContactShopVisit shopOops, Sensei couldn't find this page!Return homeReturn homeStudioAbout CareersShopBlogNewsContactGamesFruit Ninja 2®Fruit Ninja®Jetpack JoyrideDan the ManAll gamesSupportGame supportHouse rulesPrivacy PolicyTerms of ServicePO Box 172Red Hill Q 4059© 2023 All Rights ReservedTerms of ServicePrivacy PolicyHouse rules","game_progression","","game_progression","no_pricing_signal","Not Found","404","error:http_404","pricing_or_plan_page","game_progression","no_clean_public_monetization_signal","","unreachable_or_not_found","Not Found Halfbrick+GamesGamesAboutBlogCareersSupportContactShopVisit shopOops, Sensei couldn't find this page!Return homeReturn homeStudioAbout CareersShopBlogNewsContactGamesFruit Ninja 2®Fruit Ninja®Jetpack JoyrideDan the ManAll gamesSupportGame supportHouse rulesPrivacy PolicyTerms of ServicePO Box 172Red Hill Q 4059© 2023 All Rights ReservedTerms of ServicePrivacy PolicyHouse rules","2026-05-31T03:21:21.348Z","low","error:http_404"
"CP_0332","Fruit Ninja 2 Fun Action Games","Halfbrick Studios","public_web","company_positioning_page","Company/public web positioning","https://www.halfbrick.com/plans","http://www.halfbrick.com/plans","https://www.halfbrick.com/plans","halfbrick.com","gaming","pricing_or_plan_page","known_domain_pricing_or_plan_page","332","pricing_or_plan_page","","","no_clean_public_monetization_signal","yes","","Not Found Not Found Halfbrick+GamesGamesAboutBlogCareersSupportContactShopVisit shopOops, Sensei couldn't find this page!Return homeReturn homeStudioAbout CareersShopBlogNewsContactGamesFruit Ninja 2®Fruit Ninja®Jetpack JoyrideDan the ManAll gamesSupportGame supportHouse rulesPrivacy PolicyTerms of ServicePO Box 172Red Hill Q 4059© 2023 All Rights ReservedTerms of ServicePrivacy PolicyHouse rules","game_progression","","game_progression","no_pricing_signal","Not Found","404","error:http_404","pricing_or_plan_page","game_progression","no_clean_public_monetization_signal","","unreachable_or_not_found","Not Found Halfbrick+GamesGamesAboutBlogCareersSupportContactShopVisit shopOops, Sensei couldn't find this page!Return homeReturn homeStudioAbout CareersShopBlogNewsContactGamesFruit Ninja 2®Fruit Ninja®Jetpack JoyrideDan the ManAll gamesSupportGame supportHouse rulesPrivacy PolicyTerms of ServicePO Box 172Red Hill Q 4059© 2023 All Rights ReservedTerms of ServicePrivacy PolicyHouse rules","2026-05-31T03:21:21.511Z","low","error:http_404"
"CP_0333","Fruit Ninja 2 Fun Action Games","Halfbrick Studios","public_web","company_positioning_page","Company/public web positioning","https://www.halfbrick.com/premium","http://www.halfbrick.com/premium","https://www.halfbrick.com/premium","halfbrick.com","gaming","pricing_or_plan_page","known_domain_pricing_or_plan_page","333","pricing_or_plan_page","","","no_clean_public_monetization_signal","yes","","Not Found Not Found Halfbrick+GamesGamesAboutBlogCareersSupportContactShopVisit shopOops, Sensei couldn't find this page!Return homeReturn homeStudioAbout CareersShopBlogNewsContactGamesFruit Ninja 2®Fruit Ninja®Jetpack JoyrideDan the ManAll gamesSupportGame supportHouse rulesPrivacy PolicyTerms of ServicePO Box 172Red Hill Q 4059© 2023 All Rights ReservedTerms of ServicePrivacy PolicyHouse rules","game_progression","","game_progression","no_pricing_signal","Not Found","404","error:http_404","pricing_or_plan_page","game_progression","no_clean_public_monetization_signal","","unreachable_or_not_found","Not Found Halfbrick+GamesGamesAboutBlogCareersSupportContactShopVisit shopOops, Sensei couldn't find this page!Return homeReturn homeStudioAbout CareersShopBlogNewsContactGamesFruit Ninja 2®Fruit Ninja®Jetpack JoyrideDan the ManAll gamesSupportGame supportHouse rulesPrivacy PolicyTerms of ServicePO Box 172Red Hill Q 4059© 2023 All Rights ReservedTerms of ServicePrivacy PolicyHouse rules","2026-05-31T03:21:21.693Z","low","error:http_404"
"CP_0334","Fruit Ninja 2 Fun Action Games","Halfbrick Studios","public_web","company_positioning_page","Company/public web positioning","https://www.halfbrick.com/subscribe","http://www.halfbrick.com/subscribe","https://www.halfbrick.com/subscribe","halfbrick.com","gaming","pricing_or_plan_page","known_domain_pricing_or_plan_page","334","pricing_or_plan_page","","","no_clean_public_monetization_signal","yes","","Not Found Not Found Halfbrick+GamesGamesAboutBlogCareersSupportContactShopVisit shopOops, Sensei couldn't find this page!Return homeReturn homeStudioAbout CareersShopBlogNewsContactGamesFruit Ninja 2®Fruit Ninja®Jetpack JoyrideDan the ManAll gamesSupportGame supportHouse rulesPrivacy PolicyTerms of ServicePO Box 172Red Hill Q 4059© 2023 All Rights ReservedTerms of ServicePrivacy PolicyHouse rules","game_progression","","game_progression","no_pricing_signal","Not Found","404","error:http_404","pricing_or_plan_page","game_progression","no_clean_public_monetization_signal","","unreachable_or_not_found","Not Found Halfbrick+GamesGamesAboutBlogCareersSupportContactShopVisit shopOops, Sensei couldn't find this page!Return homeReturn homeStudioAbout CareersShopBlogNewsContactGamesFruit Ninja 2®Fruit Ninja®Jetpack JoyrideDan the ManAll gamesSupportGame supportHouse rulesPrivacy PolicyTerms of ServicePO Box 172Red Hill Q 4059© 2023 All Rights ReservedTerms of ServicePrivacy PolicyHouse rules","2026-05-31T03:21:21.866Z","low","error:http_404"
"CP_0335","Fruit Ninja 2 Fun Action Games","Halfbrick Studios","public_web","company_positioning_page","Company/public web positioning","https://www.halfbrick.com/subscription","http://www.halfbrick.com/subscription","https://www.halfbrick.com/subscription","halfbrick.com","gaming","pricing_or_plan_page","known_domain_pricing_or_plan_page","335","pricing_or_plan_page","","","no_clean_public_monetization_signal","yes","","Not Found Not Found Halfbrick+GamesGamesAboutBlogCareersSupportContactShopVisit shopOops, Sensei couldn't find this page!Return homeReturn homeStudioAbout CareersShopBlogNewsContactGamesFruit Ninja 2®Fruit Ninja®Jetpack JoyrideDan the ManAll gamesSupportGame supportHouse rulesPrivacy PolicyTerms of ServicePO Box 172Red Hill Q 4059© 2023 All Rights ReservedTerms of ServicePrivacy PolicyHouse rules","game_progression","","game_progression","no_pricing_signal","Not Found","404","error:http_404","pricing_or_plan_page","game_progression","no_clean_public_monetization_signal","","unreachable_or_not_found","Not Found Halfbrick+GamesGamesAboutBlogCareersSupportContactShopVisit shopOops, Sensei couldn't find this page!Return homeReturn homeStudioAbout CareersShopBlogNewsContactGamesFruit Ninja 2®Fruit Ninja®Jetpack JoyrideDan the ManAll gamesSupportGame supportHouse rulesPrivacy PolicyTerms of ServicePO Box 172Red Hill Q 4059© 2023 All Rights ReservedTerms of ServicePrivacy PolicyHouse rules","2026-05-31T03:21:22.041Z","low","error:http_404"
"CP_0336","Fruit Ninja 2 Fun Action Games","Halfbrick Studios","public_web","company_positioning_page","Company/public web positioning","https://www.halfbrick.com/upgrade","http://www.halfbrick.com/upgrade","https://www.halfbrick.com/upgrade","halfbrick.com","gaming","pricing_or_plan_page","known_domain_pricing_or_plan_page","336","pricing_or_plan_page","","","no_clean_public_monetization_signal","yes","","Not Found Not Found Halfbrick+GamesGamesAboutBlogCareersSupportContactShopVisit shopOops, Sensei couldn't find this page!Return homeReturn homeStudioAbout CareersShopBlogNewsContactGamesFruit Ninja 2®Fruit Ninja®Jetpack JoyrideDan the ManAll gamesSupportGame supportHouse rulesPrivacy PolicyTerms of ServicePO Box 172Red Hill Q 4059© 2023 All Rights ReservedTerms of ServicePrivacy PolicyHouse rules","game_progression","","game_progression","no_pricing_signal","Not Found","404","error:http_404","pricing_or_plan_page","game_progression","no_clean_public_monetization_signal","","unreachable_or_not_found","Not Found Halfbrick+GamesGamesAboutBlogCareersSupportContactShopVisit shopOops, Sensei couldn't find this page!Return homeReturn homeStudioAbout CareersShopBlogNewsContactGamesFruit Ninja 2®Fruit Ninja®Jetpack JoyrideDan the ManAll gamesSupportGame supportHouse rulesPrivacy PolicyTerms of ServicePO Box 172Red Hill Q 4059© 2023 All Rights ReservedTerms of ServicePrivacy PolicyHouse rules","2026-05-31T03:21:22.204Z","low","error:http_404"
"CP_0337","Dawn of Zombies: Survival Game","Royal Ark","public_web","company_positioning_page","Company/public web positioning","https://dozsurvival.com/","https://dozsurvival.com/","https://dozsurvival.com/","dozsurvival.com","gaming","homepage","known_domain_homepage","337","homepage","","","no_clean_public_monetization_signal","yes","","Main Main Главная Об игре Вакансии Магазин Главная Об игре Вакансии Магазин En О компании Royal Ark – молодая международная компания. Мы просто делаем мобильные игры, в которые сами всегда мечтали поиграть. Работаем независимо и по-своему: с заботой об игроках, перфекционизмом и упорным вниманием к деталям. Миллионы наших игроков по всему миру заставляют нас верить, что такой подход правильный. Вакансии Игры Попробуйте выжить в мире радиации, зомби, банд, аномалий и артефактов. Подробнее Вакансии Арт","unclassified_public_positioning","","","no_pricing_signal","Main","200","ok","homepage","unclassified_public_positioning","no_clean_public_monetization_signal","","public_company_or_product_page","Main Главная Об игре Вакансии Магазин Главная Об игре Вакансии Магазин En О компании Royal Ark – молодая международная компания. Мы просто делаем мобильные игры, в которые сами всегда мечтали поиграть. Работаем независимо и по-своему: с заботой об игроках, перфекционизмом и упорным вниманием к деталям. Миллионы наших игроков по всему миру заставляют нас верить, что такой подход правильный. Вакансии Игры Попробуйте выжить в мире радиации, зомби, банд, аномалий и артефактов. Подробнее Вакансии Арт","2026-05-31T03:21:23.022Z","medium","ok"
"CP_0338","Dawn of Zombies: Survival Game","Royal Ark","public_web","company_positioning_page","Company/public web positioning","https://dozsurvival.com/","https://dozsurvival.com","https://dozsurvival.com/","dozsurvival.com","gaming","homepage","known_domain_homepage","338","homepage","","","no_clean_public_monetization_signal","yes","","Main Main Главная Об игре Вакансии Магазин Главная Об игре Вакансии Магазин En О компании Royal Ark – молодая международная компания. Мы просто делаем мобильные игры, в которые сами всегда мечтали поиграть. Работаем независимо и по-своему: с заботой об игроках, перфекционизмом и упорным вниманием к деталям. Миллионы наших игроков по всему миру заставляют нас верить, что такой подход правильный. Вакансии Игры Попробуйте выжить в мире радиации, зомби, банд, аномалий и артефактов. Подробнее Вакансии Арт","unclassified_public_positioning","","","no_pricing_signal","Main","200","ok","homepage","unclassified_public_positioning","no_clean_public_monetization_signal","","public_company_or_product_page","Main Главная Об игре Вакансии Магазин Главная Об игре Вакансии Магазин En О компании Royal Ark – молодая международная компания. Мы просто делаем мобильные игры, в которые сами всегда мечтали поиграть. Работаем независимо и по-своему: с заботой об игроках, перфекционизмом и упорным вниманием к деталям. Миллионы наших игроков по всему миру заставляют нас верить, что такой подход правильный. Вакансии Игры Попробуйте выжить в мире радиации, зомби, банд, аномалий и артефактов. Подробнее Вакансии Арт","2026-05-31T03:21:23.440Z","medium","ok"
"CP_0339","Dawn of Zombies: Survival Game","Royal Ark","public_web","company_positioning_page","Company/public web positioning","https://dozsurvival.com/pricing","https://dozsurvival.com/pricing","https://dozsurvival.com/pricing","dozsurvival.com","gaming","pricing_or_plan_page","known_domain_pricing_or_plan_page","339","pricing_or_plan_page","","","no_clean_public_monetization_signal","yes","","Страница не найдена Страница не найдена Главная Об игре Вакансии Магазин Главная Об игре Вакансии Магазин En Видимо, никто не выжил... 404 На главную © Royal ARK, 2023 Политика конфиденциальности En Мы используем Cookie файлы, чтобы улучшить сайт для вас Согласен Успешная заявка Ваша заявка принята, в ближайшее время она попадет на рассмотрение к нашим специалистам. Продолжить Произошла ошибка Что-то пошло не так, попробуйте позже. Продолжить Подтвердите действие Подтвердить Отменить Заявка отправлена Благодарим за","unclassified_public_positioning","","","no_pricing_signal","Страница не найдена","404","error:http_404","pricing_or_plan_page","unclassified_public_positioning","no_clean_public_monetization_signal","","unreachable_or_not_found","Страница не найдена Главная Об игре Вакансии Магазин Главная Об игре Вакансии Магазин En Видимо, никто не выжил... 404 На главную © Royal ARK, 2023 Политика конфиденциальности En Мы используем Cookie файлы, чтобы улучшить сайт для вас Согласен Успешная заявка Ваша заявка принята, в ближайшее время она попадет на рассмотрение к нашим специалистам. Продолжить Произошла ошибка Что-то пошло не так, попробуйте позже. Продолжить Подтвердите действие Подтвердить Отменить Заявка отправлена Благодарим за","2026-05-31T03:21:23.850Z","low","error:http_404"
"CP_0340","Dawn of Zombies: Survival Game","Royal Ark","public_web","company_positioning_page","Company/public web positioning","https://dozsurvival.com/plans","https://dozsurvival.com/plans","https://dozsurvival.com/plans","dozsurvival.com","gaming","pricing_or_plan_page","known_domain_pricing_or_plan_page","340","pricing_or_plan_page","","","no_clean_public_monetization_signal","yes","","Страница не найдена Страница не найдена Главная Об игре Вакансии Магазин Главная Об игре Вакансии Магазин En Видимо, никто не выжил... 404 На главную © Royal ARK, 2023 Политика конфиденциальности En Мы используем Cookie файлы, чтобы улучшить сайт для вас Согласен Успешная заявка Ваша заявка принята, в ближайшее время она попадет на рассмотрение к нашим специалистам. Продолжить Произошла ошибка Что-то пошло не так, попробуйте позже. Продолжить Подтвердите действие Подтвердить Отменить Заявка отправлена Благодарим за","unclassified_public_positioning","","","no_pricing_signal","Страница не найдена","404","error:http_404","pricing_or_plan_page","unclassified_public_positioning","no_clean_public_monetization_signal","","unreachable_or_not_found","Страница не найдена Главная Об игре Вакансии Магазин Главная Об игре Вакансии Магазин En Видимо, никто не выжил... 404 На главную © Royal ARK, 2023 Политика конфиденциальности En Мы используем Cookie файлы, чтобы улучшить сайт для вас Согласен Успешная заявка Ваша заявка принята, в ближайшее время она попадет на рассмотрение к нашим специалистам. Продолжить Произошла ошибка Что-то пошло не так, попробуйте позже. Продолжить Подтвердите действие Подтвердить Отменить Заявка отправлена Благодарим за","2026-05-31T03:21:24.180Z","low","error:http_404"
"CP_0341","Dawn of Zombies: Survival Game","Royal Ark","public_web","company_positioning_page","Company/public web positioning","https://dozsurvival.com/premium","https://dozsurvival.com/premium","https://dozsurvival.com/premium","dozsurvival.com","gaming","pricing_or_plan_page","known_domain_pricing_or_plan_page","341","pricing_or_plan_page","","","no_clean_public_monetization_signal","yes","","Страница не найдена Страница не найдена Главная Об игре Вакансии Магазин Главная Об игре Вакансии Магазин En Видимо, никто не выжил... 404 На главную © Royal ARK, 2023 Политика конфиденциальности En Мы используем Cookie файлы, чтобы улучшить сайт для вас Согласен Успешная заявка Ваша заявка принята, в ближайшее время она попадет на рассмотрение к нашим специалистам. Продолжить Произошла ошибка Что-то пошло не так, попробуйте позже. Продолжить Подтвердите действие Подтвердить Отменить Заявка отправлена Благодарим за","unclassified_public_positioning","","","no_pricing_signal","Страница не найдена","404","error:http_404","pricing_or_plan_page","unclassified_public_positioning","no_clean_public_monetization_signal","","unreachable_or_not_found","Страница не найдена Главная Об игре Вакансии Магазин Главная Об игре Вакансии Магазин En Видимо, никто не выжил... 404 На главную © Royal ARK, 2023 Политика конфиденциальности En Мы используем Cookie файлы, чтобы улучшить сайт для вас Согласен Успешная заявка Ваша заявка принята, в ближайшее время она попадет на рассмотрение к нашим специалистам. Продолжить Произошла ошибка Что-то пошло не так, попробуйте позже. Продолжить Подтвердите действие Подтвердить Отменить Заявка отправлена Благодарим за","2026-05-31T03:21:24.564Z","low","error:http_404"
"CP_0342","Dawn of Zombies: Survival Game","Royal Ark","public_web","company_positioning_page","Company/public web positioning","https://dozsurvival.com/subscribe","https://dozsurvival.com/subscribe","https://dozsurvival.com/subscribe","dozsurvival.com","gaming","pricing_or_plan_page","known_domain_pricing_or_plan_page","342","pricing_or_plan_page","","","no_clean_public_monetization_signal","yes","","Страница не найдена Страница не найдена Главная Об игре Вакансии Магазин Главная Об игре Вакансии Магазин En Видимо, никто не выжил... 404 На главную © Royal ARK, 2023 Политика конфиденциальности En Мы используем Cookie файлы, чтобы улучшить сайт для вас Согласен Успешная заявка Ваша заявка принята, в ближайшее время она попадет на рассмотрение к нашим специалистам. Продолжить Произошла ошибка Что-то пошло не так, попробуйте позже. Продолжить Подтвердите действие Подтвердить Отменить Заявка отправлена Благодарим за","unclassified_public_positioning","","","no_pricing_signal","Страница не найдена","404","error:http_404","pricing_or_plan_page","unclassified_public_positioning","no_clean_public_monetization_signal","","unreachable_or_not_found","Страница не найдена Главная Об игре Вакансии Магазин Главная Об игре Вакансии Магазин En Видимо, никто не выжил... 404 На главную © Royal ARK, 2023 Политика конфиденциальности En Мы используем Cookie файлы, чтобы улучшить сайт для вас Согласен Успешная заявка Ваша заявка принята, в ближайшее время она попадет на рассмотрение к нашим специалистам. Продолжить Произошла ошибка Что-то пошло не так, попробуйте позже. Продолжить Подтвердите действие Подтвердить Отменить Заявка отправлена Благодарим за","2026-05-31T03:21:24.974Z","low","error:http_404"
"CP_0343","Dawn of Zombies: Survival Game","Royal Ark","public_web","company_positioning_page","Company/public web positioning","https://dozsurvival.com/subscription","https://dozsurvival.com/subscription","https://dozsurvival.com/subscription","dozsurvival.com","gaming","pricing_or_plan_page","known_domain_pricing_or_plan_page","343","pricing_or_plan_page","","","no_clean_public_monetization_signal","yes","","Страница не найдена Страница не найдена Главная Об игре Вакансии Магазин Главная Об игре Вакансии Магазин En Видимо, никто не выжил... 404 На главную © Royal ARK, 2023 Политика конфиденциальности En Мы используем Cookie файлы, чтобы улучшить сайт для вас Согласен Успешная заявка Ваша заявка принята, в ближайшее время она попадет на рассмотрение к нашим специалистам. Продолжить Произошла ошибка Что-то пошло не так, попробуйте позже. Продолжить Подтвердите действие Подтвердить Отменить Заявка отправлена Благодарим за","unclassified_public_positioning","","","no_pricing_signal","Страница не найдена","404","error:http_404","pricing_or_plan_page","unclassified_public_positioning","no_clean_public_monetization_signal","","unreachable_or_not_found","Страница не найдена Главная Об игре Вакансии Магазин Главная Об игре Вакансии Магазин En Видимо, никто не выжил... 404 На главную © Royal ARK, 2023 Политика конфиденциальности En Мы используем Cookie файлы, чтобы улучшить сайт для вас Согласен Успешная заявка Ваша заявка принята, в ближайшее время она попадет на рассмотрение к нашим специалистам. Продолжить Произошла ошибка Что-то пошло не так, попробуйте позже. Продолжить Подтвердите действие Подтвердить Отменить Заявка отправлена Благодарим за","2026-05-31T03:21:25.384Z","low","error:http_404"
"CP_0344","Dawn of Zombies: Survival Game","Royal Ark","public_web","company_positioning_page","Company/public web positioning","https://dozsurvival.com/upgrade","https://dozsurvival.com/upgrade","https://dozsurvival.com/upgrade","dozsurvival.com","gaming","pricing_or_plan_page","known_domain_pricing_or_plan_page","344","pricing_or_plan_page","","","no_clean_public_monetization_signal","yes","","Страница не найдена Страница не найдена Главная Об игре Вакансии Магазин Главная Об игре Вакансии Магазин En Видимо, никто не выжил... 404 На главную © Royal ARK, 2023 Политика конфиденциальности En Мы используем Cookie файлы, чтобы улучшить сайт для вас Согласен Успешная заявка Ваша заявка принята, в ближайшее время она попадет на рассмотрение к нашим специалистам. Продолжить Произошла ошибка Что-то пошло не так, попробуйте позже. Продолжить Подтвердите действие Подтвердить Отменить Заявка отправлена Благодарим за","unclassified_public_positioning","","","no_pricing_signal","Страница не найдена","404","error:http_404","pricing_or_plan_page","unclassified_public_positioning","no_clean_public_monetization_signal","","unreachable_or_not_found","Страница не найдена Главная Об игре Вакансии Магазин Главная Об игре Вакансии Магазин En Видимо, никто не выжил... 404 На главную © Royal ARK, 2023 Политика конфиденциальности En Мы используем Cookie файлы, чтобы улучшить сайт для вас Согласен Успешная заявка Ваша заявка принята, в ближайшее время она попадет на рассмотрение к нашим специалистам. Продолжить Произошла ошибка Что-то пошло не так, попробуйте позже. Продолжить Подтвердите действие Подтвердить Отменить Заявка отправлена Благодарим за","2026-05-31T03:21:25.793Z","low","error:http_404"
"CP_0345","Diablo Immortal","Blizzard Entertainment, Inc.","public_web","company_positioning_page","Company/public web positioning","https://us.support.blizzard.com/en/help/games/immortal","https://battle.net/support/help/games/immortal","https://us.support.blizzard.com/en/help/games/immortal","us.support.blizzard.com","gaming","feature_or_product_page","known_domain_feature_or_product_page","345","feature_or_product_page","","","no_clean_public_monetization_signal","yes","","Diablo Immortal - Blizzard Support Diablo Immortal - Blizzard Support Support home My tickets Get help Support home My tickets Get help One moment, please. The page is loading.","unclassified_public_positioning","","","no_pricing_signal","Diablo Immortal - Blizzard Support","200","ok","feature_or_product_page","unclassified_public_positioning","no_clean_public_monetization_signal","","public_company_or_product_page","Diablo Immortal - Blizzard Support Support home My tickets Get help Support home My tickets Get help One moment, please. The page is loading.","2026-05-31T03:21:30.243Z","medium","ok"
"CP_0346","Diablo Immortal","Blizzard Entertainment, Inc.","public_web","company_positioning_page","Company/public web positioning","https://us.shop.battle.net/en-us?from=root","https://battle.net","https://us.shop.battle.net/en-us?from=root","us.shop.battle.net","gaming","other_public_page","known_domain_other_public_page","346","other_public_page","","","no_clean_public_monetization_signal","yes","","Home | Battle.net Home | Battle.net Battle.net is your one stop shop into the world of Blizzard and Activision. Buy digital games, in-game items, balance and more for all of your favorite ...","game_progression","","game_progression","no_pricing_signal","Home | Battle.net","200","ok","other_public_page","game_progression","no_clean_public_monetization_signal","","public_company_or_product_page","Home | Battle.net Battle.net is your one stop shop into the world of Blizzard and Activision. Buy digital games, in-game items, balance and more for all of your favorite ...","2026-05-31T03:21:32.684Z","medium","ok"
"CP_0347","Diablo Immortal","Blizzard Entertainment, Inc.","public_web","company_positioning_page","Company/public web positioning","https://us.battle.net/pricing","https://battle.net/pricing","https://us.battle.net/pricing","us.battle.net","gaming","pricing_or_plan_page","known_domain_pricing_or_plan_page","347","pricing_or_plan_page","","","no_clean_public_monetization_signal","yes","","","unclassified_public_positioning","","","no_pricing_signal","","404","error:http_404","pricing_or_plan_page","unclassified_public_positioning","no_clean_public_monetization_signal","","public_company_or_product_page","","2026-05-31T03:21:35.210Z","low","error:http_404"
"CP_0348","Diablo Immortal","Blizzard Entertainment, Inc.","public_web","company_positioning_page","Company/public web positioning","https://us.battle.net/plans","https://battle.net/plans","https://us.battle.net/plans","us.battle.net","gaming","pricing_or_plan_page","known_domain_pricing_or_plan_page","348","pricing_or_plan_page","","","no_clean_public_monetization_signal","yes","","","unclassified_public_positioning","","","no_pricing_signal","","404","error:http_404","pricing_or_plan_page","unclassified_public_positioning","no_clean_public_monetization_signal","","public_company_or_product_page","","2026-05-31T03:21:35.997Z","low","error:http_404"
"CP_0349","Diablo Immortal","Blizzard Entertainment, Inc.","public_web","company_positioning_page","Company/public web positioning","https://us.battle.net/premium","https://battle.net/premium","https://us.battle.net/premium","us.battle.net","gaming","pricing_or_plan_page","known_domain_pricing_or_plan_page","349","pricing_or_plan_page","","","no_clean_public_monetization_signal","yes","","","unclassified_public_positioning","","","no_pricing_signal","","404","error:http_404","pricing_or_plan_page","unclassified_public_positioning","no_clean_public_monetization_signal","","public_company_or_product_page","","2026-05-31T03:21:36.745Z","low","error:http_404"
"CP_0350","Diablo Immortal","Blizzard Entertainment, Inc.","public_web","company_positioning_page","Company/public web positioning","https://us.battle.net/subscribe","https://battle.net/subscribe","https://us.battle.net/subscribe","us.battle.net","gaming","pricing_or_plan_page","known_domain_pricing_or_plan_page","350","pricing_or_plan_page","","","no_clean_public_monetization_signal","yes","","","unclassified_public_positioning","","","no_pricing_signal","","404","error:http_404","pricing_or_plan_page","unclassified_public_positioning","no_clean_public_monetization_signal","","public_company_or_product_page","","2026-05-31T03:21:37.565Z","low","error:http_404"
"CP_0351","Diablo Immortal","Blizzard Entertainment, Inc.","public_web","company_positioning_page","Company/public web positioning","https://us.battle.net/subscription","https://battle.net/subscription","https://us.battle.net/subscription","us.battle.net","gaming","pricing_or_plan_page","known_domain_pricing_or_plan_page","351","pricing_or_plan_page","","","no_clean_public_monetization_signal","yes","","","unclassified_public_positioning","","","no_pricing_signal","","404","error:http_404","pricing_or_plan_page","unclassified_public_positioning","no_clean_public_monetization_signal","","public_company_or_product_page","","2026-05-31T03:21:38.384Z","low","error:http_404"
"CP_0352","Diablo Immortal","Blizzard Entertainment, Inc.","public_web","company_positioning_page","Company/public web positioning","https://us.battle.net/upgrade","https://battle.net/upgrade","https://us.battle.net/upgrade","us.battle.net","gaming","pricing_or_plan_page","known_domain_pricing_or_plan_page","352","pricing_or_plan_page","","","no_clean_public_monetization_signal","yes","","","unclassified_public_positioning","","","no_pricing_signal","","404","error:http_404","pricing_or_plan_page","unclassified_public_positioning","no_clean_public_monetization_signal","","public_company_or_product_page","","2026-05-31T03:21:39.307Z","low","error:http_404"
"CP_0353","Daily Horoscope","Horoscope by Comitic","public_web","company_positioning_page","Company/public web positioning","http://comitic.com/dailyhoroscope","http://comitic.com/dailyhoroscope","http://comitic.com/dailyhoroscope","comitic.com","astrology_esoterics","other_public_page","known_domain_other_public_page","353","other_public_page","","","no_clean_public_monetization_signal","yes","","Comitic - Daily Horoscope Comitic - Daily Horoscope Comitic Inc. - Daily Horoscope, Fortune Cookie Daily mobile apps creators Home Apps Daily Horoscope Daily Fortune Cookie About Advertisers Contact Daily Horoscope Daily Horoscope is the leading horoscope app for smart phones. Download it for your smart phone now! Android APKs: • Latest APK (recommended) • API 16 and older • API 8 and older Horoscope App FAQ Independent Reviews FreeAppsForMe About Comitic Inc. is a dedicated developer of leading mobile apps for Smartphon","ai_or_personalization|habit_action_loop|astrology_spiritual","ai_or_personalization","astrology_spiritual","no_pricing_signal","Comitic - Daily Horoscope","200","ok","other_public_page","ai_or_personalization|habit_action_loop|astrology_spiritual","no_clean_public_monetization_signal","","public_company_or_product_page","Comitic - Daily Horoscope Comitic Inc. - Daily Horoscope, Fortune Cookie Daily mobile apps creators Home Apps Daily Horoscope Daily Fortune Cookie About Advertisers Contact Daily Horoscope Daily Horoscope is the leading horoscope app for smart phones. Download it for your smart phone now! Android APKs: • Latest APK (recommended) • API 16 and older • API 8 and older Horoscope App FAQ Independent Reviews FreeAppsForMe About Comitic Inc. is a dedicated developer of leading mobile apps for Smartphon","2026-05-31T03:21:40.392Z","medium","ok"
"CP_0354","Daily Horoscope","Horoscope by Comitic","public_web","company_positioning_page","Company/public web positioning","http://comitic.com/","http://comitic.com","http://comitic.com/","comitic.com","astrology_esoterics","homepage","known_domain_homepage","354","homepage","","","subscription_or_premium_language","yes","yes_or_language_present","Comitic - Home Comitic - Home Comitic Inc. - Daily Horoscope, Fortune Cookie Daily mobile apps creators Home Apps Daily Horoscope Daily Fortune Cookie About Advertisers Contact We design and build Immersive and innovative Mobile Apps Our Apps and Projects Daily Horoscope Daily Horoscope is the leading horoscope app for smart phones. Download it for your smart phone now! Daily Fortune Cookie Daily Fortune is a fun little app to play the fortune cookie game - crack fortune cookie every day and find out your fort","habit_action_loop|astrology_spiritual|game_progression","","astrology_spiritual|game_progression","no_pricing_signal","Comitic - Home","200","ok","homepage","habit_action_loop|astrology_spiritual|game_progression","subscription_or_premium_language","","public_company_or_product_page","Comitic - Home Comitic Inc. - Daily Horoscope, Fortune Cookie Daily mobile apps creators Home Apps Daily Horoscope Daily Fortune Cookie About Advertisers Contact We design and build Immersive and innovative Mobile Apps Our Apps and Projects Daily Horoscope Daily Horoscope is the leading horoscope app for smart phones. Download it for your smart phone now! Daily Fortune Cookie Daily Fortune is a fun little app to play the fortune cookie game - crack fortune cookie every day and find out your fort","2026-05-31T03:21:41.047Z","medium","ok"
"CP_0355","Daily Horoscope","Horoscope by Comitic","public_web","company_positioning_page","Company/public web positioning","http://comitic.com/pricing","http://comitic.com/pricing","http://comitic.com/pricing","comitic.com","astrology_esoterics","pricing_or_plan_page","known_domain_pricing_or_plan_page","355","pricing_or_plan_page","","","no_clean_public_monetization_signal","yes","","Comitic - Error Comitic - Error Comitic Inc. - Daily Horoscope, Fortune Cookie Daily mobile apps creators Home Apps Daily Horoscope Daily Fortune Cookie About Advertisers Contact Error 404 About Comitic Inc. is a dedicated developer of leading mobile apps for Smartphones. Check out our apps Contact Us Email:contact@comitic.com © 2013-2026 Comitic Inc.. All Rights Reserved. Privacy Policy | Licence Agreement","habit_action_loop|astrology_spiritual","","astrology_spiritual","no_pricing_signal","Comitic - Error","404","error:http_404","pricing_or_plan_page","habit_action_loop|astrology_spiritual","no_clean_public_monetization_signal","","unreachable_or_not_found","Comitic - Error Comitic Inc. - Daily Horoscope, Fortune Cookie Daily mobile apps creators Home Apps Daily Horoscope Daily Fortune Cookie About Advertisers Contact Error 404 About Comitic Inc. is a dedicated developer of leading mobile apps for Smartphones. Check out our apps Contact Us Email:contact@comitic.com © 2013-2026 Comitic Inc.. All Rights Reserved. Privacy Policy | Licence Agreement","2026-05-31T03:21:42.814Z","low","error:http_404"
"CP_0356","Daily Horoscope","Horoscope by Comitic","public_web","company_positioning_page","Company/public web positioning","http://comitic.com/plans","http://comitic.com/plans","http://comitic.com/plans","comitic.com","astrology_esoterics","pricing_or_plan_page","known_domain_pricing_or_plan_page","356","pricing_or_plan_page","","","no_clean_public_monetization_signal","yes","","Comitic - Error Comitic - Error Comitic Inc. - Daily Horoscope, Fortune Cookie Daily mobile apps creators Home Apps Daily Horoscope Daily Fortune Cookie About Advertisers Contact Error 404 About Comitic Inc. is a dedicated developer of leading mobile apps for Smartphones. Check out our apps Contact Us Email:contact@comitic.com © 2013-2026 Comitic Inc.. All Rights Reserved. Privacy Policy | Licence Agreement","habit_action_loop|astrology_spiritual","","astrology_spiritual","no_pricing_signal","Comitic - Error","404","error:http_404","pricing_or_plan_page","habit_action_loop|astrology_spiritual","no_clean_public_monetization_signal","","unreachable_or_not_found","Comitic - Error Comitic Inc. - Daily Horoscope, Fortune Cookie Daily mobile apps creators Home Apps Daily Horoscope Daily Fortune Cookie About Advertisers Contact Error 404 About Comitic Inc. is a dedicated developer of leading mobile apps for Smartphones. Check out our apps Contact Us Email:contact@comitic.com © 2013-2026 Comitic Inc.. All Rights Reserved. Privacy Policy | Licence Agreement","2026-05-31T03:21:43.200Z","low","error:http_404"
"CP_0357","Daily Horoscope","Horoscope by Comitic","public_web","company_positioning_page","Company/public web positioning","http://comitic.com/premium","http://comitic.com/premium","http://comitic.com/premium","comitic.com","astrology_esoterics","pricing_or_plan_page","known_domain_pricing_or_plan_page","357","pricing_or_plan_page","","","no_clean_public_monetization_signal","yes","","Comitic - Error Comitic - Error Comitic Inc. - Daily Horoscope, Fortune Cookie Daily mobile apps creators Home Apps Daily Horoscope Daily Fortune Cookie About Advertisers Contact Error 404 About Comitic Inc. is a dedicated developer of leading mobile apps for Smartphones. Check out our apps Contact Us Email:contact@comitic.com © 2013-2026 Comitic Inc.. All Rights Reserved. Privacy Policy | Licence Agreement","habit_action_loop|astrology_spiritual","","astrology_spiritual","no_pricing_signal","Comitic - Error","404","error:http_404","pricing_or_plan_page","habit_action_loop|astrology_spiritual","no_clean_public_monetization_signal","","unreachable_or_not_found","Comitic - Error Comitic Inc. - Daily Horoscope, Fortune Cookie Daily mobile apps creators Home Apps Daily Horoscope Daily Fortune Cookie About Advertisers Contact Error 404 About Comitic Inc. is a dedicated developer of leading mobile apps for Smartphones. Check out our apps Contact Us Email:contact@comitic.com © 2013-2026 Comitic Inc.. All Rights Reserved. Privacy Policy | Licence Agreement","2026-05-31T03:21:43.607Z","low","error:http_404"
"CP_0358","Daily Horoscope","Horoscope by Comitic","public_web","company_positioning_page","Company/public web positioning","http://comitic.com/subscribe","http://comitic.com/subscribe","http://comitic.com/subscribe","comitic.com","astrology_esoterics","pricing_or_plan_page","known_domain_pricing_or_plan_page","358","pricing_or_plan_page","","","no_clean_public_monetization_signal","yes","","Comitic - Error Comitic - Error Comitic Inc. - Daily Horoscope, Fortune Cookie Daily mobile apps creators Home Apps Daily Horoscope Daily Fortune Cookie About Advertisers Contact Error 404 About Comitic Inc. is a dedicated developer of leading mobile apps for Smartphones. Check out our apps Contact Us Email:contact@comitic.com © 2013-2026 Comitic Inc.. All Rights Reserved. Privacy Policy | Licence Agreement","habit_action_loop|astrology_spiritual","","astrology_spiritual","no_pricing_signal","Comitic - Error","404","error:http_404","pricing_or_plan_page","habit_action_loop|astrology_spiritual","no_clean_public_monetization_signal","","unreachable_or_not_found","Comitic - Error Comitic Inc. - Daily Horoscope, Fortune Cookie Daily mobile apps creators Home Apps Daily Horoscope Daily Fortune Cookie About Advertisers Contact Error 404 About Comitic Inc. is a dedicated developer of leading mobile apps for Smartphones. Check out our apps Contact Us Email:contact@comitic.com © 2013-2026 Comitic Inc.. All Rights Reserved. Privacy Policy | Licence Agreement","2026-05-31T03:21:44.026Z","low","error:http_404"
"CP_0359","Daily Horoscope","Horoscope by Comitic","public_web","company_positioning_page","Company/public web positioning","http://comitic.com/subscription","http://comitic.com/subscription","http://comitic.com/subscription","comitic.com","astrology_esoterics","pricing_or_plan_page","known_domain_pricing_or_plan_page","359","pricing_or_plan_page","","","no_clean_public_monetization_signal","yes","","Comitic - Error Comitic - Error Comitic Inc. - Daily Horoscope, Fortune Cookie Daily mobile apps creators Home Apps Daily Horoscope Daily Fortune Cookie About Advertisers Contact Error 404 About Comitic Inc. is a dedicated developer of leading mobile apps for Smartphones. Check out our apps Contact Us Email:contact@comitic.com © 2013-2026 Comitic Inc.. All Rights Reserved. Privacy Policy | Licence Agreement","habit_action_loop|astrology_spiritual","","astrology_spiritual","no_pricing_signal","Comitic - Error","404","error:http_404","pricing_or_plan_page","habit_action_loop|astrology_spiritual","no_clean_public_monetization_signal","","unreachable_or_not_found","Comitic - Error Comitic Inc. - Daily Horoscope, Fortune Cookie Daily mobile apps creators Home Apps Daily Horoscope Daily Fortune Cookie About Advertisers Contact Error 404 About Comitic Inc. is a dedicated developer of leading mobile apps for Smartphones. Check out our apps Contact Us Email:contact@comitic.com © 2013-2026 Comitic Inc.. All Rights Reserved. Privacy Policy | Licence Agreement","2026-05-31T03:21:44.412Z","low","error:http_404"
"CP_0360","Daily Horoscope","Horoscope by Comitic","public_web","company_positioning_page","Company/public web positioning","http://comitic.com/upgrade","http://comitic.com/upgrade","http://comitic.com/upgrade","comitic.com","astrology_esoterics","pricing_or_plan_page","known_domain_pricing_or_plan_page","360","pricing_or_plan_page","","","no_clean_public_monetization_signal","yes","","Comitic - Error Comitic - Error Comitic Inc. - Daily Horoscope, Fortune Cookie Daily mobile apps creators Home Apps Daily Horoscope Daily Fortune Cookie About Advertisers Contact Error 404 About Comitic Inc. is a dedicated developer of leading mobile apps for Smartphones. Check out our apps Contact Us Email:contact@comitic.com © 2013-2026 Comitic Inc.. All Rights Reserved. Privacy Policy | Licence Agreement","habit_action_loop|astrology_spiritual","","astrology_spiritual","no_pricing_signal","Comitic - Error","404","error:http_404","pricing_or_plan_page","habit_action_loop|astrology_spiritual","no_clean_public_monetization_signal","","unreachable_or_not_found","Comitic - Error Comitic Inc. - Daily Horoscope, Fortune Cookie Daily mobile apps creators Home Apps Daily Horoscope Daily Fortune Cookie About Advertisers Contact Error 404 About Comitic Inc. is a dedicated developer of leading mobile apps for Smartphones. Check out our apps Contact Us Email:contact@comitic.com © 2013-2026 Comitic Inc.. All Rights Reserved. Privacy Policy | Licence Agreement","2026-05-31T03:21:44.791Z","low","error:http_404"
"CP_0361","Kaave: Tarot, Angel, Horoscope","Didilabs BV","public_web","company_positioning_page","Company/public web positioning","https://www.kaaveapp.com/en/","https://www.kaaveapp.com/","https://www.kaaveapp.com/en/","kaaveapp.com","astrology_esoterics","other_public_page","known_domain_other_public_page","361","other_public_page","","","no_clean_public_monetization_signal","yes","","Kaave Kaave Home Contact English Türkçe English العربية Ελληνικά Español Italiano Download Kaave, a positive touch to your life Your daily dose of fortune, wellness, and positivity! Get insights, healthy recipes, fun videos, and uplifting affirmations. Over 95 Million Downloads The best app for daily energy and motivation! Download for iOS Download for Android Download for Huawei The most advanced super entertainment app to spice up your life 0M+ Downloads 0M+ Reviews 0+ Countries 0 Languages Discover","mindfulness_reset|habit_action_loop|astrology_spiritual|progress_feedback","","mindfulness_reset|astrology_spiritual","no_pricing_signal","Kaave","200","ok","other_public_page","mindfulness_reset|habit_action_loop|astrology_spiritual|progress_feedback","no_clean_public_monetization_signal","","public_company_or_product_page","Kaave Home Contact English Türkçe English العربية Ελληνικά Español Italiano Download Kaave, a positive touch to your life Your daily dose of fortune, wellness, and positivity! Get insights, healthy recipes, fun videos, and uplifting affirmations. Over 95 Million Downloads The best app for daily energy and motivation! Download for iOS Download for Android Download for Huawei The most advanced super entertainment app to spice up your life 0M+ Downloads 0M+ Reviews 0+ Countries 0 Languages Discover","2026-05-31T03:21:45.346Z","medium","ok"
"CP_0362","Kaave: Tarot, Angel, Horoscope","Didilabs BV","public_web","company_positioning_page","Company/public web positioning","https://www.kaaveapp.com/en/","https://www.kaaveapp.com","https://www.kaaveapp.com/en/","kaaveapp.com","astrology_esoterics","other_public_page","known_domain_other_public_page","362","other_public_page","","","no_clean_public_monetization_signal","yes","","Kaave Kaave Home Contact English Türkçe English العربية Ελληνικά Español Italiano Download Kaave, a positive touch to your life Your daily dose of fortune, wellness, and positivity! Get insights, healthy recipes, fun videos, and uplifting affirmations. Over 95 Million Downloads The best app for daily energy and motivation! Download for iOS Download for Android Download for Huawei The most advanced super entertainment app to spice up your life 0M+ Downloads 0M+ Reviews 0+ Countries 0 Languages Discover","mindfulness_reset|habit_action_loop|astrology_spiritual|progress_feedback","","mindfulness_reset|astrology_spiritual","no_pricing_signal","Kaave","200","ok","other_public_page","mindfulness_reset|habit_action_loop|astrology_spiritual|progress_feedback","no_clean_public_monetization_signal","","public_company_or_product_page","Kaave Home Contact English Türkçe English العربية Ελληνικά Español Italiano Download Kaave, a positive touch to your life Your daily dose of fortune, wellness, and positivity! Get insights, healthy recipes, fun videos, and uplifting affirmations. Over 95 Million Downloads The best app for daily energy and motivation! Download for iOS Download for Android Download for Huawei The most advanced super entertainment app to spice up your life 0M+ Downloads 0M+ Reviews 0+ Countries 0 Languages Discover","2026-05-31T03:21:45.612Z","medium","ok"
"CP_0363","Kaave: Tarot, Angel, Horoscope","Didilabs BV","public_web","company_positioning_page","Company/public web positioning","https://www.kaaveapp.com/pricing","https://www.kaaveapp.com/pricing","https://www.kaaveapp.com/pricing","kaaveapp.com","astrology_esoterics","pricing_or_plan_page","known_domain_pricing_or_plan_page","363","pricing_or_plan_page","","","no_clean_public_monetization_signal","yes","","","unclassified_public_positioning","","","no_pricing_signal","","404","error:non_text:","pricing_or_plan_page","unclassified_public_positioning","no_clean_public_monetization_signal","","public_company_or_product_page","","2026-05-31T03:21:45.755Z","low","error:non_text:"
"CP_0364","Kaave: Tarot, Angel, Horoscope","Didilabs BV","public_web","company_positioning_page","Company/public web positioning","https://www.kaaveapp.com/plans","https://www.kaaveapp.com/plans","https://www.kaaveapp.com/plans","kaaveapp.com","astrology_esoterics","pricing_or_plan_page","known_domain_pricing_or_plan_page","364","pricing_or_plan_page","","","no_clean_public_monetization_signal","yes","","","unclassified_public_positioning","","","no_pricing_signal","","404","error:non_text:","pricing_or_plan_page","unclassified_public_positioning","no_clean_public_monetization_signal","","public_company_or_product_page","","2026-05-31T03:21:45.923Z","low","error:non_text:"
"CP_0365","Kaave: Tarot, Angel, Horoscope","Didilabs BV","public_web","company_positioning_page","Company/public web positioning","https://www.kaaveapp.com/premium","https://www.kaaveapp.com/premium","https://www.kaaveapp.com/premium","kaaveapp.com","astrology_esoterics","pricing_or_plan_page","known_domain_pricing_or_plan_page","365","pricing_or_plan_page","","","no_clean_public_monetization_signal","yes","","","unclassified_public_positioning","","","no_pricing_signal","","404","error:non_text:","pricing_or_plan_page","unclassified_public_positioning","no_clean_public_monetization_signal","","public_company_or_product_page","","2026-05-31T03:21:46.065Z","low","error:non_text:"
"CP_0366","Kaave: Tarot, Angel, Horoscope","Didilabs BV","public_web","company_positioning_page","Company/public web positioning","https://www.kaaveapp.com/subscribe","https://www.kaaveapp.com/subscribe","https://www.kaaveapp.com/subscribe","kaaveapp.com","astrology_esoterics","pricing_or_plan_page","known_domain_pricing_or_plan_page","366","pricing_or_plan_page","","","no_clean_public_monetization_signal","yes","","","unclassified_public_positioning","","","no_pricing_signal","","404","error:non_text:","pricing_or_plan_page","unclassified_public_positioning","no_clean_public_monetization_signal","","public_company_or_product_page","","2026-05-31T03:21:46.233Z","low","error:non_text:"
"CP_0367","Kaave: Tarot, Angel, Horoscope","Didilabs BV","public_web","company_positioning_page","Company/public web positioning","https://www.kaaveapp.com/subscription","https://www.kaaveapp.com/subscription","https://www.kaaveapp.com/subscription","kaaveapp.com","astrology_esoterics","pricing_or_plan_page","known_domain_pricing_or_plan_page","367","pricing_or_plan_page","","","no_clean_public_monetization_signal","yes","","","unclassified_public_positioning","","","no_pricing_signal","","404","error:non_text:","pricing_or_plan_page","unclassified_public_positioning","no_clean_public_monetization_signal","","public_company_or_product_page","","2026-05-31T03:21:48.542Z","low","error:non_text:"
"CP_0368","Kaave: Tarot, Angel, Horoscope","Didilabs BV","public_web","company_positioning_page","Company/public web positioning","https://www.kaaveapp.com/upgrade","https://www.kaaveapp.com/upgrade","https://www.kaaveapp.com/upgrade","kaaveapp.com","astrology_esoterics","pricing_or_plan_page","known_domain_pricing_or_plan_page","368","pricing_or_plan_page","","","no_clean_public_monetization_signal","yes","","","unclassified_public_positioning","","","no_pricing_signal","","404","error:non_text:","pricing_or_plan_page","unclassified_public_positioning","no_clean_public_monetization_signal","","public_company_or_product_page","","2026-05-31T03:21:48.687Z","low","error:non_text:"
"CP_0369","SuperMe - Avatar Maker Creator","THE.DEMON","public_web","company_positioning_page","Company/public web positioning","https://www.supermii.cn/","https://www.supermii.cn/","https://www.supermii.cn/","supermii.cn","avatar_identity","homepage","known_domain_homepage","369","homepage","","","no_clean_public_monetization_signal","yes","","","unclassified_public_positioning","","","no_pricing_signal","","","error:fetch failed","homepage","unclassified_public_positioning","no_clean_public_monetization_signal","","public_company_or_product_page","","2026-05-31T03:21:48.921Z","low","error:fetch failed"
"CP_0370","SuperMe - Avatar Maker Creator","THE.DEMON","public_web","company_positioning_page","Company/public web positioning","https://www.supermii.cn","https://www.supermii.cn","https://www.supermii.cn","supermii.cn","avatar_identity","homepage","known_domain_homepage","370","homepage","","","no_clean_public_monetization_signal","yes","","","unclassified_public_positioning","","","no_pricing_signal","","","error:fetch failed","homepage","unclassified_public_positioning","no_clean_public_monetization_signal","","public_company_or_product_page","","2026-05-31T03:21:49.162Z","low","error:fetch failed"
"CP_0371","SuperMe - Avatar Maker Creator","THE.DEMON","public_web","company_positioning_page","Company/public web positioning","https://www.supermii.cn/pricing","https://www.supermii.cn/pricing","https://www.supermii.cn/pricing","supermii.cn","avatar_identity","pricing_or_plan_page","known_domain_pricing_or_plan_page","371","pricing_or_plan_page","","","no_clean_public_monetization_signal","yes","","","unclassified_public_positioning","","","no_pricing_signal","","","error:fetch failed","pricing_or_plan_page","unclassified_public_positioning","no_clean_public_monetization_signal","","public_company_or_product_page","","2026-05-31T03:21:49.410Z","low","error:fetch failed"
"CP_0372","SuperMe - Avatar Maker Creator","THE.DEMON","public_web","company_positioning_page","Company/public web positioning","https://www.supermii.cn/plans","https://www.supermii.cn/plans","https://www.supermii.cn/plans","supermii.cn","avatar_identity","pricing_or_plan_page","known_domain_pricing_or_plan_page","372","pricing_or_plan_page","","","no_clean_public_monetization_signal","yes","","","unclassified_public_positioning","","","no_pricing_signal","","","error:fetch failed","pricing_or_plan_page","unclassified_public_positioning","no_clean_public_monetization_signal","","public_company_or_product_page","","2026-05-31T03:21:49.656Z","low","error:fetch failed"
"CP_0373","SuperMe - Avatar Maker Creator","THE.DEMON","public_web","company_positioning_page","Company/public web positioning","https://www.supermii.cn/premium","https://www.supermii.cn/premium","https://www.supermii.cn/premium","supermii.cn","avatar_identity","pricing_or_plan_page","known_domain_pricing_or_plan_page","373","pricing_or_plan_page","","","no_clean_public_monetization_signal","yes","","","unclassified_public_positioning","","","no_pricing_signal","","","error:fetch failed","pricing_or_plan_page","unclassified_public_positioning","no_clean_public_monetization_signal","","public_company_or_product_page","","2026-05-31T03:21:50.121Z","low","error:fetch failed"
"CP_0374","SuperMe - Avatar Maker Creator","THE.DEMON","public_web","company_positioning_page","Company/public web positioning","https://www.supermii.cn/subscribe","https://www.supermii.cn/subscribe","https://www.supermii.cn/subscribe","supermii.cn","avatar_identity","pricing_or_plan_page","known_domain_pricing_or_plan_page","374","pricing_or_plan_page","","","no_clean_public_monetization_signal","yes","","","unclassified_public_positioning","","","no_pricing_signal","","","error:fetch failed","pricing_or_plan_page","unclassified_public_positioning","no_clean_public_monetization_signal","","public_company_or_product_page","","2026-05-31T03:21:50.365Z","low","error:fetch failed"
"CP_0375","SuperMe - Avatar Maker Creator","THE.DEMON","public_web","company_positioning_page","Company/public web positioning","https://www.supermii.cn/subscription","https://www.supermii.cn/subscription","https://www.supermii.cn/subscription","supermii.cn","avatar_identity","pricing_or_plan_page","known_domain_pricing_or_plan_page","375","pricing_or_plan_page","","","no_clean_public_monetization_signal","yes","","","unclassified_public_positioning","","","no_pricing_signal","","","error:fetch failed","pricing_or_plan_page","unclassified_public_positioning","no_clean_public_monetization_signal","","public_company_or_product_page","","2026-05-31T03:21:50.607Z","low","error:fetch failed"
"CP_0376","SuperMe - Avatar Maker Creator","THE.DEMON","public_web","company_positioning_page","Company/public web positioning","https://www.supermii.cn/upgrade","https://www.supermii.cn/upgrade","https://www.supermii.cn/upgrade","supermii.cn","avatar_identity","pricing_or_plan_page","known_domain_pricing_or_plan_page","376","pricing_or_plan_page","","","no_clean_public_monetization_signal","yes","","","unclassified_public_positioning","","","no_pricing_signal","","","error:fetch failed","pricing_or_plan_page","unclassified_public_positioning","no_clean_public_monetization_signal","","public_company_or_product_page","","2026-05-31T03:21:50.854Z","low","error:fetch failed"
"CP_0377","YoYa: Doll Avatar Maker","YoYa World","public_web","company_positioning_page","Company/public web positioning","https://www.yoyaworld.com/","https://www.yoyaworld.com/","https://www.yoyaworld.com/","yoyaworld.com","avatar_identity","homepage","known_domain_homepage","377","homepage","","","subscription_or_premium_language","yes","yes_or_language_present","YoYa World — Your World, Your Style YoYa World — Your World, Your Style We create delightful mobile games where you can explore, dress up, and build your dream world. Skip to main contentYoYa WorldFeatured TitlesOur GamesExplore worlds of fashion, creativity, and self-expressionYoYa: Busy Life WorldYoYa: Busy Life World is a super fun dollhouse app! Here you can dress up your characters, put them in cute costumes and accessories ~ you can also create your story! Doing styling, dressing, sleeping, eating, and playing is not a probl","mindfulness_reset|avatar_identity|progress_feedback|game_progression","avatar_identity","mindfulness_reset|game_progression","app_store_redirect","YoYa World — Your World, Your Style","200","ok","homepage","mindfulness_reset|avatar_identity|progress_feedback|game_progression","subscription_or_premium_language","","public_company_or_product_page","YoYa World — Your World, Your Style We create delightful mobile games where you can explore, dress up, and build your dream world. Skip to main contentYoYa WorldFeatured TitlesOur GamesExplore worlds of fashion, creativity, and self-expressionYoYa: Busy Life WorldYoYa: Busy Life World is a super fun dollhouse app! Here you can dress up your characters, put them in cute costumes and accessories ~ you can also create your story! Doing styling, dressing, sleeping, eating, and playing is not a probl","2026-05-31T03:21:51.146Z","medium","ok"
"CP_0378","YoYa: Doll Avatar Maker","YoYa World","public_web","company_positioning_page","Company/public web positioning","https://www.yoyaworld.com/","https://www.yoyaworld.com","https://www.yoyaworld.com/","yoyaworld.com","avatar_identity","homepage","known_domain_homepage","378","homepage","","","subscription_or_premium_language","yes","yes_or_language_present","YoYa World — Your World, Your Style YoYa World — Your World, Your Style We create delightful mobile games where you can explore, dress up, and build your dream world. Skip to main contentYoYa WorldFeatured TitlesOur GamesExplore worlds of fashion, creativity, and self-expressionYoYa: Busy Life WorldYoYa: Busy Life World is a super fun dollhouse app! Here you can dress up your characters, put them in cute costumes and accessories ~ you can also create your story! Doing styling, dressing, sleeping, eating, and playing is not a probl","mindfulness_reset|avatar_identity|progress_feedback|game_progression","avatar_identity","mindfulness_reset|game_progression","app_store_redirect","YoYa World — Your World, Your Style","200","ok","homepage","mindfulness_reset|avatar_identity|progress_feedback|game_progression","subscription_or_premium_language","","public_company_or_product_page","YoYa World — Your World, Your Style We create delightful mobile games where you can explore, dress up, and build your dream world. Skip to main contentYoYa WorldFeatured TitlesOur GamesExplore worlds of fashion, creativity, and self-expressionYoYa: Busy Life WorldYoYa: Busy Life World is a super fun dollhouse app! Here you can dress up your characters, put them in cute costumes and accessories ~ you can also create your story! Doing styling, dressing, sleeping, eating, and playing is not a probl","2026-05-31T03:21:55.248Z","medium","ok"
"CP_0379","YoYa: Doll Avatar Maker","YoYa World","public_web","company_positioning_page","Company/public web positioning","https://www.yoyaworld.com/pricing","https://www.yoyaworld.com/pricing","https://www.yoyaworld.com/pricing","yoyaworld.com","avatar_identity","pricing_or_plan_page","known_domain_pricing_or_plan_page","379","pricing_or_plan_page","","","visible_price_or_pricing_language","yes","","404 Not Found 404 Not Found 404 Not Found Code: NoSuchKey Message: The specified key does not exist. Key: pricing RequestId: NM44J7A9V249WZEE HostId: sHzrjPN7o7F8VIlLFvAtdKiYpViQwtE70dZEfs+FXMNbT7YUactneqsf/d4/yVx6a4a7mguz4xIueGXAuEZz8PuHUSDkm4Ii","habit_action_loop","","","no_pricing_signal","404 Not Found","404","error:http_404","pricing_or_plan_page","habit_action_loop","visible_price_or_pricing_language","","unreachable_or_not_found","404 Not Found 404 Not Found Code: NoSuchKey Message: The specified key does not exist. Key: pricing RequestId: NM44J7A9V249WZEE HostId: sHzrjPN7o7F8VIlLFvAtdKiYpViQwtE70dZEfs+FXMNbT7YUactneqsf/d4/yVx6a4a7mguz4xIueGXAuEZz8PuHUSDkm4Ii","2026-05-31T03:21:55.855Z","low","error:http_404"
"CP_0380","YoYa: Doll Avatar Maker","YoYa World","public_web","company_positioning_page","Company/public web positioning","https://www.yoyaworld.com/plans","https://www.yoyaworld.com/plans","https://www.yoyaworld.com/plans","yoyaworld.com","avatar_identity","pricing_or_plan_page","known_domain_pricing_or_plan_page","380","pricing_or_plan_page","","","no_clean_public_monetization_signal","yes","","404 Not Found 404 Not Found 404 Not Found Code: NoSuchKey Message: The specified key does not exist. Key: plans RequestId: E294KTDDNR6SK7HY HostId: FSQlwlIHWVCw6eqkh9OLt29RUytpoKAarLEM45XTN57NAAdQDENERERrLIvNVV4oaBX2Rw15VoBmgdPLoK9QRj8rZn5yaA28","habit_action_loop","","","no_pricing_signal","404 Not Found","404","error:http_404","pricing_or_plan_page","habit_action_loop","no_clean_public_monetization_signal","","unreachable_or_not_found","404 Not Found 404 Not Found Code: NoSuchKey Message: The specified key does not exist. Key: plans RequestId: E294KTDDNR6SK7HY HostId: FSQlwlIHWVCw6eqkh9OLt29RUytpoKAarLEM45XTN57NAAdQDENERERrLIvNVV4oaBX2Rw15VoBmgdPLoK9QRj8rZn5yaA28","2026-05-31T03:21:56.521Z","low","error:http_404"
"CP_0381","YoYa: Doll Avatar Maker","YoYa World","public_web","company_positioning_page","Company/public web positioning","https://www.yoyaworld.com/premium","https://www.yoyaworld.com/premium","https://www.yoyaworld.com/premium","yoyaworld.com","avatar_identity","pricing_or_plan_page","known_domain_pricing_or_plan_page","381","pricing_or_plan_page","","","subscription_or_premium_language","yes","yes_or_language_present","404 Not Found 404 Not Found 404 Not Found Code: NoSuchKey Message: The specified key does not exist. Key: premium RequestId: ASJHPSPSGGJKDC0B HostId: vvnk6MEzwc/uL1U4VAJxdFEPWLouJvCXqctv5xCPYVD4fBkzusD/rA5sP5NIB7/Rl+657F9443ILLHS7Ywm7j0aRpPsSEARl","habit_action_loop","","","no_pricing_signal","404 Not Found","404","error:http_404","pricing_or_plan_page","habit_action_loop","subscription_or_premium_language","","unreachable_or_not_found","404 Not Found 404 Not Found Code: NoSuchKey Message: The specified key does not exist. Key: premium RequestId: ASJHPSPSGGJKDC0B HostId: vvnk6MEzwc/uL1U4VAJxdFEPWLouJvCXqctv5xCPYVD4fBkzusD/rA5sP5NIB7/Rl+657F9443ILLHS7Ywm7j0aRpPsSEARl","2026-05-31T03:21:57.208Z","low","error:http_404"
"CP_0382","YoYa: Doll Avatar Maker","YoYa World","public_web","company_positioning_page","Company/public web positioning","https://www.yoyaworld.com/subscribe","https://www.yoyaworld.com/subscribe","https://www.yoyaworld.com/subscribe","yoyaworld.com","avatar_identity","pricing_or_plan_page","known_domain_pricing_or_plan_page","382","pricing_or_plan_page","","","subscription_or_premium_language","yes","yes_or_language_present","404 Not Found 404 Not Found 404 Not Found Code: NoSuchKey Message: The specified key does not exist. Key: subscribe RequestId: ASJKC3QWX2HR4DGX HostId: cxCnEpmIwEPZ27jLgWF4wo+otGkHiD0XTSwkuYTAsESBkCi+oli2S8I0vI9sy0x59Cp8LYyuh0zdwAGXHUIrqT3mS251osKj","habit_action_loop","","","no_pricing_signal","404 Not Found","404","error:http_404","pricing_or_plan_page","habit_action_loop","subscription_or_premium_language","","unreachable_or_not_found","404 Not Found 404 Not Found Code: NoSuchKey Message: The specified key does not exist. Key: subscribe RequestId: ASJKC3QWX2HR4DGX HostId: cxCnEpmIwEPZ27jLgWF4wo+otGkHiD0XTSwkuYTAsESBkCi+oli2S8I0vI9sy0x59Cp8LYyuh0zdwAGXHUIrqT3mS251osKj","2026-05-31T03:21:57.844Z","low","error:http_404"
"CP_0383","YoYa: Doll Avatar Maker","YoYa World","public_web","company_positioning_page","Company/public web positioning","https://www.yoyaworld.com/subscription","https://www.yoyaworld.com/subscription","https://www.yoyaworld.com/subscription","yoyaworld.com","avatar_identity","pricing_or_plan_page","known_domain_pricing_or_plan_page","383","pricing_or_plan_page","","","subscription_or_premium_language","yes","yes_or_language_present","404 Not Found 404 Not Found 404 Not Found Code: NoSuchKey Message: The specified key does not exist. Key: subscription RequestId: CNS68JTXMED03QDW HostId: Rr7Fn4c/uzHJZvwXnUUl6Qb/LZQgvjt96BfQ+7C3Xxl7iBNioj0xf1eX8yuwiU1S486vyHyDH2PC5cqeFKXSZnFhMIAm847Q","habit_action_loop","","","no_pricing_signal","404 Not Found","404","error:http_404","pricing_or_plan_page","habit_action_loop","subscription_or_premium_language","","unreachable_or_not_found","404 Not Found 404 Not Found Code: NoSuchKey Message: The specified key does not exist. Key: subscription RequestId: CNS68JTXMED03QDW HostId: Rr7Fn4c/uzHJZvwXnUUl6Qb/LZQgvjt96BfQ+7C3Xxl7iBNioj0xf1eX8yuwiU1S486vyHyDH2PC5cqeFKXSZnFhMIAm847Q","2026-05-31T03:21:58.456Z","low","error:http_404"
"CP_0384","YoYa: Doll Avatar Maker","YoYa World","public_web","company_positioning_page","Company/public web positioning","https://www.yoyaworld.com/upgrade","https://www.yoyaworld.com/upgrade","https://www.yoyaworld.com/upgrade","yoyaworld.com","avatar_identity","pricing_or_plan_page","known_domain_pricing_or_plan_page","384","pricing_or_plan_page","","","purchase_or_upgrade_cta","yes","","404 Not Found 404 Not Found 404 Not Found Code: NoSuchKey Message: The specified key does not exist. Key: upgrade RequestId: CNS796JQCKAW6367 HostId: 8s/8mJ1SO5a3TvR6xugan8cEAIf88MwaWTD5H6CyXySaqe72qImyhClVD7DfYWmiFie3y8xcobMdDCmokzYzZrbguPeM75tH","habit_action_loop","","","no_pricing_signal","404 Not Found","404","error:http_404","pricing_or_plan_page","habit_action_loop","purchase_or_upgrade_cta","","unreachable_or_not_found","404 Not Found 404 Not Found Code: NoSuchKey Message: The specified key does not exist. Key: upgrade RequestId: CNS796JQCKAW6367 HostId: 8s/8mJ1SO5a3TvR6xugan8cEAIf88MwaWTD5H6CyXySaqe72qImyhClVD7DfYWmiFie3y8xcobMdDCmokzYzZrbguPeM75tH","2026-05-31T03:21:59.071Z","low","error:http_404"
"CP_0385","Mirror: Emoji maker, Stickers","Mirror AI","public_web","company_positioning_page","Company/public web positioning","https://www.mirror-ai.com/","https://mirror-ai.com/","https://www.mirror-ai.com/","mirror-ai.com","avatar_identity","homepage","known_domain_homepage","385","homepage","","","visible_price_or_pricing_language|b2b_sales_motion|purchase_or_upgrade_cta","yes","","Mirror AI - Emoji Maker and Free AI Avatar Creator Mirror AI - Emoji Maker and Free AI Avatar Creator Mirror is your personal stickers! Take one selfie and get thousands of personal emojis and stickers of you and your friends. Use them in WhatsApp, Facebook, iMessage, Telegram, and other messenger! HomeBusinessAboutAPI DocsSolutions AI Facial Recognition APIAI Cartoon Style AvatarsDating & Audio ChatsWebinars & Video ChatsOne Avatar For EverythingCustom StyleSolutions AI Facial RecognitionAI Cartoon Style AvatarsDating & Audio ChatsWebinars &","ai_or_personalization|avatar_identity|community_social|b2b_enterprise","ai_or_personalization|avatar_identity","community_social|b2b_enterprise","pricing_page|paywall_language|app_store_redirect","Mirror AI - Emoji Maker and Free AI Avatar Creator","200","ok","homepage","ai_or_personalization|avatar_identity|community_social|b2b_enterprise","visible_price_or_pricing_language|b2b_sales_motion|purchase_or_upgrade_cta","","b2b_or_parent_context_possible","Mirror AI - Emoji Maker and Free AI Avatar Creator Mirror is your personal stickers! Take one selfie and get thousands of personal emojis and stickers of you and your friends. Use them in WhatsApp, Facebook, iMessage, Telegram, and other messenger! HomeBusinessAboutAPI DocsSolutions AI Facial Recognition APIAI Cartoon Style AvatarsDating & Audio ChatsWebinars & Video ChatsOne Avatar For EverythingCustom StyleSolutions AI Facial RecognitionAI Cartoon Style AvatarsDating & Audio ChatsWebinars &","2026-05-31T03:22:00.602Z","medium_high","ok"
"CP_0386","Mirror: Emoji maker, Stickers","Mirror AI","public_web","company_positioning_page","Company/public web positioning","https://www.mirror-ai.com/","https://mirror-ai.com","https://www.mirror-ai.com/","mirror-ai.com","avatar_identity","homepage","known_domain_homepage","386","homepage","","","visible_price_or_pricing_language|b2b_sales_motion|purchase_or_upgrade_cta","yes","","Mirror AI - Emoji Maker and Free AI Avatar Creator Mirror AI - Emoji Maker and Free AI Avatar Creator Mirror is your personal stickers! Take one selfie and get thousands of personal emojis and stickers of you and your friends. Use them in WhatsApp, Facebook, iMessage, Telegram, and other messenger! HomeBusinessAboutAPI DocsSolutions AI Facial Recognition APIAI Cartoon Style AvatarsDating & Audio ChatsWebinars & Video ChatsOne Avatar For EverythingCustom StyleSolutions AI Facial RecognitionAI Cartoon Style AvatarsDating & Audio ChatsWebinars &","ai_or_personalization|avatar_identity|community_social|b2b_enterprise","ai_or_personalization|avatar_identity","community_social|b2b_enterprise","pricing_page|paywall_language|app_store_redirect","Mirror AI - Emoji Maker and Free AI Avatar Creator","200","ok","homepage","ai_or_personalization|avatar_identity|community_social|b2b_enterprise","visible_price_or_pricing_language|b2b_sales_motion|purchase_or_upgrade_cta","","b2b_or_parent_context_possible","Mirror AI - Emoji Maker and Free AI Avatar Creator Mirror is your personal stickers! Take one selfie and get thousands of personal emojis and stickers of you and your friends. Use them in WhatsApp, Facebook, iMessage, Telegram, and other messenger! HomeBusinessAboutAPI DocsSolutions AI Facial Recognition APIAI Cartoon Style AvatarsDating & Audio ChatsWebinars & Video ChatsOne Avatar For EverythingCustom StyleSolutions AI Facial RecognitionAI Cartoon Style AvatarsDating & Audio ChatsWebinars &","2026-05-31T03:22:01.247Z","medium_high","ok"
"CP_0387","Mirror: Emoji maker, Stickers","Mirror AI","public_web","company_positioning_page","Company/public web positioning","https://www.mirror-ai.com/business","https://mirror-ai.com/pricing","https://www.mirror-ai.com/business","mirror-ai.com","avatar_identity","b2b_or_enterprise_page","known_domain_b2b_or_enterprise_page","387","b2b_or_enterprise_page","","","visible_price_or_pricing_language|b2b_sales_motion|purchase_or_upgrade_cta","yes","","Mirror AI - Emoji Maker and Free AI Avatar Creator Mirror AI - Emoji Maker and Free AI Avatar Creator Mirror is your personal stickers! Take one selfie and get thousands of personal emojis and stickers of you and your friends. Use them in WhatsApp, Facebook, iMessage, Telegram, and other messengers! HomeBusinessAboutAPI DocsSolutions AI Facial Recognition APIAI Cartoon Style AvatarsDating & Audio ChatsWebinars & Video ChatsOne Avatar For EverythingOne Avatar For EverythingSolutions AI Facial RecognitionAI Cartoon Style AvatarsDating & Audio Ch","ai_or_personalization|avatar_identity|community_social|b2b_enterprise","ai_or_personalization|avatar_identity","community_social|b2b_enterprise","$0|$0.01|$399|$0.05|$999","Mirror AI - Emoji Maker and Free AI Avatar Creator","200","ok","b2b_or_enterprise_page","ai_or_personalization|avatar_identity|community_social|b2b_enterprise","visible_price_or_pricing_language|b2b_sales_motion|purchase_or_upgrade_cta","$0|$0.01|$399|$0.05|$999","b2b_or_parent_context_possible","Mirror AI - Emoji Maker and Free AI Avatar Creator Mirror is your personal stickers! Take one selfie and get thousands of personal emojis and stickers of you and your friends. Use them in WhatsApp, Facebook, iMessage, Telegram, and other messengers! HomeBusinessAboutAPI DocsSolutions AI Facial Recognition APIAI Cartoon Style AvatarsDating & Audio ChatsWebinars & Video ChatsOne Avatar For EverythingOne Avatar For EverythingSolutions AI Facial RecognitionAI Cartoon Style AvatarsDating & Audio Ch","2026-05-31T03:22:02.515Z","medium_high","ok"
"CP_0388","Mirror: Emoji maker, Stickers","Mirror AI","public_web","company_positioning_page","Company/public web positioning","https://www.mirror-ai.com/plans","https://mirror-ai.com/plans","https://www.mirror-ai.com/plans","mirror-ai.com","avatar_identity","pricing_or_plan_page","known_domain_pricing_or_plan_page","388","pricing_or_plan_page","","","b2b_sales_motion","yes","","404 Not Found - Apps - Webflow HTML Website Template 404 Not Found - Apps - Webflow HTML Website Template HomeBusinessAboutAPI DocsSolutions AI Facial Recognition APIAI Cartoon Style AvatarsDating & Audio ChatsWebinars & Video ChatsOne Avatar For EverythingCustom StyleSolutions AI Facial RecognitionAI Cartoon Style AvatarsDating & Audio ChatsWebinars & Video ChatsOne Avatar For EverythingCustom StyleGet AppPage Not FoundThe page you're looking for isn't available. Try with another page or use the go home button belowGo Back HomeTake one selfie a","ai_or_personalization|avatar_identity|b2b_enterprise","ai_or_personalization|avatar_identity","b2b_enterprise","no_pricing_signal","404 Not Found - Apps - Webflow HTML Website Template","404","error:http_404","pricing_or_plan_page","ai_or_personalization|avatar_identity|b2b_enterprise","b2b_sales_motion","","b2b_or_parent_context_possible","404 Not Found - Apps - Webflow HTML Website Template HomeBusinessAboutAPI DocsSolutions AI Facial Recognition APIAI Cartoon Style AvatarsDating & Audio ChatsWebinars & Video ChatsOne Avatar For EverythingCustom StyleSolutions AI Facial RecognitionAI Cartoon Style AvatarsDating & Audio ChatsWebinars & Video ChatsOne Avatar For EverythingCustom StyleGet AppPage Not FoundThe page you're looking for isn't available. Try with another page or use the go home button belowGo Back HomeTake one selfie a","2026-05-31T03:22:03.106Z","low","error:http_404"
"CP_0389","Mirror: Emoji maker, Stickers","Mirror AI","public_web","company_positioning_page","Company/public web positioning","https://www.mirror-ai.com/premium","https://mirror-ai.com/premium","https://www.mirror-ai.com/premium","mirror-ai.com","avatar_identity","pricing_or_plan_page","known_domain_pricing_or_plan_page","389","pricing_or_plan_page","","","b2b_sales_motion","yes","","404 Not Found - Apps - Webflow HTML Website Template 404 Not Found - Apps - Webflow HTML Website Template HomeBusinessAboutAPI DocsSolutions AI Facial Recognition APIAI Cartoon Style AvatarsDating & Audio ChatsWebinars & Video ChatsOne Avatar For EverythingCustom StyleSolutions AI Facial RecognitionAI Cartoon Style AvatarsDating & Audio ChatsWebinars & Video ChatsOne Avatar For EverythingCustom StyleGet AppPage Not FoundThe page you're looking for isn't available. Try with another page or use the go home button belowGo Back HomeTake one selfie a","ai_or_personalization|avatar_identity|b2b_enterprise","ai_or_personalization|avatar_identity","b2b_enterprise","no_pricing_signal","404 Not Found - Apps - Webflow HTML Website Template","404","error:http_404","pricing_or_plan_page","ai_or_personalization|avatar_identity|b2b_enterprise","b2b_sales_motion","","b2b_or_parent_context_possible","404 Not Found - Apps - Webflow HTML Website Template HomeBusinessAboutAPI DocsSolutions AI Facial Recognition APIAI Cartoon Style AvatarsDating & Audio ChatsWebinars & Video ChatsOne Avatar For EverythingCustom StyleSolutions AI Facial RecognitionAI Cartoon Style AvatarsDating & Audio ChatsWebinars & Video ChatsOne Avatar For EverythingCustom StyleGet AppPage Not FoundThe page you're looking for isn't available. Try with another page or use the go home button belowGo Back HomeTake one selfie a","2026-05-31T03:22:03.619Z","low","error:http_404"
"CP_0390","Mirror: Emoji maker, Stickers","Mirror AI","public_web","company_positioning_page","Company/public web positioning","https://www.mirror-ai.com/subscribe","https://mirror-ai.com/subscribe","https://www.mirror-ai.com/subscribe","mirror-ai.com","avatar_identity","pricing_or_plan_page","known_domain_pricing_or_plan_page","390","pricing_or_plan_page","","","b2b_sales_motion","yes","","404 Not Found - Apps - Webflow HTML Website Template 404 Not Found - Apps - Webflow HTML Website Template HomeBusinessAboutAPI DocsSolutions AI Facial Recognition APIAI Cartoon Style AvatarsDating & Audio ChatsWebinars & Video ChatsOne Avatar For EverythingCustom StyleSolutions AI Facial RecognitionAI Cartoon Style AvatarsDating & Audio ChatsWebinars & Video ChatsOne Avatar For EverythingCustom StyleGet AppPage Not FoundThe page you're looking for isn't available. Try with another page or use the go home button belowGo Back HomeTake one selfie a","ai_or_personalization|avatar_identity|b2b_enterprise","ai_or_personalization|avatar_identity","b2b_enterprise","no_pricing_signal","404 Not Found - Apps - Webflow HTML Website Template","404","error:http_404","pricing_or_plan_page","ai_or_personalization|avatar_identity|b2b_enterprise","b2b_sales_motion","","b2b_or_parent_context_possible","404 Not Found - Apps - Webflow HTML Website Template HomeBusinessAboutAPI DocsSolutions AI Facial Recognition APIAI Cartoon Style AvatarsDating & Audio ChatsWebinars & Video ChatsOne Avatar For EverythingCustom StyleSolutions AI Facial RecognitionAI Cartoon Style AvatarsDating & Audio ChatsWebinars & Video ChatsOne Avatar For EverythingCustom StyleGet AppPage Not FoundThe page you're looking for isn't available. Try with another page or use the go home button belowGo Back HomeTake one selfie a","2026-05-31T03:22:04.231Z","low","error:http_404"
"CP_0391","Mirror: Emoji maker, Stickers","Mirror AI","public_web","company_positioning_page","Company/public web positioning","https://www.mirror-ai.com/subscription","https://mirror-ai.com/subscription","https://www.mirror-ai.com/subscription","mirror-ai.com","avatar_identity","pricing_or_plan_page","known_domain_pricing_or_plan_page","391","pricing_or_plan_page","","","b2b_sales_motion","yes","","404 Not Found - Apps - Webflow HTML Website Template 404 Not Found - Apps - Webflow HTML Website Template HomeBusinessAboutAPI DocsSolutions AI Facial Recognition APIAI Cartoon Style AvatarsDating & Audio ChatsWebinars & Video ChatsOne Avatar For EverythingCustom StyleSolutions AI Facial RecognitionAI Cartoon Style AvatarsDating & Audio ChatsWebinars & Video ChatsOne Avatar For EverythingCustom StyleGet AppPage Not FoundThe page you're looking for isn't available. Try with another page or use the go home button belowGo Back HomeTake one selfie a","ai_or_personalization|avatar_identity|b2b_enterprise","ai_or_personalization|avatar_identity","b2b_enterprise","no_pricing_signal","404 Not Found - Apps - Webflow HTML Website Template","404","error:http_404","pricing_or_plan_page","ai_or_personalization|avatar_identity|b2b_enterprise","b2b_sales_motion","","b2b_or_parent_context_possible","404 Not Found - Apps - Webflow HTML Website Template HomeBusinessAboutAPI DocsSolutions AI Facial Recognition APIAI Cartoon Style AvatarsDating & Audio ChatsWebinars & Video ChatsOne Avatar For EverythingCustom StyleSolutions AI Facial RecognitionAI Cartoon Style AvatarsDating & Audio ChatsWebinars & Video ChatsOne Avatar For EverythingCustom StyleGet AppPage Not FoundThe page you're looking for isn't available. Try with another page or use the go home button belowGo Back HomeTake one selfie a","2026-05-31T03:22:04.856Z","low","error:http_404"
"CP_0392","Mirror: Emoji maker, Stickers","Mirror AI","public_web","company_positioning_page","Company/public web positioning","https://www.mirror-ai.com/upgrade","https://mirror-ai.com/upgrade","https://www.mirror-ai.com/upgrade","mirror-ai.com","avatar_identity","pricing_or_plan_page","known_domain_pricing_or_plan_page","392","pricing_or_plan_page","","","b2b_sales_motion","yes","","404 Not Found - Apps - Webflow HTML Website Template 404 Not Found - Apps - Webflow HTML Website Template HomeBusinessAboutAPI DocsSolutions AI Facial Recognition APIAI Cartoon Style AvatarsDating & Audio ChatsWebinars & Video ChatsOne Avatar For EverythingCustom StyleSolutions AI Facial RecognitionAI Cartoon Style AvatarsDating & Audio ChatsWebinars & Video ChatsOne Avatar For EverythingCustom StyleGet AppPage Not FoundThe page you're looking for isn't available. Try with another page or use the go home button belowGo Back HomeTake one selfie a","ai_or_personalization|avatar_identity|b2b_enterprise","ai_or_personalization|avatar_identity","b2b_enterprise","no_pricing_signal","404 Not Found - Apps - Webflow HTML Website Template","404","error:http_404","pricing_or_plan_page","ai_or_personalization|avatar_identity|b2b_enterprise","b2b_sales_motion","","b2b_or_parent_context_possible","404 Not Found - Apps - Webflow HTML Website Template HomeBusinessAboutAPI DocsSolutions AI Facial Recognition APIAI Cartoon Style AvatarsDating & Audio ChatsWebinars & Video ChatsOne Avatar For EverythingCustom StyleSolutions AI Facial RecognitionAI Cartoon Style AvatarsDating & Audio ChatsWebinars & Video ChatsOne Avatar For EverythingCustom StyleGet AppPage Not FoundThe page you're looking for isn't available. Try with another page or use the go home button belowGo Back HomeTake one selfie a","2026-05-31T03:22:05.474Z","low","error:http_404"
"CP_0393","Everskies: Virtual Dress up","Pocket Worlds","public_web","company_positioning_page","Company/public web positioning","https://everskies.com/","https://everskies.com/","https://everskies.com/","everskies.com","avatar_identity","homepage","known_domain_homepage","393","homepage","","","no_clean_public_monetization_signal","yes","","Everskies - Loading Everskies - Loading Loading...","unclassified_public_positioning","","","no_pricing_signal","Everskies - Loading","200","ok","homepage","unclassified_public_positioning","no_clean_public_monetization_signal","","public_company_or_product_page","Everskies - Loading Loading...","2026-05-31T03:22:06.095Z","low","ok"
"CP_0394","Everskies: Virtual Dress up","Pocket Worlds","public_web","company_positioning_page","Company/public web positioning","https://everskies.com/","https://everskies.com","https://everskies.com/","everskies.com","avatar_identity","homepage","known_domain_homepage","394","homepage","","","no_clean_public_monetization_signal","yes","","Everskies - Loading Everskies - Loading Loading...","unclassified_public_positioning","","","no_pricing_signal","Everskies - Loading","200","ok","homepage","unclassified_public_positioning","no_clean_public_monetization_signal","","public_company_or_product_page","Everskies - Loading Loading...","2026-05-31T03:22:06.411Z","low","ok"
"CP_0395","Everskies: Virtual Dress up","Pocket Worlds","public_web","company_positioning_page","Company/public web positioning","https://everskies.com/pricing","https://everskies.com/pricing","https://everskies.com/pricing","everskies.com","avatar_identity","pricing_or_plan_page","known_domain_pricing_or_plan_page","395","pricing_or_plan_page","","","visible_price_or_pricing_language","yes","","Everskies - Loading Everskies - Loading Loading...","unclassified_public_positioning","","","pricing_page","Everskies - Loading","200","ok","pricing_or_plan_page","unclassified_public_positioning","visible_price_or_pricing_language","","public_company_or_product_page","Everskies - Loading Loading...","2026-05-31T03:22:06.723Z","medium_high","ok"
"CP_0396","Everskies: Virtual Dress up","Pocket Worlds","public_web","company_positioning_page","Company/public web positioning","https://everskies.com/plans","https://everskies.com/plans","https://everskies.com/plans","everskies.com","avatar_identity","pricing_or_plan_page","known_domain_pricing_or_plan_page","396","pricing_or_plan_page","","","visible_price_or_pricing_language","yes","","Everskies - Loading Everskies - Loading Loading...","unclassified_public_positioning","","","pricing_page","Everskies - Loading","200","ok","pricing_or_plan_page","unclassified_public_positioning","visible_price_or_pricing_language","","public_company_or_product_page","Everskies - Loading Loading...","2026-05-31T03:22:07.035Z","medium_high","ok"
"CP_0397","Everskies: Virtual Dress up","Pocket Worlds","public_web","company_positioning_page","Company/public web positioning","https://everskies.com/premium","https://everskies.com/premium","https://everskies.com/premium","everskies.com","avatar_identity","pricing_or_plan_page","known_domain_pricing_or_plan_page","397","pricing_or_plan_page","","","visible_price_or_pricing_language","yes","","Everskies - Loading Everskies - Loading Loading...","unclassified_public_positioning","","","pricing_page","Everskies - Loading","200","ok","pricing_or_plan_page","unclassified_public_positioning","visible_price_or_pricing_language","","public_company_or_product_page","Everskies - Loading Loading...","2026-05-31T03:22:07.351Z","medium_high","ok"
"CP_0398","Everskies: Virtual Dress up","Pocket Worlds","public_web","company_positioning_page","Company/public web positioning","https://everskies.com/subscribe","https://everskies.com/subscribe","https://everskies.com/subscribe","everskies.com","avatar_identity","pricing_or_plan_page","known_domain_pricing_or_plan_page","398","pricing_or_plan_page","","","visible_price_or_pricing_language","yes","","Everskies - Loading Everskies - Loading Loading...","unclassified_public_positioning","","","pricing_page","Everskies - Loading","200","ok","pricing_or_plan_page","unclassified_public_positioning","visible_price_or_pricing_language","","public_company_or_product_page","Everskies - Loading Loading...","2026-05-31T03:22:07.666Z","medium_high","ok"
"CP_0399","Everskies: Virtual Dress up","Pocket Worlds","public_web","company_positioning_page","Company/public web positioning","https://everskies.com/subscription","https://everskies.com/subscription","https://everskies.com/subscription","everskies.com","avatar_identity","pricing_or_plan_page","known_domain_pricing_or_plan_page","399","pricing_or_plan_page","","","visible_price_or_pricing_language","yes","","Everskies - Loading Everskies - Loading Loading...","unclassified_public_positioning","","","pricing_page","Everskies - Loading","200","ok","pricing_or_plan_page","unclassified_public_positioning","visible_price_or_pricing_language","","public_company_or_product_page","Everskies - Loading Loading...","2026-05-31T03:22:07.983Z","medium_high","ok"
"CP_0400","Everskies: Virtual Dress up","Pocket Worlds","public_web","company_positioning_page","Company/public web positioning","https://everskies.com/upgrade","https://everskies.com/upgrade","https://everskies.com/upgrade","everskies.com","avatar_identity","pricing_or_plan_page","known_domain_pricing_or_plan_page","400","pricing_or_plan_page","","","visible_price_or_pricing_language","yes","","Everskies - Loading Everskies - Loading Loading...","unclassified_public_positioning","","","pricing_page","Everskies - Loading","200","ok","pricing_or_plan_page","unclassified_public_positioning","visible_price_or_pricing_language","","public_company_or_product_page","Everskies - Loading Loading...","2026-05-31T03:22:08.299Z","medium_high","ok"
"CP_0401","REALITY-Become an Anime Avatar","REALITY, Inc.","public_web","company_positioning_page","Company/public web positioning","https://reality.app/","https://reality.app/","https://reality.app/","reality.app","avatar_identity","homepage","known_domain_homepage","401","homepage","","","no_clean_public_monetization_signal","yes","","REALITY｜顔出しナシのライブ配信アプリ REALITY｜顔出しナシのライブ配信アプリ スマホ1台で好きな姿になってライブ配信！バーチャルコミュニティに参加しよう！ ログイン 誰でもスマホ1台で好きな姿に変身！ 顔出しナシのライブ配信アプリ -REALITY- 自分好みのアバターを作り、顔を出さずにライブ配信。新たに生まれるバーチャルコミュニティにあなたも参加してみよう！ アバターカスタム 好きな見た目のアバターを作成！ スマホのインカメラで表情を読み取って アバターをリアルタイムで動かそう！ ライブ配信 顔出しせずにアバター姿でライブ配信！ 複数人でのコラボ配信も可能！ イベントに参加して盛り上がろう！ ライブ視聴 人気配信者や個性的な配信者が 24時間いつでもライブ配信中！ ギフトやコメントを送って参加しよう！ みんなと交流 チャット機能を使ってユーザー同士で コミュニケーションを取ることも可能！ バーチャルコミュニティに参加しよう！ Follow @REALITY_app LINK 運営会社 FAQ お問い合わせ REALITY 利用規約 プライバシーポリシー（iOS/Android） アプリ専用通貨規約 特定商取引法/","unclassified_public_positioning","","","no_pricing_signal","REALITY｜顔出しナシのライブ配信アプリ","200","ok","homepage","unclassified_public_positioning","no_clean_public_monetization_signal","","public_company_or_product_page","REALITY｜顔出しナシのライブ配信アプリ スマホ1台で好きな姿になってライブ配信！バーチャルコミュニティに参加しよう！ ログイン 誰でもスマホ1台で好きな姿に変身！ 顔出しナシのライブ配信アプリ -REALITY- 自分好みのアバターを作り、顔を出さずにライブ配信。新たに生まれるバーチャルコミュニティにあなたも参加してみよう！ アバターカスタム 好きな見た目のアバターを作成！ スマホのインカメラで表情を読み取って アバターをリアルタイムで動かそう！ ライブ配信 顔出しせずにアバター姿でライブ配信！ 複数人でのコラボ配信も可能！ イベントに参加して盛り上がろう！ ライブ視聴 人気配信者や個性的な配信者が 24時間いつでもライブ配信中！ ギフトやコメントを送って参加しよう！ みんなと交流 チャット機能を使ってユーザー同士で コミュニケーションを取ることも可能！ バーチャルコミュニティに参加しよう！ Follow @REALITY_app LINK 運営会社 FAQ お問い合わせ REALITY 利用規約 プライバシーポリシー（iOS/Android） アプリ専用通貨規約 特定商取引法/","2026-05-31T03:22:08.717Z","medium","ok"
"CP_0402","REALITY-Become an Anime Avatar","REALITY, Inc.","public_web","company_positioning_page","Company/public web positioning","https://reality.app/","https://reality.app","https://reality.app/","reality.app","avatar_identity","homepage","known_domain_homepage","402","homepage","","","no_clean_public_monetization_signal","yes","","REALITY｜顔出しナシのライブ配信アプリ REALITY｜顔出しナシのライブ配信アプリ スマホ1台で好きな姿になってライブ配信！バーチャルコミュニティに参加しよう！ ログイン 誰でもスマホ1台で好きな姿に変身！ 顔出しナシのライブ配信アプリ -REALITY- 自分好みのアバターを作り、顔を出さずにライブ配信。新たに生まれるバーチャルコミュニティにあなたも参加してみよう！ アバターカスタム 好きな見た目のアバターを作成！ スマホのインカメラで表情を読み取って アバターをリアルタイムで動かそう！ ライブ配信 顔出しせずにアバター姿でライブ配信！ 複数人でのコラボ配信も可能！ イベントに参加して盛り上がろう！ ライブ視聴 人気配信者や個性的な配信者が 24時間いつでもライブ配信中！ ギフトやコメントを送って参加しよう！ みんなと交流 チャット機能を使ってユーザー同士で コミュニケーションを取ることも可能！ バーチャルコミュニティに参加しよう！ Follow @REALITY_app LINK 運営会社 FAQ お問い合わせ REALITY 利用規約 プライバシーポリシー（iOS/Android） アプリ専用通貨規約 特定商取引法/","unclassified_public_positioning","","","no_pricing_signal","REALITY｜顔出しナシのライブ配信アプリ","200","ok","homepage","unclassified_public_positioning","no_clean_public_monetization_signal","","public_company_or_product_page","REALITY｜顔出しナシのライブ配信アプリ スマホ1台で好きな姿になってライブ配信！バーチャルコミュニティに参加しよう！ ログイン 誰でもスマホ1台で好きな姿に変身！ 顔出しナシのライブ配信アプリ -REALITY- 自分好みのアバターを作り、顔を出さずにライブ配信。新たに生まれるバーチャルコミュニティにあなたも参加してみよう！ アバターカスタム 好きな見た目のアバターを作成！ スマホのインカメラで表情を読み取って アバターをリアルタイムで動かそう！ ライブ配信 顔出しせずにアバター姿でライブ配信！ 複数人でのコラボ配信も可能！ イベントに参加して盛り上がろう！ ライブ視聴 人気配信者や個性的な配信者が 24時間いつでもライブ配信中！ ギフトやコメントを送って参加しよう！ みんなと交流 チャット機能を使ってユーザー同士で コミュニケーションを取ることも可能！ バーチャルコミュニティに参加しよう！ Follow @REALITY_app LINK 運営会社 FAQ お問い合わせ REALITY 利用規約 プライバシーポリシー（iOS/Android） アプリ専用通貨規約 特定商取引法/","2026-05-31T03:22:08.916Z","medium","ok"
"CP_0403","REALITY-Become an Anime Avatar","REALITY, Inc.","public_web","company_positioning_page","Company/public web positioning","https://reality.app/pricing","https://reality.app/pricing","https://reality.app/pricing","reality.app","avatar_identity","pricing_or_plan_page","known_domain_pricing_or_plan_page","403","pricing_or_plan_page","","","no_clean_public_monetization_signal","yes","","","unclassified_public_positioning","","","no_pricing_signal","","200","ok","pricing_or_plan_page","unclassified_public_positioning","no_clean_public_monetization_signal","","public_company_or_product_page","","2026-05-31T03:22:09.113Z","low","ok"
"CP_0404","REALITY-Become an Anime Avatar","REALITY, Inc.","public_web","company_positioning_page","Company/public web positioning","https://reality.app/plans","https://reality.app/plans","https://reality.app/plans","reality.app","avatar_identity","pricing_or_plan_page","known_domain_pricing_or_plan_page","404","pricing_or_plan_page","","","no_clean_public_monetization_signal","yes","","","unclassified_public_positioning","","","no_pricing_signal","","200","ok","pricing_or_plan_page","unclassified_public_positioning","no_clean_public_monetization_signal","","public_company_or_product_page","","2026-05-31T03:22:09.316Z","low","ok"
"CP_0405","REALITY-Become an Anime Avatar","REALITY, Inc.","public_web","company_positioning_page","Company/public web positioning","https://reality.app/premium","https://reality.app/premium","https://reality.app/premium","reality.app","avatar_identity","pricing_or_plan_page","known_domain_pricing_or_plan_page","405","pricing_or_plan_page","","","no_clean_public_monetization_signal","yes","","","unclassified_public_positioning","","","no_pricing_signal","","200","ok","pricing_or_plan_page","unclassified_public_positioning","no_clean_public_monetization_signal","","public_company_or_product_page","","2026-05-31T03:22:09.519Z","low","ok"
"CP_0406","REALITY-Become an Anime Avatar","REALITY, Inc.","public_web","company_positioning_page","Company/public web positioning","https://reality.app/subscribe","https://reality.app/subscribe","https://reality.app/subscribe","reality.app","avatar_identity","pricing_or_plan_page","known_domain_pricing_or_plan_page","406","pricing_or_plan_page","","","no_clean_public_monetization_signal","yes","","","unclassified_public_positioning","","","no_pricing_signal","","200","ok","pricing_or_plan_page","unclassified_public_positioning","no_clean_public_monetization_signal","","public_company_or_product_page","","2026-05-31T03:22:09.717Z","low","ok"
"CP_0407","REALITY-Become an Anime Avatar","REALITY, Inc.","public_web","company_positioning_page","Company/public web positioning","https://reality.app/subscription","https://reality.app/subscription","https://reality.app/subscription","reality.app","avatar_identity","pricing_or_plan_page","known_domain_pricing_or_plan_page","407","pricing_or_plan_page","","","no_clean_public_monetization_signal","yes","","","unclassified_public_positioning","","","no_pricing_signal","","200","ok","pricing_or_plan_page","unclassified_public_positioning","no_clean_public_monetization_signal","","public_company_or_product_page","","2026-05-31T03:22:09.911Z","low","ok"
"CP_0408","REALITY-Become an Anime Avatar","REALITY, Inc.","public_web","company_positioning_page","Company/public web positioning","https://reality.app/upgrade","https://reality.app/upgrade","https://reality.app/upgrade","reality.app","avatar_identity","pricing_or_plan_page","known_domain_pricing_or_plan_page","408","pricing_or_plan_page","","","no_clean_public_monetization_signal","yes","","","unclassified_public_positioning","","","no_pricing_signal","","200","ok","pricing_or_plan_page","unclassified_public_positioning","no_clean_public_monetization_signal","","public_company_or_product_page","","2026-05-31T03:22:10.105Z","low","ok"
"CP_0409","Character Maker: Dress-up Game","OOZOOGORAE","public_web","company_positioning_page","Company/public web positioning","https://oozoogorae.blogspot.com/","http://oozoogorae.blogspot.com/","https://oozoogorae.blogspot.com/","oozoogorae.blogspot.com","avatar_identity","homepage","known_domain_homepage","409","homepage","","","purchase_or_upgrade_cta","yes","","캐릭터메이커 - 2D 아바타 만들기 게임 캐릭터메이커 - 2D 아바타 만들기 게임 기본 콘텐츠로 건너뛰기 이 블로그 검색 캐릭터메이커 - 2D 아바타 만들기 게임 Character Maker: Create Your Own Cartoon Avatar 글 이용 약관 공유 링크 만들기 Facebook X Pinterest 이메일 기타 앱 6월 27, 2021 본 약관 은 우주고래 ( 이하 ‘ 당사’라 함 ) 가 캐릭터메이커 라는 명칭 또는 이와 관련해 이용자에게 제공하는 웹 사이트 , 소프트웨어 , 애플리케이션 , 프로덕트 , 문서 , 기타 모든 제품 및 서비스 ( 이하 ‘본 서비스’라 함 ) 이용에 관한 조건을 이용자와 당사 사이에 정한 것입니다 . 제 1 조 ( 약관 동의 ) 1. 이용자는 본 약관의 규정에 따라 본 서비스를 이용합니다 . 이용자는 본 약관에 동의하지 않는 한 본 서비스를 이용할 수 없습니다 . 본 서비스 사용 시점부터 이용자는 본 약관에 동의한 것이 됩니다 . 제 2 조 ( 모바일 버전의 취득 정보 ) 1.","avatar_identity","avatar_identity","","no_pricing_signal","캐릭터메이커 - 2D 아바타 만들기 게임","200","ok","homepage","avatar_identity","purchase_or_upgrade_cta","","public_company_or_product_page","캐릭터메이커 - 2D 아바타 만들기 게임 기본 콘텐츠로 건너뛰기 이 블로그 검색 캐릭터메이커 - 2D 아바타 만들기 게임 Character Maker: Create Your Own Cartoon Avatar 글 이용 약관 공유 링크 만들기 Facebook X Pinterest 이메일 기타 앱 6월 27, 2021 본 약관 은 우주고래 ( 이하 ‘ 당사’라 함 ) 가 캐릭터메이커 라는 명칭 또는 이와 관련해 이용자에게 제공하는 웹 사이트 , 소프트웨어 , 애플리케이션 , 프로덕트 , 문서 , 기타 모든 제품 및 서비스 ( 이하 ‘본 서비스’라 함 ) 이용에 관한 조건을 이용자와 당사 사이에 정한 것입니다 . 제 1 조 ( 약관 동의 ) 1. 이용자는 본 약관의 규정에 따라 본 서비스를 이용합니다 . 이용자는 본 약관에 동의하지 않는 한 본 서비스를 이용할 수 없습니다 . 본 서비스 사용 시점부터 이용자는 본 약관에 동의한 것이 됩니다 . 제 2 조 ( 모바일 버전의 취득 정보 ) 1.","2026-05-31T03:22:11.951Z","medium","ok"
"CP_0410","Character Maker: Dress-up Game","OOZOOGORAE","public_web","company_positioning_page","Company/public web positioning","https://oozoogorae.blogspot.com/","http://oozoogorae.blogspot.com","https://oozoogorae.blogspot.com/","oozoogorae.blogspot.com","avatar_identity","homepage","known_domain_homepage","410","homepage","","","purchase_or_upgrade_cta","yes","","캐릭터메이커 - 2D 아바타 만들기 게임 캐릭터메이커 - 2D 아바타 만들기 게임 기본 콘텐츠로 건너뛰기 이 블로그 검색 캐릭터메이커 - 2D 아바타 만들기 게임 Character Maker: Create Your Own Cartoon Avatar 글 이용 약관 공유 링크 만들기 Facebook X Pinterest 이메일 기타 앱 6월 27, 2021 본 약관 은 우주고래 ( 이하 ‘ 당사’라 함 ) 가 캐릭터메이커 라는 명칭 또는 이와 관련해 이용자에게 제공하는 웹 사이트 , 소프트웨어 , 애플리케이션 , 프로덕트 , 문서 , 기타 모든 제품 및 서비스 ( 이하 ‘본 서비스’라 함 ) 이용에 관한 조건을 이용자와 당사 사이에 정한 것입니다 . 제 1 조 ( 약관 동의 ) 1. 이용자는 본 약관의 규정에 따라 본 서비스를 이용합니다 . 이용자는 본 약관에 동의하지 않는 한 본 서비스를 이용할 수 없습니다 . 본 서비스 사용 시점부터 이용자는 본 약관에 동의한 것이 됩니다 . 제 2 조 ( 모바일 버전의 취득 정보 ) 1.","avatar_identity","avatar_identity","","no_pricing_signal","캐릭터메이커 - 2D 아바타 만들기 게임","200","ok","homepage","avatar_identity","purchase_or_upgrade_cta","","public_company_or_product_page","캐릭터메이커 - 2D 아바타 만들기 게임 기본 콘텐츠로 건너뛰기 이 블로그 검색 캐릭터메이커 - 2D 아바타 만들기 게임 Character Maker: Create Your Own Cartoon Avatar 글 이용 약관 공유 링크 만들기 Facebook X Pinterest 이메일 기타 앱 6월 27, 2021 본 약관 은 우주고래 ( 이하 ‘ 당사’라 함 ) 가 캐릭터메이커 라는 명칭 또는 이와 관련해 이용자에게 제공하는 웹 사이트 , 소프트웨어 , 애플리케이션 , 프로덕트 , 문서 , 기타 모든 제품 및 서비스 ( 이하 ‘본 서비스’라 함 ) 이용에 관한 조건을 이용자와 당사 사이에 정한 것입니다 . 제 1 조 ( 약관 동의 ) 1. 이용자는 본 약관의 규정에 따라 본 서비스를 이용합니다 . 이용자는 본 약관에 동의하지 않는 한 본 서비스를 이용할 수 없습니다 . 본 서비스 사용 시점부터 이용자는 본 약관에 동의한 것이 됩니다 . 제 2 조 ( 모바일 버전의 취득 정보 ) 1.","2026-05-31T03:22:12.917Z","medium","ok"
"CP_0411","Character Maker: Dress-up Game","OOZOOGORAE","public_web","company_positioning_page","Company/public web positioning","https://oozoogorae.blogspot.com/pricing","http://oozoogorae.blogspot.com/pricing","https://oozoogorae.blogspot.com/pricing","oozoogorae.blogspot.com","avatar_identity","pricing_or_plan_page","known_domain_pricing_or_plan_page","411","pricing_or_plan_page","","","no_clean_public_monetization_signal","yes","","캐릭터메이커 - 2D 아바타 만들기 게임 캐릭터메이커 - 2D 아바타 만들기 게임 기본 콘텐츠로 건너뛰기 이 블로그 검색 캐릭터메이커 - 2D 아바타 만들기 게임 Character Maker: Create Your Own Cartoon Avatar 죄송합니다. 블로그에 찾고 계신 페이지가 없습니다. Powered by Blogger 테마 이미지 제공: Michael Elkan 우주고래 프로필로 이동 자료실 6월 20211 8월 20201 신고하기","avatar_identity","avatar_identity","","no_pricing_signal","캐릭터메이커 - 2D 아바타 만들기 게임","404","error:http_404","pricing_or_plan_page","avatar_identity","no_clean_public_monetization_signal","","public_company_or_product_page","캐릭터메이커 - 2D 아바타 만들기 게임 기본 콘텐츠로 건너뛰기 이 블로그 검색 캐릭터메이커 - 2D 아바타 만들기 게임 Character Maker: Create Your Own Cartoon Avatar 죄송합니다. 블로그에 찾고 계신 페이지가 없습니다. Powered by Blogger 테마 이미지 제공: Michael Elkan 우주고래 프로필로 이동 자료실 6월 20211 8월 20201 신고하기","2026-05-31T03:22:14.404Z","low","error:http_404"
"CP_0412","Character Maker: Dress-up Game","OOZOOGORAE","public_web","company_positioning_page","Company/public web positioning","https://oozoogorae.blogspot.com/plans","http://oozoogorae.blogspot.com/plans","https://oozoogorae.blogspot.com/plans","oozoogorae.blogspot.com","avatar_identity","pricing_or_plan_page","known_domain_pricing_or_plan_page","412","pricing_or_plan_page","","","no_clean_public_monetization_signal","yes","","캐릭터메이커 - 2D 아바타 만들기 게임 캐릭터메이커 - 2D 아바타 만들기 게임 기본 콘텐츠로 건너뛰기 이 블로그 검색 캐릭터메이커 - 2D 아바타 만들기 게임 Character Maker: Create Your Own Cartoon Avatar 죄송합니다. 블로그에 찾고 계신 페이지가 없습니다. Powered by Blogger 테마 이미지 제공: Michael Elkan 우주고래 프로필로 이동 자료실 6월 20211 8월 20201 신고하기","avatar_identity","avatar_identity","","no_pricing_signal","캐릭터메이커 - 2D 아바타 만들기 게임","404","error:http_404","pricing_or_plan_page","avatar_identity","no_clean_public_monetization_signal","","public_company_or_product_page","캐릭터메이커 - 2D 아바타 만들기 게임 기본 콘텐츠로 건너뛰기 이 블로그 검색 캐릭터메이커 - 2D 아바타 만들기 게임 Character Maker: Create Your Own Cartoon Avatar 죄송합니다. 블로그에 찾고 계신 페이지가 없습니다. Powered by Blogger 테마 이미지 제공: Michael Elkan 우주고래 프로필로 이동 자료실 6월 20211 8월 20201 신고하기","2026-05-31T03:22:16.216Z","low","error:http_404"
"CP_0413","Character Maker: Dress-up Game","OOZOOGORAE","public_web","company_positioning_page","Company/public web positioning","https://oozoogorae.blogspot.com/premium","http://oozoogorae.blogspot.com/premium","https://oozoogorae.blogspot.com/premium","oozoogorae.blogspot.com","avatar_identity","pricing_or_plan_page","known_domain_pricing_or_plan_page","413","pricing_or_plan_page","","","no_clean_public_monetization_signal","yes","","캐릭터메이커 - 2D 아바타 만들기 게임 캐릭터메이커 - 2D 아바타 만들기 게임 기본 콘텐츠로 건너뛰기 이 블로그 검색 캐릭터메이커 - 2D 아바타 만들기 게임 Character Maker: Create Your Own Cartoon Avatar 죄송합니다. 블로그에 찾고 계신 페이지가 없습니다. Powered by Blogger 테마 이미지 제공: Michael Elkan 우주고래 프로필로 이동 자료실 6월 20211 8월 20201 신고하기","avatar_identity","avatar_identity","","no_pricing_signal","캐릭터메이커 - 2D 아바타 만들기 게임","404","error:http_404","pricing_or_plan_page","avatar_identity","no_clean_public_monetization_signal","","public_company_or_product_page","캐릭터메이커 - 2D 아바타 만들기 게임 기본 콘텐츠로 건너뛰기 이 블로그 검색 캐릭터메이커 - 2D 아바타 만들기 게임 Character Maker: Create Your Own Cartoon Avatar 죄송합니다. 블로그에 찾고 계신 페이지가 없습니다. Powered by Blogger 테마 이미지 제공: Michael Elkan 우주고래 프로필로 이동 자료실 6월 20211 8월 20201 신고하기","2026-05-31T03:22:17.202Z","low","error:http_404"
"CP_0414","Character Maker: Dress-up Game","OOZOOGORAE","public_web","company_positioning_page","Company/public web positioning","https://oozoogorae.blogspot.com/subscribe","http://oozoogorae.blogspot.com/subscribe","https://oozoogorae.blogspot.com/subscribe","oozoogorae.blogspot.com","avatar_identity","pricing_or_plan_page","known_domain_pricing_or_plan_page","414","pricing_or_plan_page","","","no_clean_public_monetization_signal","yes","","캐릭터메이커 - 2D 아바타 만들기 게임 캐릭터메이커 - 2D 아바타 만들기 게임 기본 콘텐츠로 건너뛰기 이 블로그 검색 캐릭터메이커 - 2D 아바타 만들기 게임 Character Maker: Create Your Own Cartoon Avatar 죄송합니다. 블로그에 찾고 계신 페이지가 없습니다. Powered by Blogger 테마 이미지 제공: Michael Elkan 우주고래 프로필로 이동 자료실 6월 20211 8월 20201 신고하기","avatar_identity","avatar_identity","","no_pricing_signal","캐릭터메이커 - 2D 아바타 만들기 게임","404","error:http_404","pricing_or_plan_page","avatar_identity","no_clean_public_monetization_signal","","public_company_or_product_page","캐릭터메이커 - 2D 아바타 만들기 게임 기본 콘텐츠로 건너뛰기 이 블로그 검색 캐릭터메이커 - 2D 아바타 만들기 게임 Character Maker: Create Your Own Cartoon Avatar 죄송합니다. 블로그에 찾고 계신 페이지가 없습니다. Powered by Blogger 테마 이미지 제공: Michael Elkan 우주고래 프로필로 이동 자료실 6월 20211 8월 20201 신고하기","2026-05-31T03:22:18.065Z","low","error:http_404"
"CP_0415","Character Maker: Dress-up Game","OOZOOGORAE","public_web","company_positioning_page","Company/public web positioning","https://oozoogorae.blogspot.com/subscription","http://oozoogorae.blogspot.com/subscription","https://oozoogorae.blogspot.com/subscription","oozoogorae.blogspot.com","avatar_identity","pricing_or_plan_page","known_domain_pricing_or_plan_page","415","pricing_or_plan_page","","","no_clean_public_monetization_signal","yes","","캐릭터메이커 - 2D 아바타 만들기 게임 캐릭터메이커 - 2D 아바타 만들기 게임 기본 콘텐츠로 건너뛰기 이 블로그 검색 캐릭터메이커 - 2D 아바타 만들기 게임 Character Maker: Create Your Own Cartoon Avatar 죄송합니다. 블로그에 찾고 계신 페이지가 없습니다. Powered by Blogger 테마 이미지 제공: Michael Elkan 우주고래 프로필로 이동 자료실 6월 20211 8월 20201 신고하기","avatar_identity","avatar_identity","","no_pricing_signal","캐릭터메이커 - 2D 아바타 만들기 게임","404","error:http_404","pricing_or_plan_page","avatar_identity","no_clean_public_monetization_signal","","public_company_or_product_page","캐릭터메이커 - 2D 아바타 만들기 게임 기본 콘텐츠로 건너뛰기 이 블로그 검색 캐릭터메이커 - 2D 아바타 만들기 게임 Character Maker: Create Your Own Cartoon Avatar 죄송합니다. 블로그에 찾고 계신 페이지가 없습니다. Powered by Blogger 테마 이미지 제공: Michael Elkan 우주고래 프로필로 이동 자료실 6월 20211 8월 20201 신고하기","2026-05-31T03:22:18.883Z","low","error:http_404"
"CP_0416","Character Maker: Dress-up Game","OOZOOGORAE","public_web","company_positioning_page","Company/public web positioning","https://oozoogorae.blogspot.com/upgrade","http://oozoogorae.blogspot.com/upgrade","https://oozoogorae.blogspot.com/upgrade","oozoogorae.blogspot.com","avatar_identity","pricing_or_plan_page","known_domain_pricing_or_plan_page","416","pricing_or_plan_page","","","no_clean_public_monetization_signal","yes","","캐릭터메이커 - 2D 아바타 만들기 게임 캐릭터메이커 - 2D 아바타 만들기 게임 기본 콘텐츠로 건너뛰기 이 블로그 검색 캐릭터메이커 - 2D 아바타 만들기 게임 Character Maker: Create Your Own Cartoon Avatar 죄송합니다. 블로그에 찾고 계신 페이지가 없습니다. Powered by Blogger 테마 이미지 제공: Michael Elkan 우주고래 프로필로 이동 자료실 6월 20211 8월 20201 신고하기","avatar_identity","avatar_identity","","no_pricing_signal","캐릭터메이커 - 2D 아바타 만들기 게임","404","error:http_404","pricing_or_plan_page","avatar_identity","no_clean_public_monetization_signal","","public_company_or_product_page","캐릭터메이커 - 2D 아바타 만들기 게임 기본 콘텐츠로 건너뛰기 이 블로그 검색 캐릭터메이커 - 2D 아바타 만들기 게임 Character Maker: Create Your Own Cartoon Avatar 죄송합니다. 블로그에 찾고 계신 페이지가 없습니다. Powered by Blogger 테마 이미지 제공: Michael Elkan 우주고래 프로필로 이동 자료실 6월 20211 8월 20201 신고하기","2026-05-31T03:22:21.450Z","low","error:http_404"
"CP_0417","Neku: OC character creator","Neku Avatar Studio","public_web","company_positioning_page","Company/public web positioning","https://avatar.zthd.io/","https://avatar.zthd.io/","https://avatar.zthd.io/","avatar.zthd.io","avatar_identity","homepage","known_domain_homepage","417","homepage","","","subscription_or_premium_language","yes","yes_or_language_present","Neku: avatar maker, creator Neku: avatar maker, creator STICKER TECHNOLOGY CO. PTE. LTD. Neku: avatar maker, creator Hand-drawn cartoon your social network profile icon create the self-portrait cartoon face, and style your personal profile avatar! App Store Google Play Contact us info@neku.cc 77 High Street #07-02 High Street Plaza - 179433 Terms Of Service and Privacy Policy.","avatar_identity|community_social|game_progression","avatar_identity","community_social|game_progression","app_store_redirect","Neku: avatar maker, creator","200","ok","homepage","avatar_identity|community_social|game_progression","subscription_or_premium_language","","public_company_or_product_page","Neku: avatar maker, creator STICKER TECHNOLOGY CO. PTE. LTD. Neku: avatar maker, creator Hand-drawn cartoon your social network profile icon create the self-portrait cartoon face, and style your personal profile avatar! App Store Google Play Contact us info@neku.cc 77 High Street #07-02 High Street Plaza - 179433 Terms Of Service and Privacy Policy.","2026-05-31T03:22:21.615Z","medium","ok"
"CP_0418","Neku: OC character creator","Neku Avatar Studio","public_web","company_positioning_page","Company/public web positioning","https://avatar.zthd.io/","https://avatar.zthd.io","https://avatar.zthd.io/","avatar.zthd.io","avatar_identity","homepage","known_domain_homepage","418","homepage","","","subscription_or_premium_language","yes","yes_or_language_present","Neku: avatar maker, creator Neku: avatar maker, creator STICKER TECHNOLOGY CO. PTE. LTD. Neku: avatar maker, creator Hand-drawn cartoon your social network profile icon create the self-portrait cartoon face, and style your personal profile avatar! App Store Google Play Contact us info@neku.cc 77 High Street #07-02 High Street Plaza - 179433 Terms Of Service and Privacy Policy.","avatar_identity|community_social|game_progression","avatar_identity","community_social|game_progression","app_store_redirect","Neku: avatar maker, creator","200","ok","homepage","avatar_identity|community_social|game_progression","subscription_or_premium_language","","public_company_or_product_page","Neku: avatar maker, creator STICKER TECHNOLOGY CO. PTE. LTD. Neku: avatar maker, creator Hand-drawn cartoon your social network profile icon create the self-portrait cartoon face, and style your personal profile avatar! App Store Google Play Contact us info@neku.cc 77 High Street #07-02 High Street Plaza - 179433 Terms Of Service and Privacy Policy.","2026-05-31T03:22:21.715Z","medium","ok"
"CP_0419","Neku: OC character creator","Neku Avatar Studio","public_web","company_positioning_page","Company/public web positioning","https://avatar.zthd.io/pricing","https://avatar.zthd.io/pricing","https://avatar.zthd.io/pricing","avatar.zthd.io","avatar_identity","pricing_or_plan_page","known_domain_pricing_or_plan_page","419","pricing_or_plan_page","","","no_clean_public_monetization_signal","yes","","Page Not Found Page Not Found Page Not Found This file does not exist and there was no index.html found in the current directory or 404.html in the root directory. Why am I seeing this? You may have deployed the wrong directory for your application. Check your firebase.json and make sure the public directory is pointing to a directory that contains an index.html file. You can also add a 404.html in the root of your site to replace this page with a custom error page.","unclassified_public_positioning","","","no_pricing_signal","Page Not Found","404","error:http_404","pricing_or_plan_page","unclassified_public_positioning","no_clean_public_monetization_signal","","unreachable_or_not_found","Page Not Found Page Not Found This file does not exist and there was no index.html found in the current directory or 404.html in the root directory. Why am I seeing this? You may have deployed the wrong directory for your application. Check your firebase.json and make sure the public directory is pointing to a directory that contains an index.html file. You can also add a 404.html in the root of your site to replace this page with a custom error page.","2026-05-31T03:22:21.823Z","low","error:http_404"
"CP_0420","Neku: OC character creator","Neku Avatar Studio","public_web","company_positioning_page","Company/public web positioning","https://avatar.zthd.io/plans","https://avatar.zthd.io/plans","https://avatar.zthd.io/plans","avatar.zthd.io","avatar_identity","pricing_or_plan_page","known_domain_pricing_or_plan_page","420","pricing_or_plan_page","","","no_clean_public_monetization_signal","yes","","Page Not Found Page Not Found Page Not Found This file does not exist and there was no index.html found in the current directory or 404.html in the root directory. Why am I seeing this? You may have deployed the wrong directory for your application. Check your firebase.json and make sure the public directory is pointing to a directory that contains an index.html file. You can also add a 404.html in the root of your site to replace this page with a custom error page.","unclassified_public_positioning","","","no_pricing_signal","Page Not Found","404","error:http_404","pricing_or_plan_page","unclassified_public_positioning","no_clean_public_monetization_signal","","unreachable_or_not_found","Page Not Found Page Not Found This file does not exist and there was no index.html found in the current directory or 404.html in the root directory. Why am I seeing this? You may have deployed the wrong directory for your application. Check your firebase.json and make sure the public directory is pointing to a directory that contains an index.html file. You can also add a 404.html in the root of your site to replace this page with a custom error page.","2026-05-31T03:22:21.930Z","low","error:http_404"
"CP_0421","Neku: OC character creator","Neku Avatar Studio","public_web","company_positioning_page","Company/public web positioning","https://avatar.zthd.io/premium","https://avatar.zthd.io/premium","https://avatar.zthd.io/premium","avatar.zthd.io","avatar_identity","pricing_or_plan_page","known_domain_pricing_or_plan_page","421","pricing_or_plan_page","","","no_clean_public_monetization_signal","yes","","Page Not Found Page Not Found Page Not Found This file does not exist and there was no index.html found in the current directory or 404.html in the root directory. Why am I seeing this? You may have deployed the wrong directory for your application. Check your firebase.json and make sure the public directory is pointing to a directory that contains an index.html file. You can also add a 404.html in the root of your site to replace this page with a custom error page.","unclassified_public_positioning","","","no_pricing_signal","Page Not Found","404","error:http_404","pricing_or_plan_page","unclassified_public_positioning","no_clean_public_monetization_signal","","unreachable_or_not_found","Page Not Found Page Not Found This file does not exist and there was no index.html found in the current directory or 404.html in the root directory. Why am I seeing this? You may have deployed the wrong directory for your application. Check your firebase.json and make sure the public directory is pointing to a directory that contains an index.html file. You can also add a 404.html in the root of your site to replace this page with a custom error page.","2026-05-31T03:22:22.035Z","low","error:http_404"
"CP_0422","Neku: OC character creator","Neku Avatar Studio","public_web","company_positioning_page","Company/public web positioning","https://avatar.zthd.io/subscribe","https://avatar.zthd.io/subscribe","https://avatar.zthd.io/subscribe","avatar.zthd.io","avatar_identity","pricing_or_plan_page","known_domain_pricing_or_plan_page","422","pricing_or_plan_page","","","no_clean_public_monetization_signal","yes","","Page Not Found Page Not Found Page Not Found This file does not exist and there was no index.html found in the current directory or 404.html in the root directory. Why am I seeing this? You may have deployed the wrong directory for your application. Check your firebase.json and make sure the public directory is pointing to a directory that contains an index.html file. You can also add a 404.html in the root of your site to replace this page with a custom error page.","unclassified_public_positioning","","","no_pricing_signal","Page Not Found","404","error:http_404","pricing_or_plan_page","unclassified_public_positioning","no_clean_public_monetization_signal","","unreachable_or_not_found","Page Not Found Page Not Found This file does not exist and there was no index.html found in the current directory or 404.html in the root directory. Why am I seeing this? You may have deployed the wrong directory for your application. Check your firebase.json and make sure the public directory is pointing to a directory that contains an index.html file. You can also add a 404.html in the root of your site to replace this page with a custom error page.","2026-05-31T03:22:22.141Z","low","error:http_404"
"CP_0423","Neku: OC character creator","Neku Avatar Studio","public_web","company_positioning_page","Company/public web positioning","https://avatar.zthd.io/subscription","https://avatar.zthd.io/subscription","https://avatar.zthd.io/subscription","avatar.zthd.io","avatar_identity","pricing_or_plan_page","known_domain_pricing_or_plan_page","423","pricing_or_plan_page","","","no_clean_public_monetization_signal","yes","","Page Not Found Page Not Found Page Not Found This file does not exist and there was no index.html found in the current directory or 404.html in the root directory. Why am I seeing this? You may have deployed the wrong directory for your application. Check your firebase.json and make sure the public directory is pointing to a directory that contains an index.html file. You can also add a 404.html in the root of your site to replace this page with a custom error page.","unclassified_public_positioning","","","no_pricing_signal","Page Not Found","404","error:http_404","pricing_or_plan_page","unclassified_public_positioning","no_clean_public_monetization_signal","","unreachable_or_not_found","Page Not Found Page Not Found This file does not exist and there was no index.html found in the current directory or 404.html in the root directory. Why am I seeing this? You may have deployed the wrong directory for your application. Check your firebase.json and make sure the public directory is pointing to a directory that contains an index.html file. You can also add a 404.html in the root of your site to replace this page with a custom error page.","2026-05-31T03:22:22.247Z","low","error:http_404"
"CP_0424","Neku: OC character creator","Neku Avatar Studio","public_web","company_positioning_page","Company/public web positioning","https://avatar.zthd.io/upgrade","https://avatar.zthd.io/upgrade","https://avatar.zthd.io/upgrade","avatar.zthd.io","avatar_identity","pricing_or_plan_page","known_domain_pricing_or_plan_page","424","pricing_or_plan_page","","","no_clean_public_monetization_signal","yes","","Page Not Found Page Not Found Page Not Found This file does not exist and there was no index.html found in the current directory or 404.html in the root directory. Why am I seeing this? You may have deployed the wrong directory for your application. Check your firebase.json and make sure the public directory is pointing to a directory that contains an index.html file. You can also add a 404.html in the root of your site to replace this page with a custom error page.","unclassified_public_positioning","","","no_pricing_signal","Page Not Found","404","error:http_404","pricing_or_plan_page","unclassified_public_positioning","no_clean_public_monetization_signal","","unreachable_or_not_found","Page Not Found Page Not Found This file does not exist and there was no index.html found in the current directory or 404.html in the root directory. Why am I seeing this? You may have deployed the wrong directory for your application. Check your firebase.json and make sure the public directory is pointing to a directory that contains an index.html file. You can also add a 404.html in the root of your site to replace this page with a custom error page.","2026-05-31T03:22:22.350Z","low","error:http_404"
"CP_0425","PRISM Live Studio: Games & IRL","NAVER Corp.","public_web","company_positioning_page","Company/public web positioning","https://prismlive.com/en_us/","http://prismlive.com/","https://prismlive.com/en_us/","prismlive.com","avatar_identity","other_public_page","known_domain_other_public_page","425","other_public_page","","","visible_price_or_pricing_language|subscription_or_premium_language","yes","yes_or_language_present","Free Live Streaming & Recording Software | PRISM Live Studio Free Live Streaming & Recording Software | PRISM Live Studio Creator tool that provides multi-platform live streaming and powerful video editing features PRISM Live Studio Plus You can subscribe to Plusthrough the PRISM mobile app. Scan the QR code with your phone's camera. Plus can be used across mobile, desktop, and Lens apps with a single account. Subscribe on the mobile app with your current account. Stream anytime, anywhere. Discover all the essential features for live streaming in one plac","unclassified_public_positioning","","","pricing_page|subscription_terms","Free Live Streaming & Recording Software | PRISM Live Studio","200","ok","other_public_page","unclassified_public_positioning","visible_price_or_pricing_language|subscription_or_premium_language","","public_company_or_product_page","Free Live Streaming & Recording Software | PRISM Live Studio Creator tool that provides multi-platform live streaming and powerful video editing features PRISM Live Studio Plus You can subscribe to Plusthrough the PRISM mobile app. Scan the QR code with your phone's camera. Plus can be used across mobile, desktop, and Lens apps with a single account. Subscribe on the mobile app with your current account. Stream anytime, anywhere. Discover all the essential features for live streaming in one plac","2026-05-31T03:22:24.040Z","medium_high","ok"
"CP_0426","PRISM Live Studio: Games & IRL","NAVER Corp.","public_web","company_positioning_page","Company/public web positioning","https://prismlive.com/en_us/","http://prismlive.com","https://prismlive.com/en_us/","prismlive.com","avatar_identity","other_public_page","known_domain_other_public_page","426","other_public_page","","","visible_price_or_pricing_language|subscription_or_premium_language","yes","yes_or_language_present","Free Live Streaming & Recording Software | PRISM Live Studio Free Live Streaming & Recording Software | PRISM Live Studio Creator tool that provides multi-platform live streaming and powerful video editing features PRISM Live Studio Plus You can subscribe to Plusthrough the PRISM mobile app. Scan the QR code with your phone's camera. Plus can be used across mobile, desktop, and Lens apps with a single account. Subscribe on the mobile app with your current account. Stream anytime, anywhere. Discover all the essential features for live streaming in one plac","unclassified_public_positioning","","","pricing_page|subscription_terms","Free Live Streaming & Recording Software | PRISM Live Studio","200","ok","other_public_page","unclassified_public_positioning","visible_price_or_pricing_language|subscription_or_premium_language","","public_company_or_product_page","Free Live Streaming & Recording Software | PRISM Live Studio Creator tool that provides multi-platform live streaming and powerful video editing features PRISM Live Studio Plus You can subscribe to Plusthrough the PRISM mobile app. Scan the QR code with your phone's camera. Plus can be used across mobile, desktop, and Lens apps with a single account. Subscribe on the mobile app with your current account. Stream anytime, anywhere. Discover all the essential features for live streaming in one plac","2026-05-31T03:22:24.843Z","medium_high","ok"
"CP_0427","PRISM Live Studio: Games & IRL","NAVER Corp.","public_web","company_positioning_page","Company/public web positioning","https://prismlive.com/en_us/pricing","http://prismlive.com/pricing","https://prismlive.com/en_us/pricing","prismlive.com","avatar_identity","pricing_or_plan_page","known_domain_pricing_or_plan_page","427","pricing_or_plan_page","","","no_clean_public_monetization_signal","yes","","PRISM Live Studio PRISM Live Studio 손쉽게 사진과 음악을 추가하고 다양한 이펙트를 적용하여, 나만의 특별한 방송을 만들어보세요. Sorry, the page not found","unclassified_public_positioning","","","no_pricing_signal","PRISM Live Studio","404","error:http_404","pricing_or_plan_page","unclassified_public_positioning","no_clean_public_monetization_signal","","unreachable_or_not_found","PRISM Live Studio 손쉽게 사진과 음악을 추가하고 다양한 이펙트를 적용하여, 나만의 특별한 방송을 만들어보세요. Sorry, the page not found","2026-05-31T03:22:25.328Z","low","error:http_404"
"CP_0428","PRISM Live Studio: Games & IRL","NAVER Corp.","public_web","company_positioning_page","Company/public web positioning","https://prismlive.com/en_us/plans","http://prismlive.com/plans","https://prismlive.com/en_us/plans","prismlive.com","avatar_identity","pricing_or_plan_page","known_domain_pricing_or_plan_page","428","pricing_or_plan_page","","","no_clean_public_monetization_signal","yes","","PRISM Live Studio PRISM Live Studio 손쉽게 사진과 음악을 추가하고 다양한 이펙트를 적용하여, 나만의 특별한 방송을 만들어보세요. Sorry, the page not found","unclassified_public_positioning","","","no_pricing_signal","PRISM Live Studio","404","error:http_404","pricing_or_plan_page","unclassified_public_positioning","no_clean_public_monetization_signal","","unreachable_or_not_found","PRISM Live Studio 손쉽게 사진과 음악을 추가하고 다양한 이펙트를 적용하여, 나만의 특별한 방송을 만들어보세요. Sorry, the page not found","2026-05-31T03:22:25.824Z","low","error:http_404"
"CP_0429","PRISM Live Studio: Games & IRL","NAVER Corp.","public_web","company_positioning_page","Company/public web positioning","https://prismlive.com/en_us/premium","http://prismlive.com/premium","https://prismlive.com/en_us/premium","prismlive.com","avatar_identity","pricing_or_plan_page","known_domain_pricing_or_plan_page","429","pricing_or_plan_page","","","no_clean_public_monetization_signal","yes","","PRISM Live Studio PRISM Live Studio 손쉽게 사진과 음악을 추가하고 다양한 이펙트를 적용하여, 나만의 특별한 방송을 만들어보세요. Sorry, the page not found","unclassified_public_positioning","","","no_pricing_signal","PRISM Live Studio","404","error:http_404","pricing_or_plan_page","unclassified_public_positioning","no_clean_public_monetization_signal","","unreachable_or_not_found","PRISM Live Studio 손쉽게 사진과 음악을 추가하고 다양한 이펙트를 적용하여, 나만의 특별한 방송을 만들어보세요. Sorry, the page not found","2026-05-31T03:22:26.308Z","low","error:http_404"
"CP_0430","PRISM Live Studio: Games & IRL","NAVER Corp.","public_web","company_positioning_page","Company/public web positioning","https://prismlive.com/en_us/subscribe","http://prismlive.com/subscribe","https://prismlive.com/en_us/subscribe","prismlive.com","avatar_identity","pricing_or_plan_page","known_domain_pricing_or_plan_page","430","pricing_or_plan_page","","","no_clean_public_monetization_signal","yes","","PRISM Live Studio PRISM Live Studio 손쉽게 사진과 음악을 추가하고 다양한 이펙트를 적용하여, 나만의 특별한 방송을 만들어보세요. Sorry, the page not found","unclassified_public_positioning","","","no_pricing_signal","PRISM Live Studio","404","error:http_404","pricing_or_plan_page","unclassified_public_positioning","no_clean_public_monetization_signal","","unreachable_or_not_found","PRISM Live Studio 손쉽게 사진과 음악을 추가하고 다양한 이펙트를 적용하여, 나만의 특별한 방송을 만들어보세요. Sorry, the page not found","2026-05-31T03:22:26.793Z","low","error:http_404"
"CP_0431","PRISM Live Studio: Games & IRL","NAVER Corp.","public_web","company_positioning_page","Company/public web positioning","https://prismlive.com/en_us/subscription","http://prismlive.com/subscription","https://prismlive.com/en_us/subscription","prismlive.com","avatar_identity","pricing_or_plan_page","known_domain_pricing_or_plan_page","431","pricing_or_plan_page","","","no_clean_public_monetization_signal","yes","","PRISM Live Studio PRISM Live Studio 손쉽게 사진과 음악을 추가하고 다양한 이펙트를 적용하여, 나만의 특별한 방송을 만들어보세요. Sorry, the page not found","unclassified_public_positioning","","","no_pricing_signal","PRISM Live Studio","404","error:http_404","pricing_or_plan_page","unclassified_public_positioning","no_clean_public_monetization_signal","","unreachable_or_not_found","PRISM Live Studio 손쉽게 사진과 음악을 추가하고 다양한 이펙트를 적용하여, 나만의 특별한 방송을 만들어보세요. Sorry, the page not found","2026-05-31T03:22:27.276Z","low","error:http_404"
"CP_0432","PRISM Live Studio: Games & IRL","NAVER Corp.","public_web","company_positioning_page","Company/public web positioning","https://prismlive.com/en_us/upgrade","http://prismlive.com/upgrade","https://prismlive.com/en_us/upgrade","prismlive.com","avatar_identity","pricing_or_plan_page","known_domain_pricing_or_plan_page","432","pricing_or_plan_page","","","no_clean_public_monetization_signal","yes","","PRISM Live Studio PRISM Live Studio 손쉽게 사진과 음악을 추가하고 다양한 이펙트를 적용하여, 나만의 특별한 방송을 만들어보세요. Sorry, the page not found","unclassified_public_positioning","","","no_pricing_signal","PRISM Live Studio","404","error:http_404","pricing_or_plan_page","unclassified_public_positioning","no_clean_public_monetization_signal","","unreachable_or_not_found","PRISM Live Studio 손쉽게 사진과 음악을 추가하고 다양한 이펙트를 적용하여, 나만의 특별한 방송을 만들어보세요. Sorry, the page not found","2026-05-31T03:22:27.759Z","low","error:http_404"
"CP_0433","BetterMe: Health Coaching","BetterMe Limited","public_web","company_positioning_page","Company/public web positioning","https://betterme.world/","https://betterme.world/","https://betterme.world/","betterme.world","coaching","homepage","known_domain_homepage","433","homepage","","","subscription_or_premium_language|b2b_sales_motion","yes","yes_or_language_present","BetterMe | Personalized holistic wellness solution BetterMe | Personalized holistic wellness solution Since 2017, we have been on a mission to create a healthier world for everyone, regardless of age, sex, physical ability, or background. ProductsFor BusinessStorePrivacy policyLog inFun and Simple Fitness: personalized activities to cover your wellness needsGet startedGet started Wall Pilates Program: low impact workout easy for beginnersGet startedGet started Calisthenics Workout: full body exercises plan to build muscleGet startedGet started I","ai_or_personalization|mindfulness_reset|avatar_identity|b2b_enterprise","ai_or_personalization|avatar_identity","mindfulness_reset|b2b_enterprise","no_pricing_signal","BetterMe | Personalized holistic wellness solution","200","ok","homepage","ai_or_personalization|mindfulness_reset|avatar_identity|b2b_enterprise","subscription_or_premium_language|b2b_sales_motion","","b2b_or_parent_context_possible","BetterMe | Personalized holistic wellness solution Since 2017, we have been on a mission to create a healthier world for everyone, regardless of age, sex, physical ability, or background. ProductsFor BusinessStorePrivacy policyLog inFun and Simple Fitness: personalized activities to cover your wellness needsGet startedGet started Wall Pilates Program: low impact workout easy for beginnersGet startedGet started Calisthenics Workout: full body exercises plan to build muscleGet startedGet started I","2026-05-31T03:22:29.023Z","medium","ok"
"CP_0434","BetterMe: Health Coaching","BetterMe Limited","public_web","company_positioning_page","Company/public web positioning","https://betterme.world/","https://betterme.world","https://betterme.world/","betterme.world","coaching","homepage","known_domain_homepage","434","homepage","","","subscription_or_premium_language|b2b_sales_motion","yes","yes_or_language_present","BetterMe | Personalized holistic wellness solution BetterMe | Personalized holistic wellness solution Since 2017, we have been on a mission to create a healthier world for everyone, regardless of age, sex, physical ability, or background. ProductsFor BusinessStorePrivacy policyLog inFun and Simple Fitness: personalized activities to cover your wellness needsGet startedGet started Wall Pilates Program: low impact workout easy for beginnersGet startedGet started Calisthenics Workout: full body exercises plan to build muscleGet startedGet started I","ai_or_personalization|mindfulness_reset|avatar_identity|b2b_enterprise","ai_or_personalization|avatar_identity","mindfulness_reset|b2b_enterprise","no_pricing_signal","BetterMe | Personalized holistic wellness solution","200","ok","homepage","ai_or_personalization|mindfulness_reset|avatar_identity|b2b_enterprise","subscription_or_premium_language|b2b_sales_motion","","b2b_or_parent_context_possible","BetterMe | Personalized holistic wellness solution Since 2017, we have been on a mission to create a healthier world for everyone, regardless of age, sex, physical ability, or background. ProductsFor BusinessStorePrivacy policyLog inFun and Simple Fitness: personalized activities to cover your wellness needsGet startedGet started Wall Pilates Program: low impact workout easy for beginnersGet startedGet started Calisthenics Workout: full body exercises plan to build muscleGet startedGet started I","2026-05-31T03:22:29.423Z","medium","ok"
"CP_0435","BetterMe: Health Coaching","BetterMe Limited","public_web","company_positioning_page","Company/public web positioning","https://betterme.world/pricing","https://betterme.world/pricing","https://betterme.world/pricing","betterme.world","coaching","pricing_or_plan_page","known_domain_pricing_or_plan_page","435","pricing_or_plan_page","","","visible_price_or_pricing_language|subscription_or_premium_language|b2b_sales_motion","yes","yes_or_language_present","Page Not Found (404) Page Not Found (404) Sorry, the page you're looking for doesn't exist. Return to the BetterMe homepage or use the menu/search to explore our wellness solutions and resources. ProductsFor BusinessStorePrivacy policyLog inOops! We can't seem to find the page you're looking for.Back to HomepageWe will process your personal data in accordance with our Privacy policy","mindfulness_reset|avatar_identity|progress_feedback|b2b_enterprise","avatar_identity","mindfulness_reset|b2b_enterprise","pricing_page","Page Not Found (404)","200","ok","pricing_or_plan_page","mindfulness_reset|avatar_identity|progress_feedback|b2b_enterprise","visible_price_or_pricing_language|subscription_or_premium_language|b2b_sales_motion","","b2b_or_parent_context_possible","Page Not Found (404) Sorry, the page you're looking for doesn't exist. Return to the BetterMe homepage or use the menu/search to explore our wellness solutions and resources. ProductsFor BusinessStorePrivacy policyLog inOops! We can't seem to find the page you're looking for.Back to HomepageWe will process your personal data in accordance with our Privacy policy","2026-05-31T03:22:31.163Z","medium_high","ok"
"CP_0436","BetterMe: Health Coaching","BetterMe Limited","public_web","company_positioning_page","Company/public web positioning","https://betterme.world/plans","https://betterme.world/plans","https://betterme.world/plans","betterme.world","coaching","pricing_or_plan_page","known_domain_pricing_or_plan_page","436","pricing_or_plan_page","","","visible_price_or_pricing_language|subscription_or_premium_language|b2b_sales_motion","yes","yes_or_language_present","Page Not Found (404) Page Not Found (404) Sorry, the page you're looking for doesn't exist. Return to the BetterMe homepage or use the menu/search to explore our wellness solutions and resources. ProductsFor BusinessStorePrivacy policyLog inOops! We can't seem to find the page you're looking for.Back to HomepageWe will process your personal data in accordance with our Privacy policy","mindfulness_reset|avatar_identity|progress_feedback|b2b_enterprise","avatar_identity","mindfulness_reset|b2b_enterprise","pricing_page","Page Not Found (404)","200","ok","pricing_or_plan_page","mindfulness_reset|avatar_identity|progress_feedback|b2b_enterprise","visible_price_or_pricing_language|subscription_or_premium_language|b2b_sales_motion","","b2b_or_parent_context_possible","Page Not Found (404) Sorry, the page you're looking for doesn't exist. Return to the BetterMe homepage or use the menu/search to explore our wellness solutions and resources. ProductsFor BusinessStorePrivacy policyLog inOops! We can't seem to find the page you're looking for.Back to HomepageWe will process your personal data in accordance with our Privacy policy","2026-05-31T03:22:31.545Z","medium_high","ok"
"CP_0437","BetterMe: Health Coaching","BetterMe Limited","public_web","company_positioning_page","Company/public web positioning","https://betterme.world/premium","https://betterme.world/premium","https://betterme.world/premium","betterme.world","coaching","pricing_or_plan_page","known_domain_pricing_or_plan_page","437","pricing_or_plan_page","","","visible_price_or_pricing_language|subscription_or_premium_language|b2b_sales_motion","yes","yes_or_language_present","Page Not Found (404) Page Not Found (404) Sorry, the page you're looking for doesn't exist. Return to the BetterMe homepage or use the menu/search to explore our wellness solutions and resources. ProductsFor BusinessStorePrivacy policyLog inOops! We can't seem to find the page you're looking for.Back to HomepageWe will process your personal data in accordance with our Privacy policy","mindfulness_reset|avatar_identity|progress_feedback|b2b_enterprise","avatar_identity","mindfulness_reset|b2b_enterprise","pricing_page","Page Not Found (404)","200","ok","pricing_or_plan_page","mindfulness_reset|avatar_identity|progress_feedback|b2b_enterprise","visible_price_or_pricing_language|subscription_or_premium_language|b2b_sales_motion","","b2b_or_parent_context_possible","Page Not Found (404) Sorry, the page you're looking for doesn't exist. Return to the BetterMe homepage or use the menu/search to explore our wellness solutions and resources. ProductsFor BusinessStorePrivacy policyLog inOops! We can't seem to find the page you're looking for.Back to HomepageWe will process your personal data in accordance with our Privacy policy","2026-05-31T03:22:31.927Z","medium_high","ok"
"CP_0438","BetterMe: Health Coaching","BetterMe Limited","public_web","company_positioning_page","Company/public web positioning","https://betterme.world/subscribe","https://betterme.world/subscribe","https://betterme.world/subscribe","betterme.world","coaching","pricing_or_plan_page","known_domain_pricing_or_plan_page","438","pricing_or_plan_page","","","visible_price_or_pricing_language|subscription_or_premium_language|b2b_sales_motion","yes","yes_or_language_present","Page Not Found (404) Page Not Found (404) Sorry, the page you're looking for doesn't exist. Return to the BetterMe homepage or use the menu/search to explore our wellness solutions and resources. ProductsFor BusinessStorePrivacy policyLog inOops! We can't seem to find the page you're looking for.Back to HomepageWe will process your personal data in accordance with our Privacy policy","mindfulness_reset|avatar_identity|progress_feedback|b2b_enterprise","avatar_identity","mindfulness_reset|b2b_enterprise","pricing_page","Page Not Found (404)","200","ok","pricing_or_plan_page","mindfulness_reset|avatar_identity|progress_feedback|b2b_enterprise","visible_price_or_pricing_language|subscription_or_premium_language|b2b_sales_motion","","b2b_or_parent_context_possible","Page Not Found (404) Sorry, the page you're looking for doesn't exist. Return to the BetterMe homepage or use the menu/search to explore our wellness solutions and resources. ProductsFor BusinessStorePrivacy policyLog inOops! We can't seem to find the page you're looking for.Back to HomepageWe will process your personal data in accordance with our Privacy policy","2026-05-31T03:22:32.361Z","medium_high","ok"
"CP_0439","BetterMe: Health Coaching","BetterMe Limited","public_web","company_positioning_page","Company/public web positioning","https://betterme.world/subscription","https://betterme.world/subscription","https://betterme.world/subscription","betterme.world","coaching","pricing_or_plan_page","known_domain_pricing_or_plan_page","439","pricing_or_plan_page","","","visible_price_or_pricing_language|subscription_or_premium_language|b2b_sales_motion","yes","yes_or_language_present","Page Not Found (404) Page Not Found (404) Sorry, the page you're looking for doesn't exist. Return to the BetterMe homepage or use the menu/search to explore our wellness solutions and resources. ProductsFor BusinessStorePrivacy policyLog inOops! We can't seem to find the page you're looking for.Back to HomepageWe will process your personal data in accordance with our Privacy policy","mindfulness_reset|avatar_identity|progress_feedback|b2b_enterprise","avatar_identity","mindfulness_reset|b2b_enterprise","pricing_page","Page Not Found (404)","200","ok","pricing_or_plan_page","mindfulness_reset|avatar_identity|progress_feedback|b2b_enterprise","visible_price_or_pricing_language|subscription_or_premium_language|b2b_sales_motion","","b2b_or_parent_context_possible","Page Not Found (404) Sorry, the page you're looking for doesn't exist. Return to the BetterMe homepage or use the menu/search to explore our wellness solutions and resources. ProductsFor BusinessStorePrivacy policyLog inOops! We can't seem to find the page you're looking for.Back to HomepageWe will process your personal data in accordance with our Privacy policy","2026-05-31T03:22:33.444Z","medium_high","ok"
"CP_0440","BetterMe: Health Coaching","BetterMe Limited","public_web","company_positioning_page","Company/public web positioning","https://betterme.world/upgrade","https://betterme.world/upgrade","https://betterme.world/upgrade","betterme.world","coaching","pricing_or_plan_page","known_domain_pricing_or_plan_page","440","pricing_or_plan_page","","","visible_price_or_pricing_language|subscription_or_premium_language|b2b_sales_motion","yes","yes_or_language_present","Page Not Found (404) Page Not Found (404) Sorry, the page you're looking for doesn't exist. Return to the BetterMe homepage or use the menu/search to explore our wellness solutions and resources. ProductsFor BusinessStorePrivacy policyLog inOops! We can't seem to find the page you're looking for.Back to HomepageWe will process your personal data in accordance with our Privacy policy","mindfulness_reset|avatar_identity|progress_feedback|b2b_enterprise","avatar_identity","mindfulness_reset|b2b_enterprise","pricing_page","Page Not Found (404)","200","ok","pricing_or_plan_page","mindfulness_reset|avatar_identity|progress_feedback|b2b_enterprise","visible_price_or_pricing_language|subscription_or_premium_language|b2b_sales_motion","","b2b_or_parent_context_possible","Page Not Found (404) Sorry, the page you're looking for doesn't exist. Return to the BetterMe homepage or use the menu/search to explore our wellness solutions and resources. ProductsFor BusinessStorePrivacy policyLog inOops! We can't seem to find the page you're looking for.Back to HomepageWe will process your personal data in accordance with our Privacy policy","2026-05-31T03:22:33.832Z","medium_high","ok"
"CP_0441","Insight Timer - Meditation App","Insight Network Inc","public_web","company_positioning_page","Company/public web positioning","https://insighttimer.com/","https://insighttimer.com/","https://insighttimer.com/","insighttimer.com","mindfulness","homepage","known_domain_homepage","441","homepage","","","no_clean_public_monetization_signal","yes","","Insight Timer - #1 Free Meditation App for Sleep, Relax & More Insight Timer - #1 Free Meditation App for Sleep, Relax & More","mindfulness_reset|progress_feedback","","mindfulness_reset","no_pricing_signal","Insight Timer - #1 Free Meditation App for Sleep, Relax & More","200","ok","homepage","mindfulness_reset|progress_feedback","no_clean_public_monetization_signal","","public_company_or_product_page","Insight Timer - #1 Free Meditation App for Sleep, Relax & More","2026-05-31T03:22:34.023Z","low","ok"
"CP_0442","Insight Timer - Meditation App","Insight Network Inc","public_web","company_positioning_page","Company/public web positioning","https://insighttimer.com/","https://insighttimer.com","https://insighttimer.com/","insighttimer.com","mindfulness","homepage","known_domain_homepage","442","homepage","","","no_clean_public_monetization_signal","yes","","Insight Timer - #1 Free Meditation App for Sleep, Relax & More Insight Timer - #1 Free Meditation App for Sleep, Relax & More","mindfulness_reset|progress_feedback","","mindfulness_reset","no_pricing_signal","Insight Timer - #1 Free Meditation App for Sleep, Relax & More","200","ok","homepage","mindfulness_reset|progress_feedback","no_clean_public_monetization_signal","","public_company_or_product_page","Insight Timer - #1 Free Meditation App for Sleep, Relax & More","2026-05-31T03:22:34.126Z","low","ok"
"CP_0443","Insight Timer - Meditation App","Insight Network Inc","public_web","company_positioning_page","Company/public web positioning","https://insighttimer.com/pricing","https://insighttimer.com/pricing","https://insighttimer.com/pricing","insighttimer.com","mindfulness","pricing_or_plan_page","known_domain_pricing_or_plan_page","443","pricing_or_plan_page","","","visible_price_or_pricing_language","yes","","Insight Timer - #1 Free Meditation App for Sleep, Relax & More Insight Timer - #1 Free Meditation App for Sleep, Relax & More","mindfulness_reset|progress_feedback","","mindfulness_reset","pricing_page","Insight Timer - #1 Free Meditation App for Sleep, Relax & More","200","ok","pricing_or_plan_page","mindfulness_reset|progress_feedback","visible_price_or_pricing_language","","public_company_or_product_page","Insight Timer - #1 Free Meditation App for Sleep, Relax & More","2026-05-31T03:22:34.230Z","medium_high","ok"
"CP_0444","Insight Timer - Meditation App","Insight Network Inc","public_web","company_positioning_page","Company/public web positioning","https://insighttimer.com/plans","https://insighttimer.com/plans","https://insighttimer.com/plans","insighttimer.com","mindfulness","pricing_or_plan_page","known_domain_pricing_or_plan_page","444","pricing_or_plan_page","","","visible_price_or_pricing_language","yes","","Insight Timer - #1 Free Meditation App for Sleep, Relax & More Insight Timer - #1 Free Meditation App for Sleep, Relax & More","mindfulness_reset|progress_feedback","","mindfulness_reset","pricing_page","Insight Timer - #1 Free Meditation App for Sleep, Relax & More","200","ok","pricing_or_plan_page","mindfulness_reset|progress_feedback","visible_price_or_pricing_language","","public_company_or_product_page","Insight Timer - #1 Free Meditation App for Sleep, Relax & More","2026-05-31T03:22:34.333Z","medium_high","ok"
"CP_0445","Insight Timer - Meditation App","Insight Network Inc","public_web","company_positioning_page","Company/public web positioning","https://insighttimer.com/premium","https://insighttimer.com/premium","https://insighttimer.com/premium","insighttimer.com","mindfulness","pricing_or_plan_page","known_domain_pricing_or_plan_page","445","pricing_or_plan_page","","","visible_price_or_pricing_language","yes","","Insight Timer - #1 Free Meditation App for Sleep, Relax & More Insight Timer - #1 Free Meditation App for Sleep, Relax & More","mindfulness_reset|progress_feedback","","mindfulness_reset","pricing_page","Insight Timer - #1 Free Meditation App for Sleep, Relax & More","200","ok","pricing_or_plan_page","mindfulness_reset|progress_feedback","visible_price_or_pricing_language","","public_company_or_product_page","Insight Timer - #1 Free Meditation App for Sleep, Relax & More","2026-05-31T03:22:34.435Z","medium_high","ok"
"CP_0446","Insight Timer - Meditation App","Insight Network Inc","public_web","company_positioning_page","Company/public web positioning","https://insighttimer.com/subscribe","https://insighttimer.com/subscribe","https://insighttimer.com/subscribe","insighttimer.com","mindfulness","pricing_or_plan_page","known_domain_pricing_or_plan_page","446","pricing_or_plan_page","","","visible_price_or_pricing_language","yes","","Insight Timer - #1 Free Meditation App for Sleep, Relax & More Insight Timer - #1 Free Meditation App for Sleep, Relax & More","mindfulness_reset|progress_feedback","","mindfulness_reset","pricing_page","Insight Timer - #1 Free Meditation App for Sleep, Relax & More","200","ok","pricing_or_plan_page","mindfulness_reset|progress_feedback","visible_price_or_pricing_language","","public_company_or_product_page","Insight Timer - #1 Free Meditation App for Sleep, Relax & More","2026-05-31T03:22:34.534Z","medium_high","ok"
"CP_0447","Insight Timer - Meditation App","Insight Network Inc","public_web","company_positioning_page","Company/public web positioning","https://insighttimer.com/subscription","https://insighttimer.com/subscription","https://insighttimer.com/subscription","insighttimer.com","mindfulness","pricing_or_plan_page","known_domain_pricing_or_plan_page","447","pricing_or_plan_page","","","visible_price_or_pricing_language","yes","","Insight Timer - #1 Free Meditation App for Sleep, Relax & More Insight Timer - #1 Free Meditation App for Sleep, Relax & More","mindfulness_reset|progress_feedback","","mindfulness_reset","pricing_page","Insight Timer - #1 Free Meditation App for Sleep, Relax & More","200","ok","pricing_or_plan_page","mindfulness_reset|progress_feedback","visible_price_or_pricing_language","","public_company_or_product_page","Insight Timer - #1 Free Meditation App for Sleep, Relax & More","2026-05-31T03:22:34.637Z","medium_high","ok"
"CP_0448","Insight Timer - Meditation App","Insight Network Inc","public_web","company_positioning_page","Company/public web positioning","https://insighttimer.com/upgrade","https://insighttimer.com/upgrade","https://insighttimer.com/upgrade","insighttimer.com","mindfulness","pricing_or_plan_page","known_domain_pricing_or_plan_page","448","pricing_or_plan_page","","","visible_price_or_pricing_language","yes","","Insight Timer - #1 Free Meditation App for Sleep, Relax & More Insight Timer - #1 Free Meditation App for Sleep, Relax & More","mindfulness_reset|progress_feedback","","mindfulness_reset","pricing_page","Insight Timer - #1 Free Meditation App for Sleep, Relax & More","200","ok","pricing_or_plan_page","mindfulness_reset|progress_feedback","visible_price_or_pricing_language","","public_company_or_product_page","Insight Timer - #1 Free Meditation App for Sleep, Relax & More","2026-05-31T03:22:34.738Z","medium_high","ok"
"CP_0449","Headspace: Sleep & Meditate","Headspace for Meditation, Mindfulness and Sleep","public_web","company_positioning_page","Company/public web positioning","https://www.headspace.com/","http://headspace.com/","https://www.headspace.com/","headspace.com","mindfulness","homepage","known_domain_homepage","449","homepage","","","visible_price_or_pricing_language|subscription_or_premium_language","yes","yes_or_language_present","Mental Health App for Meditation & Sleep - Headspace Mental Health App for Meditation & Sleep - Headspace Live a healthier, happier, more well-rested life in just a few minutes a day. Get the science-backed mental health app for every moment. Try for free. HSA/FSA eligible: save with pre-tax dollarsFor YouWhat we offerMeditationOnline therapyMindfulnessSleepMental health coachingEbb AI companionHow we helpAnxietyStressSleep betterMental healthMindful familiesExplore our libraryNew and popularGuided coursesBeginning meditationCalming everyday anxie","ai_or_personalization|mindfulness_reset|progress_feedback","ai_or_personalization","mindfulness_reset","$0","Mental Health App for Meditation & Sleep - Headspace","200","ok","homepage","ai_or_personalization|mindfulness_reset|progress_feedback","visible_price_or_pricing_language|subscription_or_premium_language","$0","public_company_or_product_page","Mental Health App for Meditation & Sleep - Headspace Live a healthier, happier, more well-rested life in just a few minutes a day. Get the science-backed mental health app for every moment. Try for free. HSA/FSA eligible: save with pre-tax dollarsFor YouWhat we offerMeditationOnline therapyMindfulnessSleepMental health coachingEbb AI companionHow we helpAnxietyStressSleep betterMental healthMindful familiesExplore our libraryNew and popularGuided coursesBeginning meditationCalming everyday anxie","2026-05-31T03:22:36.929Z","medium_high","ok"
"CP_0450","Headspace: Sleep & Meditate","Headspace for Meditation, Mindfulness and Sleep","public_web","company_positioning_page","Company/public web positioning","https://www.headspace.com/","http://headspace.com","https://www.headspace.com/","headspace.com","mindfulness","homepage","known_domain_homepage","450","homepage","","","visible_price_or_pricing_language|subscription_or_premium_language","yes","yes_or_language_present","Mental Health App for Meditation & Sleep - Headspace Mental Health App for Meditation & Sleep - Headspace Live a healthier, happier, more well-rested life in just a few minutes a day. Get the science-backed mental health app for every moment. Try for free. HSA/FSA eligible: save with pre-tax dollarsFor YouWhat we offerMeditationOnline therapyMindfulnessSleepMental health coachingEbb AI companionHow we helpAnxietyStressSleep betterMental healthMindful familiesExplore our libraryNew and popularGuided coursesBeginning meditationCalming everyday anxie","ai_or_personalization|mindfulness_reset|progress_feedback","ai_or_personalization","mindfulness_reset","$0","Mental Health App for Meditation & Sleep - Headspace","200","ok","homepage","ai_or_personalization|mindfulness_reset|progress_feedback","visible_price_or_pricing_language|subscription_or_premium_language","$0","public_company_or_product_page","Mental Health App for Meditation & Sleep - Headspace Live a healthier, happier, more well-rested life in just a few minutes a day. Get the science-backed mental health app for every moment. Try for free. HSA/FSA eligible: save with pre-tax dollarsFor YouWhat we offerMeditationOnline therapyMindfulnessSleepMental health coachingEbb AI companionHow we helpAnxietyStressSleep betterMental healthMindful familiesExplore our libraryNew and popularGuided coursesBeginning meditationCalming everyday anxie","2026-05-31T03:22:37.695Z","medium_high","ok"
"CP_0451","Headspace: Sleep & Meditate","Headspace for Meditation, Mindfulness and Sleep","public_web","company_positioning_page","Company/public web positioning","https://www.headspace.com/pricing","http://headspace.com/pricing","https://www.headspace.com/pricing","headspace.com","mindfulness","pricing_or_plan_page","known_domain_pricing_or_plan_page","451","pricing_or_plan_page","","","subscription_or_premium_language|purchase_or_upgrade_cta","yes","yes_or_language_present","The ScienceBlogFor workHow to meditateHelpLog InTry for freeWhoops! Something’s changedBefore continuing about your day, enjoy a deep breath on us. Ready? Big inhale. And exhale.Back to homeGET SOME HEADSPACESUBSCRIBEREDEEM A CODESTUDENT PLANSEND A GIFTGUIDED MEDITATIONMEDITATION FOR WORKMEDITATION FOR KIDSMEDITATION ON SLEEPMEDITATION ON FOCUSMEDITATION ON STRESSMEDITATION ON ANXIETYOUR COMMUNITYBLOGJOIN OUR FB GROUPSABOUT USABOUT HEADSPACEABOUT ANDY PUDDICOMBEANDY'S BOOKSPRESS & MEDIACAREERSSI","mindfulness_reset|community_social","","mindfulness_reset|community_social","no_pricing_signal","","404","error:http_404","pricing_or_plan_page","mindfulness_reset|community_social","subscription_or_premium_language|purchase_or_upgrade_cta","","public_company_or_product_page","The ScienceBlogFor workHow to meditateHelpLog InTry for freeWhoops! Something’s changedBefore continuing about your day, enjoy a deep breath on us. Ready? Big inhale. And exhale.Back to homeGET SOME HEADSPACESUBSCRIBEREDEEM A CODESTUDENT PLANSEND A GIFTGUIDED MEDITATIONMEDITATION FOR WORKMEDITATION FOR KIDSMEDITATION ON SLEEPMEDITATION ON FOCUSMEDITATION ON STRESSMEDITATION ON ANXIETYOUR COMMUNITYBLOGJOIN OUR FB GROUPSABOUT USABOUT HEADSPACEABOUT ANDY PUDDICOMBEANDY'S BOOKSPRESS & MEDIACAREERSSI","2026-05-31T03:22:39.594Z","low","error:http_404"
"CP_0452","Headspace: Sleep & Meditate","Headspace for Meditation, Mindfulness and Sleep","public_web","company_positioning_page","Company/public web positioning","https://www.headspace.com/plans","http://headspace.com/plans","https://www.headspace.com/plans","headspace.com","mindfulness","pricing_or_plan_page","known_domain_pricing_or_plan_page","452","pricing_or_plan_page","","","subscription_or_premium_language|purchase_or_upgrade_cta","yes","yes_or_language_present","The ScienceBlogFor workHow to meditateHelpLog InTry for freeWhoops! Something’s changedBefore continuing about your day, enjoy a deep breath on us. Ready? Big inhale. And exhale.Back to homeGET SOME HEADSPACESUBSCRIBEREDEEM A CODESTUDENT PLANSEND A GIFTGUIDED MEDITATIONMEDITATION FOR WORKMEDITATION FOR KIDSMEDITATION ON SLEEPMEDITATION ON FOCUSMEDITATION ON STRESSMEDITATION ON ANXIETYOUR COMMUNITYBLOGJOIN OUR FB GROUPSABOUT USABOUT HEADSPACEABOUT ANDY PUDDICOMBEANDY'S BOOKSPRESS & MEDIACAREERSSI","mindfulness_reset|community_social","","mindfulness_reset|community_social","no_pricing_signal","","404","error:http_404","pricing_or_plan_page","mindfulness_reset|community_social","subscription_or_premium_language|purchase_or_upgrade_cta","","public_company_or_product_page","The ScienceBlogFor workHow to meditateHelpLog InTry for freeWhoops! Something’s changedBefore continuing about your day, enjoy a deep breath on us. Ready? Big inhale. And exhale.Back to homeGET SOME HEADSPACESUBSCRIBEREDEEM A CODESTUDENT PLANSEND A GIFTGUIDED MEDITATIONMEDITATION FOR WORKMEDITATION FOR KIDSMEDITATION ON SLEEPMEDITATION ON FOCUSMEDITATION ON STRESSMEDITATION ON ANXIETYOUR COMMUNITYBLOGJOIN OUR FB GROUPSABOUT USABOUT HEADSPACEABOUT ANDY PUDDICOMBEANDY'S BOOKSPRESS & MEDIACAREERSSI","2026-05-31T03:22:40.739Z","low","error:http_404"
"CP_0453","Headspace: Sleep & Meditate","Headspace for Meditation, Mindfulness and Sleep","public_web","company_positioning_page","Company/public web positioning","https://www.headspace.com/premium","http://headspace.com/premium","https://www.headspace.com/premium","headspace.com","mindfulness","pricing_or_plan_page","known_domain_pricing_or_plan_page","453","pricing_or_plan_page","","","subscription_or_premium_language|purchase_or_upgrade_cta","yes","yes_or_language_present","The ScienceBlogFor workHow to meditateHelpLog InTry for freeWhoops! Something’s changedBefore continuing about your day, enjoy a deep breath on us. Ready? Big inhale. And exhale.Back to homeGET SOME HEADSPACESUBSCRIBEREDEEM A CODESTUDENT PLANSEND A GIFTGUIDED MEDITATIONMEDITATION FOR WORKMEDITATION FOR KIDSMEDITATION ON SLEEPMEDITATION ON FOCUSMEDITATION ON STRESSMEDITATION ON ANXIETYOUR COMMUNITYBLOGJOIN OUR FB GROUPSABOUT USABOUT HEADSPACEABOUT ANDY PUDDICOMBEANDY'S BOOKSPRESS & MEDIACAREERSSI","mindfulness_reset|community_social","","mindfulness_reset|community_social","no_pricing_signal","","404","error:http_404","pricing_or_plan_page","mindfulness_reset|community_social","subscription_or_premium_language|purchase_or_upgrade_cta","","public_company_or_product_page","The ScienceBlogFor workHow to meditateHelpLog InTry for freeWhoops! Something’s changedBefore continuing about your day, enjoy a deep breath on us. Ready? Big inhale. And exhale.Back to homeGET SOME HEADSPACESUBSCRIBEREDEEM A CODESTUDENT PLANSEND A GIFTGUIDED MEDITATIONMEDITATION FOR WORKMEDITATION FOR KIDSMEDITATION ON SLEEPMEDITATION ON FOCUSMEDITATION ON STRESSMEDITATION ON ANXIETYOUR COMMUNITYBLOGJOIN OUR FB GROUPSABOUT USABOUT HEADSPACEABOUT ANDY PUDDICOMBEANDY'S BOOKSPRESS & MEDIACAREERSSI","2026-05-31T03:22:42.479Z","low","error:http_404"
"CP_0454","Headspace: Sleep & Meditate","Headspace for Meditation, Mindfulness and Sleep","public_web","company_positioning_page","Company/public web positioning","https://www.headspace.com/subscriptions","http://headspace.com/subscribe","https://www.headspace.com/subscriptions","headspace.com","mindfulness","pricing_or_plan_page","known_domain_pricing_or_plan_page","454","pricing_or_plan_page","","","visible_price_or_pricing_language|subscription_or_premium_language|trial_language","yes","yes_or_language_present","Subscribe to Headspace Subscribe to Headspace Sign up for access to hundreds of meditations, sleep exercises, bedtime sounds, wind downs, and more. A healthier, happier you starts right here. Find some headspace todayBe kind to your mindA healthier, happier you starts right here. Choose a Headspace plan and get startedAfter your free trial, the annual subscription is null USD and automatically renews each year.Terms & conditionsCancel anytimeStart your free trial Check out our student and family plans, too.View Studen","mindfulness_reset","","mindfulness_reset","pricing_page|subscription_terms|trial_terms|app_store_redirect","Subscribe to Headspace","200","ok","pricing_or_plan_page","mindfulness_reset","visible_price_or_pricing_language|subscription_or_premium_language|trial_language","","public_company_or_product_page","Subscribe to Headspace Sign up for access to hundreds of meditations, sleep exercises, bedtime sounds, wind downs, and more. A healthier, happier you starts right here. Find some headspace todayBe kind to your mindA healthier, happier you starts right here. Choose a Headspace plan and get startedAfter your free trial, the annual subscription is null USD and automatically renews each year.Terms & conditionsCancel anytimeStart your free trial Check out our student and family plans, too.View Studen","2026-05-31T03:22:44.672Z","medium_high","ok"
"CP_0455","Headspace: Sleep & Meditate","Headspace for Meditation, Mindfulness and Sleep","public_web","company_positioning_page","Company/public web positioning","https://www.headspace.com/subscription","http://headspace.com/subscription","https://www.headspace.com/subscription","headspace.com","mindfulness","pricing_or_plan_page","known_domain_pricing_or_plan_page","455","pricing_or_plan_page","","","subscription_or_premium_language|purchase_or_upgrade_cta","yes","yes_or_language_present","The ScienceBlogFor workHow to meditateHelpLog InTry for freeWhoops! Something’s changedBefore continuing about your day, enjoy a deep breath on us. Ready? Big inhale. And exhale.Back to homeGET SOME HEADSPACESUBSCRIBEREDEEM A CODESTUDENT PLANSEND A GIFTGUIDED MEDITATIONMEDITATION FOR WORKMEDITATION FOR KIDSMEDITATION ON SLEEPMEDITATION ON FOCUSMEDITATION ON STRESSMEDITATION ON ANXIETYOUR COMMUNITYBLOGJOIN OUR FB GROUPSABOUT USABOUT HEADSPACEABOUT ANDY PUDDICOMBEANDY'S BOOKSPRESS & MEDIACAREERSSI","mindfulness_reset|community_social","","mindfulness_reset|community_social","no_pricing_signal","","404","error:http_404","pricing_or_plan_page","mindfulness_reset|community_social","subscription_or_premium_language|purchase_or_upgrade_cta","","public_company_or_product_page","The ScienceBlogFor workHow to meditateHelpLog InTry for freeWhoops! Something’s changedBefore continuing about your day, enjoy a deep breath on us. Ready? Big inhale. And exhale.Back to homeGET SOME HEADSPACESUBSCRIBEREDEEM A CODESTUDENT PLANSEND A GIFTGUIDED MEDITATIONMEDITATION FOR WORKMEDITATION FOR KIDSMEDITATION ON SLEEPMEDITATION ON FOCUSMEDITATION ON STRESSMEDITATION ON ANXIETYOUR COMMUNITYBLOGJOIN OUR FB GROUPSABOUT USABOUT HEADSPACEABOUT ANDY PUDDICOMBEANDY'S BOOKSPRESS & MEDIACAREERSSI","2026-05-31T03:22:45.661Z","low","error:http_404"
"CP_0456","Headspace: Sleep & Meditate","Headspace for Meditation, Mindfulness and Sleep","public_web","company_positioning_page","Company/public web positioning","https://www.headspace.com/upgrade","http://headspace.com/upgrade","https://www.headspace.com/upgrade","headspace.com","mindfulness","pricing_or_plan_page","known_domain_pricing_or_plan_page","456","pricing_or_plan_page","","","subscription_or_premium_language|purchase_or_upgrade_cta","yes","yes_or_language_present","The ScienceBlogFor workHow to meditateHelpLog InTry for freeWhoops! Something’s changedBefore continuing about your day, enjoy a deep breath on us. Ready? Big inhale. And exhale.Back to homeGET SOME HEADSPACESUBSCRIBEREDEEM A CODESTUDENT PLANSEND A GIFTGUIDED MEDITATIONMEDITATION FOR WORKMEDITATION FOR KIDSMEDITATION ON SLEEPMEDITATION ON FOCUSMEDITATION ON STRESSMEDITATION ON ANXIETYOUR COMMUNITYBLOGJOIN OUR FB GROUPSABOUT USABOUT HEADSPACEABOUT ANDY PUDDICOMBEANDY'S BOOKSPRESS & MEDIACAREERSSI","mindfulness_reset|community_social","","mindfulness_reset|community_social","no_pricing_signal","","404","error:http_404","pricing_or_plan_page","mindfulness_reset|community_social","subscription_or_premium_language|purchase_or_upgrade_cta","","public_company_or_product_page","The ScienceBlogFor workHow to meditateHelpLog InTry for freeWhoops! Something’s changedBefore continuing about your day, enjoy a deep breath on us. Ready? Big inhale. And exhale.Back to homeGET SOME HEADSPACESUBSCRIBEREDEEM A CODESTUDENT PLANSEND A GIFTGUIDED MEDITATIONMEDITATION FOR WORKMEDITATION FOR KIDSMEDITATION ON SLEEPMEDITATION ON FOCUSMEDITATION ON STRESSMEDITATION ON ANXIETYOUR COMMUNITYBLOGJOIN OUR FB GROUPSABOUT USABOUT HEADSPACEABOUT ANDY PUDDICOMBEANDY'S BOOKSPRESS & MEDIACAREERSSI","2026-05-31T03:22:47.409Z","low","error:http_404"
"CP_0457","Mindfulness with Petit BamBou","FeelVeryBien SAS","public_web","company_positioning_page","Company/public web positioning","https://www.petitbambou.com/en","https://www.petitbambou.com/","https://www.petitbambou.com/en","petitbambou.com","mindfulness","other_public_page","known_domain_other_public_page","457","other_public_page","","","visible_price_or_pricing_language|subscription_or_premium_language|purchase_or_upgrade_cta","yes","yes_or_language_present","Meditate with Petit BamBou: the app for meditation, sleep, and movement Meditate with Petit BamBou: the app for meditation, sleep, and movement Discover the Petit BamBou app and practice at your own pace. Try our free sessions now from a wide range of meditation, sleep and breathing programs. MeditationPetit BamBouSubscribeLog inOur philosophySimple, accessible and kind: that is Petit BamBou.An app for simply meditating, breathing, and taking care of yourselfCreate an accountFeel good each and every daySessions and tools for meditation and breathingDiscover the appA","mindfulness_reset","","mindfulness_reset","pricing_page|subscription_terms|checkout_language","Meditate with Petit BamBou: the app for meditation, sleep, and movement","200","ok","other_public_page","mindfulness_reset","visible_price_or_pricing_language|subscription_or_premium_language|purchase_or_upgrade_cta","","public_company_or_product_page","Meditate with Petit BamBou: the app for meditation, sleep, and movement Discover the Petit BamBou app and practice at your own pace. Try our free sessions now from a wide range of meditation, sleep and breathing programs. MeditationPetit BamBouSubscribeLog inOur philosophySimple, accessible and kind: that is Petit BamBou.An app for simply meditating, breathing, and taking care of yourselfCreate an accountFeel good each and every daySessions and tools for meditation and breathingDiscover the appA","2026-05-31T03:22:50.008Z","medium_high","ok"
"CP_0458","Mindfulness with Petit BamBou","FeelVeryBien SAS","public_web","company_positioning_page","Company/public web positioning","https://www.petitbambou.com/en","https://www.petitbambou.com","https://www.petitbambou.com/en","petitbambou.com","mindfulness","other_public_page","known_domain_other_public_page","458","other_public_page","","","visible_price_or_pricing_language|subscription_or_premium_language|purchase_or_upgrade_cta","yes","yes_or_language_present","Meditate with Petit BamBou: the app for meditation, sleep, and movement Meditate with Petit BamBou: the app for meditation, sleep, and movement Discover the Petit BamBou app and practice at your own pace. Try our free sessions now from a wide range of meditation, sleep and breathing programs. MeditationPetit BamBouSubscribeLog inOur philosophySimple, accessible and kind: that is Petit BamBou.An app for simply meditating, breathing, and taking care of yourselfCreate an accountFeel good each and every daySessions and tools for meditation and breathingDiscover the appA","mindfulness_reset","","mindfulness_reset","pricing_page|subscription_terms|checkout_language","Meditate with Petit BamBou: the app for meditation, sleep, and movement","200","ok","other_public_page","mindfulness_reset","visible_price_or_pricing_language|subscription_or_premium_language|purchase_or_upgrade_cta","","public_company_or_product_page","Meditate with Petit BamBou: the app for meditation, sleep, and movement Discover the Petit BamBou app and practice at your own pace. Try our free sessions now from a wide range of meditation, sleep and breathing programs. MeditationPetit BamBouSubscribeLog inOur philosophySimple, accessible and kind: that is Petit BamBou.An app for simply meditating, breathing, and taking care of yourselfCreate an accountFeel good each and every daySessions and tools for meditation and breathingDiscover the appA","2026-05-31T03:22:50.842Z","medium_high","ok"
"CP_0459","Mindfulness with Petit BamBou","FeelVeryBien SAS","public_web","company_positioning_page","Company/public web positioning","https://www.petitbambou.com/en/pricing","https://www.petitbambou.com/pricing","https://www.petitbambou.com/en/pricing","petitbambou.com","mindfulness","pricing_or_plan_page","known_domain_pricing_or_plan_page","459","pricing_or_plan_page","","","subscription_or_premium_language|b2b_sales_motion|purchase_or_upgrade_cta","yes","yes_or_language_present","404 - Page not found 404 - Page not found MeditationPetit BamBouSubscribeLog inAwww... No need to panic You've done a little too much emptying... and now you're nowhere! But the path to yourself starts here: HomeOur appPetit BamBou appContentsCatalogAbout usThe teamContributorsOur offerFree versionSubscriptionsStudent planFamily subscriptionGift cardsActivate my gift cardHelpCustomer serviceContact usIn the workplacePetit BamBou BusinessSubscribeLog inFollow our cheerful and (hopefully) non-invasive newsfacebookyout","mindfulness_reset|b2b_enterprise","","mindfulness_reset|b2b_enterprise","no_pricing_signal","404 - Page not found","404","error:http_404","pricing_or_plan_page","mindfulness_reset|b2b_enterprise","subscription_or_premium_language|b2b_sales_motion|purchase_or_upgrade_cta","","b2b_or_parent_context_possible","404 - Page not found MeditationPetit BamBouSubscribeLog inAwww... No need to panic You've done a little too much emptying... and now you're nowhere! But the path to yourself starts here: HomeOur appPetit BamBou appContentsCatalogAbout usThe teamContributorsOur offerFree versionSubscriptionsStudent planFamily subscriptionGift cardsActivate my gift cardHelpCustomer serviceContact usIn the workplacePetit BamBou BusinessSubscribeLog inFollow our cheerful and (hopefully) non-invasive newsfacebookyout","2026-05-31T03:22:51.530Z","low","error:http_404"
"CP_0460","Mindfulness with Petit BamBou","FeelVeryBien SAS","public_web","company_positioning_page","Company/public web positioning","https://www.petitbambou.com/en/plans","https://www.petitbambou.com/plans","https://www.petitbambou.com/en/plans","petitbambou.com","mindfulness","pricing_or_plan_page","known_domain_pricing_or_plan_page","460","pricing_or_plan_page","","","subscription_or_premium_language|b2b_sales_motion|purchase_or_upgrade_cta","yes","yes_or_language_present","404 - Page not found 404 - Page not found MeditationPetit BamBouSubscribeLog inAwww... No need to panic You've done a little too much emptying... and now you're nowhere! But the path to yourself starts here: HomeOur appPetit BamBou appContentsCatalogAbout usThe teamContributorsOur offerFree versionSubscriptionsStudent planFamily subscriptionGift cardsActivate my gift cardHelpCustomer serviceContact usIn the workplacePetit BamBou BusinessSubscribeLog inFollow our cheerful and (hopefully) non-invasive newsfacebookyout","mindfulness_reset|b2b_enterprise","","mindfulness_reset|b2b_enterprise","no_pricing_signal","404 - Page not found","404","error:http_404","pricing_or_plan_page","mindfulness_reset|b2b_enterprise","subscription_or_premium_language|b2b_sales_motion|purchase_or_upgrade_cta","","b2b_or_parent_context_possible","404 - Page not found MeditationPetit BamBouSubscribeLog inAwww... No need to panic You've done a little too much emptying... and now you're nowhere! But the path to yourself starts here: HomeOur appPetit BamBou appContentsCatalogAbout usThe teamContributorsOur offerFree versionSubscriptionsStudent planFamily subscriptionGift cardsActivate my gift cardHelpCustomer serviceContact usIn the workplacePetit BamBou BusinessSubscribeLog inFollow our cheerful and (hopefully) non-invasive newsfacebookyout","2026-05-31T03:22:52.150Z","low","error:http_404"
"CP_0461","Mindfulness with Petit BamBou","FeelVeryBien SAS","public_web","company_positioning_page","Company/public web positioning","https://www.petitbambou.com/en/premium","https://www.petitbambou.com/premium","https://www.petitbambou.com/en/premium","petitbambou.com","mindfulness","pricing_or_plan_page","known_domain_pricing_or_plan_page","461","pricing_or_plan_page","","","subscription_or_premium_language|b2b_sales_motion|purchase_or_upgrade_cta","yes","yes_or_language_present","404 - Page not found 404 - Page not found MeditationPetit BamBouSubscribeLog inAwww... No need to panic You've done a little too much emptying... and now you're nowhere! But the path to yourself starts here: HomeOur appPetit BamBou appContentsCatalogAbout usThe teamContributorsOur offerFree versionSubscriptionsStudent planFamily subscriptionGift cardsActivate my gift cardHelpCustomer serviceContact usIn the workplacePetit BamBou BusinessSubscribeLog inFollow our cheerful and (hopefully) non-invasive newsfacebookyout","mindfulness_reset|b2b_enterprise","","mindfulness_reset|b2b_enterprise","no_pricing_signal","404 - Page not found","404","error:http_404","pricing_or_plan_page","mindfulness_reset|b2b_enterprise","subscription_or_premium_language|b2b_sales_motion|purchase_or_upgrade_cta","","b2b_or_parent_context_possible","404 - Page not found MeditationPetit BamBouSubscribeLog inAwww... No need to panic You've done a little too much emptying... and now you're nowhere! But the path to yourself starts here: HomeOur appPetit BamBou appContentsCatalogAbout usThe teamContributorsOur offerFree versionSubscriptionsStudent planFamily subscriptionGift cardsActivate my gift cardHelpCustomer serviceContact usIn the workplacePetit BamBou BusinessSubscribeLog inFollow our cheerful and (hopefully) non-invasive newsfacebookyout","2026-05-31T03:22:52.766Z","low","error:http_404"
"CP_0462","Mindfulness with Petit BamBou","FeelVeryBien SAS","public_web","company_positioning_page","Company/public web positioning","https://www.petitbambou.com/en/subscriptions","https://www.petitbambou.com/subscribe","https://www.petitbambou.com/en/subscriptions","petitbambou.com","mindfulness","pricing_or_plan_page","known_domain_pricing_or_plan_page","462","pricing_or_plan_page","","","visible_price_or_pricing_language|subscription_or_premium_language|purchase_or_upgrade_cta","yes","yes_or_language_present","Subscriptions and prices for meditating with Petit BamBou Subscriptions and prices for meditating with Petit BamBou Access over 69 meditation & breathing programs designed in collaboration with certified local experts. MeditationPetit BamBouSubscribeLog inSubscriptionsAccess all of Petit BamBouOver 700 sessions from 5 to 50 minMeditation, sophrology, breathingA new daily session, every morningThe entire media library of sounds and atmospheresOn all your devicesNo adsAutomatic renewal can be canceled at any timeWith attentive customer service!Gift cardG","mindfulness_reset|habit_action_loop|progress_feedback","","mindfulness_reset","pricing_page|subscription_terms|paywall_language|checkout_language","Subscriptions and prices for meditating with Petit BamBou","200","ok","pricing_or_plan_page","mindfulness_reset|habit_action_loop|progress_feedback","visible_price_or_pricing_language|subscription_or_premium_language|purchase_or_upgrade_cta","","public_company_or_product_page","Subscriptions and prices for meditating with Petit BamBou Access over 69 meditation & breathing programs designed in collaboration with certified local experts. MeditationPetit BamBouSubscribeLog inSubscriptionsAccess all of Petit BamBouOver 700 sessions from 5 to 50 minMeditation, sophrology, breathingA new daily session, every morningThe entire media library of sounds and atmospheresOn all your devicesNo adsAutomatic renewal can be canceled at any timeWith attentive customer service!Gift cardG","2026-05-31T03:22:54.386Z","medium_high","ok"
"CP_0463","Mindfulness with Petit BamBou","FeelVeryBien SAS","public_web","company_positioning_page","Company/public web positioning","https://www.petitbambou.com/en/subscriptions","https://www.petitbambou.com/subscription","https://www.petitbambou.com/en/subscriptions","petitbambou.com","mindfulness","pricing_or_plan_page","known_domain_pricing_or_plan_page","463","pricing_or_plan_page","","","visible_price_or_pricing_language|subscription_or_premium_language|purchase_or_upgrade_cta","yes","yes_or_language_present","Subscriptions and prices for meditating with Petit BamBou Subscriptions and prices for meditating with Petit BamBou Access over 69 meditation & breathing programs designed in collaboration with certified local experts. MeditationPetit BamBouSubscribeLog inSubscriptionsAccess all of Petit BamBouOver 700 sessions from 5 to 50 minMeditation, sophrology, breathingA new daily session, every morningThe entire media library of sounds and atmospheresOn all your devicesNo adsAutomatic renewal can be canceled at any timeWith attentive customer service!Gift cardG","mindfulness_reset|habit_action_loop|progress_feedback","","mindfulness_reset","pricing_page|subscription_terms|paywall_language|checkout_language","Subscriptions and prices for meditating with Petit BamBou","200","ok","pricing_or_plan_page","mindfulness_reset|habit_action_loop|progress_feedback","visible_price_or_pricing_language|subscription_or_premium_language|purchase_or_upgrade_cta","","public_company_or_product_page","Subscriptions and prices for meditating with Petit BamBou Access over 69 meditation & breathing programs designed in collaboration with certified local experts. MeditationPetit BamBouSubscribeLog inSubscriptionsAccess all of Petit BamBouOver 700 sessions from 5 to 50 minMeditation, sophrology, breathingA new daily session, every morningThe entire media library of sounds and atmospheresOn all your devicesNo adsAutomatic renewal can be canceled at any timeWith attentive customer service!Gift cardG","2026-05-31T03:22:56.195Z","medium_high","ok"
"CP_0464","Mindfulness with Petit BamBou","FeelVeryBien SAS","public_web","company_positioning_page","Company/public web positioning","https://www.petitbambou.com/en/upgrade","https://www.petitbambou.com/upgrade","https://www.petitbambou.com/en/upgrade","petitbambou.com","mindfulness","pricing_or_plan_page","known_domain_pricing_or_plan_page","464","pricing_or_plan_page","","","visible_price_or_pricing_language|subscription_or_premium_language|b2b_sales_motion|purchase_or_upgrade_cta","yes","yes_or_language_present","Update your Petit BamBou plan Update your Petit BamBou plan Easily manage your Petit BamBou subscription: switch between monthly, annual, lifetime, or family plans, and make Petit BamBou work for you. MeditationPetit BamBouSubscribeLog inUpgrade your subscriptionFind your rhythmI don't have an accountI already have an accountLogin with emailEmail addressPasswordForgot your password?connectionorLog in withFacebookAppleOur appPetit BamBou appContentsCatalogAbout usThe teamContributorsOur offerFree versionSubscriptionsStudent p","mindfulness_reset|b2b_enterprise","","mindfulness_reset|b2b_enterprise","pricing_page|subscription_terms","Update your Petit BamBou plan","200","ok","pricing_or_plan_page","mindfulness_reset|b2b_enterprise","visible_price_or_pricing_language|subscription_or_premium_language|b2b_sales_motion|purchase_or_upgrade_cta","","b2b_or_parent_context_possible","Update your Petit BamBou plan Easily manage your Petit BamBou subscription: switch between monthly, annual, lifetime, or family plans, and make Petit BamBou work for you. MeditationPetit BamBouSubscribeLog inUpgrade your subscriptionFind your rhythmI don't have an accountI already have an accountLogin with emailEmail addressPasswordForgot your password?connectionorLog in withFacebookAppleOur appPetit BamBou appContentsCatalogAbout usThe teamContributorsOur offerFree versionSubscriptionsStudent p","2026-05-31T03:22:57.191Z","medium_high","ok"
"CP_0465","Meditopia: Sleep & Meditation","Meditopia","public_web","company_positioning_page","Company/public web positioning","https://meditopia.com/en","http://meditopia.com/","https://meditopia.com/en","meditopia.com","mindfulness","other_public_page","known_domain_other_public_page","465","other_public_page","","","visible_price_or_pricing_language|subscription_or_premium_language|b2b_sales_motion|purchase_or_upgrade_cta","yes","yes_or_language_present","Proactive Wellbeing for Modern Workplaces. Personalized Care that Scales - Meditopia Proactive Wellbeing for Modern Workplaces. Personalized Care that Scales - Meditopia Reimagine workplace wellbeing with Meditopia: preventive support that combines 1:1 expert sessions, self-guided content, and AI-powered tools. Go beyond traditional EAPs with a personalized, scalable solution that empowers teams to reduce stress, boost engagement, and thrive at work. For BusinessFor IndividualsResourcesModern EAPLoginBook a demo todaySOLUTIONSGo Beyond EAPsPricingPartnershipsPRODUCTS1-1 Expert S","ai_or_personalization|mindfulness_reset|avatar_identity|progress_feedback|community_social|b2b_enterprise","ai_or_personalization|avatar_identity","mindfulness_reset|community_social|b2b_enterprise","no_pricing_signal","Proactive Wellbeing for Modern Workplaces. Personalized Care that Scales - Meditopia","200","ok","other_public_page","ai_or_personalization|mindfulness_reset|avatar_identity|progress_feedback|community_social|b2b_enterprise","visible_price_or_pricing_language|subscription_or_premium_language|b2b_sales_motion|purchase_or_upgrade_cta","","b2b_or_parent_context_possible","Proactive Wellbeing for Modern Workplaces. Personalized Care that Scales - Meditopia Reimagine workplace wellbeing with Meditopia: preventive support that combines 1:1 expert sessions, self-guided content, and AI-powered tools. Go beyond traditional EAPs with a personalized, scalable solution that empowers teams to reduce stress, boost engagement, and thrive at work. For BusinessFor IndividualsResourcesModern EAPLoginBook a demo todaySOLUTIONSGo Beyond EAPsPricingPartnershipsPRODUCTS1-1 Expert S","2026-05-31T03:22:58.056Z","medium","ok"
"CP_0466","Meditopia: Sleep & Meditation","Meditopia","public_web","company_positioning_page","Company/public web positioning","https://meditopia.com/en","http://meditopia.com","https://meditopia.com/en","meditopia.com","mindfulness","other_public_page","known_domain_other_public_page","466","other_public_page","","","visible_price_or_pricing_language|subscription_or_premium_language|b2b_sales_motion|purchase_or_upgrade_cta","yes","yes_or_language_present","Proactive Wellbeing for Modern Workplaces. Personalized Care that Scales - Meditopia Proactive Wellbeing for Modern Workplaces. Personalized Care that Scales - Meditopia Reimagine workplace wellbeing with Meditopia: preventive support that combines 1:1 expert sessions, self-guided content, and AI-powered tools. Go beyond traditional EAPs with a personalized, scalable solution that empowers teams to reduce stress, boost engagement, and thrive at work. For BusinessFor IndividualsResourcesModern EAPLoginBook a demo todaySOLUTIONSGo Beyond EAPsPricingPartnershipsPRODUCTS1-1 Expert S","ai_or_personalization|mindfulness_reset|avatar_identity|progress_feedback|community_social|b2b_enterprise","ai_or_personalization|avatar_identity","mindfulness_reset|community_social|b2b_enterprise","no_pricing_signal","Proactive Wellbeing for Modern Workplaces. Personalized Care that Scales - Meditopia","200","ok","other_public_page","ai_or_personalization|mindfulness_reset|avatar_identity|progress_feedback|community_social|b2b_enterprise","visible_price_or_pricing_language|subscription_or_premium_language|b2b_sales_motion|purchase_or_upgrade_cta","","b2b_or_parent_context_possible","Proactive Wellbeing for Modern Workplaces. Personalized Care that Scales - Meditopia Reimagine workplace wellbeing with Meditopia: preventive support that combines 1:1 expert sessions, self-guided content, and AI-powered tools. Go beyond traditional EAPs with a personalized, scalable solution that empowers teams to reduce stress, boost engagement, and thrive at work. For BusinessFor IndividualsResourcesModern EAPLoginBook a demo todaySOLUTIONSGo Beyond EAPsPricingPartnershipsPRODUCTS1-1 Expert S","2026-05-31T03:22:58.646Z","medium","ok"
"CP_0467","Meditopia: Sleep & Meditation","Meditopia","public_web","company_positioning_page","Company/public web positioning","https://meditopia.com/en/pricing","http://meditopia.com/pricing","https://meditopia.com/en/pricing","meditopia.com","mindfulness","pricing_or_plan_page","known_domain_pricing_or_plan_page","467","pricing_or_plan_page","","","no_clean_public_monetization_signal","yes","","A Moment of Pause A Moment of Pause A Moment of PauseIt looks like you’ve wandered off the path. Take a deep breath and let’s find our way back to tranquility together.Back to Home","mindfulness_reset","","mindfulness_reset","no_pricing_signal","A Moment of Pause","404","error:http_404","pricing_or_plan_page","mindfulness_reset","no_clean_public_monetization_signal","","public_company_or_product_page","A Moment of Pause A Moment of PauseIt looks like you’ve wandered off the path. Take a deep breath and let’s find our way back to tranquility together.Back to Home","2026-05-31T03:22:59.223Z","low","error:http_404"
"CP_0468","Meditopia: Sleep & Meditation","Meditopia","public_web","company_positioning_page","Company/public web positioning","https://meditopia.com/en/plans","http://meditopia.com/plans","https://meditopia.com/en/plans","meditopia.com","mindfulness","pricing_or_plan_page","known_domain_pricing_or_plan_page","468","pricing_or_plan_page","","","visible_price_or_pricing_language|subscription_or_premium_language|b2b_sales_motion|purchase_or_upgrade_cta","yes","yes_or_language_present","Pricing | Modern EAP & Workplace Wellbeing Solutions - Meditopia Pricing | Modern EAP & Workplace Wellbeing Solutions - Meditopia Discover Meditopia’s business pricing. A modern alternative to traditional EAPs, offering proactive mental health and wellbeing support to boost employee health, engagement, and productivity. For BusinessFor IndividualsResourcesModern EAPLoginBook a demo todaySOLUTIONSGo Beyond EAPsPricingPartnershipsPRODUCTS1-1 Expert Sessions WellnessPassOnline TrainingsSoul: AI CoachSelf-Guided ContentIMPACTOur Expert NetworkCase Studies2025 Çal","ai_or_personalization|mindfulness_reset|progress_feedback|community_social|b2b_enterprise","ai_or_personalization","mindfulness_reset|community_social|b2b_enterprise","$3.50","Pricing | Modern EAP & Workplace Wellbeing Solutions - Meditopia","200","ok","pricing_or_plan_page","ai_or_personalization|mindfulness_reset|progress_feedback|community_social|b2b_enterprise","visible_price_or_pricing_language|subscription_or_premium_language|b2b_sales_motion|purchase_or_upgrade_cta","$3.50","b2b_or_parent_context_possible","Pricing | Modern EAP & Workplace Wellbeing Solutions - Meditopia Discover Meditopia’s business pricing. A modern alternative to traditional EAPs, offering proactive mental health and wellbeing support to boost employee health, engagement, and productivity. For BusinessFor IndividualsResourcesModern EAPLoginBook a demo todaySOLUTIONSGo Beyond EAPsPricingPartnershipsPRODUCTS1-1 Expert Sessions WellnessPassOnline TrainingsSoul: AI CoachSelf-Guided ContentIMPACTOur Expert NetworkCase Studies2025 Çal","2026-05-31T03:22:59.807Z","medium_high","ok"
"CP_0469","Meditopia: Sleep & Meditation","Meditopia","public_web","company_positioning_page","Company/public web positioning","https://meditopia.com/en/premium","http://meditopia.com/premium","https://meditopia.com/en/premium","meditopia.com","mindfulness","pricing_or_plan_page","known_domain_pricing_or_plan_page","469","pricing_or_plan_page","","","no_clean_public_monetization_signal","yes","","A Moment of Pause A Moment of Pause A Moment of PauseIt looks like you’ve wandered off the path. Take a deep breath and let’s find our way back to tranquility together.Back to Home","mindfulness_reset","","mindfulness_reset","no_pricing_signal","A Moment of Pause","404","error:http_404","pricing_or_plan_page","mindfulness_reset","no_clean_public_monetization_signal","","public_company_or_product_page","A Moment of Pause A Moment of PauseIt looks like you’ve wandered off the path. Take a deep breath and let’s find our way back to tranquility together.Back to Home","2026-05-31T03:23:00.359Z","low","error:http_404"
"CP_0470","Meditopia: Sleep & Meditation","Meditopia","public_web","company_positioning_page","Company/public web positioning","https://meditopia.com/en/subscribe","http://meditopia.com/subscribe","https://meditopia.com/en/subscribe","meditopia.com","mindfulness","pricing_or_plan_page","known_domain_pricing_or_plan_page","470","pricing_or_plan_page","","","no_clean_public_monetization_signal","yes","","A Moment of Pause A Moment of Pause A Moment of PauseIt looks like you’ve wandered off the path. Take a deep breath and let’s find our way back to tranquility together.Back to Home","mindfulness_reset","","mindfulness_reset","no_pricing_signal","A Moment of Pause","404","error:http_404","pricing_or_plan_page","mindfulness_reset","no_clean_public_monetization_signal","","public_company_or_product_page","A Moment of Pause A Moment of PauseIt looks like you’ve wandered off the path. Take a deep breath and let’s find our way back to tranquility together.Back to Home","2026-05-31T03:23:00.994Z","low","error:http_404"
"CP_0471","Meditopia: Sleep & Meditation","Meditopia","public_web","company_positioning_page","Company/public web positioning","https://web.meditopia.com/en/subscription/","http://meditopia.com/subscription","https://web.meditopia.com/en/subscription/","web.meditopia.com","mindfulness","pricing_or_plan_page","known_domain_pricing_or_plan_page","471","pricing_or_plan_page","","","no_clean_public_monetization_signal","yes","","","unclassified_public_positioning","","","no_pricing_signal","","404","error:non_text:","pricing_or_plan_page","unclassified_public_positioning","no_clean_public_monetization_signal","","public_company_or_product_page","","2026-05-31T03:23:02.546Z","low","error:non_text:"
"CP_0472","Meditopia: Sleep & Meditation","Meditopia","public_web","company_positioning_page","Company/public web positioning","https://meditopia.com/en/upgrade","http://meditopia.com/upgrade","https://meditopia.com/en/upgrade","meditopia.com","mindfulness","pricing_or_plan_page","known_domain_pricing_or_plan_page","472","pricing_or_plan_page","","","no_clean_public_monetization_signal","yes","","A Moment of Pause A Moment of Pause A Moment of PauseIt looks like you’ve wandered off the path. Take a deep breath and let’s find our way back to tranquility together.Back to Home","mindfulness_reset","","mindfulness_reset","no_pricing_signal","A Moment of Pause","404","error:http_404","pricing_or_plan_page","mindfulness_reset","no_clean_public_monetization_signal","","public_company_or_product_page","A Moment of Pause A Moment of PauseIt looks like you’ve wandered off the path. Take a deep breath and let’s find our way back to tranquility together.Back to Home","2026-05-31T03:23:03.087Z","low","error:http_404"
"CP_0473","Hallow: Prayer & Meditation","Hallow, Inc.","public_web","company_positioning_page","Company/public web positioning","https://hallow.com/","https://hallow.com/","https://hallow.com/","hallow.com","mindfulness","homepage","known_domain_homepage","473","homepage","","","no_clean_public_monetization_signal","yes","","#1 App for Christian & Catholic Prayer, Meditation, Bible + Sleep | Hallow #1 App for Christian & Catholic Prayer, Meditation, Bible + Sleep | Hallow Pray every day this Lent with Mark Wahlberg, Chris Pratt, Jonathan Roumie, and millions of others around the world on Hallow, the #1 prayer app. AboutPressHelp CenterDaily QuoteFAQsGift CardsJobsHow to Pray the RosaryMerchHow to Pray the Sacred Heart NovenaNight Prayer: Simple, Powerful Prayers for the Evening and BedtimeMorning Prayer: Catholic Prayers to Start Your DayOur Lady of Champion (Our Lady of Good Help) Apparit","mindfulness_reset|habit_action_loop|astrology_spiritual","","mindfulness_reset|astrology_spiritual","no_pricing_signal","#1 App for Christian & Catholic Prayer, Meditation, Bible + Sleep | Hallow","200","ok","homepage","mindfulness_reset|habit_action_loop|astrology_spiritual","no_clean_public_monetization_signal","","public_company_or_product_page","#1 App for Christian & Catholic Prayer, Meditation, Bible + Sleep | Hallow Pray every day this Lent with Mark Wahlberg, Chris Pratt, Jonathan Roumie, and millions of others around the world on Hallow, the #1 prayer app. AboutPressHelp CenterDaily QuoteFAQsGift CardsJobsHow to Pray the RosaryMerchHow to Pray the Sacred Heart NovenaNight Prayer: Simple, Powerful Prayers for the Evening and BedtimeMorning Prayer: Catholic Prayers to Start Your DayOur Lady of Champion (Our Lady of Good Help) Apparit","2026-05-31T03:23:03.354Z","medium","ok"
"CP_0474","Hallow: Prayer & Meditation","Hallow, Inc.","public_web","company_positioning_page","Company/public web positioning","https://hallow.com/","https://hallow.com","https://hallow.com/","hallow.com","mindfulness","homepage","known_domain_homepage","474","homepage","","","no_clean_public_monetization_signal","yes","","#1 App for Christian & Catholic Prayer, Meditation, Bible + Sleep | Hallow #1 App for Christian & Catholic Prayer, Meditation, Bible + Sleep | Hallow Pray every day this Lent with Mark Wahlberg, Chris Pratt, Jonathan Roumie, and millions of others around the world on Hallow, the #1 prayer app. AboutPressHelp CenterDaily QuoteFAQsGift CardsJobsHow to Pray the RosaryMerchHow to Pray the Sacred Heart NovenaNight Prayer: Simple, Powerful Prayers for the Evening and BedtimeMorning Prayer: Catholic Prayers to Start Your DayOur Lady of Champion (Our Lady of Good Help) Apparit","mindfulness_reset|habit_action_loop|astrology_spiritual","","mindfulness_reset|astrology_spiritual","no_pricing_signal","#1 App for Christian & Catholic Prayer, Meditation, Bible + Sleep | Hallow","200","ok","homepage","mindfulness_reset|habit_action_loop|astrology_spiritual","no_clean_public_monetization_signal","","public_company_or_product_page","#1 App for Christian & Catholic Prayer, Meditation, Bible + Sleep | Hallow Pray every day this Lent with Mark Wahlberg, Chris Pratt, Jonathan Roumie, and millions of others around the world on Hallow, the #1 prayer app. AboutPressHelp CenterDaily QuoteFAQsGift CardsJobsHow to Pray the RosaryMerchHow to Pray the Sacred Heart NovenaNight Prayer: Simple, Powerful Prayers for the Evening and BedtimeMorning Prayer: Catholic Prayers to Start Your DayOur Lady of Champion (Our Lady of Good Help) Apparit","2026-05-31T03:23:03.499Z","medium","ok"
"CP_0475","Hallow: Prayer & Meditation","Hallow, Inc.","public_web","company_positioning_page","Company/public web positioning","https://hallow.com/pricing/","https://hallow.com/pricing","https://hallow.com/pricing/","hallow.com","mindfulness","pricing_or_plan_page","known_domain_pricing_or_plan_page","475","pricing_or_plan_page","","","no_clean_public_monetization_signal","yes","","Page not found – Hallow Page not found – Hallow How to Pray Bible Parishes & Schools Gift Cards Login Sign Up for Free Login Sign Up for Free My Account Open Web App Uh oh! It looks like the page you are trying to visit is missing or does not exist! You can find our content by using the menu above or the links in our footer. Go Back to Homepage About Press Help Center Daily Quote FAQs Gift Cards Jobs How to Pray the Rosary Merch How to Pray the Sacred Heart Novena Night Prayer: Simple, Powerful Prayers for the Evening","habit_action_loop|astrology_spiritual","","astrology_spiritual","no_pricing_signal","Page not found – Hallow","404","error:http_404","pricing_or_plan_page","habit_action_loop|astrology_spiritual","no_clean_public_monetization_signal","","unreachable_or_not_found","Page not found – Hallow How to Pray Bible Parishes & Schools Gift Cards Login Sign Up for Free Login Sign Up for Free My Account Open Web App Uh oh! It looks like the page you are trying to visit is missing or does not exist! You can find our content by using the menu above or the links in our footer. Go Back to Homepage About Press Help Center Daily Quote FAQs Gift Cards Jobs How to Pray the Rosary Merch How to Pray the Sacred Heart Novena Night Prayer: Simple, Powerful Prayers for the Evening","2026-05-31T03:23:04.461Z","low","error:http_404"
"CP_0476","Hallow: Prayer & Meditation","Hallow, Inc.","public_web","company_positioning_page","Company/public web positioning","https://hallow.com/plans/","https://hallow.com/plans","https://hallow.com/plans/","hallow.com","mindfulness","pricing_or_plan_page","known_domain_pricing_or_plan_page","476","pricing_or_plan_page","","","no_clean_public_monetization_signal","yes","","Page not found – Hallow Page not found – Hallow How to Pray Bible Parishes & Schools Gift Cards Login Sign Up for Free Login Sign Up for Free My Account Open Web App Uh oh! It looks like the page you are trying to visit is missing or does not exist! You can find our content by using the menu above or the links in our footer. Go Back to Homepage About Press Help Center Daily Quote FAQs Gift Cards Jobs How to Pray the Rosary Merch How to Pray the Sacred Heart Novena Night Prayer: Simple, Powerful Prayers for the Evening","habit_action_loop|astrology_spiritual","","astrology_spiritual","no_pricing_signal","Page not found – Hallow","404","error:http_404","pricing_or_plan_page","habit_action_loop|astrology_spiritual","no_clean_public_monetization_signal","","unreachable_or_not_found","Page not found – Hallow How to Pray Bible Parishes & Schools Gift Cards Login Sign Up for Free Login Sign Up for Free My Account Open Web App Uh oh! It looks like the page you are trying to visit is missing or does not exist! You can find our content by using the menu above or the links in our footer. Go Back to Homepage About Press Help Center Daily Quote FAQs Gift Cards Jobs How to Pray the Rosary Merch How to Pray the Sacred Heart Novena Night Prayer: Simple, Powerful Prayers for the Evening","2026-05-31T03:23:05.341Z","low","error:http_404"
"CP_0477","Hallow: Prayer & Meditation","Hallow, Inc.","public_web","company_positioning_page","Company/public web positioning","https://hallow.com/premium/","https://hallow.com/premium","https://hallow.com/premium/","hallow.com","mindfulness","pricing_or_plan_page","known_domain_pricing_or_plan_page","477","pricing_or_plan_page","","","no_clean_public_monetization_signal","yes","","Page not found – Hallow Page not found – Hallow How to Pray Bible Parishes & Schools Gift Cards Login Sign Up for Free Login Sign Up for Free My Account Open Web App Uh oh! It looks like the page you are trying to visit is missing or does not exist! You can find our content by using the menu above or the links in our footer. Go Back to Homepage About Press Help Center Daily Quote FAQs Gift Cards Jobs How to Pray the Rosary Merch How to Pray the Sacred Heart Novena Night Prayer: Simple, Powerful Prayers for the Evening","habit_action_loop|astrology_spiritual","","astrology_spiritual","no_pricing_signal","Page not found – Hallow","404","error:http_404","pricing_or_plan_page","habit_action_loop|astrology_spiritual","no_clean_public_monetization_signal","","unreachable_or_not_found","Page not found – Hallow How to Pray Bible Parishes & Schools Gift Cards Login Sign Up for Free Login Sign Up for Free My Account Open Web App Uh oh! It looks like the page you are trying to visit is missing or does not exist! You can find our content by using the menu above or the links in our footer. Go Back to Homepage About Press Help Center Daily Quote FAQs Gift Cards Jobs How to Pray the Rosary Merch How to Pray the Sacred Heart Novena Night Prayer: Simple, Powerful Prayers for the Evening","2026-05-31T03:23:06.194Z","low","error:http_404"
"CP_0478","Hallow: Prayer & Meditation","Hallow, Inc.","public_web","company_positioning_page","Company/public web positioning","https://hallow.com/login/?redirect=%2Fsubscribe%2F","https://hallow.com/subscribe","https://hallow.com/login/?redirect=%2Fsubscribe%2F","hallow.com","mindfulness","other_public_page","known_domain_other_public_page","478","other_public_page","","","visible_price_or_pricing_language","yes","","Login | Hallow Login | Hallow #1 Catholic Prayer and Meditation App AboutPressHelp CenterDaily QuoteFAQsGift CardsJobsHow to Pray the RosaryMerchHow to Pray the Sacred Heart NovenaNight Prayer: Simple, Powerful Prayers for the Evening and BedtimeMorning Prayer: Catholic Prayers to Start Your DayOur Lady of Champion (Our Lady of Good Help) Apparitions, Feast Day, PrayersSt. Michael&#8217;s Lent: How to Pray and Observe St. Michael&#8217;s Lent© 2026 Hallow, Inc.Manage CookiesSettingsPrivacy PolicyTerms of Servi","mindfulness_reset|habit_action_loop|astrology_spiritual","","mindfulness_reset|astrology_spiritual","pricing_page","Login | Hallow","200","ok","other_public_page","mindfulness_reset|habit_action_loop|astrology_spiritual","visible_price_or_pricing_language","","public_company_or_product_page","Login | Hallow #1 Catholic Prayer and Meditation App AboutPressHelp CenterDaily QuoteFAQsGift CardsJobsHow to Pray the RosaryMerchHow to Pray the Sacred Heart NovenaNight Prayer: Simple, Powerful Prayers for the Evening and BedtimeMorning Prayer: Catholic Prayers to Start Your DayOur Lady of Champion (Our Lady of Good Help) Apparitions, Feast Day, PrayersSt. Michael&#8217;s Lent: How to Pray and Observe St. Michael&#8217;s Lent© 2026 Hallow, Inc.Manage CookiesSettingsPrivacy PolicyTerms of Servi","2026-05-31T03:23:10.975Z","medium_high","ok"
"CP_0479","Hallow: Prayer & Meditation","Hallow, Inc.","public_web","company_positioning_page","Company/public web positioning","https://hallow.com/subscription/","https://hallow.com/subscription","https://hallow.com/subscription/","hallow.com","mindfulness","pricing_or_plan_page","known_domain_pricing_or_plan_page","479","pricing_or_plan_page","","","no_clean_public_monetization_signal","yes","","Page not found – Hallow Page not found – Hallow How to Pray Bible Parishes & Schools Gift Cards Login Sign Up for Free Login Sign Up for Free My Account Open Web App Uh oh! It looks like the page you are trying to visit is missing or does not exist! You can find our content by using the menu above or the links in our footer. Go Back to Homepage About Press Help Center Daily Quote FAQs Gift Cards Jobs How to Pray the Rosary Merch How to Pray the Sacred Heart Novena Night Prayer: Simple, Powerful Prayers for the Evening","habit_action_loop|astrology_spiritual","","astrology_spiritual","no_pricing_signal","Page not found – Hallow","404","error:http_404","pricing_or_plan_page","habit_action_loop|astrology_spiritual","no_clean_public_monetization_signal","","unreachable_or_not_found","Page not found – Hallow How to Pray Bible Parishes & Schools Gift Cards Login Sign Up for Free Login Sign Up for Free My Account Open Web App Uh oh! It looks like the page you are trying to visit is missing or does not exist! You can find our content by using the menu above or the links in our footer. Go Back to Homepage About Press Help Center Daily Quote FAQs Gift Cards Jobs How to Pray the Rosary Merch How to Pray the Sacred Heart Novena Night Prayer: Simple, Powerful Prayers for the Evening","2026-05-31T03:23:11.934Z","low","error:http_404"
"CP_0480","Hallow: Prayer & Meditation","Hallow, Inc.","public_web","company_positioning_page","Company/public web positioning","https://hallow.com/upgrade/","https://hallow.com/upgrade","https://hallow.com/upgrade/","hallow.com","mindfulness","pricing_or_plan_page","known_domain_pricing_or_plan_page","480","pricing_or_plan_page","","","no_clean_public_monetization_signal","yes","","Page not found – Hallow Page not found – Hallow How to Pray Bible Parishes & Schools Gift Cards Login Sign Up for Free Login Sign Up for Free My Account Open Web App Uh oh! It looks like the page you are trying to visit is missing or does not exist! You can find our content by using the menu above or the links in our footer. Go Back to Homepage About Press Help Center Daily Quote FAQs Gift Cards Jobs How to Pray the Rosary Merch How to Pray the Sacred Heart Novena Night Prayer: Simple, Powerful Prayers for the Evening","habit_action_loop|astrology_spiritual","","astrology_spiritual","no_pricing_signal","Page not found – Hallow","404","error:http_404","pricing_or_plan_page","habit_action_loop|astrology_spiritual","no_clean_public_monetization_signal","","unreachable_or_not_found","Page not found – Hallow How to Pray Bible Parishes & Schools Gift Cards Login Sign Up for Free Login Sign Up for Free My Account Open Web App Uh oh! It looks like the page you are trying to visit is missing or does not exist! You can find our content by using the menu above or the links in our footer. Go Back to Homepage About Press Help Center Daily Quote FAQs Gift Cards Jobs How to Pray the Rosary Merch How to Pray the Sacred Heart Novena Night Prayer: Simple, Powerful Prayers for the Evening","2026-05-31T03:23:12.787Z","low","error:http_404"
"CP_0481","BetterSleep: Sleep tracker","BetterSleep Health","public_web","company_positioning_page","Company/public web positioning","https://www.bettersleep.com/","http://www.bettersleep.com/","https://www.bettersleep.com/","bettersleep.com","mindfulness","homepage","known_domain_homepage","481","homepage","","","no_clean_public_monetization_signal","yes","","BetterSleep | Top-Rated Sleep App and Meditation App BetterSleep | Top-Rated Sleep App and Meditation App BetterSleep is a sleep app and a meditation app that offers guided meditations, hypnosis, sleep stories, sleep sounds, sleep tracking, sleep recording and more!","mindfulness_reset","","mindfulness_reset","no_pricing_signal","BetterSleep | Top-Rated Sleep App and Meditation App","200","ok","homepage","mindfulness_reset","no_clean_public_monetization_signal","","public_company_or_product_page","BetterSleep | Top-Rated Sleep App and Meditation App BetterSleep is a sleep app and a meditation app that offers guided meditations, hypnosis, sleep stories, sleep sounds, sleep tracking, sleep recording and more!","2026-05-31T03:23:13.417Z","medium","ok"
"CP_0482","BetterSleep: Sleep tracker","BetterSleep Health","public_web","company_positioning_page","Company/public web positioning","https://www.bettersleep.com/","http://www.bettersleep.com","https://www.bettersleep.com/","bettersleep.com","mindfulness","homepage","known_domain_homepage","482","homepage","","","no_clean_public_monetization_signal","yes","","BetterSleep | Top-Rated Sleep App and Meditation App BetterSleep | Top-Rated Sleep App and Meditation App BetterSleep is a sleep app and a meditation app that offers guided meditations, hypnosis, sleep stories, sleep sounds, sleep tracking, sleep recording and more!","mindfulness_reset","","mindfulness_reset","no_pricing_signal","BetterSleep | Top-Rated Sleep App and Meditation App","200","ok","homepage","mindfulness_reset","no_clean_public_monetization_signal","","public_company_or_product_page","BetterSleep | Top-Rated Sleep App and Meditation App BetterSleep is a sleep app and a meditation app that offers guided meditations, hypnosis, sleep stories, sleep sounds, sleep tracking, sleep recording and more!","2026-05-31T03:23:13.682Z","medium","ok"
"CP_0483","BetterSleep: Sleep tracker","BetterSleep Health","public_web","company_positioning_page","Company/public web positioning","https://www.bettersleep.com/pricing","http://www.bettersleep.com/pricing","https://www.bettersleep.com/pricing","bettersleep.com","mindfulness","pricing_or_plan_page","known_domain_pricing_or_plan_page","483","pricing_or_plan_page","","","no_clean_public_monetization_signal","yes","","BetterSleep | Top-Rated Sleep App and Meditation App BetterSleep | Top-Rated Sleep App and Meditation App BetterSleep is a sleep app and a meditation app that offers guided meditations, hypnosis, sleep stories, sleep sounds, sleep tracking, sleep recording and more!","mindfulness_reset","","mindfulness_reset","no_pricing_signal","BetterSleep | Top-Rated Sleep App and Meditation App","404","error:http_404","pricing_or_plan_page","mindfulness_reset","no_clean_public_monetization_signal","","public_company_or_product_page","BetterSleep | Top-Rated Sleep App and Meditation App BetterSleep is a sleep app and a meditation app that offers guided meditations, hypnosis, sleep stories, sleep sounds, sleep tracking, sleep recording and more!","2026-05-31T03:23:13.974Z","low","error:http_404"
"CP_0484","BetterSleep: Sleep tracker","BetterSleep Health","public_web","company_positioning_page","Company/public web positioning","https://www.bettersleep.com/plans","http://www.bettersleep.com/plans","https://www.bettersleep.com/plans","bettersleep.com","mindfulness","pricing_or_plan_page","known_domain_pricing_or_plan_page","484","pricing_or_plan_page","","","no_clean_public_monetization_signal","yes","","BetterSleep | Top-Rated Sleep App and Meditation App BetterSleep | Top-Rated Sleep App and Meditation App BetterSleep is a sleep app and a meditation app that offers guided meditations, hypnosis, sleep stories, sleep sounds, sleep tracking, sleep recording and more!","mindfulness_reset","","mindfulness_reset","no_pricing_signal","BetterSleep | Top-Rated Sleep App and Meditation App","404","error:http_404","pricing_or_plan_page","mindfulness_reset","no_clean_public_monetization_signal","","public_company_or_product_page","BetterSleep | Top-Rated Sleep App and Meditation App BetterSleep is a sleep app and a meditation app that offers guided meditations, hypnosis, sleep stories, sleep sounds, sleep tracking, sleep recording and more!","2026-05-31T03:23:14.246Z","low","error:http_404"
"CP_0485","BetterSleep: Sleep tracker","BetterSleep Health","public_web","company_positioning_page","Company/public web positioning","https://www.bettersleep.com/premium","http://www.bettersleep.com/premium","https://www.bettersleep.com/premium","bettersleep.com","mindfulness","pricing_or_plan_page","known_domain_pricing_or_plan_page","485","pricing_or_plan_page","","","no_clean_public_monetization_signal","yes","","BetterSleep | Top-Rated Sleep App and Meditation App BetterSleep | Top-Rated Sleep App and Meditation App BetterSleep is a sleep app and a meditation app that offers guided meditations, hypnosis, sleep stories, sleep sounds, sleep tracking, sleep recording and more!","mindfulness_reset","","mindfulness_reset","no_pricing_signal","BetterSleep | Top-Rated Sleep App and Meditation App","404","error:http_404","pricing_or_plan_page","mindfulness_reset","no_clean_public_monetization_signal","","public_company_or_product_page","BetterSleep | Top-Rated Sleep App and Meditation App BetterSleep is a sleep app and a meditation app that offers guided meditations, hypnosis, sleep stories, sleep sounds, sleep tracking, sleep recording and more!","2026-05-31T03:23:14.522Z","low","error:http_404"
"CP_0486","BetterSleep: Sleep tracker","BetterSleep Health","public_web","company_positioning_page","Company/public web positioning","https://www.bettersleep.com/subscribe","http://www.bettersleep.com/subscribe","https://www.bettersleep.com/subscribe","bettersleep.com","mindfulness","pricing_or_plan_page","known_domain_pricing_or_plan_page","486","pricing_or_plan_page","","","no_clean_public_monetization_signal","yes","","BetterSleep | Top-Rated Sleep App and Meditation App BetterSleep | Top-Rated Sleep App and Meditation App BetterSleep is a sleep app and a meditation app that offers guided meditations, hypnosis, sleep stories, sleep sounds, sleep tracking, sleep recording and more!","mindfulness_reset","","mindfulness_reset","no_pricing_signal","BetterSleep | Top-Rated Sleep App and Meditation App","404","error:http_404","pricing_or_plan_page","mindfulness_reset","no_clean_public_monetization_signal","","public_company_or_product_page","BetterSleep | Top-Rated Sleep App and Meditation App BetterSleep is a sleep app and a meditation app that offers guided meditations, hypnosis, sleep stories, sleep sounds, sleep tracking, sleep recording and more!","2026-05-31T03:23:14.869Z","low","error:http_404"
"CP_0487","BetterSleep: Sleep tracker","BetterSleep Health","public_web","company_positioning_page","Company/public web positioning","https://www.bettersleep.com/subscription","http://www.bettersleep.com/subscription","https://www.bettersleep.com/subscription","bettersleep.com","mindfulness","pricing_or_plan_page","known_domain_pricing_or_plan_page","487","pricing_or_plan_page","","","no_clean_public_monetization_signal","yes","","BetterSleep | Top-Rated Sleep App and Meditation App BetterSleep | Top-Rated Sleep App and Meditation App BetterSleep is a sleep app and a meditation app that offers guided meditations, hypnosis, sleep stories, sleep sounds, sleep tracking, sleep recording and more!","mindfulness_reset","","mindfulness_reset","no_pricing_signal","BetterSleep | Top-Rated Sleep App and Meditation App","404","error:http_404","pricing_or_plan_page","mindfulness_reset","no_clean_public_monetization_signal","","public_company_or_product_page","BetterSleep | Top-Rated Sleep App and Meditation App BetterSleep is a sleep app and a meditation app that offers guided meditations, hypnosis, sleep stories, sleep sounds, sleep tracking, sleep recording and more!","2026-05-31T03:23:15.169Z","low","error:http_404"
"CP_0488","BetterSleep: Sleep tracker","BetterSleep Health","public_web","company_positioning_page","Company/public web positioning","https://www.bettersleep.com/upgrade","http://www.bettersleep.com/upgrade","https://www.bettersleep.com/upgrade","bettersleep.com","mindfulness","pricing_or_plan_page","known_domain_pricing_or_plan_page","488","pricing_or_plan_page","","","no_clean_public_monetization_signal","yes","","BetterSleep | Top-Rated Sleep App and Meditation App BetterSleep | Top-Rated Sleep App and Meditation App BetterSleep is a sleep app and a meditation app that offers guided meditations, hypnosis, sleep stories, sleep sounds, sleep tracking, sleep recording and more!","mindfulness_reset","","mindfulness_reset","no_pricing_signal","BetterSleep | Top-Rated Sleep App and Meditation App","404","error:http_404","pricing_or_plan_page","mindfulness_reset","no_clean_public_monetization_signal","","public_company_or_product_page","BetterSleep | Top-Rated Sleep App and Meditation App BetterSleep is a sleep app and a meditation app that offers guided meditations, hypnosis, sleep stories, sleep sounds, sleep tracking, sleep recording and more!","2026-05-31T03:23:15.479Z","low","error:http_404"
"CP_0489","Sleep Cycle: Sleep Tracker","Sleep Cycle AB","public_web","company_positioning_page","Company/public web positioning","https://sleepcycle.com/","http://www.sleepcycle.com/","https://sleepcycle.com/","sleepcycle.com","mindfulness","homepage","known_domain_homepage","489","homepage","","","subscription_or_premium_language|trial_language","yes","yes_or_language_present","Sleep Cycle — Try Free for 60 Days Sleep Cycle — Try Free for 60 Days Track and improve your sleep with Sleep Cycle. The app uses sound analysis, 3 billion sleep sessions, and 15 years of science to help millions sleep better. Sleep CyclePartnershipsTry Sleep TestMenuTry for FreeRight now☁️ Get 60 Day Free TrialProduct FeaturesRead more Sleep ScoreMeasures duration, sleep stages, and interruptions throughout the night with unparalleled accuracy.Read more Smart AlarmWake up during your lightest sleep phase to start your day smooth","mindfulness_reset|community_social","","mindfulness_reset|community_social","app_store_redirect","Sleep Cycle — Try Free for 60 Days","200","ok","homepage","mindfulness_reset|community_social","subscription_or_premium_language|trial_language","","public_company_or_product_page","Sleep Cycle — Try Free for 60 Days Track and improve your sleep with Sleep Cycle. The app uses sound analysis, 3 billion sleep sessions, and 15 years of science to help millions sleep better. Sleep CyclePartnershipsTry Sleep TestMenuTry for FreeRight now☁️ Get 60 Day Free TrialProduct FeaturesRead more Sleep ScoreMeasures duration, sleep stages, and interruptions throughout the night with unparalleled accuracy.Read more Smart AlarmWake up during your lightest sleep phase to start your day smooth","2026-05-31T03:23:16.723Z","medium","ok"
"CP_0490","Sleep Cycle: Sleep Tracker","Sleep Cycle AB","public_web","company_positioning_page","Company/public web positioning","https://sleepcycle.com/","http://www.sleepcycle.com","https://sleepcycle.com/","sleepcycle.com","mindfulness","homepage","known_domain_homepage","490","homepage","","","subscription_or_premium_language|trial_language","yes","yes_or_language_present","Sleep Cycle — Try Free for 60 Days Sleep Cycle — Try Free for 60 Days Track and improve your sleep with Sleep Cycle. The app uses sound analysis, 3 billion sleep sessions, and 15 years of science to help millions sleep better. Sleep CyclePartnershipsTry Sleep TestMenuTry for FreeRight now☁️ Get 60 Day Free TrialProduct FeaturesRead more Sleep ScoreMeasures duration, sleep stages, and interruptions throughout the night with unparalleled accuracy.Read more Smart AlarmWake up during your lightest sleep phase to start your day smooth","mindfulness_reset|community_social","","mindfulness_reset|community_social","app_store_redirect","Sleep Cycle — Try Free for 60 Days","200","ok","homepage","mindfulness_reset|community_social","subscription_or_premium_language|trial_language","","public_company_or_product_page","Sleep Cycle — Try Free for 60 Days Track and improve your sleep with Sleep Cycle. The app uses sound analysis, 3 billion sleep sessions, and 15 years of science to help millions sleep better. Sleep CyclePartnershipsTry Sleep TestMenuTry for FreeRight now☁️ Get 60 Day Free TrialProduct FeaturesRead more Sleep ScoreMeasures duration, sleep stages, and interruptions throughout the night with unparalleled accuracy.Read more Smart AlarmWake up during your lightest sleep phase to start your day smooth","2026-05-31T03:23:17.462Z","medium","ok"
"CP_0491","Sleep Cycle: Sleep Tracker","Sleep Cycle AB","public_web","company_positioning_page","Company/public web positioning","https://sleepcycle.com/pricing","http://www.sleepcycle.com/pricing","https://sleepcycle.com/pricing","sleepcycle.com","mindfulness","pricing_or_plan_page","known_domain_pricing_or_plan_page","491","pricing_or_plan_page","","","no_clean_public_monetization_signal","yes","","Sleep Cycle Sleep Cycle","mindfulness_reset","","mindfulness_reset","no_pricing_signal","Sleep Cycle","404","error:http_404","pricing_or_plan_page","mindfulness_reset","no_clean_public_monetization_signal","","public_company_or_product_page","Sleep Cycle","2026-05-31T03:23:18.356Z","low","error:http_404"
"CP_0492","Sleep Cycle: Sleep Tracker","Sleep Cycle AB","public_web","company_positioning_page","Company/public web positioning","https://sleepcycle.com/plans","http://www.sleepcycle.com/plans","https://sleepcycle.com/plans","sleepcycle.com","mindfulness","pricing_or_plan_page","known_domain_pricing_or_plan_page","492","pricing_or_plan_page","","","no_clean_public_monetization_signal","yes","","Sleep Cycle Sleep Cycle","mindfulness_reset","","mindfulness_reset","no_pricing_signal","Sleep Cycle","404","error:http_404","pricing_or_plan_page","mindfulness_reset","no_clean_public_monetization_signal","","public_company_or_product_page","Sleep Cycle","2026-05-31T03:23:20.599Z","low","error:http_404"
"CP_0493","Sleep Cycle: Sleep Tracker","Sleep Cycle AB","public_web","company_positioning_page","Company/public web positioning","https://sleepcycle.com/premium","http://www.sleepcycle.com/premium","https://sleepcycle.com/premium","sleepcycle.com","mindfulness","pricing_or_plan_page","known_domain_pricing_or_plan_page","493","pricing_or_plan_page","","","no_clean_public_monetization_signal","yes","","Sleep Cycle Sleep Cycle","mindfulness_reset","","mindfulness_reset","no_pricing_signal","Sleep Cycle","404","error:http_404","pricing_or_plan_page","mindfulness_reset","no_clean_public_monetization_signal","","public_company_or_product_page","Sleep Cycle","2026-05-31T03:23:21.407Z","low","error:http_404"
"CP_0494","Sleep Cycle: Sleep Tracker","Sleep Cycle AB","public_web","company_positioning_page","Company/public web positioning","https://sleepcycle.com/subscribe","http://www.sleepcycle.com/subscribe","https://sleepcycle.com/subscribe","sleepcycle.com","mindfulness","pricing_or_plan_page","known_domain_pricing_or_plan_page","494","pricing_or_plan_page","","","no_clean_public_monetization_signal","yes","","Sleep Cycle Sleep Cycle","mindfulness_reset","","mindfulness_reset","no_pricing_signal","Sleep Cycle","404","error:http_404","pricing_or_plan_page","mindfulness_reset","no_clean_public_monetization_signal","","public_company_or_product_page","Sleep Cycle","2026-05-31T03:23:22.158Z","low","error:http_404"
"CP_0495","Sleep Cycle: Sleep Tracker","Sleep Cycle AB","public_web","company_positioning_page","Company/public web positioning","https://sleepcycle.com/subscription","http://www.sleepcycle.com/subscription","https://sleepcycle.com/subscription","sleepcycle.com","mindfulness","pricing_or_plan_page","known_domain_pricing_or_plan_page","495","pricing_or_plan_page","","","no_clean_public_monetization_signal","yes","","Sleep Cycle Sleep Cycle","mindfulness_reset","","mindfulness_reset","no_pricing_signal","Sleep Cycle","404","error:http_404","pricing_or_plan_page","mindfulness_reset","no_clean_public_monetization_signal","","public_company_or_product_page","Sleep Cycle","2026-05-31T03:23:23.262Z","low","error:http_404"
"CP_0496","Sleep Cycle: Sleep Tracker","Sleep Cycle AB","public_web","company_positioning_page","Company/public web positioning","https://sleepcycle.com/upgrade","http://www.sleepcycle.com/upgrade","https://sleepcycle.com/upgrade","sleepcycle.com","mindfulness","pricing_or_plan_page","known_domain_pricing_or_plan_page","496","pricing_or_plan_page","","","no_clean_public_monetization_signal","yes","","Sleep Cycle Sleep Cycle","mindfulness_reset","","mindfulness_reset","no_pricing_signal","Sleep Cycle","404","error:http_404","pricing_or_plan_page","mindfulness_reset","no_clean_public_monetization_signal","","public_company_or_product_page","Sleep Cycle","2026-05-31T03:23:24.734Z","low","error:http_404"
"CP_0497","Sleep as Android: Smart alarm","Petr Nálevka (Urbandroid)","public_web","company_positioning_page","Company/public web positioning","https://sleep.urbandroid.org/","http://sleep.urbandroid.org/","https://sleep.urbandroid.org/","sleep.urbandroid.org","mindfulness","homepage","known_domain_homepage","497","homepage","","","no_clean_public_monetization_signal","yes","","Sleep as Android - Sleep as Android Sleep as Android - Sleep as Android Skip to contentSleep as AndroidNEWSDOCSSUPPORTGET ITPRIVACYSLEEPCLOUD Sleep phase trackingUsing phone or wearable sensors Try it for free Smart alarmGreat mornings with natural wake up Try it for free LullabiesFast fall asleep with whales, sea, storm, chants... Try it for free Anti-snoringSleep talk recording Try it for free CAPTCHATasks that get you out of bed Try it for free Sleep as AndroidWhat our users say“Hands down the most complete sleep management app","mindfulness_reset|habit_action_loop","","mindfulness_reset","no_pricing_signal","Sleep as Android - Sleep as Android","200","ok","homepage","mindfulness_reset|habit_action_loop","no_clean_public_monetization_signal","","public_company_or_product_page","Sleep as Android - Sleep as Android Skip to contentSleep as AndroidNEWSDOCSSUPPORTGET ITPRIVACYSLEEPCLOUD Sleep phase trackingUsing phone or wearable sensors Try it for free Smart alarmGreat mornings with natural wake up Try it for free LullabiesFast fall asleep with whales, sea, storm, chants... Try it for free Anti-snoringSleep talk recording Try it for free CAPTCHATasks that get you out of bed Try it for free Sleep as AndroidWhat our users say“Hands down the most complete sleep management app","2026-05-31T03:23:27.139Z","medium","ok"
"CP_0498","Sleep as Android: Smart alarm","Petr Nálevka (Urbandroid)","public_web","company_positioning_page","Company/public web positioning","https://sleep.urbandroid.org/","http://sleep.urbandroid.org","https://sleep.urbandroid.org/","sleep.urbandroid.org","mindfulness","homepage","known_domain_homepage","498","homepage","","","no_clean_public_monetization_signal","yes","","Sleep as Android - Sleep as Android Sleep as Android - Sleep as Android Skip to contentSleep as AndroidNEWSDOCSSUPPORTGET ITPRIVACYSLEEPCLOUD Sleep phase trackingUsing phone or wearable sensors Try it for free Smart alarmGreat mornings with natural wake up Try it for free LullabiesFast fall asleep with whales, sea, storm, chants... Try it for free Anti-snoringSleep talk recording Try it for free CAPTCHATasks that get you out of bed Try it for free Sleep as AndroidWhat our users say“Hands down the most complete sleep management app","mindfulness_reset|habit_action_loop","","mindfulness_reset","no_pricing_signal","Sleep as Android - Sleep as Android","200","ok","homepage","mindfulness_reset|habit_action_loop","no_clean_public_monetization_signal","","public_company_or_product_page","Sleep as Android - Sleep as Android Skip to contentSleep as AndroidNEWSDOCSSUPPORTGET ITPRIVACYSLEEPCLOUD Sleep phase trackingUsing phone or wearable sensors Try it for free Smart alarmGreat mornings with natural wake up Try it for free LullabiesFast fall asleep with whales, sea, storm, chants... Try it for free Anti-snoringSleep talk recording Try it for free CAPTCHATasks that get you out of bed Try it for free Sleep as AndroidWhat our users say“Hands down the most complete sleep management app","2026-05-31T03:23:29.347Z","medium","ok"
"CP_0499","Sleep as Android: Smart alarm","Petr Nálevka (Urbandroid)","public_web","company_positioning_page","Company/public web positioning","http://sleep.urbandroid.org/pricing","http://sleep.urbandroid.org/pricing","http://sleep.urbandroid.org/pricing","sleep.urbandroid.org","mindfulness","pricing_or_plan_page","known_domain_pricing_or_plan_page","499","pricing_or_plan_page","","","subscription_or_premium_language","yes","yes_or_language_present","Page not found - Sleep as Android Page not found - Sleep as Android Skip to contentSleep as AndroidNEWSDOCSSUPPORTGET ITPRIVACYSLEEPCLOUD Oops! That page can’t be found.It looks like nothing was found at this location. Maybe try one of the links below or a search? Search for: Privacy & Cookies: This site uses cookies. By continuing to use this website, you agree to their use. To find out more, including how to control cookies, see here: Cookie Policy Proudly powered by WordPress | Theme: Sydney by aThemes.","mindfulness_reset","","mindfulness_reset","no_pricing_signal","Page not found - Sleep as Android","404","error:http_404","pricing_or_plan_page","mindfulness_reset","subscription_or_premium_language","","unreachable_or_not_found","Page not found - Sleep as Android Skip to contentSleep as AndroidNEWSDOCSSUPPORTGET ITPRIVACYSLEEPCLOUD Oops! That page can’t be found.It looks like nothing was found at this location. Maybe try one of the links below or a search? Search for: Privacy & Cookies: This site uses cookies. By continuing to use this website, you agree to their use. To find out more, including how to control cookies, see here: Cookie Policy Proudly powered by WordPress | Theme: Sydney by aThemes.","2026-05-31T03:23:30.721Z","low","error:http_404"
"CP_0500","Sleep as Android: Smart alarm","Petr Nálevka (Urbandroid)","public_web","company_positioning_page","Company/public web positioning","http://sleep.urbandroid.org/plans","http://sleep.urbandroid.org/plans","http://sleep.urbandroid.org/plans","sleep.urbandroid.org","mindfulness","pricing_or_plan_page","known_domain_pricing_or_plan_page","500","pricing_or_plan_page","","","subscription_or_premium_language","yes","yes_or_language_present","Page not found - Sleep as Android Page not found - Sleep as Android Skip to contentSleep as AndroidNEWSDOCSSUPPORTGET ITPRIVACYSLEEPCLOUD Oops! That page can’t be found.It looks like nothing was found at this location. Maybe try one of the links below or a search? Search for: Privacy & Cookies: This site uses cookies. By continuing to use this website, you agree to their use. To find out more, including how to control cookies, see here: Cookie Policy Proudly powered by WordPress | Theme: Sydney by aThemes.","mindfulness_reset","","mindfulness_reset","no_pricing_signal","Page not found - Sleep as Android","404","error:http_404","pricing_or_plan_page","mindfulness_reset","subscription_or_premium_language","","unreachable_or_not_found","Page not found - Sleep as Android Skip to contentSleep as AndroidNEWSDOCSSUPPORTGET ITPRIVACYSLEEPCLOUD Oops! That page can’t be found.It looks like nothing was found at this location. Maybe try one of the links below or a search? Search for: Privacy & Cookies: This site uses cookies. By continuing to use this website, you agree to their use. To find out more, including how to control cookies, see here: Cookie Policy Proudly powered by WordPress | Theme: Sydney by aThemes.","2026-05-31T03:23:32.952Z","low","error:http_404"
"CP_0501","Sleep as Android: Smart alarm","Petr Nálevka (Urbandroid)","public_web","company_positioning_page","Company/public web positioning","http://sleep.urbandroid.org/premium","http://sleep.urbandroid.org/premium","http://sleep.urbandroid.org/premium","sleep.urbandroid.org","mindfulness","pricing_or_plan_page","known_domain_pricing_or_plan_page","501","pricing_or_plan_page","","","subscription_or_premium_language","yes","yes_or_language_present","Page not found - Sleep as Android Page not found - Sleep as Android Skip to contentSleep as AndroidNEWSDOCSSUPPORTGET ITPRIVACYSLEEPCLOUD Oops! That page can’t be found.It looks like nothing was found at this location. Maybe try one of the links below or a search? Search for: Privacy & Cookies: This site uses cookies. By continuing to use this website, you agree to their use. To find out more, including how to control cookies, see here: Cookie Policy Proudly powered by WordPress | Theme: Sydney by aThemes.","mindfulness_reset","","mindfulness_reset","no_pricing_signal","Page not found - Sleep as Android","404","error:http_404","pricing_or_plan_page","mindfulness_reset","subscription_or_premium_language","","unreachable_or_not_found","Page not found - Sleep as Android Skip to contentSleep as AndroidNEWSDOCSSUPPORTGET ITPRIVACYSLEEPCLOUD Oops! That page can’t be found.It looks like nothing was found at this location. Maybe try one of the links below or a search? Search for: Privacy & Cookies: This site uses cookies. By continuing to use this website, you agree to their use. To find out more, including how to control cookies, see here: Cookie Policy Proudly powered by WordPress | Theme: Sydney by aThemes.","2026-05-31T03:23:34.174Z","low","error:http_404"
"CP_0502","Sleep as Android: Smart alarm","Petr Nálevka (Urbandroid)","public_web","company_positioning_page","Company/public web positioning","http://sleep.urbandroid.org/subscribe","http://sleep.urbandroid.org/subscribe","http://sleep.urbandroid.org/subscribe","sleep.urbandroid.org","mindfulness","pricing_or_plan_page","known_domain_pricing_or_plan_page","502","pricing_or_plan_page","","","subscription_or_premium_language","yes","yes_or_language_present","Page not found - Sleep as Android Page not found - Sleep as Android Skip to contentSleep as AndroidNEWSDOCSSUPPORTGET ITPRIVACYSLEEPCLOUD Oops! That page can’t be found.It looks like nothing was found at this location. Maybe try one of the links below or a search? Search for: Privacy & Cookies: This site uses cookies. By continuing to use this website, you agree to their use. To find out more, including how to control cookies, see here: Cookie Policy Proudly powered by WordPress | Theme: Sydney by aThemes.","mindfulness_reset","","mindfulness_reset","no_pricing_signal","Page not found - Sleep as Android","404","error:http_404","pricing_or_plan_page","mindfulness_reset","subscription_or_premium_language","","unreachable_or_not_found","Page not found - Sleep as Android Skip to contentSleep as AndroidNEWSDOCSSUPPORTGET ITPRIVACYSLEEPCLOUD Oops! That page can’t be found.It looks like nothing was found at this location. Maybe try one of the links below or a search? Search for: Privacy & Cookies: This site uses cookies. By continuing to use this website, you agree to their use. To find out more, including how to control cookies, see here: Cookie Policy Proudly powered by WordPress | Theme: Sydney by aThemes.","2026-05-31T03:23:35.435Z","low","error:http_404"
"CP_0503","Sleep as Android: Smart alarm","Petr Nálevka (Urbandroid)","public_web","company_positioning_page","Company/public web positioning","http://sleep.urbandroid.org/subscription","http://sleep.urbandroid.org/subscription","http://sleep.urbandroid.org/subscription","sleep.urbandroid.org","mindfulness","pricing_or_plan_page","known_domain_pricing_or_plan_page","503","pricing_or_plan_page","","","subscription_or_premium_language","yes","yes_or_language_present","Page not found - Sleep as Android Page not found - Sleep as Android Skip to contentSleep as AndroidNEWSDOCSSUPPORTGET ITPRIVACYSLEEPCLOUD Oops! That page can’t be found.It looks like nothing was found at this location. Maybe try one of the links below or a search? Search for: Privacy & Cookies: This site uses cookies. By continuing to use this website, you agree to their use. To find out more, including how to control cookies, see here: Cookie Policy Proudly powered by WordPress | Theme: Sydney by aThemes.","mindfulness_reset","","mindfulness_reset","no_pricing_signal","Page not found - Sleep as Android","404","error:http_404","pricing_or_plan_page","mindfulness_reset","subscription_or_premium_language","","unreachable_or_not_found","Page not found - Sleep as Android Skip to contentSleep as AndroidNEWSDOCSSUPPORTGET ITPRIVACYSLEEPCLOUD Oops! That page can’t be found.It looks like nothing was found at this location. Maybe try one of the links below or a search? Search for: Privacy & Cookies: This site uses cookies. By continuing to use this website, you agree to their use. To find out more, including how to control cookies, see here: Cookie Policy Proudly powered by WordPress | Theme: Sydney by aThemes.","2026-05-31T03:23:36.755Z","low","error:http_404"
"CP_0504","Sleep as Android: Smart alarm","Petr Nálevka (Urbandroid)","public_web","company_positioning_page","Company/public web positioning","http://sleep.urbandroid.org/upgrade","http://sleep.urbandroid.org/upgrade","http://sleep.urbandroid.org/upgrade","sleep.urbandroid.org","mindfulness","pricing_or_plan_page","known_domain_pricing_or_plan_page","504","pricing_or_plan_page","","","subscription_or_premium_language","yes","yes_or_language_present","Page not found - Sleep as Android Page not found - Sleep as Android Skip to contentSleep as AndroidNEWSDOCSSUPPORTGET ITPRIVACYSLEEPCLOUD Oops! That page can’t be found.It looks like nothing was found at this location. Maybe try one of the links below or a search? Search for: Privacy & Cookies: This site uses cookies. By continuing to use this website, you agree to their use. To find out more, including how to control cookies, see here: Cookie Policy Proudly powered by WordPress | Theme: Sydney by aThemes.","mindfulness_reset","","mindfulness_reset","no_pricing_signal","Page not found - Sleep as Android","404","error:http_404","pricing_or_plan_page","mindfulness_reset","subscription_or_premium_language","","unreachable_or_not_found","Page not found - Sleep as Android Skip to contentSleep as AndroidNEWSDOCSSUPPORTGET ITPRIVACYSLEEPCLOUD Oops! That page can’t be found.It looks like nothing was found at this location. Maybe try one of the links below or a search? Search for: Privacy & Cookies: This site uses cookies. By continuing to use this website, you agree to their use. To find out more, including how to control cookies, see here: Cookie Policy Proudly powered by WordPress | Theme: Sydney by aThemes.","2026-05-31T03:23:38.882Z","low","error:http_404"
"CP_0505","Co–Star Personalized Astrology","Co–Star Astrology Society","public_web","company_positioning_page","Company/public web positioning","https://www.costarastrology.com/","https://www.costarastrology.com/","https://www.costarastrology.com/","costarastrology.com","astrology_esoterics","homepage","known_domain_homepage","505","homepage","","","no_clean_public_monetization_signal","yes","","Co – Star: Hyper-Personalized, Real-Time Horoscopes Co – Star: Hyper-Personalized, Real-Time Horoscopes","ai_or_personalization|avatar_identity|astrology_spiritual","ai_or_personalization|avatar_identity","astrology_spiritual","no_pricing_signal","Co – Star: Hyper-Personalized, Real-Time Horoscopes","200","ok","homepage","ai_or_personalization|avatar_identity|astrology_spiritual","no_clean_public_monetization_signal","","public_company_or_product_page","Co – Star: Hyper-Personalized, Real-Time Horoscopes","2026-05-31T03:23:39.833Z","low","ok"
"CP_0506","Co–Star Personalized Astrology","Co–Star Astrology Society","public_web","company_positioning_page","Company/public web positioning","https://www.costarastrology.com/","https://www.costarastrology.com","https://www.costarastrology.com/","costarastrology.com","astrology_esoterics","homepage","known_domain_homepage","506","homepage","","","no_clean_public_monetization_signal","yes","","Co – Star: Hyper-Personalized, Real-Time Horoscopes Co – Star: Hyper-Personalized, Real-Time Horoscopes","ai_or_personalization|avatar_identity|astrology_spiritual","ai_or_personalization|avatar_identity","astrology_spiritual","no_pricing_signal","Co – Star: Hyper-Personalized, Real-Time Horoscopes","200","ok","homepage","ai_or_personalization|avatar_identity|astrology_spiritual","no_clean_public_monetization_signal","","public_company_or_product_page","Co – Star: Hyper-Personalized, Real-Time Horoscopes","2026-05-31T03:23:40.752Z","low","ok"
"CP_0507","Co–Star Personalized Astrology","Co–Star Astrology Society","public_web","company_positioning_page","Company/public web positioning","https://www.costarastrology.com/pricing","https://www.costarastrology.com/pricing","https://www.costarastrology.com/pricing","costarastrology.com","astrology_esoterics","pricing_or_plan_page","known_domain_pricing_or_plan_page","507","pricing_or_plan_page","","","visible_price_or_pricing_language","yes","","Co – Star: Hyper-Personalized, Real-Time Horoscopes Co – Star: Hyper-Personalized, Real-Time Horoscopes","ai_or_personalization|avatar_identity|astrology_spiritual","ai_or_personalization|avatar_identity","astrology_spiritual","pricing_page","Co – Star: Hyper-Personalized, Real-Time Horoscopes","200","ok","pricing_or_plan_page","ai_or_personalization|avatar_identity|astrology_spiritual","visible_price_or_pricing_language","","public_company_or_product_page","Co – Star: Hyper-Personalized, Real-Time Horoscopes","2026-05-31T03:23:41.988Z","medium_high","ok"
"CP_0508","Co–Star Personalized Astrology","Co–Star Astrology Society","public_web","company_positioning_page","Company/public web positioning","https://www.costarastrology.com/plans","https://www.costarastrology.com/plans","https://www.costarastrology.com/plans","costarastrology.com","astrology_esoterics","pricing_or_plan_page","known_domain_pricing_or_plan_page","508","pricing_or_plan_page","","","visible_price_or_pricing_language","yes","","Co – Star: Hyper-Personalized, Real-Time Horoscopes Co – Star: Hyper-Personalized, Real-Time Horoscopes","ai_or_personalization|avatar_identity|astrology_spiritual","ai_or_personalization|avatar_identity","astrology_spiritual","pricing_page","Co – Star: Hyper-Personalized, Real-Time Horoscopes","200","ok","pricing_or_plan_page","ai_or_personalization|avatar_identity|astrology_spiritual","visible_price_or_pricing_language","","public_company_or_product_page","Co – Star: Hyper-Personalized, Real-Time Horoscopes","2026-05-31T03:23:43.722Z","medium_high","ok"
"CP_0509","Co–Star Personalized Astrology","Co–Star Astrology Society","public_web","company_positioning_page","Company/public web positioning","https://www.costarastrology.com/premium","https://www.costarastrology.com/premium","https://www.costarastrology.com/premium","costarastrology.com","astrology_esoterics","pricing_or_plan_page","known_domain_pricing_or_plan_page","509","pricing_or_plan_page","","","visible_price_or_pricing_language","yes","","Co – Star: Hyper-Personalized, Real-Time Horoscopes Co – Star: Hyper-Personalized, Real-Time Horoscopes","ai_or_personalization|avatar_identity|astrology_spiritual","ai_or_personalization|avatar_identity","astrology_spiritual","pricing_page","Co – Star: Hyper-Personalized, Real-Time Horoscopes","200","ok","pricing_or_plan_page","ai_or_personalization|avatar_identity|astrology_spiritual","visible_price_or_pricing_language","","public_company_or_product_page","Co – Star: Hyper-Personalized, Real-Time Horoscopes","2026-05-31T03:23:44.951Z","medium_high","ok"
"CP_0510","Co–Star Personalized Astrology","Co–Star Astrology Society","public_web","company_positioning_page","Company/public web positioning","https://www.costarastrology.com/subscribe","https://www.costarastrology.com/subscribe","https://www.costarastrology.com/subscribe","costarastrology.com","astrology_esoterics","pricing_or_plan_page","known_domain_pricing_or_plan_page","510","pricing_or_plan_page","","","visible_price_or_pricing_language","yes","","Co – Star: Hyper-Personalized, Real-Time Horoscopes Co – Star: Hyper-Personalized, Real-Time Horoscopes","ai_or_personalization|avatar_identity|astrology_spiritual","ai_or_personalization|avatar_identity","astrology_spiritual","pricing_page","Co – Star: Hyper-Personalized, Real-Time Horoscopes","200","ok","pricing_or_plan_page","ai_or_personalization|avatar_identity|astrology_spiritual","visible_price_or_pricing_language","","public_company_or_product_page","Co – Star: Hyper-Personalized, Real-Time Horoscopes","2026-05-31T03:23:46.093Z","medium_high","ok"
"CP_0511","Co–Star Personalized Astrology","Co–Star Astrology Society","public_web","company_positioning_page","Company/public web positioning","https://www.costarastrology.com/subscription","https://www.costarastrology.com/subscription","https://www.costarastrology.com/subscription","costarastrology.com","astrology_esoterics","pricing_or_plan_page","known_domain_pricing_or_plan_page","511","pricing_or_plan_page","","","visible_price_or_pricing_language","yes","","Co – Star: Hyper-Personalized, Real-Time Horoscopes Co – Star: Hyper-Personalized, Real-Time Horoscopes","ai_or_personalization|avatar_identity|astrology_spiritual","ai_or_personalization|avatar_identity","astrology_spiritual","pricing_page","Co – Star: Hyper-Personalized, Real-Time Horoscopes","200","ok","pricing_or_plan_page","ai_or_personalization|avatar_identity|astrology_spiritual","visible_price_or_pricing_language","","public_company_or_product_page","Co – Star: Hyper-Personalized, Real-Time Horoscopes","2026-05-31T03:23:47.710Z","medium_high","ok"
"CP_0512","Co–Star Personalized Astrology","Co–Star Astrology Society","public_web","company_positioning_page","Company/public web positioning","https://www.costarastrology.com/upgrade","https://www.costarastrology.com/upgrade","https://www.costarastrology.com/upgrade","costarastrology.com","astrology_esoterics","pricing_or_plan_page","known_domain_pricing_or_plan_page","512","pricing_or_plan_page","","","visible_price_or_pricing_language","yes","","Co – Star: Hyper-Personalized, Real-Time Horoscopes Co – Star: Hyper-Personalized, Real-Time Horoscopes","ai_or_personalization|avatar_identity|astrology_spiritual","ai_or_personalization|avatar_identity","astrology_spiritual","pricing_page","Co – Star: Hyper-Personalized, Real-Time Horoscopes","200","ok","pricing_or_plan_page","ai_or_personalization|avatar_identity|astrology_spiritual","visible_price_or_pricing_language","","public_company_or_product_page","Co – Star: Hyper-Personalized, Real-Time Horoscopes","2026-05-31T03:23:48.843Z","medium_high","ok"
"CP_0513","Yodha My Astrology Horoscope","Yodha","public_web","company_positioning_page","Company/public web positioning","https://yodha.app/","https://yodha.app/","https://yodha.app/","yodha.app","astrology_esoterics","homepage","known_domain_homepage","513","homepage","","","subscription_or_premium_language|b2b_sales_motion","yes","yes_or_language_present","Home Home About Yodha Our Team Yodha in Media Contacts Want more than a horoscope? Get your own Astrologer Receive a horoscope reading that is far beyond ordinary! Yodha app provides deep insight into all life’s questions by making personalized predictions from Vedic astrologers. With its thorough analysis of birth charts, zodiac signs, relevant surroundings, and personal factors, Vedic astrology connects people with their human design. It highlights natural strengths, love compatibility, and innate","ai_or_personalization|habit_action_loop|avatar_identity|astrology_spiritual|progress_feedback|b2b_enterprise","ai_or_personalization|avatar_identity","astrology_spiritual|b2b_enterprise","app_store_redirect","Home","200","ok","homepage","ai_or_personalization|habit_action_loop|avatar_identity|astrology_spiritual|progress_feedback|b2b_enterprise","subscription_or_premium_language|b2b_sales_motion","","b2b_or_parent_context_possible","Home About Yodha Our Team Yodha in Media Contacts Want more than a horoscope? Get your own Astrologer Receive a horoscope reading that is far beyond ordinary! Yodha app provides deep insight into all life’s questions by making personalized predictions from Vedic astrologers. With its thorough analysis of birth charts, zodiac signs, relevant surroundings, and personal factors, Vedic astrology connects people with their human design. It highlights natural strengths, love compatibility, and innate","2026-05-31T03:23:50.598Z","medium","ok"
"CP_0514","Yodha My Astrology Horoscope","Yodha","public_web","company_positioning_page","Company/public web positioning","https://yodha.app/","https://yodha.app","https://yodha.app/","yodha.app","astrology_esoterics","homepage","known_domain_homepage","514","homepage","","","subscription_or_premium_language|b2b_sales_motion","yes","yes_or_language_present","Home Home About Yodha Our Team Yodha in Media Contacts Want more than a horoscope? Get your own Astrologer Receive a horoscope reading that is far beyond ordinary! Yodha app provides deep insight into all life’s questions by making personalized predictions from Vedic astrologers. With its thorough analysis of birth charts, zodiac signs, relevant surroundings, and personal factors, Vedic astrology connects people with their human design. It highlights natural strengths, love compatibility, and innate","ai_or_personalization|habit_action_loop|avatar_identity|astrology_spiritual|progress_feedback|b2b_enterprise","ai_or_personalization|avatar_identity","astrology_spiritual|b2b_enterprise","app_store_redirect","Home","200","ok","homepage","ai_or_personalization|habit_action_loop|avatar_identity|astrology_spiritual|progress_feedback|b2b_enterprise","subscription_or_premium_language|b2b_sales_motion","","b2b_or_parent_context_possible","Home About Yodha Our Team Yodha in Media Contacts Want more than a horoscope? Get your own Astrologer Receive a horoscope reading that is far beyond ordinary! Yodha app provides deep insight into all life’s questions by making personalized predictions from Vedic astrologers. With its thorough analysis of birth charts, zodiac signs, relevant surroundings, and personal factors, Vedic astrology connects people with their human design. It highlights natural strengths, love compatibility, and innate","2026-05-31T03:23:51.411Z","medium","ok"
"CP_0515","Yodha My Astrology Horoscope","Yodha","public_web","company_positioning_page","Company/public web positioning","https://yodha.app/pricing","https://yodha.app/pricing","https://yodha.app/pricing","yodha.app","astrology_esoterics","pricing_or_plan_page","known_domain_pricing_or_plan_page","515","pricing_or_plan_page","","","b2b_sales_motion","yes","","Page not found – Yodha app – daily horoscope and accurate predictions from Vedic astrologers Page not found – Yodha app – daily horoscope and accurate predictions from Vedic astrologers About Yodha Our Team Yodha in Media Contacts Want more than a horoscope? Get your own Astrologer 404. Page not foundBACK HOME Get your personal prediction! Rating Google Play 4,9 out of 5 Rating App Store 4,9 out of 5 © 2026 APPBULBY LIMITEDTerms & Conditions I Privacy I Content To help you quickly find what you are looking for on our site, we use cookies. Some of these cookies are essential and cannot b","habit_action_loop|avatar_identity|astrology_spiritual|b2b_enterprise|game_progression","avatar_identity","astrology_spiritual|b2b_enterprise|game_progression","no_pricing_signal","Page not found – Yodha app – daily horoscope and accurate predictions from Vedic astrologers","404","error:http_404","pricing_or_plan_page","habit_action_loop|avatar_identity|astrology_spiritual|b2b_enterprise|game_progression","b2b_sales_motion","","b2b_or_parent_context_possible","Page not found – Yodha app – daily horoscope and accurate predictions from Vedic astrologers About Yodha Our Team Yodha in Media Contacts Want more than a horoscope? Get your own Astrologer 404. Page not foundBACK HOME Get your personal prediction! Rating Google Play 4,9 out of 5 Rating App Store 4,9 out of 5 © 2026 APPBULBY LIMITEDTerms & Conditions I Privacy I Content To help you quickly find what you are looking for on our site, we use cookies. Some of these cookies are essential and cannot b","2026-05-31T03:23:52.167Z","low","error:http_404"
"CP_0516","Yodha My Astrology Horoscope","Yodha","public_web","company_positioning_page","Company/public web positioning","https://yodha.app/plans","https://yodha.app/plans","https://yodha.app/plans","yodha.app","astrology_esoterics","pricing_or_plan_page","known_domain_pricing_or_plan_page","516","pricing_or_plan_page","","","b2b_sales_motion","yes","","Page not found – Yodha app – daily horoscope and accurate predictions from Vedic astrologers Page not found – Yodha app – daily horoscope and accurate predictions from Vedic astrologers About Yodha Our Team Yodha in Media Contacts Want more than a horoscope? Get your own Astrologer 404. Page not foundBACK HOME Get your personal prediction! Rating Google Play 4,9 out of 5 Rating App Store 4,9 out of 5 © 2026 APPBULBY LIMITEDTerms & Conditions I Privacy I Content To help you quickly find what you are looking for on our site, we use cookies. Some of these cookies are essential and cannot b","habit_action_loop|avatar_identity|astrology_spiritual|b2b_enterprise|game_progression","avatar_identity","astrology_spiritual|b2b_enterprise|game_progression","no_pricing_signal","Page not found – Yodha app – daily horoscope and accurate predictions from Vedic astrologers","404","error:http_404","pricing_or_plan_page","habit_action_loop|avatar_identity|astrology_spiritual|b2b_enterprise|game_progression","b2b_sales_motion","","b2b_or_parent_context_possible","Page not found – Yodha app – daily horoscope and accurate predictions from Vedic astrologers About Yodha Our Team Yodha in Media Contacts Want more than a horoscope? Get your own Astrologer 404. Page not foundBACK HOME Get your personal prediction! Rating Google Play 4,9 out of 5 Rating App Store 4,9 out of 5 © 2026 APPBULBY LIMITEDTerms & Conditions I Privacy I Content To help you quickly find what you are looking for on our site, we use cookies. Some of these cookies are essential and cannot b","2026-05-31T03:23:52.990Z","low","error:http_404"
"CP_0517","Yodha My Astrology Horoscope","Yodha","public_web","company_positioning_page","Company/public web positioning","https://yodha.app/premium","https://yodha.app/premium","https://yodha.app/premium","yodha.app","astrology_esoterics","pricing_or_plan_page","known_domain_pricing_or_plan_page","517","pricing_or_plan_page","","","b2b_sales_motion","yes","","Page not found – Yodha app – daily horoscope and accurate predictions from Vedic astrologers Page not found – Yodha app – daily horoscope and accurate predictions from Vedic astrologers About Yodha Our Team Yodha in Media Contacts Want more than a horoscope? Get your own Astrologer 404. Page not foundBACK HOME Get your personal prediction! Rating Google Play 4,9 out of 5 Rating App Store 4,9 out of 5 © 2026 APPBULBY LIMITEDTerms & Conditions I Privacy I Content To help you quickly find what you are looking for on our site, we use cookies. Some of these cookies are essential and cannot b","habit_action_loop|avatar_identity|astrology_spiritual|b2b_enterprise|game_progression","avatar_identity","astrology_spiritual|b2b_enterprise|game_progression","no_pricing_signal","Page not found – Yodha app – daily horoscope and accurate predictions from Vedic astrologers","404","error:http_404","pricing_or_plan_page","habit_action_loop|avatar_identity|astrology_spiritual|b2b_enterprise|game_progression","b2b_sales_motion","","b2b_or_parent_context_possible","Page not found – Yodha app – daily horoscope and accurate predictions from Vedic astrologers About Yodha Our Team Yodha in Media Contacts Want more than a horoscope? Get your own Astrologer 404. Page not foundBACK HOME Get your personal prediction! Rating Google Play 4,9 out of 5 Rating App Store 4,9 out of 5 © 2026 APPBULBY LIMITEDTerms & Conditions I Privacy I Content To help you quickly find what you are looking for on our site, we use cookies. Some of these cookies are essential and cannot b","2026-05-31T03:23:53.715Z","low","error:http_404"
"CP_0518","Yodha My Astrology Horoscope","Yodha","public_web","company_positioning_page","Company/public web positioning","https://yodha.app/subscribe","https://yodha.app/subscribe","https://yodha.app/subscribe","yodha.app","astrology_esoterics","pricing_or_plan_page","known_domain_pricing_or_plan_page","518","pricing_or_plan_page","","","b2b_sales_motion","yes","","Page not found – Yodha app – daily horoscope and accurate predictions from Vedic astrologers Page not found – Yodha app – daily horoscope and accurate predictions from Vedic astrologers About Yodha Our Team Yodha in Media Contacts Want more than a horoscope? Get your own Astrologer 404. Page not foundBACK HOME Get your personal prediction! Rating Google Play 4,9 out of 5 Rating App Store 4,9 out of 5 © 2026 APPBULBY LIMITEDTerms & Conditions I Privacy I Content To help you quickly find what you are looking for on our site, we use cookies. Some of these cookies are essential and cannot b","habit_action_loop|avatar_identity|astrology_spiritual|b2b_enterprise|game_progression","avatar_identity","astrology_spiritual|b2b_enterprise|game_progression","no_pricing_signal","Page not found – Yodha app – daily horoscope and accurate predictions from Vedic astrologers","404","error:http_404","pricing_or_plan_page","habit_action_loop|avatar_identity|astrology_spiritual|b2b_enterprise|game_progression","b2b_sales_motion","","b2b_or_parent_context_possible","Page not found – Yodha app – daily horoscope and accurate predictions from Vedic astrologers About Yodha Our Team Yodha in Media Contacts Want more than a horoscope? Get your own Astrologer 404. Page not foundBACK HOME Get your personal prediction! Rating Google Play 4,9 out of 5 Rating App Store 4,9 out of 5 © 2026 APPBULBY LIMITEDTerms & Conditions I Privacy I Content To help you quickly find what you are looking for on our site, we use cookies. Some of these cookies are essential and cannot b","2026-05-31T03:23:54.448Z","low","error:http_404"
"CP_0519","Yodha My Astrology Horoscope","Yodha","public_web","company_positioning_page","Company/public web positioning","https://yodha.app/subscription","https://yodha.app/subscription","https://yodha.app/subscription","yodha.app","astrology_esoterics","pricing_or_plan_page","known_domain_pricing_or_plan_page","519","pricing_or_plan_page","","","b2b_sales_motion","yes","","Page not found – Yodha app – daily horoscope and accurate predictions from Vedic astrologers Page not found – Yodha app – daily horoscope and accurate predictions from Vedic astrologers About Yodha Our Team Yodha in Media Contacts Want more than a horoscope? Get your own Astrologer 404. Page not foundBACK HOME Get your personal prediction! Rating Google Play 4,9 out of 5 Rating App Store 4,9 out of 5 © 2026 APPBULBY LIMITEDTerms & Conditions I Privacy I Content To help you quickly find what you are looking for on our site, we use cookies. Some of these cookies are essential and cannot b","habit_action_loop|avatar_identity|astrology_spiritual|b2b_enterprise|game_progression","avatar_identity","astrology_spiritual|b2b_enterprise|game_progression","no_pricing_signal","Page not found – Yodha app – daily horoscope and accurate predictions from Vedic astrologers","404","error:http_404","pricing_or_plan_page","habit_action_loop|avatar_identity|astrology_spiritual|b2b_enterprise|game_progression","b2b_sales_motion","","b2b_or_parent_context_possible","Page not found – Yodha app – daily horoscope and accurate predictions from Vedic astrologers About Yodha Our Team Yodha in Media Contacts Want more than a horoscope? Get your own Astrologer 404. Page not foundBACK HOME Get your personal prediction! Rating Google Play 4,9 out of 5 Rating App Store 4,9 out of 5 © 2026 APPBULBY LIMITEDTerms & Conditions I Privacy I Content To help you quickly find what you are looking for on our site, we use cookies. Some of these cookies are essential and cannot b","2026-05-31T03:23:55.199Z","low","error:http_404"
"CP_0520","Yodha My Astrology Horoscope","Yodha","public_web","company_positioning_page","Company/public web positioning","https://yodha.app/upgrade","https://yodha.app/upgrade","https://yodha.app/upgrade","yodha.app","astrology_esoterics","pricing_or_plan_page","known_domain_pricing_or_plan_page","520","pricing_or_plan_page","","","b2b_sales_motion","yes","","Page not found – Yodha app – daily horoscope and accurate predictions from Vedic astrologers Page not found – Yodha app – daily horoscope and accurate predictions from Vedic astrologers About Yodha Our Team Yodha in Media Contacts Want more than a horoscope? Get your own Astrologer 404. Page not foundBACK HOME Get your personal prediction! Rating Google Play 4,9 out of 5 Rating App Store 4,9 out of 5 © 2026 APPBULBY LIMITEDTerms & Conditions I Privacy I Content To help you quickly find what you are looking for on our site, we use cookies. Some of these cookies are essential and cannot b","habit_action_loop|avatar_identity|astrology_spiritual|b2b_enterprise|game_progression","avatar_identity","astrology_spiritual|b2b_enterprise|game_progression","no_pricing_signal","Page not found – Yodha app – daily horoscope and accurate predictions from Vedic astrologers","404","error:http_404","pricing_or_plan_page","habit_action_loop|avatar_identity|astrology_spiritual|b2b_enterprise|game_progression","b2b_sales_motion","","b2b_or_parent_context_possible","Page not found – Yodha app – daily horoscope and accurate predictions from Vedic astrologers About Yodha Our Team Yodha in Media Contacts Want more than a horoscope? Get your own Astrologer 404. Page not foundBACK HOME Get your personal prediction! Rating Google Play 4,9 out of 5 Rating App Store 4,9 out of 5 © 2026 APPBULBY LIMITEDTerms & Conditions I Privacy I Content To help you quickly find what you are looking for on our site, we use cookies. Some of these cookies are essential and cannot b","2026-05-31T03:23:56.018Z","low","error:http_404"
"CP_0521","Nebula: Spiritual Guidance","OBRIO","public_web","company_positioning_page","Company/public web positioning","https://www.asknebula.com/","https://www.asknebula.com/","https://www.asknebula.com/","asknebula.com","astrology_esoterics","homepage","known_domain_homepage","521","homepage","","","visible_price_or_pricing_language|subscription_or_premium_language|purchase_or_upgrade_cta","yes","yes_or_language_present","Nebula | Psychic Reading Online - Find Your Psychic Reader Nebula | Psychic Reading Online - Find Your Psychic Reader ⭐ If you're looking for cosmic guidance, Nebula psychic readers will answer every question you might have 💫 Learn what's written in the stars. 3 Minutes FREE + 80% OFF For New Customers3 Minutes FREE + 80% OFF For New CustomersTry nowPsychic ReadingsPsychic ReadingTarot ReadingAstrology ReadingAura ReadingNumerology ReadingPalm ReadingPhone Psychic ReadingEmail Psychic ReadingPsychicsAll PsychicsFree Psychic ReadingCheap PsychicAsk Psyc","habit_action_loop|astrology_spiritual","","astrology_spiritual","$3.99|$1","Nebula | Psychic Reading Online - Find Your Psychic Reader","200","ok","homepage","habit_action_loop|astrology_spiritual","visible_price_or_pricing_language|subscription_or_premium_language|purchase_or_upgrade_cta","$3.99|$1","public_company_or_product_page","Nebula | Psychic Reading Online - Find Your Psychic Reader ⭐ If you're looking for cosmic guidance, Nebula psychic readers will answer every question you might have 💫 Learn what's written in the stars. 3 Minutes FREE + 80% OFF For New Customers3 Minutes FREE + 80% OFF For New CustomersTry nowPsychic ReadingsPsychic ReadingTarot ReadingAstrology ReadingAura ReadingNumerology ReadingPalm ReadingPhone Psychic ReadingEmail Psychic ReadingPsychicsAll PsychicsFree Psychic ReadingCheap PsychicAsk Psyc","2026-05-31T03:23:57.478Z","medium_high","ok"
"CP_0522","Nebula: Spiritual Guidance","OBRIO","public_web","company_positioning_page","Company/public web positioning","https://www.asknebula.com/","https://www.asknebula.com","https://www.asknebula.com/","asknebula.com","astrology_esoterics","homepage","known_domain_homepage","522","homepage","","","visible_price_or_pricing_language|subscription_or_premium_language|purchase_or_upgrade_cta","yes","yes_or_language_present","Nebula | Psychic Reading Online - Find Your Psychic Reader Nebula | Psychic Reading Online - Find Your Psychic Reader ⭐ If you're looking for cosmic guidance, Nebula psychic readers will answer every question you might have 💫 Learn what's written in the stars. 3 Minutes FREE + 80% OFF For New Customers3 Minutes FREE + 80% OFF For New CustomersTry nowPsychic ReadingsPsychic ReadingTarot ReadingAstrology ReadingAura ReadingNumerology ReadingPalm ReadingPhone Psychic ReadingEmail Psychic ReadingPsychicsAll PsychicsFree Psychic ReadingCheap PsychicAsk Psyc","habit_action_loop|astrology_spiritual","","astrology_spiritual","$3.99|$1","Nebula | Psychic Reading Online - Find Your Psychic Reader","200","ok","homepage","habit_action_loop|astrology_spiritual","visible_price_or_pricing_language|subscription_or_premium_language|purchase_or_upgrade_cta","$3.99|$1","public_company_or_product_page","Nebula | Psychic Reading Online - Find Your Psychic Reader ⭐ If you're looking for cosmic guidance, Nebula psychic readers will answer every question you might have 💫 Learn what's written in the stars. 3 Minutes FREE + 80% OFF For New Customers3 Minutes FREE + 80% OFF For New CustomersTry nowPsychic ReadingsPsychic ReadingTarot ReadingAstrology ReadingAura ReadingNumerology ReadingPalm ReadingPhone Psychic ReadingEmail Psychic ReadingPsychicsAll PsychicsFree Psychic ReadingCheap PsychicAsk Psyc","2026-05-31T03:23:57.733Z","medium_high","ok"
"CP_0523","Nebula: Spiritual Guidance","OBRIO","public_web","company_positioning_page","Company/public web positioning","https://www.asknebula.com/pricing","https://www.asknebula.com/pricing","https://www.asknebula.com/pricing","asknebula.com","astrology_esoterics","pricing_or_plan_page","known_domain_pricing_or_plan_page","523","pricing_or_plan_page","","","no_clean_public_monetization_signal","yes","","404, Page Not Found 404, Page Not Found Oops! Looks like you've reached the stars we cannot align 3 Minutes FREE + 80% OFF For New Customers3 Minutes FREE + 80% OFF For New CustomersTry nowPsychic ReadingsPsychic ReadingTarot ReadingAstrology ReadingAura ReadingNumerology ReadingPalm ReadingPhone Psychic ReadingEmail Psychic ReadingPsychicsAll PsychicsFree Psychic ReadingCheap PsychicAsk PsychicPsychic ChatTopicsLove ReadingFortune ReadingPast Life ReadingCareer ReadingLost Objects ReadingFertility ReadingSoulmate","astrology_spiritual","","astrology_spiritual","no_pricing_signal","404, Page Not Found","404","error:http_404","pricing_or_plan_page","astrology_spiritual","no_clean_public_monetization_signal","","unreachable_or_not_found","404, Page Not Found Oops! Looks like you've reached the stars we cannot align 3 Minutes FREE + 80% OFF For New Customers3 Minutes FREE + 80% OFF For New CustomersTry nowPsychic ReadingsPsychic ReadingTarot ReadingAstrology ReadingAura ReadingNumerology ReadingPalm ReadingPhone Psychic ReadingEmail Psychic ReadingPsychicsAll PsychicsFree Psychic ReadingCheap PsychicAsk PsychicPsychic ChatTopicsLove ReadingFortune ReadingPast Life ReadingCareer ReadingLost Objects ReadingFertility ReadingSoulmate","2026-05-31T03:23:59.258Z","low","error:http_404"
"CP_0524","Nebula: Spiritual Guidance","OBRIO","public_web","company_positioning_page","Company/public web positioning","https://www.asknebula.com/plans","https://www.asknebula.com/plans","https://www.asknebula.com/plans","asknebula.com","astrology_esoterics","pricing_or_plan_page","known_domain_pricing_or_plan_page","524","pricing_or_plan_page","","","no_clean_public_monetization_signal","yes","","404, Page Not Found 404, Page Not Found Oops! Looks like you've reached the stars we cannot align 3 Minutes FREE + 80% OFF For New Customers3 Minutes FREE + 80% OFF For New CustomersTry nowPsychic ReadingsPsychic ReadingTarot ReadingAstrology ReadingAura ReadingNumerology ReadingPalm ReadingPhone Psychic ReadingEmail Psychic ReadingPsychicsAll PsychicsFree Psychic ReadingCheap PsychicAsk PsychicPsychic ChatTopicsLove ReadingFortune ReadingPast Life ReadingCareer ReadingLost Objects ReadingFertility ReadingSoulmate","astrology_spiritual","","astrology_spiritual","no_pricing_signal","404, Page Not Found","404","error:http_404","pricing_or_plan_page","astrology_spiritual","no_clean_public_monetization_signal","","unreachable_or_not_found","404, Page Not Found Oops! Looks like you've reached the stars we cannot align 3 Minutes FREE + 80% OFF For New Customers3 Minutes FREE + 80% OFF For New CustomersTry nowPsychic ReadingsPsychic ReadingTarot ReadingAstrology ReadingAura ReadingNumerology ReadingPalm ReadingPhone Psychic ReadingEmail Psychic ReadingPsychicsAll PsychicsFree Psychic ReadingCheap PsychicAsk PsychicPsychic ChatTopicsLove ReadingFortune ReadingPast Life ReadingCareer ReadingLost Objects ReadingFertility ReadingSoulmate","2026-05-31T03:24:00.331Z","low","error:http_404"
"CP_0525","Nebula: Spiritual Guidance","OBRIO","public_web","company_positioning_page","Company/public web positioning","https://www.asknebula.com/premium","https://www.asknebula.com/premium","https://www.asknebula.com/premium","asknebula.com","astrology_esoterics","pricing_or_plan_page","known_domain_pricing_or_plan_page","525","pricing_or_plan_page","","","no_clean_public_monetization_signal","yes","","404, Page Not Found 404, Page Not Found Oops! Looks like you've reached the stars we cannot align 3 Minutes FREE + 80% OFF For New Customers3 Minutes FREE + 80% OFF For New CustomersTry nowPsychic ReadingsPsychic ReadingTarot ReadingAstrology ReadingAura ReadingNumerology ReadingPalm ReadingPhone Psychic ReadingEmail Psychic ReadingPsychicsAll PsychicsFree Psychic ReadingCheap PsychicAsk PsychicPsychic ChatTopicsLove ReadingFortune ReadingPast Life ReadingCareer ReadingLost Objects ReadingFertility ReadingSoulmate","astrology_spiritual","","astrology_spiritual","no_pricing_signal","404, Page Not Found","404","error:http_404","pricing_or_plan_page","astrology_spiritual","no_clean_public_monetization_signal","","unreachable_or_not_found","404, Page Not Found Oops! Looks like you've reached the stars we cannot align 3 Minutes FREE + 80% OFF For New Customers3 Minutes FREE + 80% OFF For New CustomersTry nowPsychic ReadingsPsychic ReadingTarot ReadingAstrology ReadingAura ReadingNumerology ReadingPalm ReadingPhone Psychic ReadingEmail Psychic ReadingPsychicsAll PsychicsFree Psychic ReadingCheap PsychicAsk PsychicPsychic ChatTopicsLove ReadingFortune ReadingPast Life ReadingCareer ReadingLost Objects ReadingFertility ReadingSoulmate","2026-05-31T03:24:01.169Z","low","error:http_404"
"CP_0526","Nebula: Spiritual Guidance","OBRIO","public_web","company_positioning_page","Company/public web positioning","https://www.asknebula.com/subscribe","https://www.asknebula.com/subscribe","https://www.asknebula.com/subscribe","asknebula.com","astrology_esoterics","pricing_or_plan_page","known_domain_pricing_or_plan_page","526","pricing_or_plan_page","","","no_clean_public_monetization_signal","yes","","404, Page Not Found 404, Page Not Found Oops! Looks like you've reached the stars we cannot align 3 Minutes FREE + 80% OFF For New Customers3 Minutes FREE + 80% OFF For New CustomersTry nowPsychic ReadingsPsychic ReadingTarot ReadingAstrology ReadingAura ReadingNumerology ReadingPalm ReadingPhone Psychic ReadingEmail Psychic ReadingPsychicsAll PsychicsFree Psychic ReadingCheap PsychicAsk PsychicPsychic ChatTopicsLove ReadingFortune ReadingPast Life ReadingCareer ReadingLost Objects ReadingFertility ReadingSoulmate","astrology_spiritual","","astrology_spiritual","no_pricing_signal","404, Page Not Found","404","error:http_404","pricing_or_plan_page","astrology_spiritual","no_clean_public_monetization_signal","","unreachable_or_not_found","404, Page Not Found Oops! Looks like you've reached the stars we cannot align 3 Minutes FREE + 80% OFF For New Customers3 Minutes FREE + 80% OFF For New CustomersTry nowPsychic ReadingsPsychic ReadingTarot ReadingAstrology ReadingAura ReadingNumerology ReadingPalm ReadingPhone Psychic ReadingEmail Psychic ReadingPsychicsAll PsychicsFree Psychic ReadingCheap PsychicAsk PsychicPsychic ChatTopicsLove ReadingFortune ReadingPast Life ReadingCareer ReadingLost Objects ReadingFertility ReadingSoulmate","2026-05-31T03:24:02.001Z","low","error:http_404"
"CP_0527","Nebula: Spiritual Guidance","OBRIO","public_web","company_positioning_page","Company/public web positioning","https://www.asknebula.com/subscription","https://www.asknebula.com/subscription","https://www.asknebula.com/subscription","asknebula.com","astrology_esoterics","pricing_or_plan_page","known_domain_pricing_or_plan_page","527","pricing_or_plan_page","","","no_clean_public_monetization_signal","yes","","404, Page Not Found 404, Page Not Found Oops! Looks like you've reached the stars we cannot align 3 Minutes FREE + 80% OFF For New Customers3 Minutes FREE + 80% OFF For New CustomersTry nowPsychic ReadingsPsychic ReadingTarot ReadingAstrology ReadingAura ReadingNumerology ReadingPalm ReadingPhone Psychic ReadingEmail Psychic ReadingPsychicsAll PsychicsFree Psychic ReadingCheap PsychicAsk PsychicPsychic ChatTopicsLove ReadingFortune ReadingPast Life ReadingCareer ReadingLost Objects ReadingFertility ReadingSoulmate","astrology_spiritual","","astrology_spiritual","no_pricing_signal","404, Page Not Found","404","error:http_404","pricing_or_plan_page","astrology_spiritual","no_clean_public_monetization_signal","","unreachable_or_not_found","404, Page Not Found Oops! Looks like you've reached the stars we cannot align 3 Minutes FREE + 80% OFF For New Customers3 Minutes FREE + 80% OFF For New CustomersTry nowPsychic ReadingsPsychic ReadingTarot ReadingAstrology ReadingAura ReadingNumerology ReadingPalm ReadingPhone Psychic ReadingEmail Psychic ReadingPsychicsAll PsychicsFree Psychic ReadingCheap PsychicAsk PsychicPsychic ChatTopicsLove ReadingFortune ReadingPast Life ReadingCareer ReadingLost Objects ReadingFertility ReadingSoulmate","2026-05-31T03:24:02.752Z","low","error:http_404"
"CP_0528","Nebula: Spiritual Guidance","OBRIO","public_web","company_positioning_page","Company/public web positioning","https://www.asknebula.com/upgrade","https://www.asknebula.com/upgrade","https://www.asknebula.com/upgrade","asknebula.com","astrology_esoterics","pricing_or_plan_page","known_domain_pricing_or_plan_page","528","pricing_or_plan_page","","","no_clean_public_monetization_signal","yes","","404, Page Not Found 404, Page Not Found Oops! Looks like you've reached the stars we cannot align 3 Minutes FREE + 80% OFF For New Customers3 Minutes FREE + 80% OFF For New CustomersTry nowPsychic ReadingsPsychic ReadingTarot ReadingAstrology ReadingAura ReadingNumerology ReadingPalm ReadingPhone Psychic ReadingEmail Psychic ReadingPsychicsAll PsychicsFree Psychic ReadingCheap PsychicAsk PsychicPsychic ChatTopicsLove ReadingFortune ReadingPast Life ReadingCareer ReadingLost Objects ReadingFertility ReadingSoulmate","astrology_spiritual","","astrology_spiritual","no_pricing_signal","404, Page Not Found","404","error:http_404","pricing_or_plan_page","astrology_spiritual","no_clean_public_monetization_signal","","unreachable_or_not_found","404, Page Not Found Oops! Looks like you've reached the stars we cannot align 3 Minutes FREE + 80% OFF For New Customers3 Minutes FREE + 80% OFF For New CustomersTry nowPsychic ReadingsPsychic ReadingTarot ReadingAstrology ReadingAura ReadingNumerology ReadingPalm ReadingPhone Psychic ReadingEmail Psychic ReadingPsychicsAll PsychicsFree Psychic ReadingCheap PsychicAsk PsychicPsychic ChatTopicsLove ReadingFortune ReadingPast Life ReadingCareer ReadingLost Objects ReadingFertility ReadingSoulmate","2026-05-31T03:24:03.540Z","low","error:http_404"
"CP_0529","Anime Avatar Maker 2","Kitten Doll HK","public_web","company_positioning_page","Company/public web positioning","https://moedressup.com/","https://moedressup.com/","https://moedressup.com/","moedressup.com","avatar_identity","homepage","known_domain_homepage","529","homepage","","","no_clean_public_monetization_signal","yes","","Moe Dress Up Games | 主页 Moe Dress Up Games | 主页 主页 Apps Contact Us Privacy Policy Tidy Space Candyville:Avatar City FashionDoll Princess Dress Up Game Anime Avatar Maker,Creator Powered by Yiju Network Technology 联系方式：mele@melestudio.cn","avatar_identity|game_progression","avatar_identity","game_progression","no_pricing_signal","Moe Dress Up Games | 主页","200","ok","homepage","avatar_identity|game_progression","no_clean_public_monetization_signal","","public_company_or_product_page","Moe Dress Up Games | 主页 主页 Apps Contact Us Privacy Policy Tidy Space Candyville:Avatar City FashionDoll Princess Dress Up Game Anime Avatar Maker,Creator Powered by Yiju Network Technology 联系方式：mele@melestudio.cn","2026-05-31T03:24:04.123Z","medium","ok"
"CP_0530","Anime Avatar Maker 2","Kitten Doll HK","public_web","company_positioning_page","Company/public web positioning","https://moedressup.com/","https://moedressup.com","https://moedressup.com/","moedressup.com","avatar_identity","homepage","known_domain_homepage","530","homepage","","","no_clean_public_monetization_signal","yes","","Moe Dress Up Games | 主页 Moe Dress Up Games | 主页 主页 Apps Contact Us Privacy Policy Tidy Space Candyville:Avatar City FashionDoll Princess Dress Up Game Anime Avatar Maker,Creator Powered by Yiju Network Technology 联系方式：mele@melestudio.cn","avatar_identity|game_progression","avatar_identity","game_progression","no_pricing_signal","Moe Dress Up Games | 主页","200","ok","homepage","avatar_identity|game_progression","no_clean_public_monetization_signal","","public_company_or_product_page","Moe Dress Up Games | 主页 主页 Apps Contact Us Privacy Policy Tidy Space Candyville:Avatar City FashionDoll Princess Dress Up Game Anime Avatar Maker,Creator Powered by Yiju Network Technology 联系方式：mele@melestudio.cn","2026-05-31T03:24:04.286Z","medium","ok"
"CP_0531","Anime Avatar Maker 2","Kitten Doll HK","public_web","company_positioning_page","Company/public web positioning","https://moedressup.com/pricing","https://moedressup.com/pricing","https://moedressup.com/pricing","moedressup.com","avatar_identity","pricing_or_plan_page","known_domain_pricing_or_plan_page","531","pricing_or_plan_page","","","no_clean_public_monetization_signal","yes","","404 - �Ҳ����ļ���Ŀ¼�� 404 - �Ҳ����ļ���Ŀ¼�� ���������� 404 - �Ҳ����ļ���Ŀ¼�� ��Ҫ���ҵ���Դ�����ѱ�ɾ�����Ѹ������ƻ�����ʱ�����á�","unclassified_public_positioning","","","no_pricing_signal","404 - �Ҳ����ļ���Ŀ¼��","404","error:http_404","pricing_or_plan_page","unclassified_public_positioning","no_clean_public_monetization_signal","","unreachable_or_not_found","404 - �Ҳ����ļ���Ŀ¼�� ���������� 404 - �Ҳ����ļ���Ŀ¼�� ��Ҫ���ҵ���Դ�����ѱ�ɾ�����Ѹ������ƻ�����ʱ�����á�","2026-05-31T03:24:04.449Z","low","error:http_404"
"CP_0532","Anime Avatar Maker 2","Kitten Doll HK","public_web","company_positioning_page","Company/public web positioning","https://moedressup.com/plans","https://moedressup.com/plans","https://moedressup.com/plans","moedressup.com","avatar_identity","pricing_or_plan_page","known_domain_pricing_or_plan_page","532","pricing_or_plan_page","","","no_clean_public_monetization_signal","yes","","404 - �Ҳ����ļ���Ŀ¼�� 404 - �Ҳ����ļ���Ŀ¼�� ���������� 404 - �Ҳ����ļ���Ŀ¼�� ��Ҫ���ҵ���Դ�����ѱ�ɾ�����Ѹ������ƻ�����ʱ�����á�","unclassified_public_positioning","","","no_pricing_signal","404 - �Ҳ����ļ���Ŀ¼��","404","error:http_404","pricing_or_plan_page","unclassified_public_positioning","no_clean_public_monetization_signal","","unreachable_or_not_found","404 - �Ҳ����ļ���Ŀ¼�� ���������� 404 - �Ҳ����ļ���Ŀ¼�� ��Ҫ���ҵ���Դ�����ѱ�ɾ�����Ѹ������ƻ�����ʱ�����á�","2026-05-31T03:24:04.611Z","low","error:http_404"
"CP_0533","Anime Avatar Maker 2","Kitten Doll HK","public_web","company_positioning_page","Company/public web positioning","https://moedressup.com/premium","https://moedressup.com/premium","https://moedressup.com/premium","moedressup.com","avatar_identity","pricing_or_plan_page","known_domain_pricing_or_plan_page","533","pricing_or_plan_page","","","no_clean_public_monetization_signal","yes","","404 - �Ҳ����ļ���Ŀ¼�� 404 - �Ҳ����ļ���Ŀ¼�� ���������� 404 - �Ҳ����ļ���Ŀ¼�� ��Ҫ���ҵ���Դ�����ѱ�ɾ�����Ѹ������ƻ�����ʱ�����á�","unclassified_public_positioning","","","no_pricing_signal","404 - �Ҳ����ļ���Ŀ¼��","404","error:http_404","pricing_or_plan_page","unclassified_public_positioning","no_clean_public_monetization_signal","","unreachable_or_not_found","404 - �Ҳ����ļ���Ŀ¼�� ���������� 404 - �Ҳ����ļ���Ŀ¼�� ��Ҫ���ҵ���Դ�����ѱ�ɾ�����Ѹ������ƻ�����ʱ�����á�","2026-05-31T03:24:04.773Z","low","error:http_404"
"CP_0534","Anime Avatar Maker 2","Kitten Doll HK","public_web","company_positioning_page","Company/public web positioning","https://moedressup.com/subscribe","https://moedressup.com/subscribe","https://moedressup.com/subscribe","moedressup.com","avatar_identity","pricing_or_plan_page","known_domain_pricing_or_plan_page","534","pricing_or_plan_page","","","no_clean_public_monetization_signal","yes","","404 - �Ҳ����ļ���Ŀ¼�� 404 - �Ҳ����ļ���Ŀ¼�� ���������� 404 - �Ҳ����ļ���Ŀ¼�� ��Ҫ���ҵ���Դ�����ѱ�ɾ�����Ѹ������ƻ�����ʱ�����á�","unclassified_public_positioning","","","no_pricing_signal","404 - �Ҳ����ļ���Ŀ¼��","404","error:http_404","pricing_or_plan_page","unclassified_public_positioning","no_clean_public_monetization_signal","","unreachable_or_not_found","404 - �Ҳ����ļ���Ŀ¼�� ���������� 404 - �Ҳ����ļ���Ŀ¼�� ��Ҫ���ҵ���Դ�����ѱ�ɾ�����Ѹ������ƻ�����ʱ�����á�","2026-05-31T03:24:04.935Z","low","error:http_404"
"CP_0535","Anime Avatar Maker 2","Kitten Doll HK","public_web","company_positioning_page","Company/public web positioning","https://moedressup.com/subscription","https://moedressup.com/subscription","https://moedressup.com/subscription","moedressup.com","avatar_identity","pricing_or_plan_page","known_domain_pricing_or_plan_page","535","pricing_or_plan_page","","","no_clean_public_monetization_signal","yes","","404 - �Ҳ����ļ���Ŀ¼�� 404 - �Ҳ����ļ���Ŀ¼�� ���������� 404 - �Ҳ����ļ���Ŀ¼�� ��Ҫ���ҵ���Դ�����ѱ�ɾ�����Ѹ������ƻ�����ʱ�����á�","unclassified_public_positioning","","","no_pricing_signal","404 - �Ҳ����ļ���Ŀ¼��","404","error:http_404","pricing_or_plan_page","unclassified_public_positioning","no_clean_public_monetization_signal","","unreachable_or_not_found","404 - �Ҳ����ļ���Ŀ¼�� ���������� 404 - �Ҳ����ļ���Ŀ¼�� ��Ҫ���ҵ���Դ�����ѱ�ɾ�����Ѹ������ƻ�����ʱ�����á�","2026-05-31T03:24:05.101Z","low","error:http_404"
"CP_0536","Anime Avatar Maker 2","Kitten Doll HK","public_web","company_positioning_page","Company/public web positioning","https://moedressup.com/upgrade","https://moedressup.com/upgrade","https://moedressup.com/upgrade","moedressup.com","avatar_identity","pricing_or_plan_page","known_domain_pricing_or_plan_page","536","pricing_or_plan_page","","","no_clean_public_monetization_signal","yes","","404 - �Ҳ����ļ���Ŀ¼�� 404 - �Ҳ����ļ���Ŀ¼�� ���������� 404 - �Ҳ����ļ���Ŀ¼�� ��Ҫ���ҵ���Դ�����ѱ�ɾ�����Ѹ������ƻ�����ʱ�����á�","unclassified_public_positioning","","","no_pricing_signal","404 - �Ҳ����ļ���Ŀ¼��","404","error:http_404","pricing_or_plan_page","unclassified_public_positioning","no_clean_public_monetization_signal","","unreachable_or_not_found","404 - �Ҳ����ļ���Ŀ¼�� ���������� 404 - �Ҳ����ļ���Ŀ¼�� ��Ҫ���ҵ���Դ�����ѱ�ɾ�����Ѹ������ƻ�����ʱ�����á�","2026-05-31T03:24:05.263Z","low","error:http_404"
"CP_0537","Monster Girl Maker 2","GHOULKISS","public_web","company_positioning_page","Company/public web positioning","https://www.ghoulkiss.com/","https://ghoulkiss.com/","https://www.ghoulkiss.com/","ghoulkiss.com","avatar_identity","homepage","known_domain_homepage","537","homepage","","","subscription_or_premium_language","yes","yes_or_language_present","(ﾉ≧∀≦)ﾉ・‥…━━━★ (ﾉ≧∀≦)ﾉ・‥…━━━★ 0 Skip to Content (ﾉ≧∀≦)ﾉ・‥…━━━★ Open Menu Close Menu (ﾉ≧∀≦)ﾉ・‥…━━━★ Open Menu Close Menu . ⋆｡°★ hello . ⋆｡°★I’m Emmy and I go by the artist/pen name ‘GhoulKiss’! I’ve been operating under this name since around 2015, and I absolutely love creating merchandise such as posters, stickers, pin badges, keyrings and other fun accessories and mediums. I have an absolute love for old school Y2K styled merch!My works usually have a recurring theme of strange and fantasy-like character des","avatar_identity","avatar_identity","","subscription_terms","(ﾉ≧∀≦)ﾉ・‥…━━━★","200","ok","homepage","avatar_identity","subscription_or_premium_language","","public_company_or_product_page","(ﾉ≧∀≦)ﾉ・‥…━━━★ 0 Skip to Content (ﾉ≧∀≦)ﾉ・‥…━━━★ Open Menu Close Menu (ﾉ≧∀≦)ﾉ・‥…━━━★ Open Menu Close Menu . ⋆｡°★ hello . ⋆｡°★I’m Emmy and I go by the artist/pen name ‘GhoulKiss’! I’ve been operating under this name since around 2015, and I absolutely love creating merchandise such as posters, stickers, pin badges, keyrings and other fun accessories and mediums. I have an absolute love for old school Y2K styled merch!My works usually have a recurring theme of strange and fantasy-like character des","2026-05-31T03:24:05.940Z","medium","ok"
"CP_0538","Monster Girl Maker 2","GHOULKISS","public_web","company_positioning_page","Company/public web positioning","https://www.ghoulkiss.com/","https://ghoulkiss.com","https://www.ghoulkiss.com/","ghoulkiss.com","avatar_identity","homepage","known_domain_homepage","538","homepage","","","subscription_or_premium_language","yes","yes_or_language_present","(ﾉ≧∀≦)ﾉ・‥…━━━★ (ﾉ≧∀≦)ﾉ・‥…━━━★ 0 Skip to Content (ﾉ≧∀≦)ﾉ・‥…━━━★ Open Menu Close Menu (ﾉ≧∀≦)ﾉ・‥…━━━★ Open Menu Close Menu . ⋆｡°★ hello . ⋆｡°★I’m Emmy and I go by the artist/pen name ‘GhoulKiss’! I’ve been operating under this name since around 2015, and I absolutely love creating merchandise such as posters, stickers, pin badges, keyrings and other fun accessories and mediums. I have an absolute love for old school Y2K styled merch!My works usually have a recurring theme of strange and fantasy-like character des","avatar_identity","avatar_identity","","subscription_terms","(ﾉ≧∀≦)ﾉ・‥…━━━★","200","ok","homepage","avatar_identity","subscription_or_premium_language","","public_company_or_product_page","(ﾉ≧∀≦)ﾉ・‥…━━━★ 0 Skip to Content (ﾉ≧∀≦)ﾉ・‥…━━━★ Open Menu Close Menu (ﾉ≧∀≦)ﾉ・‥…━━━★ Open Menu Close Menu . ⋆｡°★ hello . ⋆｡°★I’m Emmy and I go by the artist/pen name ‘GhoulKiss’! I’ve been operating under this name since around 2015, and I absolutely love creating merchandise such as posters, stickers, pin badges, keyrings and other fun accessories and mediums. I have an absolute love for old school Y2K styled merch!My works usually have a recurring theme of strange and fantasy-like character des","2026-05-31T03:24:06.191Z","medium","ok"
"CP_0539","Monster Girl Maker 2","GHOULKISS","public_web","company_positioning_page","Company/public web positioning","https://www.ghoulkiss.com/pricing","https://ghoulkiss.com/pricing","https://www.ghoulkiss.com/pricing","ghoulkiss.com","avatar_identity","pricing_or_plan_page","known_domain_pricing_or_plan_page","539","pricing_or_plan_page","","","no_clean_public_monetization_signal","yes","","(ﾉ≧∀≦)ﾉ・‥…━━━★ (ﾉ≧∀≦)ﾉ・‥…━━━★ 0 Skip to Content (ﾉ≧∀≦)ﾉ・‥…━━━★ Open Menu Close Menu (ﾉ≧∀≦)ﾉ・‥…━━━★ Open Menu Close Menu We couldn't find the page you were looking for. This is either because: There is an error in the URL entered into your web browser. Please check the URL and try again. The page you are looking for has been moved or deleted. You can return to our homepage by clicking here, or you can try searching for the content you are seeking by clicking here.","unclassified_public_positioning","","","no_pricing_signal","(ﾉ≧∀≦)ﾉ・‥…━━━★","404","error:http_404","pricing_or_plan_page","unclassified_public_positioning","no_clean_public_monetization_signal","","public_company_or_product_page","(ﾉ≧∀≦)ﾉ・‥…━━━★ 0 Skip to Content (ﾉ≧∀≦)ﾉ・‥…━━━★ Open Menu Close Menu (ﾉ≧∀≦)ﾉ・‥…━━━★ Open Menu Close Menu We couldn't find the page you were looking for. This is either because: There is an error in the URL entered into your web browser. Please check the URL and try again. The page you are looking for has been moved or deleted. You can return to our homepage by clicking here, or you can try searching for the content you are seeking by clicking here.","2026-05-31T03:24:06.960Z","low","error:http_404"
"CP_0540","Monster Girl Maker 2","GHOULKISS","public_web","company_positioning_page","Company/public web positioning","https://www.ghoulkiss.com/plans","https://ghoulkiss.com/plans","https://www.ghoulkiss.com/plans","ghoulkiss.com","avatar_identity","pricing_or_plan_page","known_domain_pricing_or_plan_page","540","pricing_or_plan_page","","","no_clean_public_monetization_signal","yes","","(ﾉ≧∀≦)ﾉ・‥…━━━★ (ﾉ≧∀≦)ﾉ・‥…━━━★ 0 Skip to Content (ﾉ≧∀≦)ﾉ・‥…━━━★ Open Menu Close Menu (ﾉ≧∀≦)ﾉ・‥…━━━★ Open Menu Close Menu We couldn't find the page you were looking for. This is either because: There is an error in the URL entered into your web browser. Please check the URL and try again. The page you are looking for has been moved or deleted. You can return to our homepage by clicking here, or you can try searching for the content you are seeking by clicking here.","unclassified_public_positioning","","","no_pricing_signal","(ﾉ≧∀≦)ﾉ・‥…━━━★","404","error:http_404","pricing_or_plan_page","unclassified_public_positioning","no_clean_public_monetization_signal","","public_company_or_product_page","(ﾉ≧∀≦)ﾉ・‥…━━━★ 0 Skip to Content (ﾉ≧∀≦)ﾉ・‥…━━━★ Open Menu Close Menu (ﾉ≧∀≦)ﾉ・‥…━━━★ Open Menu Close Menu We couldn't find the page you were looking for. This is either because: There is an error in the URL entered into your web browser. Please check the URL and try again. The page you are looking for has been moved or deleted. You can return to our homepage by clicking here, or you can try searching for the content you are seeking by clicking here.","2026-05-31T03:24:07.847Z","low","error:http_404"
"CP_0541","Monster Girl Maker 2","GHOULKISS","public_web","company_positioning_page","Company/public web positioning","https://www.ghoulkiss.com/premium","https://ghoulkiss.com/premium","https://www.ghoulkiss.com/premium","ghoulkiss.com","avatar_identity","pricing_or_plan_page","known_domain_pricing_or_plan_page","541","pricing_or_plan_page","","","no_clean_public_monetization_signal","yes","","(ﾉ≧∀≦)ﾉ・‥…━━━★ (ﾉ≧∀≦)ﾉ・‥…━━━★ 0 Skip to Content (ﾉ≧∀≦)ﾉ・‥…━━━★ Open Menu Close Menu (ﾉ≧∀≦)ﾉ・‥…━━━★ Open Menu Close Menu We couldn't find the page you were looking for. This is either because: There is an error in the URL entered into your web browser. Please check the URL and try again. The page you are looking for has been moved or deleted. You can return to our homepage by clicking here, or you can try searching for the content you are seeking by clicking here.","unclassified_public_positioning","","","no_pricing_signal","(ﾉ≧∀≦)ﾉ・‥…━━━★","404","error:http_404","pricing_or_plan_page","unclassified_public_positioning","no_clean_public_monetization_signal","","public_company_or_product_page","(ﾉ≧∀≦)ﾉ・‥…━━━★ 0 Skip to Content (ﾉ≧∀≦)ﾉ・‥…━━━★ Open Menu Close Menu (ﾉ≧∀≦)ﾉ・‥…━━━★ Open Menu Close Menu We couldn't find the page you were looking for. This is either because: There is an error in the URL entered into your web browser. Please check the URL and try again. The page you are looking for has been moved or deleted. You can return to our homepage by clicking here, or you can try searching for the content you are seeking by clicking here.","2026-05-31T03:24:08.736Z","low","error:http_404"
"CP_0542","Monster Girl Maker 2","GHOULKISS","public_web","company_positioning_page","Company/public web positioning","https://www.ghoulkiss.com/subscribe","https://ghoulkiss.com/subscribe","https://www.ghoulkiss.com/subscribe","ghoulkiss.com","avatar_identity","pricing_or_plan_page","known_domain_pricing_or_plan_page","542","pricing_or_plan_page","","","no_clean_public_monetization_signal","yes","","(ﾉ≧∀≦)ﾉ・‥…━━━★ (ﾉ≧∀≦)ﾉ・‥…━━━★ 0 Skip to Content (ﾉ≧∀≦)ﾉ・‥…━━━★ Open Menu Close Menu (ﾉ≧∀≦)ﾉ・‥…━━━★ Open Menu Close Menu We couldn't find the page you were looking for. This is either because: There is an error in the URL entered into your web browser. Please check the URL and try again. The page you are looking for has been moved or deleted. You can return to our homepage by clicking here, or you can try searching for the content you are seeking by clicking here.","unclassified_public_positioning","","","no_pricing_signal","(ﾉ≧∀≦)ﾉ・‥…━━━★","404","error:http_404","pricing_or_plan_page","unclassified_public_positioning","no_clean_public_monetization_signal","","public_company_or_product_page","(ﾉ≧∀≦)ﾉ・‥…━━━★ 0 Skip to Content (ﾉ≧∀≦)ﾉ・‥…━━━★ Open Menu Close Menu (ﾉ≧∀≦)ﾉ・‥…━━━★ Open Menu Close Menu We couldn't find the page you were looking for. This is either because: There is an error in the URL entered into your web browser. Please check the URL and try again. The page you are looking for has been moved or deleted. You can return to our homepage by clicking here, or you can try searching for the content you are seeking by clicking here.","2026-05-31T03:24:09.578Z","low","error:http_404"
"CP_0543","Monster Girl Maker 2","GHOULKISS","public_web","company_positioning_page","Company/public web positioning","https://www.ghoulkiss.com/subscription","https://ghoulkiss.com/subscription","https://www.ghoulkiss.com/subscription","ghoulkiss.com","avatar_identity","pricing_or_plan_page","known_domain_pricing_or_plan_page","543","pricing_or_plan_page","","","no_clean_public_monetization_signal","yes","","(ﾉ≧∀≦)ﾉ・‥…━━━★ (ﾉ≧∀≦)ﾉ・‥…━━━★ 0 Skip to Content (ﾉ≧∀≦)ﾉ・‥…━━━★ Open Menu Close Menu (ﾉ≧∀≦)ﾉ・‥…━━━★ Open Menu Close Menu We couldn't find the page you were looking for. This is either because: There is an error in the URL entered into your web browser. Please check the URL and try again. The page you are looking for has been moved or deleted. You can return to our homepage by clicking here, or you can try searching for the content you are seeking by clicking here.","unclassified_public_positioning","","","no_pricing_signal","(ﾉ≧∀≦)ﾉ・‥…━━━★","404","error:http_404","pricing_or_plan_page","unclassified_public_positioning","no_clean_public_monetization_signal","","public_company_or_product_page","(ﾉ≧∀≦)ﾉ・‥…━━━★ 0 Skip to Content (ﾉ≧∀≦)ﾉ・‥…━━━★ Open Menu Close Menu (ﾉ≧∀≦)ﾉ・‥…━━━★ Open Menu Close Menu We couldn't find the page you were looking for. This is either because: There is an error in the URL entered into your web browser. Please check the URL and try again. The page you are looking for has been moved or deleted. You can return to our homepage by clicking here, or you can try searching for the content you are seeking by clicking here.","2026-05-31T03:24:10.468Z","low","error:http_404"
"CP_0544","Monster Girl Maker 2","GHOULKISS","public_web","company_positioning_page","Company/public web positioning","https://www.ghoulkiss.com/upgrade","https://ghoulkiss.com/upgrade","https://www.ghoulkiss.com/upgrade","ghoulkiss.com","avatar_identity","pricing_or_plan_page","known_domain_pricing_or_plan_page","544","pricing_or_plan_page","","","no_clean_public_monetization_signal","yes","","(ﾉ≧∀≦)ﾉ・‥…━━━★ (ﾉ≧∀≦)ﾉ・‥…━━━★ 0 Skip to Content (ﾉ≧∀≦)ﾉ・‥…━━━★ Open Menu Close Menu (ﾉ≧∀≦)ﾉ・‥…━━━★ Open Menu Close Menu We couldn't find the page you were looking for. This is either because: There is an error in the URL entered into your web browser. Please check the URL and try again. The page you are looking for has been moved or deleted. You can return to our homepage by clicking here, or you can try searching for the content you are seeking by clicking here.","unclassified_public_positioning","","","no_pricing_signal","(ﾉ≧∀≦)ﾉ・‥…━━━★","404","error:http_404","pricing_or_plan_page","unclassified_public_positioning","no_clean_public_monetization_signal","","public_company_or_product_page","(ﾉ≧∀≦)ﾉ・‥…━━━★ 0 Skip to Content (ﾉ≧∀≦)ﾉ・‥…━━━★ Open Menu Close Menu (ﾉ≧∀≦)ﾉ・‥…━━━★ Open Menu Close Menu We couldn't find the page you were looking for. This is either because: There is an error in the URL entered into your web browser. Please check the URL and try again. The page you are looking for has been moved or deleted. You can return to our homepage by clicking here, or you can try searching for the content you are seeking by clicking here.","2026-05-31T03:24:11.389Z","low","error:http_404"
"CP_0545","Monster Girl Maker","GHOULKISS","public_web","company_positioning_page","Company/public web positioning","https://www.ghoulkiss.com/","http://ghoulkiss.com/","https://www.ghoulkiss.com/","ghoulkiss.com","avatar_identity","homepage","known_domain_homepage","545","homepage","","","subscription_or_premium_language","yes","yes_or_language_present","(ﾉ≧∀≦)ﾉ・‥…━━━★ (ﾉ≧∀≦)ﾉ・‥…━━━★ 0 Skip to Content (ﾉ≧∀≦)ﾉ・‥…━━━★ Open Menu Close Menu (ﾉ≧∀≦)ﾉ・‥…━━━★ Open Menu Close Menu . ⋆｡°★ hello . ⋆｡°★I’m Emmy and I go by the artist/pen name ‘GhoulKiss’! I’ve been operating under this name since around 2015, and I absolutely love creating merchandise such as posters, stickers, pin badges, keyrings and other fun accessories and mediums. I have an absolute love for old school Y2K styled merch!My works usually have a recurring theme of strange and fantasy-like character des","avatar_identity","avatar_identity","","subscription_terms","(ﾉ≧∀≦)ﾉ・‥…━━━★","200","ok","homepage","avatar_identity","subscription_or_premium_language","","public_company_or_product_page","(ﾉ≧∀≦)ﾉ・‥…━━━★ 0 Skip to Content (ﾉ≧∀≦)ﾉ・‥…━━━★ Open Menu Close Menu (ﾉ≧∀≦)ﾉ・‥…━━━★ Open Menu Close Menu . ⋆｡°★ hello . ⋆｡°★I’m Emmy and I go by the artist/pen name ‘GhoulKiss’! I’ve been operating under this name since around 2015, and I absolutely love creating merchandise such as posters, stickers, pin badges, keyrings and other fun accessories and mediums. I have an absolute love for old school Y2K styled merch!My works usually have a recurring theme of strange and fantasy-like character des","2026-05-31T03:24:11.690Z","medium","ok"
"CP_0546","Monster Girl Maker","GHOULKISS","public_web","company_positioning_page","Company/public web positioning","https://www.ghoulkiss.com/","http://ghoulkiss.com","https://www.ghoulkiss.com/","ghoulkiss.com","avatar_identity","homepage","known_domain_homepage","546","homepage","","","subscription_or_premium_language","yes","yes_or_language_present","(ﾉ≧∀≦)ﾉ・‥…━━━★ (ﾉ≧∀≦)ﾉ・‥…━━━★ 0 Skip to Content (ﾉ≧∀≦)ﾉ・‥…━━━★ Open Menu Close Menu (ﾉ≧∀≦)ﾉ・‥…━━━★ Open Menu Close Menu . ⋆｡°★ hello . ⋆｡°★I’m Emmy and I go by the artist/pen name ‘GhoulKiss’! I’ve been operating under this name since around 2015, and I absolutely love creating merchandise such as posters, stickers, pin badges, keyrings and other fun accessories and mediums. I have an absolute love for old school Y2K styled merch!My works usually have a recurring theme of strange and fantasy-like character des","avatar_identity","avatar_identity","","subscription_terms","(ﾉ≧∀≦)ﾉ・‥…━━━★","200","ok","homepage","avatar_identity","subscription_or_premium_language","","public_company_or_product_page","(ﾉ≧∀≦)ﾉ・‥…━━━★ 0 Skip to Content (ﾉ≧∀≦)ﾉ・‥…━━━★ Open Menu Close Menu (ﾉ≧∀≦)ﾉ・‥…━━━★ Open Menu Close Menu . ⋆｡°★ hello . ⋆｡°★I’m Emmy and I go by the artist/pen name ‘GhoulKiss’! I’ve been operating under this name since around 2015, and I absolutely love creating merchandise such as posters, stickers, pin badges, keyrings and other fun accessories and mediums. I have an absolute love for old school Y2K styled merch!My works usually have a recurring theme of strange and fantasy-like character des","2026-05-31T03:24:11.936Z","medium","ok"
"CP_0547","Monster Girl Maker","GHOULKISS","public_web","company_positioning_page","Company/public web positioning","https://www.ghoulkiss.com/pricing","http://ghoulkiss.com/pricing","https://www.ghoulkiss.com/pricing","ghoulkiss.com","avatar_identity","pricing_or_plan_page","known_domain_pricing_or_plan_page","547","pricing_or_plan_page","","","no_clean_public_monetization_signal","yes","","(ﾉ≧∀≦)ﾉ・‥…━━━★ (ﾉ≧∀≦)ﾉ・‥…━━━★ 0 Skip to Content (ﾉ≧∀≦)ﾉ・‥…━━━★ Open Menu Close Menu (ﾉ≧∀≦)ﾉ・‥…━━━★ Open Menu Close Menu We couldn't find the page you were looking for. This is either because: There is an error in the URL entered into your web browser. Please check the URL and try again. The page you are looking for has been moved or deleted. You can return to our homepage by clicking here, or you can try searching for the content you are seeking by clicking here.","unclassified_public_positioning","","","no_pricing_signal","(ﾉ≧∀≦)ﾉ・‥…━━━★","404","error:http_404","pricing_or_plan_page","unclassified_public_positioning","no_clean_public_monetization_signal","","public_company_or_product_page","(ﾉ≧∀≦)ﾉ・‥…━━━★ 0 Skip to Content (ﾉ≧∀≦)ﾉ・‥…━━━★ Open Menu Close Menu (ﾉ≧∀≦)ﾉ・‥…━━━★ Open Menu Close Menu We couldn't find the page you were looking for. This is either because: There is an error in the URL entered into your web browser. Please check the URL and try again. The page you are looking for has been moved or deleted. You can return to our homepage by clicking here, or you can try searching for the content you are seeking by clicking here.","2026-05-31T03:24:12.556Z","low","error:http_404"
"CP_0548","Monster Girl Maker","GHOULKISS","public_web","company_positioning_page","Company/public web positioning","https://www.ghoulkiss.com/plans","http://ghoulkiss.com/plans","https://www.ghoulkiss.com/plans","ghoulkiss.com","avatar_identity","pricing_or_plan_page","known_domain_pricing_or_plan_page","548","pricing_or_plan_page","","","no_clean_public_monetization_signal","yes","","(ﾉ≧∀≦)ﾉ・‥…━━━★ (ﾉ≧∀≦)ﾉ・‥…━━━★ 0 Skip to Content (ﾉ≧∀≦)ﾉ・‥…━━━★ Open Menu Close Menu (ﾉ≧∀≦)ﾉ・‥…━━━★ Open Menu Close Menu We couldn't find the page you were looking for. This is either because: There is an error in the URL entered into your web browser. Please check the URL and try again. The page you are looking for has been moved or deleted. You can return to our homepage by clicking here, or you can try searching for the content you are seeking by clicking here.","unclassified_public_positioning","","","no_pricing_signal","(ﾉ≧∀≦)ﾉ・‥…━━━★","404","error:http_404","pricing_or_plan_page","unclassified_public_positioning","no_clean_public_monetization_signal","","public_company_or_product_page","(ﾉ≧∀≦)ﾉ・‥…━━━★ 0 Skip to Content (ﾉ≧∀≦)ﾉ・‥…━━━★ Open Menu Close Menu (ﾉ≧∀≦)ﾉ・‥…━━━★ Open Menu Close Menu We couldn't find the page you were looking for. This is either because: There is an error in the URL entered into your web browser. Please check the URL and try again. The page you are looking for has been moved or deleted. You can return to our homepage by clicking here, or you can try searching for the content you are seeking by clicking here.","2026-05-31T03:24:13.195Z","low","error:http_404"
"CP_0549","Monster Girl Maker","GHOULKISS","public_web","company_positioning_page","Company/public web positioning","https://www.ghoulkiss.com/premium","http://ghoulkiss.com/premium","https://www.ghoulkiss.com/premium","ghoulkiss.com","avatar_identity","pricing_or_plan_page","known_domain_pricing_or_plan_page","549","pricing_or_plan_page","","","no_clean_public_monetization_signal","yes","","(ﾉ≧∀≦)ﾉ・‥…━━━★ (ﾉ≧∀≦)ﾉ・‥…━━━★ 0 Skip to Content (ﾉ≧∀≦)ﾉ・‥…━━━★ Open Menu Close Menu (ﾉ≧∀≦)ﾉ・‥…━━━★ Open Menu Close Menu We couldn't find the page you were looking for. This is either because: There is an error in the URL entered into your web browser. Please check the URL and try again. The page you are looking for has been moved or deleted. You can return to our homepage by clicking here, or you can try searching for the content you are seeking by clicking here.","unclassified_public_positioning","","","no_pricing_signal","(ﾉ≧∀≦)ﾉ・‥…━━━★","404","error:http_404","pricing_or_plan_page","unclassified_public_positioning","no_clean_public_monetization_signal","","public_company_or_product_page","(ﾉ≧∀≦)ﾉ・‥…━━━★ 0 Skip to Content (ﾉ≧∀≦)ﾉ・‥…━━━★ Open Menu Close Menu (ﾉ≧∀≦)ﾉ・‥…━━━★ Open Menu Close Menu We couldn't find the page you were looking for. This is either because: There is an error in the URL entered into your web browser. Please check the URL and try again. The page you are looking for has been moved or deleted. You can return to our homepage by clicking here, or you can try searching for the content you are seeking by clicking here.","2026-05-31T03:24:13.837Z","low","error:http_404"
"CP_0550","Monster Girl Maker","GHOULKISS","public_web","company_positioning_page","Company/public web positioning","https://www.ghoulkiss.com/subscribe","http://ghoulkiss.com/subscribe","https://www.ghoulkiss.com/subscribe","ghoulkiss.com","avatar_identity","pricing_or_plan_page","known_domain_pricing_or_plan_page","550","pricing_or_plan_page","","","no_clean_public_monetization_signal","yes","","(ﾉ≧∀≦)ﾉ・‥…━━━★ (ﾉ≧∀≦)ﾉ・‥…━━━★ 0 Skip to Content (ﾉ≧∀≦)ﾉ・‥…━━━★ Open Menu Close Menu (ﾉ≧∀≦)ﾉ・‥…━━━★ Open Menu Close Menu We couldn't find the page you were looking for. This is either because: There is an error in the URL entered into your web browser. Please check the URL and try again. The page you are looking for has been moved or deleted. You can return to our homepage by clicking here, or you can try searching for the content you are seeking by clicking here.","unclassified_public_positioning","","","no_pricing_signal","(ﾉ≧∀≦)ﾉ・‥…━━━★","404","error:http_404","pricing_or_plan_page","unclassified_public_positioning","no_clean_public_monetization_signal","","public_company_or_product_page","(ﾉ≧∀≦)ﾉ・‥…━━━★ 0 Skip to Content (ﾉ≧∀≦)ﾉ・‥…━━━★ Open Menu Close Menu (ﾉ≧∀≦)ﾉ・‥…━━━★ Open Menu Close Menu We couldn't find the page you were looking for. This is either because: There is an error in the URL entered into your web browser. Please check the URL and try again. The page you are looking for has been moved or deleted. You can return to our homepage by clicking here, or you can try searching for the content you are seeking by clicking here.","2026-05-31T03:24:14.477Z","low","error:http_404"
"CP_0551","Monster Girl Maker","GHOULKISS","public_web","company_positioning_page","Company/public web positioning","https://www.ghoulkiss.com/subscription","http://ghoulkiss.com/subscription","https://www.ghoulkiss.com/subscription","ghoulkiss.com","avatar_identity","pricing_or_plan_page","known_domain_pricing_or_plan_page","551","pricing_or_plan_page","","","no_clean_public_monetization_signal","yes","","(ﾉ≧∀≦)ﾉ・‥…━━━★ (ﾉ≧∀≦)ﾉ・‥…━━━★ 0 Skip to Content (ﾉ≧∀≦)ﾉ・‥…━━━★ Open Menu Close Menu (ﾉ≧∀≦)ﾉ・‥…━━━★ Open Menu Close Menu We couldn't find the page you were looking for. This is either because: There is an error in the URL entered into your web browser. Please check the URL and try again. The page you are looking for has been moved or deleted. You can return to our homepage by clicking here, or you can try searching for the content you are seeking by clicking here.","unclassified_public_positioning","","","no_pricing_signal","(ﾉ≧∀≦)ﾉ・‥…━━━★","404","error:http_404","pricing_or_plan_page","unclassified_public_positioning","no_clean_public_monetization_signal","","public_company_or_product_page","(ﾉ≧∀≦)ﾉ・‥…━━━★ 0 Skip to Content (ﾉ≧∀≦)ﾉ・‥…━━━★ Open Menu Close Menu (ﾉ≧∀≦)ﾉ・‥…━━━★ Open Menu Close Menu We couldn't find the page you were looking for. This is either because: There is an error in the URL entered into your web browser. Please check the URL and try again. The page you are looking for has been moved or deleted. You can return to our homepage by clicking here, or you can try searching for the content you are seeking by clicking here.","2026-05-31T03:24:15.111Z","low","error:http_404"
"CP_0552","Monster Girl Maker","GHOULKISS","public_web","company_positioning_page","Company/public web positioning","https://www.ghoulkiss.com/upgrade","http://ghoulkiss.com/upgrade","https://www.ghoulkiss.com/upgrade","ghoulkiss.com","avatar_identity","pricing_or_plan_page","known_domain_pricing_or_plan_page","552","pricing_or_plan_page","","","no_clean_public_monetization_signal","yes","","(ﾉ≧∀≦)ﾉ・‥…━━━★ (ﾉ≧∀≦)ﾉ・‥…━━━★ 0 Skip to Content (ﾉ≧∀≦)ﾉ・‥…━━━★ Open Menu Close Menu (ﾉ≧∀≦)ﾉ・‥…━━━★ Open Menu Close Menu We couldn't find the page you were looking for. This is either because: There is an error in the URL entered into your web browser. Please check the URL and try again. The page you are looking for has been moved or deleted. You can return to our homepage by clicking here, or you can try searching for the content you are seeking by clicking here.","unclassified_public_positioning","","","no_pricing_signal","(ﾉ≧∀≦)ﾉ・‥…━━━★","404","error:http_404","pricing_or_plan_page","unclassified_public_positioning","no_clean_public_monetization_signal","","public_company_or_product_page","(ﾉ≧∀≦)ﾉ・‥…━━━★ 0 Skip to Content (ﾉ≧∀≦)ﾉ・‥…━━━★ Open Menu Close Menu (ﾉ≧∀≦)ﾉ・‥…━━━★ Open Menu Close Menu We couldn't find the page you were looking for. This is either because: There is an error in the URL entered into your web browser. Please check the URL and try again. The page you are looking for has been moved or deleted. You can return to our homepage by clicking here, or you can try searching for the content you are seeking by clicking here.","2026-05-31T03:24:15.748Z","low","error:http_404"
"CP_0553","CUSTOM CAST","Custom Cast, Inc.","public_web","company_positioning_page","Company/public web positioning","http://customcast.jp/","http://customcast.jp/","http://customcast.jp/","customcast.jp","avatar_identity","homepage","known_domain_homepage","553","homepage","","","no_clean_public_monetization_signal","yes","","カスタムキャスト カスタムキャスト スマホで誰でも簡単3Dキャラメイク!! 直感的なUIで容姿をカスタマイズ。フェイスタイプ、ヘアタイプ、ボディ、コスチュームまで自由自在！ Notice お知らせ 2026.05.29DLC 新規アイテム配布情報！ 2026.05.29DLC 過去アイテム配布情報！ 2026.05.27ショップ 【ショップアイテム】ノーブルタキシードセット 他 2026.05.22その他 カスタムキャスト公式生放送 2026.05.21その他 【5/28まで】無料でコインGET! 報酬2倍キャンペーン お知らせ一覧 Customize カスタマイズ 直感的なUIで容姿をカスタマイズし理想の3Dキャラに！ フェイスタイプ、ヘアタイプ、ボディ、コスチュームまで自由自在 スクリーンショット 顔のカスタマイズも自由自在 ヘアスタイル 服のコーディネート 目の閉じ具合の調整 メニュー半透明機能 ポーズの変更 アクセサリの位置変更可能 男性パーツ Distribution 映像配信 スマホで気軽にVTuber配信がニコニコ生放送でできる！ iPhone X／iPhone Xs／iPhone Xs","avatar_identity","avatar_identity","","app_store_redirect","カスタムキャスト","200","ok","homepage","avatar_identity","no_clean_public_monetization_signal","","public_company_or_product_page","カスタムキャスト スマホで誰でも簡単3Dキャラメイク!! 直感的なUIで容姿をカスタマイズ。フェイスタイプ、ヘアタイプ、ボディ、コスチュームまで自由自在！ Notice お知らせ 2026.05.29DLC 新規アイテム配布情報！ 2026.05.29DLC 過去アイテム配布情報！ 2026.05.27ショップ 【ショップアイテム】ノーブルタキシードセット 他 2026.05.22その他 カスタムキャスト公式生放送 2026.05.21その他 【5/28まで】無料でコインGET! 報酬2倍キャンペーン お知らせ一覧 Customize カスタマイズ 直感的なUIで容姿をカスタマイズし理想の3Dキャラに！ フェイスタイプ、ヘアタイプ、ボディ、コスチュームまで自由自在 スクリーンショット 顔のカスタマイズも自由自在 ヘアスタイル 服のコーディネート 目の閉じ具合の調整 メニュー半透明機能 ポーズの変更 アクセサリの位置変更可能 男性パーツ Distribution 映像配信 スマホで気軽にVTuber配信がニコニコ生放送でできる！ iPhone X／iPhone Xs／iPhone Xs","2026-05-31T03:24:16.549Z","medium","ok"
"CP_0554","CUSTOM CAST","Custom Cast, Inc.","public_web","company_positioning_page","Company/public web positioning","http://customcast.jp/","http://customcast.jp","http://customcast.jp/","customcast.jp","avatar_identity","homepage","known_domain_homepage","554","homepage","","","no_clean_public_monetization_signal","yes","","カスタムキャスト カスタムキャスト スマホで誰でも簡単3Dキャラメイク!! 直感的なUIで容姿をカスタマイズ。フェイスタイプ、ヘアタイプ、ボディ、コスチュームまで自由自在！ Notice お知らせ 2026.05.29DLC 新規アイテム配布情報！ 2026.05.29DLC 過去アイテム配布情報！ 2026.05.27ショップ 【ショップアイテム】ノーブルタキシードセット 他 2026.05.22その他 カスタムキャスト公式生放送 2026.05.21その他 【5/28まで】無料でコインGET! 報酬2倍キャンペーン お知らせ一覧 Customize カスタマイズ 直感的なUIで容姿をカスタマイズし理想の3Dキャラに！ フェイスタイプ、ヘアタイプ、ボディ、コスチュームまで自由自在 スクリーンショット 顔のカスタマイズも自由自在 ヘアスタイル 服のコーディネート 目の閉じ具合の調整 メニュー半透明機能 ポーズの変更 アクセサリの位置変更可能 男性パーツ Distribution 映像配信 スマホで気軽にVTuber配信がニコニコ生放送でできる！ iPhone X／iPhone Xs／iPhone Xs","avatar_identity","avatar_identity","","app_store_redirect","カスタムキャスト","200","ok","homepage","avatar_identity","no_clean_public_monetization_signal","","public_company_or_product_page","カスタムキャスト スマホで誰でも簡単3Dキャラメイク!! 直感的なUIで容姿をカスタマイズ。フェイスタイプ、ヘアタイプ、ボディ、コスチュームまで自由自在！ Notice お知らせ 2026.05.29DLC 新規アイテム配布情報！ 2026.05.29DLC 過去アイテム配布情報！ 2026.05.27ショップ 【ショップアイテム】ノーブルタキシードセット 他 2026.05.22その他 カスタムキャスト公式生放送 2026.05.21その他 【5/28まで】無料でコインGET! 報酬2倍キャンペーン お知らせ一覧 Customize カスタマイズ 直感的なUIで容姿をカスタマイズし理想の3Dキャラに！ フェイスタイプ、ヘアタイプ、ボディ、コスチュームまで自由自在 スクリーンショット 顔のカスタマイズも自由自在 ヘアスタイル 服のコーディネート 目の閉じ具合の調整 メニュー半透明機能 ポーズの変更 アクセサリの位置変更可能 男性パーツ Distribution 映像配信 スマホで気軽にVTuber配信がニコニコ生放送でできる！ iPhone X／iPhone Xs／iPhone Xs","2026-05-31T03:24:16.760Z","medium","ok"
"CP_0555","CUSTOM CAST","Custom Cast, Inc.","public_web","company_positioning_page","Company/public web positioning","http://customcast.jp/pricing","http://customcast.jp/pricing","http://customcast.jp/pricing","customcast.jp","avatar_identity","pricing_or_plan_page","known_domain_pricing_or_plan_page","555","pricing_or_plan_page","","","no_clean_public_monetization_signal","yes","","404 Not Found 404 Not Found Not Found The requested URL was not found on this server.","habit_action_loop","","","no_pricing_signal","404 Not Found","404","error:http_404","pricing_or_plan_page","habit_action_loop","no_clean_public_monetization_signal","","unreachable_or_not_found","404 Not Found Not Found The requested URL was not found on this server.","2026-05-31T03:24:16.958Z","low","error:http_404"
"CP_0556","CUSTOM CAST","Custom Cast, Inc.","public_web","company_positioning_page","Company/public web positioning","http://customcast.jp/plans","http://customcast.jp/plans","http://customcast.jp/plans","customcast.jp","avatar_identity","pricing_or_plan_page","known_domain_pricing_or_plan_page","556","pricing_or_plan_page","","","no_clean_public_monetization_signal","yes","","404 Not Found 404 Not Found Not Found The requested URL was not found on this server.","habit_action_loop","","","no_pricing_signal","404 Not Found","404","error:http_404","pricing_or_plan_page","habit_action_loop","no_clean_public_monetization_signal","","unreachable_or_not_found","404 Not Found Not Found The requested URL was not found on this server.","2026-05-31T03:24:17.158Z","low","error:http_404"
"CP_0557","CUSTOM CAST","Custom Cast, Inc.","public_web","company_positioning_page","Company/public web positioning","http://customcast.jp/premium","http://customcast.jp/premium","http://customcast.jp/premium","customcast.jp","avatar_identity","pricing_or_plan_page","known_domain_pricing_or_plan_page","557","pricing_or_plan_page","","","no_clean_public_monetization_signal","yes","","404 Not Found 404 Not Found Not Found The requested URL was not found on this server.","habit_action_loop","","","no_pricing_signal","404 Not Found","404","error:http_404","pricing_or_plan_page","habit_action_loop","no_clean_public_monetization_signal","","unreachable_or_not_found","404 Not Found Not Found The requested URL was not found on this server.","2026-05-31T03:24:17.356Z","low","error:http_404"
"CP_0558","CUSTOM CAST","Custom Cast, Inc.","public_web","company_positioning_page","Company/public web positioning","http://customcast.jp/subscribe","http://customcast.jp/subscribe","http://customcast.jp/subscribe","customcast.jp","avatar_identity","pricing_or_plan_page","known_domain_pricing_or_plan_page","558","pricing_or_plan_page","","","no_clean_public_monetization_signal","yes","","404 Not Found 404 Not Found Not Found The requested URL was not found on this server.","habit_action_loop","","","no_pricing_signal","404 Not Found","404","error:http_404","pricing_or_plan_page","habit_action_loop","no_clean_public_monetization_signal","","unreachable_or_not_found","404 Not Found Not Found The requested URL was not found on this server.","2026-05-31T03:24:17.553Z","low","error:http_404"
"CP_0559","CUSTOM CAST","Custom Cast, Inc.","public_web","company_positioning_page","Company/public web positioning","http://customcast.jp/subscription","http://customcast.jp/subscription","http://customcast.jp/subscription","customcast.jp","avatar_identity","pricing_or_plan_page","known_domain_pricing_or_plan_page","559","pricing_or_plan_page","","","no_clean_public_monetization_signal","yes","","404 Not Found 404 Not Found Not Found The requested URL was not found on this server.","habit_action_loop","","","no_pricing_signal","404 Not Found","404","error:http_404","pricing_or_plan_page","habit_action_loop","no_clean_public_monetization_signal","","unreachable_or_not_found","404 Not Found Not Found The requested URL was not found on this server.","2026-05-31T03:24:17.752Z","low","error:http_404"
"CP_0560","CUSTOM CAST","Custom Cast, Inc.","public_web","company_positioning_page","Company/public web positioning","http://customcast.jp/upgrade","http://customcast.jp/upgrade","http://customcast.jp/upgrade","customcast.jp","avatar_identity","pricing_or_plan_page","known_domain_pricing_or_plan_page","560","pricing_or_plan_page","","","no_clean_public_monetization_signal","yes","","404 Not Found 404 Not Found Not Found The requested URL was not found on this server.","habit_action_loop","","","no_pricing_signal","404 Not Found","404","error:http_404","pricing_or_plan_page","habit_action_loop","no_clean_public_monetization_signal","","unreachable_or_not_found","404 Not Found Not Found The requested URL was not found on this server.","2026-05-31T03:24:17.950Z","low","error:http_404"
