app_name,publisher,platform,source_kind,source_bucket,source_url,niche,keyword,tag,page,rank_position,category,rating,review_count,pricing_type,iap_present,subscription_present,core_features,retention_mechanics,personalization_tags,audience_tags,monetization_notes,collected_at,evidence_quality,collection_status
"Lexispell","MrEliptik","web_game","itch_tag_page","itch.io","https://mreliptik.itch.io/lexispell","gaming","cozy","cozy","1","1","Puzzle","","","$8.99","","","Strategy meets physics, in this roguelike word game, where you combine spelling with cool upgrades to score high","progression_or_loop_benchmark_possible","","","Visible itch price label: $8.99","2026-05-31T04:45:37.274Z","medium_low","ok"
"Membrillo Hid My Socks","pulpaulaa","web_game","itch_tag_page","itch.io","https://pulpaulaa.itch.io/membrillo-hid-my-socks","gaming","cozy","cozy","1","3","Puzzle","","","unknown_or_free","","","Find all the missing socks your cat hid in your room.","progression_or_loop_benchmark_possible","","","","2026-05-31T04:45:37.275Z","medium_low","ok"
"girlballs","3denemy","web_game","itch_tag_page","itch.io","https://3denemy.itch.io/girlballs","gaming","cozy","cozy","1","5","Adventure","","","unknown_or_free","","","its good to be a ball","progression_or_loop_benchmark_possible","","","","2026-05-31T04:45:37.275Z","medium_low","ok"
"Mowlie","fanimato","web_game","itch_tag_page","itch.io","https://fanimato.itch.io/mowlie","gaming","cozy","cozy","1","7","Adventure","","","unknown_or_free","","","Embark with a little owl on a journey to fulfill an ancient prophecy!","progression_or_loop_benchmark_possible","","","","2026-05-31T04:45:37.275Z","medium_low","ok"
"GIF","Dawn Chorus","web_game","itch_tag_page","itch.io","https://dawn-chorus.itch.io/dawn-chorus","gaming","cozy","cozy","1","9","Visual Novel","","","unknown_or_free","","","A queer romance visual novel","progression_or_loop_benchmark_possible","","","","2026-05-31T04:45:37.275Z","medium_low","ok"
"Taiyaki Fabulous Museum of Fish","objetdiscret","web_game","itch_tag_page","itch.io","https://objetdiscret.itch.io/tai-fab-museum","gaming","cozy","cozy","1","11","Puzzle","","","unknown_or_free","","","Nonogram Exploration Adventure","progression_or_loop_benchmark_possible","","","","2026-05-31T04:45:37.276Z","medium_low","ok"
"Peggy's Post","digitarium","web_game","itch_tag_page","itch.io","https://digitarium.itch.io/peggys-post","gaming","cozy","cozy","1","13","Simulation","","","unknown_or_free","","","A peaceful package sorting game","progression_or_loop_benchmark_possible","","","","2026-05-31T04:45:37.276Z","medium_low","ok"
"Serenitrove","Scoot","web_game","itch_tag_page","itch.io","https://alfredncy.itch.io/serenitrove","gaming","cozy","cozy","1","15","Adventure","","","unknown_or_free","","","Dig, upgrade, expand... then dig deeper!","progression_or_loop_benchmark_possible","","","","2026-05-31T04:45:37.276Z","medium_low","ok"
"Little Chef: Prototype","Julien","web_game","itch_tag_page","itch.io","https://truebiger.itch.io/little-chef","gaming","cozy","cozy","1","17","Simulation","","","unknown_or_free","","","A fun and cute 2D physics-based cooking game with a focus on experimentation and discovery.","progression_or_loop_benchmark_possible","","","","2026-05-31T04:45:37.276Z","medium_low","ok"
"GIF","ALL DAY ALL NIGHT","web_game","itch_tag_page","itch.io","https://alldayallnight.itch.io/ikeelya","gaming","cozy","cozy","1","19","Shooter","","","unknown_or_free","","","Where's Waldo for assassins","progression_or_loop_benchmark_possible","","","","2026-05-31T04:45:37.276Z","medium_low","ok"
"Chibi Monster Girls","Croco","web_game","itch_tag_page","itch.io","https://croco-dev.itch.io/chibi-monster-girls","gaming","cozy","cozy","1","21","Simulation","","","$3.99-20%","","","Monster Girl Virtual Pet Desktop game.","progression_or_loop_benchmark_possible","","","Visible itch price label: $3.99-20%","2026-05-31T04:45:37.276Z","medium_low","ok"
"GIF","angela he","web_game","itch_tag_page","itch.io","https://zephyo.itch.io/an-average-day-at-the-cat-cafe","gaming","cozy","cozy","1","23","Simulation","","","unknown_or_free","","","Serve quirky customers as the days pass by~ How long can you keep the cafe open?","progression_or_loop_benchmark_possible","","","","2026-05-31T04:45:37.276Z","medium_low","ok"
"My Friendly Little Island","playinstinct","web_game","itch_tag_page","itch.io","https://playinstinct.itch.io/my-friendly-little-island","gaming","cozy","cozy","1","25","Adventure","","","$3","","","A cute adventure platformer about friendship and personal growth","progression_or_loop_benchmark_possible","","","Visible itch price label: $3","2026-05-31T04:45:37.276Z","medium_low","ok"
"Happy Cat Tavern: Typing Challenge","Courier Cat Studio","web_game","itch_tag_page","itch.io","https://couriercatstudio.itch.io/happy-cat-tavern","gaming","cozy","cozy","1","27","itch.io game","","","unknown_or_free","","","A cat themed typing game","progression_or_loop_benchmark_possible","","","","2026-05-31T04:45:37.276Z","medium_low","ok"
"Shut-in Vampire","ebi-hime","web_game","itch_tag_page","itch.io","https://ebihime.itch.io/shut-in-vampire","gaming","cozy","cozy","1","29","Visual Novel","","","unknown_or_free","","","A yuri stat/chatsim about a lesbian vampire trying to land a date for Halloween all while hustling to pay her rent.","progression_or_loop_benchmark_possible","","","","2026-05-31T04:45:37.276Z","medium_low","ok"
"Snug","Cookiecrayon","web_game","itch_tag_page","itch.io","https://cookiecrayon.itch.io/snug","gaming","cozy","cozy","1","31","Puzzle","","","unknown_or_free","","","A cozy game about packing bags.","progression_or_loop_benchmark_possible","","","","2026-05-31T04:45:37.277Z","medium_low","ok"
"Bloom [ALL ROUTES]","NightLight","web_game","itch_tag_page","itch.io","https://nightlightwrks.itch.io/bloom","gaming","cozy","cozy","1","33","Visual Novel","","","unknown_or_free","","","A Cozy Fantasy Dating Sim","progression_or_loop_benchmark_possible","","","","2026-05-31T04:45:37.277Z","medium_low","ok"
"Lost Constellation","FinjiVerified Account","web_game","itch_tag_page","itch.io","https://finji.itch.io/lost-constellation","gaming","cozy","cozy","1","35","Adventure","","","unknown_or_free","","","A ghost story from the world of Night In The Woods.","progression_or_loop_benchmark_possible","","","","2026-05-31T04:45:37.277Z","medium_low","ok"
"Welcome Googoo","Doot","web_game","itch_tag_page","itch.io","https://dodoot.itch.io/welcome-googoo","gaming","cozy","cozy","1","37","itch.io game","","","unknown_or_free","","","Wholesome Games Jam - Write cute letters","progression_or_loop_benchmark_possible","","","","2026-05-31T04:45:37.277Z","medium_low","ok"
"Artificer","Pure Jam Games","web_game","itch_tag_page","itch.io","https://purejamgames.itch.io/artificer","gaming","cozy","cozy","1","39","Puzzle","","","unknown_or_free","","","Will your shop succeed?","progression_or_loop_benchmark_possible","","","","2026-05-31T04:45:37.277Z","medium_low","ok"
"The Willowmist Emporium of Antiques & Curiosities","Two and a Half StudiosVerified Account","web_game","itch_tag_page","itch.io","https://twoandahalfstudios.itch.io/willowmist","gaming","cozy","cozy","1","41","Visual Novel","","","unknown_or_free","","","A cozy romance visual novel - move to a small town to run your aunt’s antique store!","progression_or_loop_benchmark_possible","","","","2026-05-31T04:45:37.277Z","medium_low","ok"
"GIF","Daniel LinssenVerified Account","web_game","itch_tag_page","itch.io","https://managore.itch.io/planetarium","gaming","cozy","cozy","1","43","Simulation","","","unknown_or_free","","","a planet generator with creatures and secrets","progression_or_loop_benchmark_possible","","","","2026-05-31T04:45:37.277Z","medium_low","ok"
"Bunny Forest","Erytau","web_game","itch_tag_page","itch.io","https://erytau.itch.io/bunny-forest","gaming","cozy","cozy","1","45","Adventure","","","unknown_or_free","","","Calm game about bunnies","progression_or_loop_benchmark_possible","","","","2026-05-31T04:45:37.277Z","medium_low","ok"
"Little Chef: Demo","Julien","web_game","itch_tag_page","itch.io","https://truebiger.itch.io/little-chef-demo","gaming","cozy","cozy","1","47","Simulation","","","unknown_or_free","","","Little Chef: Cozy Cooking is a physics-based cooking game full of discovery and playful chaos.","progression_or_loop_benchmark_possible","","","","2026-05-31T04:45:37.277Z","medium_low","ok"
"GIF","elyaradine","web_game","itch_tag_page","itch.io","https://elyaradine.itch.io/dressmaker","gaming","cozy","cozy","1","49","Simulation","","","unknown_or_free","","","Cut fabric, sew patterns together, and make custom dresses","progression_or_loop_benchmark_possible","","","","2026-05-31T04:45:37.277Z","medium_low","ok"
"GIF","Vanade [ Hamilton Hour ]","web_game","itch_tag_page","itch.io","https://hamiltonhour.itch.io/the-cookie-project","gaming","cozy","cozy","1","51","Visual Novel","","","unknown_or_free","","","The real cookies were the friends (or...love interests?) we made along the way...","progression_or_loop_benchmark_possible","","","","2026-05-31T04:45:37.277Z","medium_low","ok"
"Pocket Bird - Portable Desktop Pet","Idrees","web_game","itch_tag_page","itch.io","https://idreesinc.itch.io/pocket-bird","gaming","cozy","cozy","1","53","itch.io game","","","unknown_or_free","","","A tiny bird that flutters around your web browser!","progression_or_loop_benchmark_possible","","","","2026-05-31T04:45:37.277Z","medium_low","ok"
"IF - Underfell","Darkpetal16","web_game","itch_tag_page","itch.io","https://darkpetal16.itch.io/if-underfell","gaming","cozy","cozy","1","55","Interactive Fiction","","","unknown_or_free","","","COMPLETED: Play as a customizable ""Frisk"" through a kingdom of hostile monsters.","progression_or_loop_benchmark_possible","","","","2026-05-31T04:45:37.278Z","medium_low","ok"
"Gourdlets","aunty games","web_game","itch_tag_page","itch.io","https://aunty-games.itch.io/gourdlets","gaming","cozy","cozy","1","57","Simulation","","","unknown_or_free","","","A cozy city-building sandbox.","progression_or_loop_benchmark_possible","","","","2026-05-31T04:45:37.278Z","medium_low","ok"
"Creature Kitchen","The Rat Zone","web_game","itch_tag_page","itch.io","https://the-rat-zone.itch.io/creature-kitchen","gaming","cozy","cozy","1","59","Simulation","","","$7.99","","","A cozy atmospheric cooking simulator where you befriend local wildlife and feed them their favorite snacks!","progression_or_loop_benchmark_possible","","","Visible itch price label: $7.99","2026-05-31T04:45:37.278Z","medium_low","ok"
"Buns and Poops","FLUFFLOP","web_game","itch_tag_page","itch.io","https://flufflop.itch.io/bunsandpoops","gaming","cozy","cozy","1","61","Simulation","","","$5.99","","","Turn your desktop into a bunny playground","progression_or_loop_benchmark_possible","","","Visible itch price label: $5.99","2026-05-31T04:45:37.278Z","medium_low","ok"
"GIF","Vanade [ Hamilton Hour ]","web_game","itch_tag_page","itch.io","https://hamiltonhour.itch.io/halloween-scrooge","gaming","cozy","cozy","1","63","Visual Novel","","","unknown_or_free","","","A Halloween spin on A Christmas Carol, and you can flirt with the ghosts.","progression_or_loop_benchmark_possible","","","","2026-05-31T04:45:37.278Z","medium_low","ok"
"PetBox: Ultimate Desktop Pet","Kansei Dev","web_game","itch_tag_page","itch.io","https://kansei-dev.itch.io/petbox","gaming","cozy","cozy","1","65","Simulation","","","$2.50","","","A lightweight, customizable desktop pet collection. Watch them climb, sleep, and play on your screen","progression_or_loop_benchmark_possible","","","Visible itch price label: $2.50","2026-05-31T04:45:37.278Z","medium_low","ok"
"Capybara Village","playinstinct","web_game","itch_tag_page","itch.io","https://playinstinct.itch.io/capybara-village","gaming","cozy","cozy","1","67","itch.io game","","","unknown_or_free","","","A cozy little game with Capybaras, set in a Japanese village","progression_or_loop_benchmark_possible","","","","2026-05-31T04:45:37.278Z","medium_low","ok"
"GIF","Kultisti","web_game","itch_tag_page","itch.io","https://kultisti.itch.io/raide","gaming","cozy","cozy","1","69","Puzzle","","","unknown_or_free","","","train tracks!","progression_or_loop_benchmark_possible","","","","2026-05-31T04:45:37.278Z","medium_low","ok"
"Calico","PeachyKeenGames","web_game","itch_tag_page","itch.io","https://peachykeengames.itch.io/calico","gaming","cozy","cozy","1","71","Role Playing","","","$11.99","","","Magical girls and cat cafes!","progression_or_loop_benchmark_possible","","","Visible itch price label: $11.99","2026-05-31T04:45:37.278Z","medium_low","ok"
"Life and Lemon","Finn Truong","web_game","itch_tag_page","itch.io","https://finn-truong.itch.io/life-and-lemon","gaming","cozy","cozy","2","1","Simulation","","","unknown_or_free","","","A cozy fruit farming card game","progression_or_loop_benchmark_possible","","","","2026-05-31T04:45:37.763Z","medium_low","ok"
"GIF","leafthief","web_game","itch_tag_page","itch.io","https://leafthief.itch.io/cookies-bakery","gaming","cozy","cozy","2","3","Visual Novel","","","unknown_or_free","","","Bake cookies and celebrate the holidays!","progression_or_loop_benchmark_possible","","","","2026-05-31T04:45:37.763Z","medium_low","ok"
"A Late Night Convo","HusbandoGoddess","web_game","itch_tag_page","itch.io","https://husbandogoddess.itch.io/a-late-night-convo","gaming","cozy","cozy","2","5","Visual Novel","","","unknown_or_free","","","Unable to sleep, a man talks to his girlfriend about their relationship.","progression_or_loop_benchmark_possible","","","","2026-05-31T04:45:37.763Z","medium_low","ok"
"Dream Blunt Rotation","gothmogged","web_game","itch_tag_page","itch.io","https://gothmogged.itch.io/dream-blunt-rotation","gaming","cozy","cozy","2","7","Simulation","","","unknown_or_free","","","A hangout simulator where you build your own dream rotation of characters, and chat about anything and everything.","progression_or_loop_benchmark_possible","","","","2026-05-31T04:45:37.763Z","medium_low","ok"
"Prerolled","Orphic Dreaming","web_game","itch_tag_page","itch.io","https://orphic-dreaming.itch.io/prerolled","gaming","cozy","cozy","2","9","Strategy","","","unknown_or_free","","","Make crazy money selling silly dice in your cozy shop!!","progression_or_loop_benchmark_possible","","","","2026-05-31T04:45:37.763Z","medium_low","ok"
"3 Seasons","Vanade [ Hamilton Hour ]","web_game","itch_tag_page","itch.io","https://hamiltonhour.itch.io/3-seasons","gaming","cozy","cozy","2","11","Visual Novel","","","unknown_or_free","","","A game about love, friendship, and making the best of a weird temp job in the spirit world!","progression_or_loop_benchmark_possible","","","","2026-05-31T04:45:37.763Z","medium_low","ok"
"Tiny Kingdom","neltile","web_game","itch_tag_page","itch.io","https://neltile.itch.io/tiny-kingdom","gaming","cozy","cozy","2","13","Strategy","","","unknown_or_free","","","Grow your Kindgom","progression_or_loop_benchmark_possible","","","","2026-05-31T04:45:37.763Z","medium_low","ok"
"Candy's Closet","cutegamesclub","web_game","itch_tag_page","itch.io","https://cutegamesclub.itch.io/candys-closet","gaming","cozy","cozy","2","15","Simulation","","","unknown_or_free","","","a cute dressup game in a seaside town!","progression_or_loop_benchmark_possible","","","","2026-05-31T04:45:37.763Z","medium_low","ok"
"Arachne's Loom","Mismatched Socks","web_game","itch_tag_page","itch.io","https://mismatched-socks.itch.io/arachnes-loom","gaming","cozy","cozy","2","17","Strategy","","","unknown_or_free","","","Block-stacking deckbuilder. Free Web Playable.","progression_or_loop_benchmark_possible","","","","2026-05-31T04:45:37.764Z","medium_low","ok"
"Zoe and the Cursed Dreamer","Game Endeavor","web_game","itch_tag_page","itch.io","https://game-endeavor.itch.io/zatcd","gaming","cozy","cozy","2","19","Role Playing","","","unknown_or_free","","","Build. Eat Cheese. Defy the Gods.","progression_or_loop_benchmark_possible","","","","2026-05-31T04:45:37.764Z","medium_low","ok"
"Petrichor","prikarin","web_game","itch_tag_page","itch.io","https://prikarin.itch.io/petrichor-vn","gaming","cozy","cozy","2","21","Visual Novel","","","unknown_or_free","","","Coming out to your partner can be scary","progression_or_loop_benchmark_possible","","","","2026-05-31T04:45:37.764Z","medium_low","ok"
"GIF","Incredulous Interactive","web_game","itch_tag_page","itch.io","https://incredulous.itch.io/picture-perfect","gaming","cozy","cozy","2","23","Puzzle","","","unknown_or_free","","","A cozy puzzle game about forced perspective","progression_or_loop_benchmark_possible","","","","2026-05-31T04:45:37.764Z","medium_low","ok"
"Little Big Space Clicker","lyamgtt","web_game","itch_tag_page","itch.io","https://lyamgtt.itch.io/little-big-space-clicker","gaming","cozy","cozy","2","25","Simulation","","","unknown_or_free","","","Console Retro Clicker / Idle Game","progression_or_loop_benchmark_possible","","","","2026-05-31T04:45:37.764Z","medium_low","ok"
"Wonderflower","squiggythings","web_game","itch_tag_page","itch.io","https://squiggythings.itch.io/wonderflower","gaming","cozy","cozy","2","27","Platformer","","","unknown_or_free","","","A short game about planting a flower in a flowerless city.","progression_or_loop_benchmark_possible","","","","2026-05-31T04:45:37.764Z","medium_low","ok"
"Longest Night","FinjiVerified Account","web_game","itch_tag_page","itch.io","https://finji.itch.io/longest-night","gaming","cozy","cozy","2","29","Puzzle","","","unknown_or_free","","","​Gather round the campfire and trace the constellations in this Night In The Woods supplemental!","progression_or_loop_benchmark_possible","","","","2026-05-31T04:45:37.764Z","medium_low","ok"
"Welcome to Elderfield","Welcome to Elderfield","web_game","itch_tag_page","itch.io","https://welcome-to-elderfield.itch.io/welcome-to-elderfield","gaming","cozy","cozy","2","31","Role Playing","","","unknown_or_free","","","A spooky pixel art farming horror JRPG","progression_or_loop_benchmark_possible","","","","2026-05-31T04:45:37.764Z","medium_low","ok"
"Kabuto Park","Doot Tiny Games","web_game","itch_tag_page","itch.io","https://doottinygames.itch.io/kabuto-park","gaming","cozy","cozy","2","33","Role Playing","","","$5","","","Cute Beetle Collector 🪲🌻🐝","progression_or_loop_benchmark_possible","","","Visible itch price label: $5","2026-05-31T04:45:37.764Z","medium_low","ok"
"GIF","Thomas Waterzooi","web_game","itch_tag_page","itch.io","https://studiowaterzooi.itch.io/please-touch-the-artwork-2","gaming","cozy","cozy","2","35","Adventure","","","unknown_or_free","","","‘Where’s Waldo’ meets Modern Art in this cozy hidden-object adventure.","progression_or_loop_benchmark_possible","","","","2026-05-31T04:45:37.764Z","medium_low","ok"
"Fused 240","Mike Klubnika","web_game","itch_tag_page","itch.io","https://mikeklubnika.itch.io/fused-240","gaming","cozy","cozy","2","37","itch.io game","","","unknown_or_free","","","Atmospheric driving game.","progression_or_loop_benchmark_possible","","","","2026-05-31T04:45:37.764Z","medium_low","ok"
"Hot Cocoa Magic!","Ekkoberry","web_game","itch_tag_page","itch.io","https://ekkoberry.itch.io/hot-cocoa-magic","gaming","cozy","cozy","2","39","Visual Novel","","","unknown_or_free","","","A Watercolor Visual Novel.","progression_or_loop_benchmark_possible","","","","2026-05-31T04:45:37.764Z","medium_low","ok"
"Ignore the blackbird","Ana Merz","web_game","itch_tag_page","itch.io","https://anamerzlaya.itch.io/ignore-the-blackbird-full-version","gaming","cozy","cozy","2","41","Puzzle","","","$3.99","","","a story-driven watercolour puzzle game","progression_or_loop_benchmark_possible","","","Visible itch price label: $3.99","2026-05-31T04:45:37.765Z","medium_low","ok"
"Tavern Talk [full]","Gentle Troll","web_game","itch_tag_page","itch.io","https://gentle-troll.itch.io/tavern-talk","gaming","cozy","cozy","2","43","Visual Novel","","","$9.89-45%","","","A Cozy Visual Novel Game","progression_or_loop_benchmark_possible","","","Visible itch price label: $9.89-45%","2026-05-31T04:45:37.765Z","medium_low","ok"
"Tavern Talk Stories: Dreamwalker","Gentle Troll","web_game","itch_tag_page","itch.io","https://gentle-troll.itch.io/tavern-talk-stories-dreamwalker","gaming","cozy","cozy","2","45","Visual Novel","","","unknown_or_free","","","A Cozy Visual Novel Game","progression_or_loop_benchmark_possible","","","","2026-05-31T04:45:37.765Z","medium_low","ok"
"stay with me","rye","web_game","itch_tag_page","itch.io","https://bakedbread.itch.io/stay-with-me","gaming","cozy","cozy","2","47","Puzzle","","","unknown_or_free","","","(you're not alone)","progression_or_loop_benchmark_possible","","","","2026-05-31T04:45:37.765Z","medium_low","ok"
"Plant Therapy","Short Leg Studio","web_game","itch_tag_page","itch.io","https://short-leg-studio.itch.io/plant-therapy","gaming","cozy","cozy","2","49","Simulation","","","unknown_or_free","","","Big Winter Update out now! Get cozy in this plant collecting and decorating game!","progression_or_loop_benchmark_possible","","","","2026-05-31T04:45:37.765Z","medium_low","ok"
"GIF","Grenadine","web_game","itch_tag_page","itch.io","https://chromacool.itch.io/cuckoo-curling","gaming","cozy","cozy","2","51","Sports","","","unknown_or_free","","","Freestyle curling meets connect four. Now Online!","progression_or_loop_benchmark_possible","","","","2026-05-31T04:45:37.765Z","medium_low","ok"
"GIF","Flo VeltmanVerified Account","web_game","itch_tag_page","itch.io","https://vltmn.itch.io/lieve-oma","gaming","cozy","cozy","2","53","Visual Novel","","","$2.99","","","It's the season for penny buns, Grandma forced you to come along a bit. But deep down you know it'll do you good.","progression_or_loop_benchmark_possible","","","Visible itch price label: $2.99","2026-05-31T04:45:37.766Z","medium_low","ok"
"Cosy Bear Cafe","Sprout Coo","web_game","itch_tag_page","itch.io","https://sproutcoo.itch.io/cosy-bear-cafe","gaming","cozy","cozy","2","55","Simulation","","","unknown_or_free","","","Work a shift at the cosy bear cafe!","progression_or_loop_benchmark_possible","","","","2026-05-31T04:45:37.766Z","medium_low","ok"
"GIF","justcore","web_game","itch_tag_page","itch.io","https://justcore.itch.io/burning-snow","gaming","cozy","cozy","2","57","Adventure","","","unknown_or_free","","","A short experience about fire and a winter forest","progression_or_loop_benchmark_possible","","","","2026-05-31T04:45:37.766Z","medium_low","ok"
"CAT & ONION","Karl Zylinski","web_game","itch_tag_page","itch.io","https://zylinski.itch.io/cat-and-onion","gaming","cozy","cozy","2","59","Adventure","","","$2.99","","","A warm and whimsical cat adventure","progression_or_loop_benchmark_possible","","","Visible itch price label: $2.99","2026-05-31T04:45:37.766Z","medium_low","ok"
"GIF","Victoria","web_game","itch_tag_page","itch.io","https://theladyvictoria.itch.io/toripon","gaming","cozy","cozy","2","61","Adventure","","","unknown_or_free","","","Take photos of cute birds doing cute things, and make people happy on the internet!","progression_or_loop_benchmark_possible","","","","2026-05-31T04:45:37.766Z","medium_low","ok"
"GIF","Evol Games","web_game","itch_tag_page","itch.io","https://evolgames.itch.io/evolpedal","gaming","cozy","cozy","2","63","Simulation","","","unknown_or_free","","","Walking Evolution Simulator","progression_or_loop_benchmark_possible","","","","2026-05-31T04:45:37.766Z","medium_low","ok"
"Pack","plasmastarfish","web_game","itch_tag_page","itch.io","https://plasmastarfish.itch.io/pack","gaming","cozy","cozy","2","65","Puzzle","","","unknown_or_free","","","A cozy puzzler where you drag and drop items of different shapes into your suitcase.","progression_or_loop_benchmark_possible","","","","2026-05-31T04:45:37.766Z","medium_low","ok"
"Nippets: A Hidden Object Game","Blink Industries","web_game","itch_tag_page","itch.io","https://blink-industries.itch.io/nippets","gaming","cozy","cozy","2","67","Puzzle","","","$10.39-20%","","","Cozy Hidden Object Game About People Watching","progression_or_loop_benchmark_possible","","","Visible itch price label: $10.39-20%","2026-05-31T04:45:37.766Z","medium_low","ok"
"Pumpkin Café","ilymeiib","web_game","itch_tag_page","itch.io","https://ilymeiib.itch.io/pumpkin-cafe","gaming","cozy","cozy","2","69","itch.io game","","","unknown_or_free","","","A cozy Halloween themed cooking game","progression_or_loop_benchmark_possible","","","","2026-05-31T04:45:37.766Z","medium_low","ok"
"GIF","Anaïs","web_game","itch_tag_page","itch.io","https://anaissalla.itch.io/nomnom","gaming","cozy","cozy","2","71","Simulation","","","unknown_or_free","","","A game about autumn jam and mantaining a small business.","progression_or_loop_benchmark_possible","","","","2026-05-31T04:45:37.766Z","medium_low","ok"
"GIF","Selkie Harbour","web_game","itch_tag_page","itch.io","https://selkieharbour.itch.io/fit-in-bed","gaming","cozy","cozy","3","1","Puzzle","","","unknown_or_free","","","Fit everyone in the bed! Make sure they're COSY ☁","progression_or_loop_benchmark_possible","","","","2026-05-31T04:45:38.092Z","medium_low","ok"
"Our Cinderella","justacarrot","web_game","itch_tag_page","itch.io","https://justacarrot.itch.io/our-cinderella","gaming","cozy","cozy","3","3","Visual Novel","","","unknown_or_free","","","Can an anxious ace get his happily ever after?","progression_or_loop_benchmark_possible","","","","2026-05-31T04:45:38.092Z","medium_low","ok"
"GIF","Unsigned Double","web_game","itch_tag_page","itch.io","https://unsigneddoublecollective.itch.io/fossil-quest","gaming","cozy","cozy","3","5","Simulation","","","unknown_or_free","","","Dig for fossils, assemble exhibits, create (and decorate!) a museum in your home","progression_or_loop_benchmark_possible","","","","2026-05-31T04:45:38.093Z","medium_low","ok"
"plastic tape","npckc","web_game","itch_tag_page","itch.io","https://npckc.itch.io/plastic-tape","gaming","cozy","cozy","3","7","Visual Novel","","","unknown_or_free","","","snapshots of a life through bandages.","progression_or_loop_benchmark_possible","","","","2026-05-31T04:45:38.093Z","medium_low","ok"
"Skeleseller","XtonomousVerified Account","web_game","itch_tag_page","itch.io","https://xtonomous.itch.io/skeleseller","gaming","cozy","cozy","3","9","Simulation","","","$7.99","","","Sell a ton with this skeleton! 💀","progression_or_loop_benchmark_possible","","","Visible itch price label: $7.99","2026-05-31T04:45:38.093Z","medium_low","ok"
"Emerald Woods","slashie","web_game","itch_tag_page","itch.io","https://slash.itch.io/emerald-woods","gaming","cozy","cozy","3","11","Survival","","","unknown_or_free","","","You have started a new life in the tranquil Emerald Woods, miles away from any sign of human civilization.","progression_or_loop_benchmark_possible","","","","2026-05-31T04:45:38.093Z","medium_low","ok"
"GIF","Melancholy Marionette","web_game","itch_tag_page","itch.io","https://melancholy-marionette.itch.io/the-shuddering","gaming","cozy","cozy","3","13","Visual Novel","","","unknown_or_free","","","Lose yourself in a lonely entity's embrace...","progression_or_loop_benchmark_possible","","","","2026-05-31T04:45:38.096Z","medium_low","ok"
"POM SIMULATOR 9000","d Marie","web_game","itch_tag_page","itch.io","https://dmarielicea.itch.io/pomsimulator9000","gaming","cozy","cozy","3","15","Simulation","","","unknown_or_free","","","weary, transformation, dog, burger, comfort","progression_or_loop_benchmark_possible","","","","2026-05-31T04:45:38.096Z","medium_low","ok"
"GIF","npckc","web_game","itch_tag_page","itch.io","https://npckc.itch.io/space-frog","gaming","cozy","cozy","3","17","Adventure","","","unknown_or_free","","","a story of a frog in space.","progression_or_loop_benchmark_possible","","","","2026-05-31T04:45:38.096Z","medium_low","ok"
"Squeakross: Home Squeak Home","Alblune 🐁 🌙","web_game","itch_tag_page","itch.io","https://alblune.itch.io/squeakross-home-squeak-home","gaming","cozy","cozy","3","19","Puzzle","","","$14.99In bundle","","","Solve and transform puzzles into furniture to decorate the perfect home for your rodent friend.","progression_or_loop_benchmark_possible","","","Visible itch price label: $14.99In bundle","2026-05-31T04:45:38.096Z","medium_low","ok"
"Nui Goes to Town! (Demo)","wr41thx","web_game","itch_tag_page","itch.io","https://wr41thx.itch.io/nui-goes-to-town-demo","gaming","cozy","cozy","3","21","Adventure","","","unknown_or_free","","","Nui, Rumi, and Gu are about to embark on the Giggle Train to Tickle Town!","progression_or_loop_benchmark_possible","","","","2026-05-31T04:45:38.096Z","medium_low","ok"
"Shutter Stroll","lemon cosmos","web_game","itch_tag_page","itch.io","https://lemoncosmos.itch.io/shutterstroll","gaming","cozy","cozy","3","23","itch.io game","","","$6","","","Take a stroll, take a picture.","progression_or_loop_benchmark_possible","","","Visible itch price label: $6","2026-05-31T04:45:38.096Z","medium_low","ok"
"Potion Master","ome6a1717","web_game","itch_tag_page","itch.io","https://ome6a1717.itch.io/potion-master","gaming","cozy","cozy","3","25","itch.io game","","","unknown_or_free","","","A bite-sized cozy incremental game where you harvest materials and craft potions!","progression_or_loop_benchmark_possible","","","","2026-05-31T04:45:38.097Z","medium_low","ok"
"My Adorable Ghost Story","Kawaii mado","web_game","itch_tag_page","itch.io","https://madogames.itch.io/my-adorable-ghost-story","gaming","cozy","cozy","3","27","Adventure","","","unknown_or_free","","","Help a ghost complete his final wishes","progression_or_loop_benchmark_possible","","","","2026-05-31T04:45:38.097Z","medium_low","ok"
"Cottagecore Dress Up","Anna Glin","web_game","itch_tag_page","itch.io","https://annaglin.itch.io/cottagecore-dress-up","gaming","cozy","cozy","3","29","Simulation","","","unknown_or_free","","","dress 'em up!","progression_or_loop_benchmark_possible","","","","2026-05-31T04:45:38.097Z","medium_low","ok"
"Porter","Blue Makes Games","web_game","itch_tag_page","itch.io","https://blue-makes-games.itch.io/porter","gaming","cozy","cozy","3","31","Platformer","","","unknown_or_free","","","Teleport through puzzles and platforms!","progression_or_loop_benchmark_possible","","","","2026-05-31T04:45:38.097Z","medium_low","ok"
"Froggy Pot","Cantusmori","web_game","itch_tag_page","itch.io","https://cantusmori.itch.io/froggy-pot","gaming","cozy","cozy","3","33","Visual Novel","","","unknown_or_free","","","​A cozy game with a small side of existential crisis.","progression_or_loop_benchmark_possible","","","","2026-05-31T04:45:38.097Z","medium_low","ok"
"GIF","Island Of Mine","web_game","itch_tag_page","itch.io","https://bonkyd.itch.io/island-of-mine","gaming","cozy","cozy","3","35","Adventure","","","unknown_or_free","","","Island of Mine is a cozy survival & crafting adventure.","progression_or_loop_benchmark_possible","","","","2026-05-31T04:45:38.097Z","medium_low","ok"
"GIF","indooranimal","web_game","itch_tag_page","itch.io","https://indooranimal.itch.io/posey-picks-1","gaming","cozy","cozy","3","37","Visual Novel","","","unknown_or_free","","","Help Posey choose what to draw in this bite-sized visual novel!","progression_or_loop_benchmark_possible","","","","2026-05-31T04:45:38.097Z","medium_low","ok"
"Between The Lines DEMO","RUNEHEART GAMES","web_game","itch_tag_page","itch.io","https://runeheart-games.itch.io/between-the-lines-demo","gaming","cozy","cozy","3","39","Visual Novel","","","unknown_or_free","","","A college romance between two opposites.","progression_or_loop_benchmark_possible","","","","2026-05-31T04:45:38.097Z","medium_low","ok"
"GIF","Ted Martens","web_game","itch_tag_page","itch.io","https://hammertail.itch.io/pixel-fireplace","gaming","cozy","cozy","3","41","Simulation","","","$4.99","","","Type commands, roast marshmallows, throw logs onto a crackling fire. Enjoy","progression_or_loop_benchmark_possible","","","Visible itch price label: $4.99","2026-05-31T04:45:38.097Z","medium_low","ok"
"Blanket Cat: A Cozy Winter Visual Novel","Studio Ghost Legs","web_game","itch_tag_page","itch.io","https://ghostlegs.itch.io/blanket-cat","gaming","cozy","cozy","3","43","Visual Novel","","","unknown_or_free","","","Let's have a great day!","progression_or_loop_benchmark_possible","","","","2026-05-31T04:45:38.097Z","medium_low","ok"
"GIF","Darkpetal16","web_game","itch_tag_page","itch.io","https://darkpetal16.itch.io/if-underswap","gaming","cozy","cozy","3","45","Interactive Fiction","","","unknown_or_free","","","COMPLETE: Play as a customizable Chara who has fallen into a hidden monster kingdom under Lake Ebott.","progression_or_loop_benchmark_possible","","","","2026-05-31T04:45:38.097Z","medium_low","ok"
"Forest's Secret","bynine","web_game","itch_tag_page","itch.io","https://bynine.itch.io/forestssecret","gaming","cozy","cozy","3","47","Adventure","","","unknown_or_free","","","A Cozy Woodsy Adventure","progression_or_loop_benchmark_possible","","","","2026-05-31T04:45:38.097Z","medium_low","ok"
"Marigold's Bookshelf","Nite Writers","web_game","itch_tag_page","itch.io","https://nitewriters.itch.io/mg","gaming","cozy","cozy","3","49","Role Playing","","","unknown_or_free","","","A small space to rest","progression_or_loop_benchmark_possible","","","","2026-05-31T04:45:38.097Z","medium_low","ok"
"GIF","Connil Games","web_game","itch_tag_page","itch.io","https://connil-de-la-mienuit.itch.io/wandering-okali","gaming","cozy","cozy","3","51","Visual Novel","","","unknown_or_free","","","Discover magical creatures while exploring a whimsical fantasy world.","progression_or_loop_benchmark_possible","","","","2026-05-31T04:45:38.097Z","medium_low","ok"
"Sugar & Spice Cafe","First Scoop","web_game","itch_tag_page","itch.io","https://first-scoop.itch.io/sugar-and-spice-cafe","gaming","cozy","cozy","3","53","Simulation","","","unknown_or_free","","","A cozy tea cafe game... or is it?","progression_or_loop_benchmark_possible","","","","2026-05-31T04:45:38.097Z","medium_low","ok"
"GIF","AmaryllisMyo","web_game","itch_tag_page","itch.io","https://amaryllismyo.itch.io/little-repair-shop","gaming","cozy","cozy","3","55","Puzzle","","","unknown_or_free","","","A short cozy experience to repair consoles: use different tools, interact with circuits and give them a new life.","progression_or_loop_benchmark_possible","","","","2026-05-31T04:45:38.097Z","medium_low","ok"
"Project Shoreline","Speldosa Interactive","web_game","itch_tag_page","itch.io","https://speldosainteractive.itch.io/project-shoreline","gaming","cozy","cozy","3","57","Adventure","","","unknown_or_free","","","Explore, Clean & Restore as a Cute Character in this Cozy Cleaning Mini-Adventure!","progression_or_loop_benchmark_possible","","","","2026-05-31T04:45:38.097Z","medium_low","ok"
"Legend of Idle","ActiveDev","web_game","itch_tag_page","itch.io","https://activedev.itch.io/legend-of-idle-playtest-demo","gaming","cozy","cozy","3","59","Simulation","","","unknown_or_free","","","SNES Incremental Kingdom","progression_or_loop_benchmark_possible","","","","2026-05-31T04:45:38.098Z","medium_low","ok"
"Feather Park","Jon Topielski","web_game","itch_tag_page","itch.io","https://jontopielski.itch.io/feather-park","gaming","cozy","cozy","3","61","Adventure","","","unknown_or_free","","","Explore an autumn park and play minigames","progression_or_loop_benchmark_possible","","","","2026-05-31T04:45:38.098Z","medium_low","ok"
"My Confounding Cat is Criminally Cute","ebi-hime","web_game","itch_tag_page","itch.io","https://ebihime.itch.io/criminal-cat","gaming","cozy","cozy","3","63","Visual Novel","","","$6.99","","","A cute boys love VN about a grumpy wizard and a cheerful catboy.","progression_or_loop_benchmark_possible","","","Visible itch price label: $6.99","2026-05-31T04:45:38.098Z","medium_low","ok"
"The Ratchelor Season 3: Rats in the City","Algorat","web_game","itch_tag_page","itch.io","https://algorat.itch.io/the-ratchelor-3","gaming","cozy","cozy","3","65","Visual Novel","","","unknown_or_free","","","This third installment of the premier rat dating sim lets you find love - this time in the city!","progression_or_loop_benchmark_possible","","","","2026-05-31T04:45:38.098Z","medium_low","ok"
"PancitoMerge","Fáyer🔥","web_game","itch_tag_page","itch.io","https://fayer.itch.io/pancitomerge","gaming","cozy","cozy","3","67","itch.io game","","","unknown_or_free","","","""Merge matching breads to create new ones in PancitoMerge, a Mexican bakery twist on drop-merge fun!","progression_or_loop_benchmark_possible","","","","2026-05-31T04:45:38.098Z","medium_low","ok"
"Amayadoru [FULL]","ty","web_game","itch_tag_page","itch.io","https://p6ik.itch.io/amayadoru","gaming","cozy","cozy","3","69","Visual Novel","","","unknown_or_free","","","rain, otome, a short story","progression_or_loop_benchmark_possible","","","","2026-05-31T04:45:38.098Z","medium_low","ok"
"FEED AXEL!","satsumagmo","web_game","itch_tag_page","itch.io","https://satsumagmo.itch.io/feed-axel","gaming","cozy","cozy","3","71","Simulation","","","unknown_or_free","","","Fry up some Axelotls and decorate food to feed Axel! A fangame for Axel Syrios of Holostars English Tempus","progression_or_loop_benchmark_possible","","","","2026-05-31T04:45:38.098Z","medium_low","ok"
"Terraformental","Shadowsand","web_game","itch_tag_page","itch.io","https://sh4dowsand.itch.io/terraformental","gaming","idle","idle","1","1","Survival","","","$5.99","","","Try to survive and perhaps eventually even tame an unknown planet in this incremental semi-idle game.","progression_or_loop_benchmark_possible","","","Visible itch price label: $5.99","2026-05-31T04:45:38.412Z","medium_low","ok"
"CatPhish","househorse","web_game","itch_tag_page","itch.io","https://househorse.itch.io/catphish","gaming","idle","idle","1","3","Simulation","","","unknown_or_free","","","The fish tinder incremental! Swipe, chat, consume.","progression_or_loop_benchmark_possible","","","","2026-05-31T04:45:38.412Z","medium_low","ok"
"Marketfield","pollikk_studios","web_game","itch_tag_page","itch.io","https://pollikk-studios.itch.io/marketfield","gaming","idle","idle","1","5","Strategy","","","unknown_or_free","","","1200+ upgrades, automation, synergies, and prestige progression in this cozy farming incremental.","progression_or_loop_benchmark_possible","","","","2026-05-31T04:45:38.412Z","medium_low","ok"
"Planet No More","Wise Monke Entertainment Studio","web_game","itch_tag_page","itch.io","https://wisemonkees.itch.io/planet-no-more","gaming","idle","idle","1","7","itch.io game","","","unknown_or_free","","","An incremental planet destruction game.","progression_or_loop_benchmark_possible","","","","2026-05-31T04:45:38.412Z","medium_low","ok"
"Scritchy Scratchy","Funday Games","web_game","itch_tag_page","itch.io","https://funday-games.itch.io/scritchy-scratchy","gaming","idle","idle","1","9","Simulation","","","$6.99","","","A super-satisfying scratch card incremental game","progression_or_loop_benchmark_possible","","","Visible itch price label: $6.99","2026-05-31T04:45:38.412Z","medium_low","ok"
"Your Debt Is Paid","Cmski","web_game","itch_tag_page","itch.io","https://cmski.itch.io/your-debt-is-paid","gaming","idle","idle","1","11","Action","","","unknown_or_free","","","","progression_or_loop_benchmark_possible","","","","2026-05-31T04:45:38.412Z","medium_low","ok"
"Chibi Monster Girls","Croco","web_game","itch_tag_page","itch.io","https://croco-dev.itch.io/chibi-monster-girls","gaming","idle","idle","1","13","Simulation","","","$3.99-20%","","","Monster Girl Virtual Pet Desktop game.","progression_or_loop_benchmark_possible","","","Visible itch price label: $3.99-20%","2026-05-31T04:45:38.412Z","medium_low","ok"
"Idle Breakout","Kodiqi","web_game","itch_tag_page","itch.io","https://kodiqi.itch.io/idle-breakout","gaming","idle","idle","1","15","itch.io game","","","unknown_or_free","","","Unlock and upgrade an assortment of brick-breaking balls!","progression_or_loop_benchmark_possible","","","","2026-05-31T04:45:38.412Z","medium_low","ok"
"Astra's Garden","NomnomNami","web_game","itch_tag_page","itch.io","https://nomnomnami.itch.io/astras-garden","gaming","idle","idle","1","17","Visual Novel","","","unknown_or_free","","","a healing game. let's grow together!","progression_or_loop_benchmark_possible","","","","2026-05-31T04:45:38.413Z","medium_low","ok"
"Legendum","Vadeum","web_game","itch_tag_page","itch.io","https://vadeum.itch.io/legendum","gaming","idle","idle","1","19","Role Playing","","","unknown_or_free","","","Rise into legend. Incremental / Idle RPG.","progression_or_loop_benchmark_possible","","","","2026-05-31T04:45:38.413Z","medium_low","ok"
"Arcane Earth - Increment Clicker","TimberwolfGames","web_game","itch_tag_page","itch.io","https://timberwolfgames.itch.io/arcaneearth","gaming","idle","idle","1","21","itch.io game","","","unknown_or_free","","","Dig blocks. Upgrade tools. Descend into the darkness.","progression_or_loop_benchmark_possible","","","","2026-05-31T04:45:38.413Z","medium_low","ok"
"GIF","Jaco van Hemert","web_game","itch_tag_page","itch.io","https://jaco-van-hemert.itch.io/clown-hole","gaming","idle","idle","1","23","itch.io game","","","unknown_or_free","","","mine clowns for profit","progression_or_loop_benchmark_possible","","","","2026-05-31T04:45:38.413Z","medium_low","ok"
"FEED THE AI","WeirdKidGames","web_game","itch_tag_page","itch.io","https://weirdkidgames.itch.io/feed-the-ai","gaming","idle","idle","1","25","Simulation","","","unknown_or_free","","","Feed the AI. Collect data. Unlock upgrades. Watch the algorithm grow beyond your control.","progression_or_loop_benchmark_possible","","","","2026-05-31T04:45:38.413Z","medium_low","ok"
"Feed the Forest","Indoor Sunglasses","web_game","itch_tag_page","itch.io","https://indoorsunglasses.itch.io/feed-the-forest","gaming","idle","idle","1","27","Simulation","","","unknown_or_free","","","Short incremental forest-builder","progression_or_loop_benchmark_possible","","","","2026-05-31T04:45:38.413Z","medium_low","ok"
"The World Is Doomed Unless I Can Raise My Power Level to 1,000,000 and Confront the Demon Lord","reav","web_game","itch_tag_page","itch.io","https://reav.itch.io/demon-lord","gaming","idle","idle","1","29","Adventure","","","$2.99","","","","progression_or_loop_benchmark_possible","","","Visible itch price label: $2.99","2026-05-31T04:45:38.413Z","medium_low","ok"
"GIF","ostsergey","web_game","itch_tag_page","itch.io","https://ostsergey.itch.io/one-more-goblin-generation","gaming","idle","idle","1","31","Strategy","","","unknown_or_free","","","","progression_or_loop_benchmark_possible","","","","2026-05-31T04:45:38.413Z","medium_low","ok"
"Unnamed Space Idle","Sylv","web_game","itch_tag_page","itch.io","https://rankith.itch.io/unnamed-space-idle-prototype","gaming","idle","idle","1","33","Simulation","","","unknown_or_free","","","Unfolding long form idle game in space.","progression_or_loop_benchmark_possible","","","","2026-05-31T04:45:38.414Z","medium_low","ok"
"1,000,000 shrimp","Jon Topielski","web_game","itch_tag_page","itch.io","https://jontopielski.itch.io/1000000-shrimp","gaming","idle","idle","1","35","Simulation","","","unknown_or_free","","","incremental shrimp boating","progression_or_loop_benchmark_possible","","","","2026-05-31T04:45:38.414Z","medium_low","ok"
"Pocket Bird - Portable Desktop Pet","Idrees","web_game","itch_tag_page","itch.io","https://idreesinc.itch.io/pocket-bird","gaming","idle","idle","1","37","itch.io game","","","unknown_or_free","","","A tiny bird that flutters around your web browser!","progression_or_loop_benchmark_possible","","","","2026-05-31T04:45:38.414Z","medium_low","ok"
"Cult Inc.","Backward Studio","web_game","itch_tag_page","itch.io","https://backward-studio.itch.io/cult-inc","gaming","idle","idle","1","39","Simulation","","","unknown_or_free","","","Sacrifice is a must","progression_or_loop_benchmark_possible","","","","2026-05-31T04:45:38.414Z","medium_low","ok"
"GIF","Crede","web_game","itch_tag_page","itch.io","https://crede.itch.io/planet","gaming","idle","idle","1","41","Adventure","","","unknown_or_free","","","The spaciest incremental game you will play today. You will play it. Today","progression_or_loop_benchmark_possible","","","","2026-05-31T04:45:38.415Z","medium_low","ok"
"The MachinEGG","JC - QuantumGames","web_game","itch_tag_page","itch.io","https://quantumgames-studio.itch.io/the-machinegg","gaming","idle","idle","1","43","Simulation","","","unknown_or_free","","","From a single chicken to a massive underground egg factory!","progression_or_loop_benchmark_possible","","","","2026-05-31T04:45:38.415Z","medium_low","ok"
"plant daddy","brady soglin","web_game","itch_tag_page","itch.io","https://overfull.itch.io/plantdaddy","gaming","idle","idle","1","45","Simulation","","","unknown_or_free","","","grow plants in your sunny apartment!","progression_or_loop_benchmark_possible","","","","2026-05-31T04:45:38.415Z","medium_low","ok"
"PetBox: Ultimate Desktop Pet","Kansei Dev","web_game","itch_tag_page","itch.io","https://kansei-dev.itch.io/petbox","gaming","idle","idle","1","47","Simulation","","","$2.50","","","A lightweight, customizable desktop pet collection. Watch them climb, sleep, and play on your screen","progression_or_loop_benchmark_possible","","","Visible itch price label: $2.50","2026-05-31T04:45:38.415Z","medium_low","ok"
"Fall Ball Fall","PeachTreeOath","web_game","itch_tag_page","itch.io","https://peachtreeoath.itch.io/fall-ball-fall","gaming","idle","idle","1","49","Strategy","","","unknown_or_free","","","","progression_or_loop_benchmark_possible","","","","2026-05-31T04:45:38.415Z","medium_low","ok"
"Life and Lemon","Finn Truong","web_game","itch_tag_page","itch.io","https://finn-truong.itch.io/life-and-lemon","gaming","idle","idle","1","51","Simulation","","","unknown_or_free","","","A cozy fruit farming card game","progression_or_loop_benchmark_possible","","","","2026-05-31T04:45:38.415Z","medium_low","ok"
"Cultivators Chronicles: Idle Wuxia","Wuxia Comp","web_game","itch_tag_page","itch.io","https://nor-pan.itch.io/cultivators-chronicles-idle-wuxia","gaming","idle","idle","1","53","Role Playing","","","unknown_or_free","","","Cultivation Wuxia Incremental Game","progression_or_loop_benchmark_possible","","","","2026-05-31T04:45:38.415Z","medium_low","ok"
"BIOTOMATA","Talos0248","web_game","itch_tag_page","itch.io","https://talos0248.itch.io/biotomata","gaming","idle","idle","1","55","Strategy","","","unknown_or_free","","","A semi-active, sci-fi themed incremental with elements of strategy and story.","progression_or_loop_benchmark_possible","","","","2026-05-31T04:45:38.416Z","medium_low","ok"
"GIF","Chugget","web_game","itch_tag_page","itch.io","https://chugget.itch.io/into-the-planets-flesh","gaming","idle","idle","1","57","Simulation","","","unknown_or_free","","","Idle Horror Incremental Free Web Playable","progression_or_loop_benchmark_possible","","","","2026-05-31T04:45:38.416Z","medium_low","ok"
"Dwarf Eats Mountain - Demo","GreenWizardGames","web_game","itch_tag_page","itch.io","https://greenwizardgames.itch.io/dwarf-eats-mountain","gaming","idle","idle","1","59","Strategy","","","unknown_or_free","","","Incremental game about hungry dwarves mining mountains!","progression_or_loop_benchmark_possible","","","","2026-05-31T04:45:38.416Z","medium_low","ok"
"Sips","Jono Shields","web_game","itch_tag_page","itch.io","https://foopod.itch.io/sips","gaming","idle","idle","1","61","Simulation","","","unknown_or_free","","","A short cafe idle game for the GBA","progression_or_loop_benchmark_possible","","","","2026-05-31T04:45:38.416Z","medium_low","ok"
"Boba Simulator","Cuddle Code","web_game","itch_tag_page","itch.io","https://jetamp.itch.io/boba-simulator","gaming","idle","idle","1","63","Simulation","","","unknown_or_free","","","Tiny Boba Tea shop simulator. Manage recipe, stock, customer satisfaction.","progression_or_loop_benchmark_possible","","","","2026-05-31T04:45:38.416Z","medium_low","ok"
"PokéPath TD","Khydra","web_game","itch_tag_page","itch.io","https://khydra98.itch.io/pokepath","gaming","idle","idle","1","65","Strategy","","","unknown_or_free","","","Pokémon Tower Defense","progression_or_loop_benchmark_possible","","","","2026-05-31T04:45:38.416Z","medium_low","ok"
"Zone Idle","Dickie1","web_game","itch_tag_page","itch.io","https://dickie1.itch.io/zone-idle","gaming","idle","idle","1","67","Simulation","","","unknown_or_free","","","​Zone Idle is an Extraction Simulator inspired by the Tarkov and Stalker worlds and games.","progression_or_loop_benchmark_possible","","","","2026-05-31T04:45:38.416Z","medium_low","ok"
"Chop Chains","Alexis","web_game","itch_tag_page","itch.io","https://alexisgelin.itch.io/chop-chains","gaming","idle","idle","1","69","Adventure","","","unknown_or_free","","","Relaxing incremental game where you chop trees!","progression_or_loop_benchmark_possible","","","","2026-05-31T04:45:38.417Z","medium_low","ok"
"Black Hole Fishing","SDGGames","web_game","itch_tag_page","itch.io","https://sdggames.itch.io/black-hole-fishing","gaming","idle","idle","1","71","Simulation","","","unknown_or_free","","","Catch a fish, destroy the world!","progression_or_loop_benchmark_possible","","","","2026-05-31T04:45:38.417Z","medium_low","ok"
"Little Big Space Clicker","lyamgtt","web_game","itch_tag_page","itch.io","https://lyamgtt.itch.io/little-big-space-clicker","gaming","idle","idle","2","1","Simulation","","","unknown_or_free","","","Console Retro Clicker / Idle Game","progression_or_loop_benchmark_possible","","","","2026-05-31T04:45:38.814Z","medium_low","ok"
"Drill Deep","Human Qube Games","web_game","itch_tag_page","itch.io","https://humanqube.itch.io/drill-deep","gaming","idle","idle","2","3","Strategy","","","unknown_or_free","","","Drill Deep is a coalpunk idle clicker about digging the world's deepest hole","progression_or_loop_benchmark_possible","","","","2026-05-31T04:45:38.814Z","medium_low","ok"
"Maginot","vfqd","web_game","itch_tag_page","itch.io","https://vfqd.itch.io/maginot","gaming","idle","idle","2","5","Strategy","","","unknown_or_free","","","A silly incremental colony builder about digging deep and fighting the sea","progression_or_loop_benchmark_possible","","","","2026-05-31T04:45:38.814Z","medium_low","ok"
"Idle Tower Builder","Airapport","web_game","itch_tag_page","itch.io","https://airapport.itch.io/idle-tower-builder","gaming","idle","idle","2","7","Simulation","","","unknown_or_free","","","Build the tower to the sky and beyond!","progression_or_loop_benchmark_possible","","","","2026-05-31T04:45:38.814Z","medium_low","ok"
"Budgie's Bug Shop Demo","Ricardo Escobar","web_game","itch_tag_page","itch.io","https://glumleaf.itch.io/budgies-bug-shop-demo","gaming","idle","idle","2","9","Simulation","","","unknown_or_free","","","The budgies want to buy your bugs.","progression_or_loop_benchmark_possible","","","","2026-05-31T04:45:38.814Z","medium_low","ok"
"The Rift Machine (Demo)","mechayaan","web_game","itch_tag_page","itch.io","https://mechayaan.itch.io/the-rift-machine-demo","gaming","idle","idle","2","11","itch.io game","","","unknown_or_free","","","An idle incremental game with Sci-fi elements","progression_or_loop_benchmark_possible","","","","2026-05-31T04:45:38.814Z","medium_low","ok"
"Outhold","Tellus Games","web_game","itch_tag_page","itch.io","https://tellusgames.itch.io/outhold","gaming","idle","idle","2","13","Strategy","","","unknown_or_free","","","A short, minimalistic incremental game with tower defense mechanics.","progression_or_loop_benchmark_possible","","","","2026-05-31T04:45:38.814Z","medium_low","ok"
"WildFire","Salvador","web_game","itch_tag_page","itch.io","https://salvadorpalma.itch.io/wildfire","gaming","idle","idle","2","15","Strategy","","","unknown_or_free","","","Survive as many rounds as you can to the threatening local wildlife","progression_or_loop_benchmark_possible","","","","2026-05-31T04:45:38.815Z","medium_low","ok"
"dreamcore95idle.exe","Atovange","web_game","itch_tag_page","itch.io","https://atovange.itch.io/dreamcore95idle","gaming","idle","idle","2","17","Strategy","","","unknown_or_free","","","dreamcore inspired incremental game with vaporwave aesthetics","progression_or_loop_benchmark_possible","","","","2026-05-31T04:45:38.815Z","medium_low","ok"
"Exiled Guild Manager","ZIGGYD","web_game","itch_tag_page","itch.io","https://ziggyd.itch.io/exiled-guild-manager","gaming","idle","idle","2","19","Simulation","","","unknown_or_free","","","Manage a guild of Exiles in this Path of Exile-inspired RPG sim!","progression_or_loop_benchmark_possible","","","","2026-05-31T04:45:38.815Z","medium_low","ok"
"Push the square","Raul Moreno Tamayo","web_game","itch_tag_page","itch.io","https://asdehielo.itch.io/push-the-square","gaming","idle","idle","2","21","itch.io game","","","unknown_or_free","","","Short idle game","progression_or_loop_benchmark_possible","","","","2026-05-31T04:45:38.815Z","medium_low","ok"
"GIF","sampersonVerified Account","web_game","itch_tag_page","itch.io","https://samperson.itch.io/fidget-physics","gaming","idle","idle","2","23","Simulation","","","$3.99","","","a desktop sand toy","progression_or_loop_benchmark_possible","","","Visible itch price label: $3.99","2026-05-31T04:45:38.815Z","medium_low","ok"
"GIF","koro.games","web_game","itch_tag_page","itch.io","https://korogames.itch.io/htl","gaming","idle","idle","2","25","Simulation","","","unknown_or_free","","","Help your rodent crew reach the ultimate speed!","progression_or_loop_benchmark_possible","","","","2026-05-31T04:45:38.815Z","medium_low","ok"
"Tower Wizard","Barribob","web_game","itch_tag_page","itch.io","https://barribob.itch.io/tower-wizard","gaming","idle","idle","2","27","Simulation","","","$2.99","","","Construct the mightiest wizard tower!","progression_or_loop_benchmark_possible","","","Visible itch price label: $2.99","2026-05-31T04:45:38.815Z","medium_low","ok"
"Plant Therapy","Short Leg Studio","web_game","itch_tag_page","itch.io","https://short-leg-studio.itch.io/plant-therapy","gaming","idle","idle","2","29","Simulation","","","unknown_or_free","","","Big Winter Update out now! Get cozy in this plant collecting and decorating game!","progression_or_loop_benchmark_possible","","","","2026-05-31T04:45:38.815Z","medium_low","ok"
"Skynet Simulator","edisgreat","web_game","itch_tag_page","itch.io","https://edisgreat.itch.io/skynet-simulator","gaming","idle","idle","2","31","Puzzle","","","unknown_or_free","","","You are Skynet","progression_or_loop_benchmark_possible","","","","2026-05-31T04:45:38.815Z","medium_low","ok"
"Inn Over Your Head","Tanner Maxwell","web_game","itch_tag_page","itch.io","https://minmaxwell.itch.io/inn-over-your-head","gaming","idle","idle","2","33","Simulation","","","unknown_or_free","","","An incremental game where you manage a tavern with a deadly secret beneath it.","progression_or_loop_benchmark_possible","","","","2026-05-31T04:45:38.815Z","medium_low","ok"
"GIF","nerdError","web_game","itch_tag_page","itch.io","https://nerderror.itch.io/dualforce-idle","gaming","idle","idle","2","35","Strategy","","","unknown_or_free","","","Tower Defense + Idle, where you play for both sides!","progression_or_loop_benchmark_possible","","","","2026-05-31T04:45:38.815Z","medium_low","ok"
"GIF","Daniel Mullins","web_game","itch_tag_page","itch.io","https://dmullinsgames.itch.io/special-offer-claim-your-free-bitbuddy","gaming","idle","idle","2","37","itch.io game","","","unknown_or_free","","","This is a great offer. Don't delay the inevitable! Claim your FREE BitBuddy™ RIGHT NOW!","progression_or_loop_benchmark_possible","","","","2026-05-31T04:45:38.816Z","medium_low","ok"
"Growing My Manhole","SylverDev","web_game","itch_tag_page","itch.io","https://sylverdev.itch.io/growing-my-manhole","gaming","idle","idle","2","39","Simulation","","","unknown_or_free","","","Consume the universe, grow from manhole to Black Hole.","progression_or_loop_benchmark_possible","","","","2026-05-31T04:45:38.816Z","medium_low","ok"
"Skeleseller","XtonomousVerified Account","web_game","itch_tag_page","itch.io","https://xtonomous.itch.io/skeleseller","gaming","idle","idle","2","41","Simulation","","","$7.99","","","Sell a ton with this skeleton! 💀","progression_or_loop_benchmark_possible","","","Visible itch price label: $7.99","2026-05-31T04:45:38.816Z","medium_low","ok"
"Shrines of Wrath","Barribob","web_game","itch_tag_page","itch.io","https://barribob.itch.io/shrines-of-wrath","gaming","idle","idle","2","43","Simulation","","","unknown_or_free","","","Spread the corruption","progression_or_loop_benchmark_possible","","","","2026-05-31T04:45:38.816Z","medium_low","ok"
"Terminal Descent","Roxicaro","web_game","itch_tag_page","itch.io","https://roxicaro.itch.io/terminal-descent","gaming","idle","idle","2","45","itch.io game","","","$0-100%","","","A terminal-based game made in Python.","progression_or_loop_benchmark_possible","","","Visible itch price label: $0-100%","2026-05-31T04:45:38.816Z","medium_low","ok"
"Progress Knight","ihtasham_42","web_game","itch_tag_page","itch.io","https://ihtasham-42.itch.io/progress-knight","gaming","idle","idle","2","47","Simulation","","","unknown_or_free","","","","progression_or_loop_benchmark_possible","","","","2026-05-31T04:45:38.816Z","medium_low","ok"
"Apex Machina","Barribob","web_game","itch_tag_page","itch.io","https://barribob.itch.io/apex-machina","gaming","idle","idle","2","49","Adventure","","","unknown_or_free","","","Command them to victory","progression_or_loop_benchmark_possible","","","","2026-05-31T04:45:38.816Z","medium_low","ok"
"Magic Archery","Barribob","web_game","itch_tag_page","itch.io","https://barribob.itch.io/magic-archery","gaming","idle","idle","2","51","Simulation","","","unknown_or_free","","","​Just an Elf practicing archery. What techniques can they master?","progression_or_loop_benchmark_possible","","","","2026-05-31T04:45:38.816Z","medium_low","ok"
"Immortality Factory","KorbohneD","web_game","itch_tag_page","itch.io","https://korbohned.itch.io/immortality-incremental","gaming","idle","idle","2","53","Simulation","","","unknown_or_free","","","Incremental Game about Automation of Magical Processes","progression_or_loop_benchmark_possible","","","","2026-05-31T04:45:38.816Z","medium_low","ok"
"Spirit Dungeons (formerly Soul Not Found)","Martin Tale","web_game","itch_tag_page","itch.io","https://martintale.itch.io/spirit-dungeons","gaming","idle","idle","2","55","Simulation","","","unknown_or_free","","","Incremental game with idle and offline progress about necromancer gone good!","progression_or_loop_benchmark_possible","","","","2026-05-31T04:45:38.816Z","medium_low","ok"
"PokéPet Desktop","Manolloz","web_game","itch_tag_page","itch.io","https://manolloz.itch.io/pokepet-desktop","gaming","idle","idle","2","57","Simulation","","","unknown_or_free","","","","progression_or_loop_benchmark_possible","","","","2026-05-31T04:45:38.816Z","medium_low","ok"
"EcoClicker","Alastor Games","web_game","itch_tag_page","itch.io","https://alastor-games.itch.io/ecoclicker","gaming","idle","idle","2","59","Simulation","","","unknown_or_free","","","Save the world from global warming by planting trees","progression_or_loop_benchmark_possible","","","","2026-05-31T04:45:38.816Z","medium_low","ok"
"Retromine","ccdg","web_game","itch_tag_page","itch.io","https://cicidigital.itch.io/retromine","gaming","idle","idle","2","61","Card Game","","","unknown_or_free","","","Deep incremental roguelike deckbuilding","progression_or_loop_benchmark_possible","","","","2026-05-31T04:45:38.816Z","medium_low","ok"
"Mine Clicker","TwoFar","web_game","itch_tag_page","itch.io","https://twofar.itch.io/mineclicker","gaming","idle","idle","2","63","Simulation","","","unknown_or_free","","","Clicker game about mining.","progression_or_loop_benchmark_possible","","","","2026-05-31T04:45:38.816Z","medium_low","ok"
"Hollowspire","Simex","web_game","itch_tag_page","itch.io","https://simex.itch.io/hollowspire","gaming","idle","idle","2","65","Simulation","","","unknown_or_free","","","","progression_or_loop_benchmark_possible","","","","2026-05-31T04:45:38.817Z","medium_low","ok"
"Night of the Idle Horde (v 0.1.5.2)","BohFam","web_game","itch_tag_page","itch.io","https://bohfam.itch.io/night-of-the-idle-horde","gaming","idle","idle","2","67","Simulation","","","unknown_or_free","","","playable prototype for idle/incremental desktop zombie outbreak","progression_or_loop_benchmark_possible","","","","2026-05-31T04:45:38.817Z","medium_low","ok"
"Incremental Skill Tree","KingIronFist101","web_game","itch_tag_page","itch.io","https://kingironfist101.itch.io/incremental-skill-tree","gaming","idle","idle","2","69","Simulation","","","unknown_or_free","","","A short incremental game.","progression_or_loop_benchmark_possible","","","","2026-05-31T04:45:38.817Z","medium_low","ok"
"Bloom","RNG Party Games","web_game","itch_tag_page","itch.io","https://rngpartygames.itch.io/bloom","gaming","idle","idle","2","71","Simulation","","","$9.99","","","A real-time narrative-driven social sim about starting up a flower shop made exclusively for Playdate.","progression_or_loop_benchmark_possible","","","Visible itch price label: $9.99","2026-05-31T04:45:38.817Z","medium_low","ok"
"GIF","Chatex","web_game","itch_tag_page","itch.io","https://chatex.itch.io/i-hardly-knower-poker-idler","gaming","idle","idle","3","1","itch.io game","","","unknown_or_free","","","Grind up the stakes. Pre-alpha prototype build","progression_or_loop_benchmark_possible","","","","2026-05-31T04:45:39.206Z","medium_low","ok"
"Legend of Idle","ActiveDev","web_game","itch_tag_page","itch.io","https://activedev.itch.io/legend-of-idle-playtest-demo","gaming","idle","idle","3","3","Simulation","","","unknown_or_free","","","SNES Incremental Kingdom","progression_or_loop_benchmark_possible","","","","2026-05-31T04:45:39.206Z","medium_low","ok"
"PokAidle","0xunivers","web_game","itch_tag_page","itch.io","https://0xunivers.itch.io/pokaidle","gaming","idle","idle","3","5","itch.io game","","","unknown_or_free","","","The Pokémon World... Reimagined as an Infinite Multi-Region Dungeon. Dive into a nostalgic fresh idle RPG.","progression_or_loop_benchmark_possible","","","","2026-05-31T04:45:39.207Z","medium_low","ok"
"PomoFarm","wormpod","web_game","itch_tag_page","itch.io","https://wormpod.itch.io/pomofarm","gaming","idle","idle","3","7","Simulation","","","$4.99","","","As Tomato the Duck, grow your farm as you focus on tasks in the real world!","progression_or_loop_benchmark_possible","","","Visible itch price label: $4.99","2026-05-31T04:45:39.207Z","medium_low","ok"
"GIF","Draelent","web_game","itch_tag_page","itch.io","https://draelent.itch.io/theboardisyours","gaming","idle","idle","3","9","Strategy","","","unknown_or_free","","","A strategic chess-based incremental game.","progression_or_loop_benchmark_possible","","","","2026-05-31T04:45:39.207Z","medium_low","ok"
"GIF","mellowminx","web_game","itch_tag_page","itch.io","https://mellowminx.itch.io/pocket-kitten","gaming","idle","idle","3","11","Simulation","","","$3","","","Take care of kittens, decorate your space, and get lots of love in this cozy virtual pet sim sandbox game.","progression_or_loop_benchmark_possible","","","Visible itch price label: $3","2026-05-31T04:45:39.207Z","medium_low","ok"
"Idle Research","Considera Games","web_game","itch_tag_page","itch.io","https://cryptogrounds.itch.io/idle-research","gaming","idle","idle","3","13","Simulation","","","unknown_or_free","","","Idle Research is an addictive, resource management, incremental game with both idle and active playstyles.","progression_or_loop_benchmark_possible","","","","2026-05-31T04:45:39.207Z","medium_low","ok"
"Gamblers Table - Demo","greenpixels_","web_game","itch_tag_page","itch.io","https://greenpixels.itch.io/gamblers-table","gaming","idle","idle","3","15","itch.io game","","","unknown_or_free","","","A little game about flippin' coins!","progression_or_loop_benchmark_possible","","","","2026-05-31T04:45:39.207Z","medium_low","ok"
"Reincarnated as a Dark Lord Before Taking Over the World with Power 999999999","Cuddle Code","web_game","itch_tag_page","itch.io","https://jetamp.itch.io/reincarnated-as-a-dark-lord-before-taking-over-the-world-with-power-999999999","gaming","idle","idle","3","17","Role Playing","","","unknown_or_free","","","Multiple endings idle game","progression_or_loop_benchmark_possible","","","","2026-05-31T04:45:39.208Z","medium_low","ok"
"Mukbang Idol","LiminAce","web_game","itch_tag_page","itch.io","https://liminace.itch.io/mukbang-idol","gaming","idle","idle","3","19","Visual Novel","","","unknown_or_free","","","Give money, make her grow!","progression_or_loop_benchmark_possible","","","","2026-05-31T04:45:39.208Z","medium_low","ok"
"Pokémon Lithic Veil","Khydra","web_game","itch_tag_page","itch.io","https://khydra98.itch.io/pokemon-lithic-veil","gaming","idle","idle","3","21","Adventure","","","unknown_or_free","","","Auto-Battler Idle RPG","progression_or_loop_benchmark_possible","","","","2026-05-31T04:45:39.208Z","medium_low","ok"
"Legion Breaker","Baffled Engineer","web_game","itch_tag_page","itch.io","https://baffledengineer.itch.io/legion-breaker","gaming","idle","idle","3","23","Strategy","","","unknown_or_free","","","Cast magic spells, build your army, and become the ultimate battlemage!","progression_or_loop_benchmark_possible","","","","2026-05-31T04:45:39.208Z","medium_low","ok"
"Tristram","bippinbits","web_game","itch_tag_page","itch.io","https://bippinbits.itch.io/tristram","gaming","idle","idle","3","25","itch.io game","","","unknown_or_free","","","Homage to classic dungeon-crawling adventures","progression_or_loop_benchmark_possible","","","","2026-05-31T04:45:39.208Z","medium_low","ok"
"Pyramid Builder","standardcombo","web_game","itch_tag_page","itch.io","https://standardcombo.itch.io/pyramid-builder","gaming","idle","idle","3","27","Simulation","","","unknown_or_free","","","Grow a civilization, Build a Pyramid","progression_or_loop_benchmark_possible","","","","2026-05-31T04:45:39.208Z","medium_low","ok"
"Frog Pond","shar","web_game","itch_tag_page","itch.io","https://sharyap.itch.io/frog-pond","gaming","idle","idle","3","29","itch.io game","","","unknown_or_free","","","a frog collecting game","progression_or_loop_benchmark_possible","","","","2026-05-31T04:45:39.208Z","medium_low","ok"
"Riftborne","riftborne","web_game","itch_tag_page","itch.io","https://riftborne.itch.io/riftborne","gaming","idle","idle","3","31","Strategy","","","$6.79-15%","","","A classic terminal based 4x space strategy!","progression_or_loop_benchmark_possible","","","Visible itch price label: $6.79-15%","2026-05-31T04:45:39.208Z","medium_low","ok"
"Don't Skip The Line","ZenithHorizon","web_game","itch_tag_page","itch.io","https://zenithhorizon.itch.io/dont-skip-the-line","gaming","idle","idle","3","33","Simulation","","","unknown_or_free","","","An idle game about turning the inconvenience of waiting in line into the pleasure of making money.","progression_or_loop_benchmark_possible","","","","2026-05-31T04:45:39.208Z","medium_low","ok"
"Terraforma","benjatk","web_game","itch_tag_page","itch.io","https://benjatk.itch.io/terraforma","gaming","idle","idle","3","35","Simulation","","","unknown_or_free","","","Grow your own world from scratch","progression_or_loop_benchmark_possible","","","","2026-05-31T04:45:39.208Z","medium_low","ok"
"Fill Up The Hole","Fluffy Lotus","web_game","itch_tag_page","itch.io","https://fluffy-lotus.itch.io/fillupthehole","gaming","idle","idle","3","37","Simulation","","","unknown_or_free","","","Short incremental game where you build a city, automate garbage production, and toss it into a magical hole for profit.","progression_or_loop_benchmark_possible","","","","2026-05-31T04:45:39.208Z","medium_low","ok"
"Gridle","Parsakaali","web_game","itch_tag_page","itch.io","https://parsakaali.itch.io/gridle","gaming","idle","idle","3","39","Puzzle","","","unknown_or_free","","","A bite-sized idle game featuring machines that upgrade themselves and each other!","progression_or_loop_benchmark_possible","","","","2026-05-31T04:45:39.208Z","medium_low","ok"
"Total Incremental Battle (prev. Total Incremental War)","TechDebtGames","web_game","itch_tag_page","itch.io","https://techdebtgames.itch.io/total-incremental-war","gaming","idle","idle","3","41","Strategy","","","unknown_or_free","","","Massive battles + Incremental = ...?","progression_or_loop_benchmark_possible","","","","2026-05-31T04:45:39.208Z","medium_low","ok"
"More Sushi!","pixelqube","web_game","itch_tag_page","itch.io","https://pixelqube.itch.io/more-sushi","gaming","idle","idle","3","43","Simulation","","","$2.99","","","Run your own conveyor belt sushi restaurant!","progression_or_loop_benchmark_possible","","","Visible itch price label: $2.99","2026-05-31T04:45:39.209Z","medium_low","ok"
"Crank that Clicker","Elioth","web_game","itch_tag_page","itch.io","https://elioth-games.itch.io/crank-that-clicker","gaming","idle","idle","3","45","itch.io game","","","$1","","","Incremental game for playdate","progression_or_loop_benchmark_possible","","","Visible itch price label: $1","2026-05-31T04:45:39.209Z","medium_low","ok"
"Birb","hwonze","web_game","itch_tag_page","itch.io","https://oleonze.itch.io/birb","gaming","idle","idle","3","47","itch.io game","","","unknown_or_free","","","Birb Simulator","progression_or_loop_benchmark_possible","","","","2026-05-31T04:45:39.209Z","medium_low","ok"
"Cyberpunk Life","Markadet","web_game","itch_tag_page","itch.io","https://markadet.itch.io/cyberpunklife","gaming","idle","idle","3","49","itch.io game","","","unknown_or_free","","","Incremental web game set in a futuristic setting","progression_or_loop_benchmark_possible","","","","2026-05-31T04:45:39.209Z","medium_low","ok"
"ISLANDER","Carson K.","web_game","itch_tag_page","itch.io","https://carsonk.itch.io/islander","gaming","idle","idle","3","51","Survival","","","unknown_or_free","","","An idle crafting game inspired by games such as Forager and Minecraft made in PICO-8","progression_or_loop_benchmark_possible","","","","2026-05-31T04:45:39.209Z","medium_low","ok"
"A Space for The Unbound - The Bridge -","Mojiken Studio","web_game","itch_tag_page","itch.io","https://mojiken.itch.io/a-space","gaming","idle","idle","3","53","Visual Novel","","","unknown_or_free","","","A short story about a girl who wait for a boy","progression_or_loop_benchmark_possible","","","","2026-05-31T04:45:39.209Z","medium_low","ok"
"Legends of Dragaea: Idle Dungeons","Renoki","web_game","itch_tag_page","itch.io","https://renoki.itch.io/dragaea-idle","gaming","idle","idle","3","55","Role Playing","","","$7.99-20%","","","An Idle Dungeon Crawling Autobattling RPG","progression_or_loop_benchmark_possible","","","Visible itch price label: $7.99-20%","2026-05-31T04:45:39.209Z","medium_low","ok"
"GIF","Lorraine 🍬 Devaux","web_game","itch_tag_page","itch.io","https://trasevol-dog.itch.io/disctop","gaming","idle","idle","3","57","Action","","","unknown_or_free","","","Dangerous desktop pets","progression_or_loop_benchmark_possible","","","","2026-05-31T04:45:39.209Z","medium_low","ok"
"ScaMMO","Puppet Dev Master","web_game","itch_tag_page","itch.io","https://puppetdevmaster.itch.io/scammo","gaming","idle","idle","3","59","Strategy","","","unknown_or_free","","","Incremental game where you play as a frustrated rich MMO veteran promising to make the next WoW killer.","progression_or_loop_benchmark_possible","","","","2026-05-31T04:45:39.209Z","medium_low","ok"
"Nomad Idle","The Fox Knocks","web_game","itch_tag_page","itch.io","https://thefoxknocks.itch.io/nomad-idle","gaming","idle","idle","3","61","Action","","","$9.99","","","Idle game auto-battler where you create builds and have your character kill hordes of enemies.","progression_or_loop_benchmark_possible","","","Visible itch price label: $9.99","2026-05-31T04:45:39.209Z","medium_low","ok"
"FFBot","Elbody","web_game","itch_tag_page","itch.io","https://elbody.itch.io/ffbot","gaming","idle","idle","3","63","Role Playing","","","unknown_or_free","","","A Final Fantasy idle game for Twitch Chat","progression_or_loop_benchmark_possible","","","","2026-05-31T04:45:39.209Z","medium_low","ok"
"Project Chromata","GamezEternal","web_game","itch_tag_page","itch.io","https://gamezeternal.itch.io/project-chromata","gaming","idle","idle","3","65","Simulation","","","unknown_or_free","","","Reignite a dead universe, one color at a time.","progression_or_loop_benchmark_possible","","","","2026-05-31T04:45:39.209Z","medium_low","ok"
"Farm and Mine","Airapport","web_game","itch_tag_page","itch.io","https://airapport.itch.io/farm-and-mine","gaming","idle","idle","3","67","Simulation","","","unknown_or_free","","","From Ludum Dare 48: ""Deeper and deeper"" to full game release","progression_or_loop_benchmark_possible","","","","2026-05-31T04:45:39.209Z","medium_low","ok"
"GIF","Aiet","web_game","itch_tag_page","itch.io","https://aiet.itch.io/integer","gaming","idle","idle","3","69","Puzzle","","","unknown_or_free","","","The number must get BIGGER.","progression_or_loop_benchmark_possible","","","","2026-05-31T04:45:39.209Z","medium_low","ok"
"Retromine (CLASSIC)","ccdg","web_game","itch_tag_page","itch.io","https://cicidigital.itch.io/retromine-classic","gaming","idle","idle","3","71","Card Game","","","unknown_or_free","","","Deep incremental roguelike deckbuilding - Classic version!","progression_or_loop_benchmark_possible","","","","2026-05-31T04:45:39.210Z","medium_low","ok"
"Microlandia","explodi","web_game","itch_tag_page","itch.io","https://explodi.itch.io/microlandia","gaming","life-simulation","life-simulation","1","1","Simulation","","","$8","","","Brutally honest city builder","progression_or_loop_benchmark_possible","","","Visible itch price label: $8","2026-05-31T04:45:39.553Z","medium_low","ok"
"Tamaweb: Virtual Pet Game","SamanDev","web_game","itch_tag_page","itch.io","https://samandev.itch.io/tamaweb","gaming","life-simulation","life-simulation","1","3","Simulation","","","unknown_or_free","","","A Tamagotchi-like Virtual Pet Game","progression_or_loop_benchmark_possible","","","","2026-05-31T04:45:39.553Z","medium_low","ok"
"Dark Nights : A Night Alone","Desi Game Dev","web_game","itch_tag_page","itch.io","https://desi-game-dev.itch.io/dark-nights-a-night-alone","gaming","life-simulation","life-simulation","1","5","Simulation","","","$0-100%","","","*Dark Nights* is a psychological horror game where a quiet evening turns into a terrifying night of fear.","progression_or_loop_benchmark_possible","","","Visible itch price label: $0-100%","2026-05-31T04:45:39.553Z","medium_low","ok"
"good morning!","cnnmon","web_game","itch_tag_page","itch.io","https://cnnmon.itch.io/goodmorning","gaming","life-simulation","life-simulation","1","7","Simulation","","","unknown_or_free","","","a morning routine simulator ｡･:*:･ﾟ★,｡･","progression_or_loop_benchmark_possible","","","","2026-05-31T04:45:39.553Z","medium_low","ok"
"GIF","ostsergey","web_game","itch_tag_page","itch.io","https://ostsergey.itch.io/one-more-goblin-generation","gaming","life-simulation","life-simulation","1","9","Strategy","","","unknown_or_free","","","","progression_or_loop_benchmark_possible","","","","2026-05-31T04:45:39.553Z","medium_low","ok"
"Silverpine","Three Eyes Software","web_game","itch_tag_page","itch.io","https://three-eyes-software.itch.io/silverpine","gaming","life-simulation","life-simulation","1","11","Role Playing","","","$8","","","A Furry Fantasy Lifesim","progression_or_loop_benchmark_possible","","","Visible itch price label: $8","2026-05-31T04:45:39.554Z","medium_low","ok"
"Hot Pot Panic","keanerie","web_game","itch_tag_page","itch.io","https://keanerie.itch.io/hot-pot-panic","gaming","life-simulation","life-simulation","1","13","Simulation","","","unknown_or_free","","","Cook, eat, converse! A game about eating hot pot and awkward conversations.","progression_or_loop_benchmark_possible","","","","2026-05-31T04:45:39.554Z","medium_low","ok"
"MiniColonyAdventures – Build, Expand & Survive","GameBuegar","web_game","itch_tag_page","itch.io","https://gamebuegar.itch.io/colonyadventure","gaming","life-simulation","life-simulation","1","15","Simulation","","","$0-100%","","","Avillage life colony mini game","progression_or_loop_benchmark_possible","","","Visible itch price label: $0-100%","2026-05-31T04:45:39.555Z","medium_low","ok"
"Noble - Family Tree Sim","Extra Nice","web_game","itch_tag_page","itch.io","https://extra-nice.itch.io/noble-fts","gaming","life-simulation","life-simulation","1","17","Simulation","","","unknown_or_free","","","Manage the family tree of a Noble House!","progression_or_loop_benchmark_possible","","","","2026-05-31T04:45:39.556Z","medium_low","ok"
"GIF","MortallyMoonstruckGames","web_game","itch_tag_page","itch.io","https://mortallymoonstruckgames.itch.io/mushroom-musume","gaming","life-simulation","life-simulation","1","19","Interactive Fiction","","","unknown_or_free","","","Grow a mushroom from a spore to a fine young woman!","progression_or_loop_benchmark_possible","","","","2026-05-31T04:45:39.556Z","medium_low","ok"
"Dream Blunt Rotation","gothmogged","web_game","itch_tag_page","itch.io","https://gothmogged.itch.io/dream-blunt-rotation","gaming","life-simulation","life-simulation","1","21","Simulation","","","unknown_or_free","","","A hangout simulator where you build your own dream rotation of characters, and chat about anything and everything.","progression_or_loop_benchmark_possible","","","","2026-05-31T04:45:39.556Z","medium_low","ok"
"GIF","The Bibites","web_game","itch_tag_page","itch.io","https://thebibites.itch.io/the-bibites","gaming","life-simulation","life-simulation","1","23","Simulation","","","unknown_or_free","","","A dive into real digital life","progression_or_loop_benchmark_possible","","","","2026-05-31T04:45:39.556Z","medium_low","ok"
"Genomeia","genomeia_project","web_game","itch_tag_page","itch.io","https://genomeia-project.itch.io/genomeia","gaming","life-simulation","life-simulation","1","25","Simulation","","","unknown_or_free","","","Bio sim where you design organisms with unique behaviors and watch them interact, survive and evolve game","progression_or_loop_benchmark_possible","","","","2026-05-31T04:45:39.556Z","medium_low","ok"
"I Was A Teenage Exocolonist","FinjiVerified Account","web_game","itch_tag_page","itch.io","https://finji.itch.io/exocolonist","gaming","life-simulation","life-simulation","1","27","Role Playing","","","$24.99","","","Spend your teenage years on an alien planet in this narrative RPG with card-based battles.","progression_or_loop_benchmark_possible","","","Visible itch price label: $24.99","2026-05-31T04:45:39.556Z","medium_low","ok"
"Long Live The Queen","Hanako GamesVerified Account","web_game","itch_tag_page","itch.io","https://hanakogames.itch.io/long-live-the-queen","gaming","life-simulation","life-simulation","1","29","Role Playing","","","$8-20%","","","Rule the world or die trying","progression_or_loop_benchmark_possible","","","Visible itch price label: $8-20%","2026-05-31T04:45:39.556Z","medium_low","ok"
"Silence Of Life","gamestergame","web_game","itch_tag_page","itch.io","https://gamestergame.itch.io/silence-of-life","gaming","life-simulation","life-simulation","1","31","Role Playing","","","unknown_or_free","","","Become a pixel anime girl!","progression_or_loop_benchmark_possible","","","","2026-05-31T04:45:39.556Z","medium_low","ok"
"Royal Order","Nifty VisualsVerified Account","web_game","itch_tag_page","itch.io","https://nifty-visuals.itch.io/royal-order","gaming","life-simulation","life-simulation","1","33","Visual Novel","","","$28","","","A LGBT+ medieval fantasy survival Stats Raiser & RPG","progression_or_loop_benchmark_possible","","","Visible itch price label: $28","2026-05-31T04:45:39.556Z","medium_low","ok"
"Noble","Extra Nice","web_game","itch_tag_page","itch.io","https://extra-nice.itch.io/noble","gaming","life-simulation","life-simulation","1","35","Simulation","","","unknown_or_free","","","Manage the family tree of a Noble House!","progression_or_loop_benchmark_possible","","","","2026-05-31T04:45:39.556Z","medium_low","ok"
"Orphan Age","Studio Black Flag","web_game","itch_tag_page","itch.io","https://studio-black-flag.itch.io/orphan-age","gaming","life-simulation","life-simulation","1","37","Simulation","","","unknown_or_free","","","Orphan Age is a dystopian life sim game where you play not as the soldiers of war, but as the children left behind.","progression_or_loop_benchmark_possible","","","","2026-05-31T04:45:39.556Z","medium_low","ok"
"GIF","angela he","web_game","itch_tag_page","itch.io","https://zephyo.itch.io/i-woke-up","gaming","life-simulation","life-simulation","1","39","Visual Novel","","","unknown_or_free","","","Who are you? You’d told me, ""Hey, this is a one-time thing."" Yet here we are.","progression_or_loop_benchmark_possible","","","","2026-05-31T04:45:39.556Z","medium_low","ok"
"XOXO Droplets","GBPatchVerified Account","web_game","itch_tag_page","itch.io","https://gbpatch.itch.io/xoxo-droplets","gaming","life-simulation","life-simulation","1","41","Visual Novel","","","unknown_or_free","","","A massive free-to-play comedy dating sim!","progression_or_loop_benchmark_possible","","","","2026-05-31T04:45:39.557Z","medium_low","ok"
"XOXO Droplets: Extended Edition","GBPatchVerified Account","web_game","itch_tag_page","itch.io","https://gbpatch.itch.io/xoxo-droplets-extended-edition","gaming","life-simulation","life-simulation","1","43","Visual Novel","","","$19.99","","","A massive otome dating sim!","progression_or_loop_benchmark_possible","","","Visible itch price label: $19.99","2026-05-31T04:45:39.557Z","medium_low","ok"
"Tiny Life","Ellpeck","web_game","itch_tag_page","itch.io","https://ellpeck.itch.io/tiny-life","gaming","life-simulation","life-simulation","1","45","Simulation","","","$14.99","","","A fun simulation game where you mess with people's lives","progression_or_loop_benchmark_possible","","","Visible itch price label: $14.99","2026-05-31T04:45:39.557Z","medium_low","ok"
"GIF","angela he","web_game","itch_tag_page","itch.io","https://zephyo.itch.io/hi-no-homo","gaming","life-simulation","life-simulation","1","47","Simulation","","","unknown_or_free","","","realistic simulator of awkward people saying hi","progression_or_loop_benchmark_possible","","","","2026-05-31T04:45:39.557Z","medium_low","ok"
"FlowScape","PixelForestVerified Account","web_game","itch_tag_page","itch.io","https://pixelforest.itch.io/flowscape","gaming","life-simulation","life-simulation","1","49","Simulation","","","$10","","","Let Nature Flow from your Brush","progression_or_loop_benchmark_possible","","","Visible itch price label: $10","2026-05-31T04:45:39.557Z","medium_low","ok"
"GIF","Wessel Stoop","web_game","itch_tag_page","itch.io","https://woseseltops.itch.io/thesapling","gaming","life-simulation","life-simulation","1","51","Simulation","","","$18","","","A short simulation game where you design your own plants and animals, and put them in a world together.","progression_or_loop_benchmark_possible","","","Visible itch price label: $18","2026-05-31T04:45:39.557Z","medium_low","ok"
"GIF","Camila GormazVerified Account","web_game","itch_tag_page","itch.io","https://laburatory.itch.io/nanopesos","gaming","life-simulation","life-simulation","1","53","Simulation","","","unknown_or_free","","","Budget management simulator inspired by the low salaries and high living costs in Chile.","progression_or_loop_benchmark_possible","","","","2026-05-31T04:45:39.557Z","medium_low","ok"
"Dystopicon","Palitroque","web_game","itch_tag_page","itch.io","https://overmolo.itch.io/dystopicon","gaming","life-simulation","life-simulation","1","55","Simulation","","","unknown_or_free","","","A dystopian time-management life simulator","progression_or_loop_benchmark_possible","","","","2026-05-31T04:45:39.557Z","medium_low","ok"
"Adapt","Paul Herve","web_game","itch_tag_page","itch.io","https://paul-herve.itch.io/adapt-prologue","gaming","life-simulation","life-simulation","1","57","Survival","","","unknown_or_free","","","Evolve to survive in a constantly changing world.","progression_or_loop_benchmark_possible","","","","2026-05-31T04:45:39.557Z","medium_low","ok"
"you're just imagining it","npckc","web_game","itch_tag_page","itch.io","https://npckc.itch.io/youre-just-imagining-it","gaming","life-simulation","life-simulation","1","59","Simulation","","","unknown_or_free","","","a chronic illness simulator","progression_or_loop_benchmark_possible","","","","2026-05-31T04:45:39.557Z","medium_low","ok"
"Verdant Skies","HowlingMoonSoftware","web_game","itch_tag_page","itch.io","https://howlingmoonsoftware.itch.io/verdant-skies","gaming","life-simulation","life-simulation","1","61","Role Playing","","","$19.99","","","Ensure the success of your colony as you make friends and pursue romance with a diverse cast of characters.","progression_or_loop_benchmark_possible","","","Visible itch price label: $19.99","2026-05-31T04:45:39.557Z","medium_low","ok"
"Everything","DavidVerified Account","web_game","itch_tag_page","itch.io","https://davidoreilly.itch.io/everything","gaming","life-simulation","life-simulation","1","63","Simulation","","","$14.99","","","Be the Universe","progression_or_loop_benchmark_possible","","","Visible itch price label: $14.99","2026-05-31T04:45:39.557Z","medium_low","ok"
"Bloom","RNG Party Games","web_game","itch_tag_page","itch.io","https://rngpartygames.itch.io/bloom","gaming","life-simulation","life-simulation","1","65","Simulation","","","$9.99","","","A real-time narrative-driven social sim about starting up a flower shop made exclusively for Playdate.","progression_or_loop_benchmark_possible","","","Visible itch price label: $9.99","2026-05-31T04:45:39.557Z","medium_low","ok"
"GIF","Adrien Dittrick","web_game","itch_tag_page","itch.io","https://adriendittrick.itch.io/universal-thief","gaming","life-simulation","life-simulation","1","67","Puzzle","","","unknown_or_free","","","STEAL EVERYTHING","progression_or_loop_benchmark_possible","","","","2026-05-31T04:45:39.557Z","medium_low","ok"
"Galaxy Princess Zorana","Hanako GamesVerified Account","web_game","itch_tag_page","itch.io","https://hanakogames.itch.io/galaxy-princess-zorana","gaming","life-simulation","life-simulation","1","69","Simulation","","","$20-20%","","","Rule the stars or die trying!","progression_or_loop_benchmark_possible","","","Visible itch price label: $20-20%","2026-05-31T04:45:39.557Z","medium_low","ok"
"Where The Goats Are","Memory of God","web_game","itch_tag_page","itch.io","https://memoryofgod.itch.io/where-the-goats-are","gaming","life-simulation","life-simulation","1","71","itch.io game","","","unknown_or_free","","","Where The Goats Are is a slow-paced, meditative game about life and raising goats.","progression_or_loop_benchmark_possible","","","","2026-05-31T04:45:39.557Z","medium_low","ok"
"Cute Knight","Hanako GamesVerified Account","web_game","itch_tag_page","itch.io","https://hanakogames.itch.io/cute-knight","gaming","life-simulation","life-simulation","2","1","Simulation","","","$5","","","A fantasy life simulation game","progression_or_loop_benchmark_possible","","","Visible itch price label: $5","2026-05-31T04:45:39.875Z","medium_low","ok"
"GIF","Will Herring","web_game","itch_tag_page","itch.io","https://grey2scale.itch.io/sidewalk-sidestep","gaming","life-simulation","life-simulation","2","3","Simulation","","","unknown_or_free","","","Do you have what it takes to avoid awkward sidewalk encounters?!","progression_or_loop_benchmark_possible","","","","2026-05-31T04:45:39.875Z","medium_low","ok"
"NeuraQuarium","urocyongames","web_game","itch_tag_page","itch.io","https://urocyongames.itch.io/neuraquarium","gaming","life-simulation","life-simulation","2","5","Simulation","","","$4.95","","","Neural-net evolution in a chill aquatic environment","progression_or_loop_benchmark_possible","","","Visible itch price label: $4.95","2026-05-31T04:45:39.875Z","medium_low","ok"
"Before The Green Moon","Turnfollow","web_game","itch_tag_page","itch.io","https://turnfollow.itch.io/before-the-green-moon","gaming","life-simulation","life-simulation","2","7","Simulation","","","$11.99","","","Farming Sim In The Shadow Of The Lift","progression_or_loop_benchmark_possible","","","Visible itch price label: $11.99","2026-05-31T04:45:39.875Z","medium_low","ok"
"Field Hospital (LD46)","feofentov","web_game","itch_tag_page","itch.io","https://feofentov.itch.io/field-hospital-web","gaming","life-simulation","life-simulation","2","9","Simulation","","","unknown_or_free","","","Narrative-driven military doctor simulator","progression_or_loop_benchmark_possible","","","","2026-05-31T04:45:39.875Z","medium_low","ok"
"GIF","Deconstructeam","web_game","itch_tag_page","itch.io","https://deconstructeam.itch.io/behind-every-great-one","gaming","life-simulation","life-simulation","2","11","Interactive Fiction","","","unknown_or_free","","","Cook, clean, smoke, read and have dinner with your husband.","progression_or_loop_benchmark_possible","","","","2026-05-31T04:45:39.875Z","medium_low","ok"
"Walden, a game","GameInnovationLab","web_game","itch_tag_page","itch.io","https://gameinnovationlab.itch.io/walden","gaming","life-simulation","life-simulation","2","13","Role Playing","","","$9.99","","","Experience Henry David Thoreau's life in Walden Woods.","progression_or_loop_benchmark_possible","","","Visible itch price label: $9.99","2026-05-31T04:45:39.876Z","medium_low","ok"
"Lords and Villeins","Honestly Games","web_game","itch_tag_page","itch.io","https://honestlygames.itch.io/lordsandvilleins","gaming","life-simulation","life-simulation","2","15","Strategy","","","unknown_or_free","","","Build and grow your settlement in a city-building simulation of medieval society.","progression_or_loop_benchmark_possible","","","","2026-05-31T04:45:39.876Z","medium_low","ok"
"This is your life now","More Mountains","web_game","itch_tag_page","itch.io","https://more-mountains.itch.io/this-is-your-life-now","gaming","life-simulation","life-simulation","2","17","Role Playing","","","unknown_or_free","","","One life, tough choices, millions of possibilities.","progression_or_loop_benchmark_possible","","","","2026-05-31T04:45:39.876Z","medium_low","ok"
"Cyberpunk Life","Markadet","web_game","itch_tag_page","itch.io","https://markadet.itch.io/cyberpunklife","gaming","life-simulation","life-simulation","2","19","itch.io game","","","unknown_or_free","","","Incremental web game set in a futuristic setting","progression_or_loop_benchmark_possible","","","","2026-05-31T04:45:39.876Z","medium_low","ok"
"IRMÃO Grande & Brasileiro Clássico","Virgula Leal","web_game","itch_tag_page","itch.io","https://virgula.itch.io/irmao-grande","gaming","life-simulation","life-simulation","2","21","Simulation","","","unknown_or_free","","","O simulador de reality show compatível com o seu círculo de amigos.","progression_or_loop_benchmark_possible","","","","2026-05-31T04:45:39.876Z","medium_low","ok"
"Witherspring Wilds","Fancy Fish Games","web_game","itch_tag_page","itch.io","https://fancyfishgames.itch.io/witherspring-wilds","gaming","life-simulation","life-simulation","2","23","Adventure","","","unknown_or_free","","","Reincarnate into an open world of danger and opportunity. Farm, build, tame, fight, craft, and explore","progression_or_loop_benchmark_possible","","","","2026-05-31T04:45:39.877Z","medium_low","ok"
"A Little Lily Princess","Hanako GamesVerified Account","web_game","itch_tag_page","itch.io","https://hanakogames.itch.io/a-little-lily-princess","gaming","life-simulation","life-simulation","2","25","Visual Novel","","","$15","","","Adapted from the classic Victorian novel","progression_or_loop_benchmark_possible","","","Visible itch price label: $15","2026-05-31T04:45:39.877Z","medium_low","ok"
"Four Horsemen","Nuclear Fishin' SoftwareVerified Account","web_game","itch_tag_page","itch.io","https://nuclearfishinsoftware.itch.io/four-horsemen","gaming","life-simulation","life-simulation","2","27","Visual Novel","","","$15","","","Leave home. Start anew. Punch racists.","progression_or_loop_benchmark_possible","","","Visible itch price label: $15","2026-05-31T04:45:39.877Z","medium_low","ok"
"Super WorldBox","Maxim Karpenko","web_game","itch_tag_page","itch.io","https://mixamko.itch.io/worldbox","gaming","life-simulation","life-simulation","2","29","Simulation","","","$5","","","Sandbox God Simulator","progression_or_loop_benchmark_possible","","","Visible itch price label: $5","2026-05-31T04:45:39.877Z","medium_low","ok"
"Village Monsters","Josh BossieVerified Account","web_game","itch_tag_page","itch.io","https://josh-bossie.itch.io/village-monsters","gaming","life-simulation","life-simulation","2","31","Simulation","","","$14.99","","","Escape to a carefree and colorful village where the monsters are your friends.","progression_or_loop_benchmark_possible","","","Visible itch price label: $14.99","2026-05-31T04:45:39.877Z","medium_low","ok"
"Mistwinter Bay","Swordlake Entertainment","web_game","itch_tag_page","itch.io","https://swordlake-entertainment.itch.io/mistwinter-bay","gaming","life-simulation","life-simulation","2","33","Role Playing","","","$29.99","","","Rule a town! Interact with townsfolk and foreign leaders, build, and tackle randomized events that affect the town","progression_or_loop_benchmark_possible","","","Visible itch price label: $29.99","2026-05-31T04:45:39.877Z","medium_low","ok"
"Anamnesis, of Renascents and Monsters","Vaccean","web_game","itch_tag_page","itch.io","https://vaccean.itch.io/anamnesis-of-renascents-and-monsters","gaming","life-simulation","life-simulation","2","35","Simulation","","","unknown_or_free","","","A text-based lovecraftian life simulation RPG.","progression_or_loop_benchmark_possible","","","","2026-05-31T04:45:39.878Z","medium_low","ok"
"PETRI","Sintel","web_game","itch_tag_page","itch.io","https://sintel.itch.io/petri","gaming","life-simulation","life-simulation","2","37","Simulation","","","unknown_or_free","","","Your favorite colony of bacteria","progression_or_loop_benchmark_possible","","","","2026-05-31T04:45:39.878Z","medium_low","ok"
"Hikikomori life","PaKoDev","web_game","itch_tag_page","itch.io","https://pakodev.itch.io/hikikomori-life","gaming","life-simulation","life-simulation","2","39","Adventure","","","unknown_or_free","","","A reclusive gambler and a magician in the body of a cat travel through two worlds in order to lift a curse.","progression_or_loop_benchmark_possible","","","","2026-05-31T04:45:39.878Z","medium_low","ok"
"Days of Saturn","npckc","web_game","itch_tag_page","itch.io","https://npckc.itch.io/days-of-saturn","gaming","life-simulation","life-simulation","2","41","Visual Novel","","","unknown_or_free","","","Train to become the Mistress's Servant","progression_or_loop_benchmark_possible","","","","2026-05-31T04:45:39.878Z","medium_low","ok"
"Mountain 2.0","DavidVerified Account","web_game","itch_tag_page","itch.io","https://davidoreilly.itch.io/mountain","gaming","life-simulation","life-simulation","2","43","Simulation","","","$1","","","Existential Nature Simulation","progression_or_loop_benchmark_possible","","","Visible itch price label: $1","2026-05-31T04:45:39.878Z","medium_low","ok"
"Moondrop","Joshua Galecki","web_game","itch_tag_page","itch.io","https://joshuagalecki.itch.io/moondrop","gaming","life-simulation","life-simulation","2","45","Simulation","","","unknown_or_free","","","A roguelike and farm sim walk into a bar...","progression_or_loop_benchmark_possible","","","","2026-05-31T04:45:39.878Z","medium_low","ok"
"Idu","epcc","web_game","itch_tag_page","itch.io","https://epcc.itch.io/idu","gaming","life-simulation","life-simulation","2","47","Simulation","","","unknown_or_free","","","Grow plants with a mind of their own","progression_or_loop_benchmark_possible","","","","2026-05-31T04:45:39.878Z","medium_low","ok"
"CardioCasino","cnnmon","web_game","itch_tag_page","itch.io","https://cnnmon.itch.io/cardiocasino","gaming","life-simulation","life-simulation","2","49","Simulation","","","unknown_or_free","","","where slots define your childhood","progression_or_loop_benchmark_possible","","","","2026-05-31T04:45:39.878Z","medium_low","ok"
"My Time At Portia","patheagames","web_game","itch_tag_page","itch.io","https://patheagames.itch.io/my-time-at-portia","gaming","life-simulation","life-simulation","2","51","Role Playing","","","unknown_or_free","","","portia","progression_or_loop_benchmark_possible","","","","2026-05-31T04:45:39.878Z","medium_low","ok"
"Mexican High School Simulator","FerAnimaciones","web_game","itch_tag_page","itch.io","https://feranimaciones.itch.io/mexican-high-school-simulator","gaming","life-simulation","life-simulation","2","53","Simulation","","","unknown_or_free","","","Explore the Mexican School located in Tepic Nayarit Mexico!","progression_or_loop_benchmark_possible","","","","2026-05-31T04:45:39.878Z","medium_low","ok"
"Driving Alone at Night","rileyeleanor","web_game","itch_tag_page","itch.io","https://rileyeleanor.itch.io/driving-alone-at-night","gaming","life-simulation","life-simulation","2","55","Simulation","","","unknown_or_free","","","A game/ story about growing up and wandering (literally and figuratively).","progression_or_loop_benchmark_possible","","","","2026-05-31T04:45:39.878Z","medium_low","ok"
"Ciel Fledge: A Daughter Raising Simulator","Studio Namaapa","web_game","itch_tag_page","itch.io","https://studio-namaapa.itch.io/ciel-fledge","gaming","life-simulation","life-simulation","2","57","Simulation","","","$9.99","","","A raising simulation game where you are responsible to raise a daughter while fate of the world hang in the balance.","progression_or_loop_benchmark_possible","","","Visible itch price label: $9.99","2026-05-31T04:45:39.878Z","medium_low","ok"
"Cute Knight Kingdom","Hanako GamesVerified Account","web_game","itch_tag_page","itch.io","https://hanakogames.itch.io/cute-knight-kingdom","gaming","life-simulation","life-simulation","2","59","Role Playing","","","$5","","","A fantasy life simulation / RPG, where the heroine seeks to shape her future.","progression_or_loop_benchmark_possible","","","Visible itch price label: $5","2026-05-31T04:45:39.878Z","medium_low","ok"
"The 1485","Vlad","web_game","itch_tag_page","itch.io","https://vladyslu.itch.io/1485","gaming","life-simulation","life-simulation","2","61","Simulation","","","unknown_or_free","","","Adventure story and medieval life simulator","progression_or_loop_benchmark_possible","","","","2026-05-31T04:45:39.878Z","medium_low","ok"
"SweetXheart","Catt Small","web_game","itch_tag_page","itch.io","https://cattsmall.itch.io/sweetxheart","gaming","life-simulation","life-simulation","2","63","Visual Novel","","","unknown_or_free","","","Spend a week in someone else's shoes.","progression_or_loop_benchmark_possible","","","","2026-05-31T04:45:39.879Z","medium_low","ok"
"GIF","Theo Triantafyllidis","web_game","itch_tag_page","itch.io","https://theotrian.itch.io/self-portrait-interior","gaming","life-simulation","life-simulation","2","65","Adventure","","","unknown_or_free","","","an epic vr journey inside the belly of an artist","progression_or_loop_benchmark_possible","","","","2026-05-31T04:45:39.879Z","medium_low","ok"
"GIF","Deconstructeam","web_game","itch_tag_page","itch.io","https://deconstructeam.itch.io/vendran-las-aves","gaming","life-simulation","life-simulation","2","67","Simulation","","","unknown_or_free","","","A slice-of-life tamagotchi about burnout.","progression_or_loop_benchmark_possible","","","","2026-05-31T04:45:39.879Z","medium_low","ok"
"GIF","yllogique","web_game","itch_tag_page","itch.io","https://yllogique.itch.io/its-a-beautiful-day","gaming","life-simulation","life-simulation","2","69","itch.io game","","","unknown_or_free","","","A self-care game ( /!\ quite loud music on autoplay, sorry!)","progression_or_loop_benchmark_possible","","","","2026-05-31T04:45:39.879Z","medium_low","ok"
"Project Madison","Pauline Martyn","web_game","itch_tag_page","itch.io","https://paulinemartyn.itch.io/project-madison","gaming","life-simulation","life-simulation","2","71","Simulation","","","unknown_or_free","","","1960s Office Revenge [collab]","progression_or_loop_benchmark_possible","","","","2026-05-31T04:45:39.879Z","medium_low","ok"
"Dispatched!","Sheep and Ram Studio","web_game","itch_tag_page","itch.io","https://sheepandram.itch.io/dispatched","gaming","life-simulation","life-simulation","3","1","Rhythm","","","unknown_or_free","","","The Hungry Hungry Hippos of late-stage capitalism.","progression_or_loop_benchmark_possible","","","","2026-05-31T04:45:40.197Z","medium_low","ok"
"Cow Life Sim RPG","pajamabeevegan","web_game","itch_tag_page","itch.io","https://pajamabeevegan.itch.io/cowlifesimrpg","gaming","life-simulation","life-simulation","3","3","Role Playing","","","unknown_or_free","","","Experience life as it should be - experience life as a cow!","progression_or_loop_benchmark_possible","","","","2026-05-31T04:45:40.197Z","medium_low","ok"
"Sort Your Life Out","Rosa Carbo-Mascarell","web_game","itch_tag_page","itch.io","https://moreelen.itch.io/sort-your-life-out","gaming","life-simulation","life-simulation","3","5","Interactive Fiction","","","unknown_or_free","","","A game about lying in bed with your best friend and making major life decisions.","progression_or_loop_benchmark_possible","","","","2026-05-31T04:45:40.198Z","medium_low","ok"
"Verdant Village","Exodus Software","web_game","itch_tag_page","itch.io","https://exodussoftware.itch.io/verdant-village","gaming","life-simulation","life-simulation","3","7","Simulation","","","$14.99","","","A fantasy farming simulation game","progression_or_loop_benchmark_possible","","","Visible itch price label: $14.99","2026-05-31T04:45:40.198Z","medium_low","ok"
"Breach & Clean","Rami Ismail","web_game","itch_tag_page","itch.io","https://ramiismail.itch.io/breach-and-clean","gaming","life-simulation","life-simulation","3","9","Simulation","","","unknown_or_free","","","Authentic Hotel Maintenance Simulation","progression_or_loop_benchmark_possible","","","","2026-05-31T04:45:40.198Z","medium_low","ok"
"Superhuman Industrial and Immaterial, Incorporated","lin codega","web_game","itch_tag_page","itch.io","https://lincodega.itch.io/siii-superhero-service-and-support","gaming","life-simulation","life-simulation","3","11","Interactive Fiction","","","$3","","","A short storygame about an average person's day in a city full of superheroes.","progression_or_loop_benchmark_possible","","","Visible itch price label: $3","2026-05-31T04:45:40.198Z","medium_low","ok"
"Blop, Your Virtual Buddy","TenTibor","web_game","itch_tag_page","itch.io","https://tentibor.itch.io/blop","gaming","life-simulation","life-simulation","3","13","Simulation","","","$5","","","Nurture the Little Companion in Your Pocket","progression_or_loop_benchmark_possible","","","Visible itch price label: $5","2026-05-31T04:45:40.198Z","medium_low","ok"
"Imagine Lifetimes","Frycandle","web_game","itch_tag_page","itch.io","https://frycandle.itch.io/imagine-lifetimes","gaming","life-simulation","life-simulation","3","15","Simulation","","","$5.99","","","Satirical Life Simulator","progression_or_loop_benchmark_possible","","","Visible itch price label: $5.99","2026-05-31T04:45:40.198Z","medium_low","ok"
"Crumbs","Quinn K.","web_game","itch_tag_page","itch.io","https://quinnk.itch.io/crumbs","gaming","life-simulation","life-simulation","3","17","Simulation","","","unknown_or_free","","","It is the 12th of May, 2022; When I wake, there is birdsong on the air.","progression_or_loop_benchmark_possible","","","","2026-05-31T04:45:40.198Z","medium_low","ok"
"Crest - an indirect god game","Eat Create Sleep","web_game","itch_tag_page","itch.io","https://eatcreatesleep.itch.io/crest","gaming","life-simulation","life-simulation","3","19","Simulation","","","$9.89","","","Write commandments to guide your followers towards survival!","progression_or_loop_benchmark_possible","","","Visible itch price label: $9.89","2026-05-31T04:45:40.198Z","medium_low","ok"
"Mon-cuties for All","Reine WorksVerified Account","web_game","itch_tag_page","itch.io","https://reineworks.itch.io/moncuties-for-all","gaming","life-simulation","life-simulation","3","21","Simulation","","","$1","","","Starting a new chapter in your life, you move to a farm and enter the world of monster farming!","progression_or_loop_benchmark_possible","","","Visible itch price label: $1","2026-05-31T04:45:40.198Z","medium_low","ok"
"How to Be a Tree","zaphos","web_game","itch_tag_page","itch.io","https://zaphos.itch.io/how-to-be-a-tree","gaming","life-simulation","life-simulation","3","23","Platformer","","","unknown_or_free","","","A game about the many ways to be a tree","progression_or_loop_benchmark_possible","","","","2026-05-31T04:45:40.198Z","medium_low","ok"
"The Nine Lives of Nim: Fortune's Fool","Sky Bear Games","web_game","itch_tag_page","itch.io","https://skybeargames.itch.io/fortunes-fool","gaming","life-simulation","life-simulation","3","25","Visual Novel","","","$8.99","","","A Shakespearean fairy tale visual novel","progression_or_loop_benchmark_possible","","","Visible itch price label: $8.99","2026-05-31T04:45:40.198Z","medium_low","ok"
"My Final Cursed Days","astoryinpieces","web_game","itch_tag_page","itch.io","https://astoryinpieces.itch.io/curseddaysgb","gaming","life-simulation","life-simulation","3","27","Role Playing","","","$3","","","A fantasy RPG for the Game Boy about living out your own end for yourself~","progression_or_loop_benchmark_possible","","","Visible itch price label: $3","2026-05-31T04:45:40.198Z","medium_low","ok"
"GIF","prophet goddess","web_game","itch_tag_page","itch.io","https://prophetgoddess.itch.io/london-jerry","gaming","life-simulation","life-simulation","3","29","Simulation","","","unknown_or_free","","","DON'T GET SILLY, IT'S JUST MAIL.","progression_or_loop_benchmark_possible","","","","2026-05-31T04:45:40.199Z","medium_low","ok"
"Placebo Love","Merlandese","web_game","itch_tag_page","itch.io","https://merlandese.itch.io/placebo-love","gaming","life-simulation","life-simulation","3","31","Visual Novel","","","$8.99","","","A lonely young man is guided by a silent Muse to solve the mystery behind his two Doppelganger Soulmates.","progression_or_loop_benchmark_possible","","","Visible itch price label: $8.99","2026-05-31T04:45:40.199Z","medium_low","ok"
"Magical Diary: Wolf Hall","Hanako GamesVerified Account","web_game","itch_tag_page","itch.io","https://hanakogames.itch.io/magical-diary-wolf-hall","gaming","life-simulation","life-simulation","3","33","Role Playing","","","$25","","","Create your own wizard and attend a school for magic! Explore dungeons + romance.","progression_or_loop_benchmark_possible","","","Visible itch price label: $25","2026-05-31T04:45:40.199Z","medium_low","ok"
"Lemon Cake","Éloïse","web_game","itch_tag_page","itch.io","https://eloisegames.itch.io/lemoncake","gaming","life-simulation","life-simulation","3","35","Simulation","","","$14.99","","","Restore an abandoned bakery and prepare pastries from farm to table!","progression_or_loop_benchmark_possible","","","Visible itch price label: $14.99","2026-05-31T04:45:40.199Z","medium_low","ok"
"GIF","gools","web_game","itch_tag_page","itch.io","https://goolsvj.itch.io/seculos","gaming","life-simulation","life-simulation","3","37","Adventure","","","unknown_or_free","","","A short game about long times","progression_or_loop_benchmark_possible","","","","2026-05-31T04:45:40.199Z","medium_low","ok"
"Time Bandit – Part 1: Appendages of the Machine","phoenixup","web_game","itch_tag_page","itch.io","https://phoenixup.itch.io/time-bandit","gaming","life-simulation","life-simulation","3","39","Adventure","","","$9.99","","","A real-time adventure game with a dark secret. Uncover a capitalist conspiracy and steal back your time.","progression_or_loop_benchmark_possible","","","Visible itch price label: $9.99","2026-05-31T04:45:40.199Z","medium_low","ok"
"Gaia Maker","garkimasera","web_game","itch_tag_page","itch.io","https://garkimasera.itch.io/gaia-maker","gaming","life-simulation","life-simulation","3","41","Simulation","","","unknown_or_free","","","Planet and terraforming simulation game","progression_or_loop_benchmark_possible","","","","2026-05-31T04:45:40.199Z","medium_low","ok"
"Dungeon Dreams","DDreamsGamesVerified Account","web_game","itch_tag_page","itch.io","https://ddreamsgames.itch.io/dungeondreams","gaming","life-simulation","life-simulation","3","43","Role Playing","","","$9.99","","","Roguelike Romance JRPG Sim","progression_or_loop_benchmark_possible","","","Visible itch price label: $9.99","2026-05-31T04:45:40.199Z","medium_low","ok"
"Terrible Jobs","MoonTouched","web_game","itch_tag_page","itch.io","https://moontouched.itch.io/terrible-jobs","gaming","life-simulation","life-simulation","3","45","Simulation","","","unknown_or_free","","","A game about dealing with an increasingly terrible job","progression_or_loop_benchmark_possible","","","","2026-05-31T04:45:40.199Z","medium_low","ok"
"S-Mate Demo","CuteLibrarian","web_game","itch_tag_page","itch.io","https://cutelibrarian.itch.io/s-mate","gaming","life-simulation","life-simulation","3","47","Simulation","","","unknown_or_free","","","A desktop pet","progression_or_loop_benchmark_possible","","","","2026-05-31T04:45:40.199Z","medium_low","ok"
"GIF","Call Of The Void","web_game","itch_tag_page","itch.io","https://callofthevoid.itch.io/eat-the-rich","gaming","life-simulation","life-simulation","3","49","Simulation","","","unknown_or_free","","","""When the people shall have nothing more to eat, they will eat the rich.""","progression_or_loop_benchmark_possible","","","","2026-05-31T04:45:40.199Z","medium_low","ok"
"Xianxia Simulator","Captain Wabbit","web_game","itch_tag_page","itch.io","https://captainwabbit.itch.io/xianxia-simulator","gaming","life-simulation","life-simulation","3","51","Role Playing","","","unknown_or_free","","","Survive as an immortal cultivator in a text-based life-simulation RPG set in Chinese Cultivation Fantasy world.","progression_or_loop_benchmark_possible","","","","2026-05-31T04:45:40.199Z","medium_low","ok"
"Farmstead Story","Early Bird Press","web_game","itch_tag_page","itch.io","https://earlybirdpress.itch.io/farmstead-story","gaming","life-simulation","life-simulation","3","53","Card Game","","","unknown_or_free","","","A farm simulation card game","progression_or_loop_benchmark_possible","","","","2026-05-31T04:45:40.199Z","medium_low","ok"
"ReCycler","Lemespien","web_game","itch_tag_page","itch.io","https://lemespien.itch.io/recycler","gaming","life-simulation","life-simulation","3","55","Simulation","","","unknown_or_free","","","Play through cycles, improve your skills and become the ultimate ReCycler!","progression_or_loop_benchmark_possible","","","","2026-05-31T04:45:40.199Z","medium_low","ok"
"My Raising Diary","Twin Project","web_game","itch_tag_page","itch.io","https://twinproject.itch.io/my-raising-diary","gaming","life-simulation","life-simulation","3","57","Visual Novel","","","unknown_or_free","","","A study has been taking place in order to create a synthetic life form. The study had finally yielded results, but...","progression_or_loop_benchmark_possible","","","","2026-05-31T04:45:40.200Z","medium_low","ok"
"GIF","Grizz Pierce","web_game","itch_tag_page","itch.io","https://grizzpierce.itch.io/rainstorm-ep","gaming","life-simulation","life-simulation","3","59","Simulation","","","$3","","","Repose, Rainfall, and Analog Technology","progression_or_loop_benchmark_possible","","","Visible itch price label: $3","2026-05-31T04:45:40.200Z","medium_low","ok"
"Z-Anatomy - Open Source 3D Atlas","Lluís Vinent","web_game","itch_tag_page","itch.io","https://lluisv.itch.io/z-anatomy","gaming","life-simulation","life-simulation","3","61","itch.io game","","","unknown_or_free","","","Repository of 3D anatomy models to study and visualize parts of the body in an intuitive way.","progression_or_loop_benchmark_possible","","","","2026-05-31T04:45:40.200Z","medium_low","ok"
"Tall Bagel","Laura Michet","web_game","itch_tag_page","itch.io","https://lauramichet.itch.io/tallbagel","gaming","life-simulation","life-simulation","3","63","Shooter","","","unknown_or_free","","","You've been invited to dinner with Sam, your wealthy uncle.","progression_or_loop_benchmark_possible","","","","2026-05-31T04:45:40.200Z","medium_low","ok"
"GIF","Rubén Izquierdo","web_game","itch_tag_page","itch.io","https://madsushigames.itch.io/alchemy-garden-prototype","gaming","life-simulation","life-simulation","3","65","Simulation","","","unknown_or_free","","","Run your own little alchemy lab and make cool gardens! | Alchemy simulator game","progression_or_loop_benchmark_possible","","","","2026-05-31T04:45:40.200Z","medium_low","ok"
"Nend.io","LapaMauve","web_game","itch_tag_page","itch.io","https://lapamauve.itch.io/nendio","gaming","life-simulation","life-simulation","3","67","Simulation","","","unknown_or_free","","","The Online Real Life Simulator Game","progression_or_loop_benchmark_possible","","","","2026-05-31T04:45:40.200Z","medium_low","ok"
"Cute Mold","Erytau","web_game","itch_tag_page","itch.io","https://erytau.itch.io/cute-mold","gaming","life-simulation","life-simulation","3","69","Simulation","","","unknown_or_free","","","Mold growth and evolution simulation","progression_or_loop_benchmark_possible","","","","2026-05-31T04:45:40.200Z","medium_low","ok"
"Dungeon Dreams 2","DDreamsGamesVerified Account","web_game","itch_tag_page","itch.io","https://ddreamsgames.itch.io/dungeondreams2","gaming","life-simulation","life-simulation","3","71","Role Playing","","","$17.99","","","Roguelike Romance JRPG","progression_or_loop_benchmark_possible","","","Visible itch price label: $17.99","2026-05-31T04:45:40.200Z","medium_low","ok"
"Marketfield","pollikk_studios","web_game","itch_tag_page","itch.io","https://pollikk-studios.itch.io/marketfield","gaming","relaxing","relaxing","1","1","Strategy","","","unknown_or_free","","","1200+ upgrades, automation, synergies, and prestige progression in this cozy farming incremental.","progression_or_loop_benchmark_possible","","","","2026-05-31T04:45:40.517Z","medium_low","ok"
"Kenney Solitaire","KenneyVerified Account","web_game","itch_tag_page","itch.io","https://kenney.itch.io/kenney-solitaire","gaming","relaxing","relaxing","1","3","Card Game","","","unknown_or_free","","","A smooth & free solitaire experience ♠️","progression_or_loop_benchmark_possible","","","","2026-05-31T04:45:40.517Z","medium_low","ok"
"Planet No More","Wise Monke Entertainment Studio","web_game","itch_tag_page","itch.io","https://wisemonkees.itch.io/planet-no-more","gaming","relaxing","relaxing","1","5","itch.io game","","","unknown_or_free","","","An incremental planet destruction game.","progression_or_loop_benchmark_possible","","","","2026-05-31T04:45:40.517Z","medium_low","ok"
"Mowlie","fanimato","web_game","itch_tag_page","itch.io","https://fanimato.itch.io/mowlie","gaming","relaxing","relaxing","1","7","Adventure","","","unknown_or_free","","","Embark with a little owl on a journey to fulfill an ancient prophecy!","progression_or_loop_benchmark_possible","","","","2026-05-31T04:45:40.517Z","medium_low","ok"
"Different Strokes","ScotttS","web_game","itch_tag_page","itch.io","https://scottts.itch.io/different-strokes","gaming","relaxing","relaxing","1","9","itch.io game","","","unknown_or_free","","","Collaborative Online Painting Game","progression_or_loop_benchmark_possible","","","","2026-05-31T04:45:40.517Z","medium_low","ok"
"Taiyaki Fabulous Museum of Fish","objetdiscret","web_game","itch_tag_page","itch.io","https://objetdiscret.itch.io/tai-fab-museum","gaming","relaxing","relaxing","1","11","Puzzle","","","unknown_or_free","","","Nonogram Exploration Adventure","progression_or_loop_benchmark_possible","","","","2026-05-31T04:45:40.518Z","medium_low","ok"
"Peggy's Post","digitarium","web_game","itch_tag_page","itch.io","https://digitarium.itch.io/peggys-post","gaming","relaxing","relaxing","1","13","Simulation","","","unknown_or_free","","","A peaceful package sorting game","progression_or_loop_benchmark_possible","","","","2026-05-31T04:45:40.518Z","medium_low","ok"
"Serenitrove","Scoot","web_game","itch_tag_page","itch.io","https://alfredncy.itch.io/serenitrove","gaming","relaxing","relaxing","1","15","Adventure","","","unknown_or_free","","","Dig, upgrade, expand... then dig deeper!","progression_or_loop_benchmark_possible","","","","2026-05-31T04:45:40.518Z","medium_low","ok"
"Lihiman (Full Game)","Kiwi Dreams","web_game","itch_tag_page","itch.io","https://kiwidreams-01.itch.io/lihiman-full","gaming","relaxing","relaxing","1","17","Simulation","","","$0-100%","","","Cute 3D Family Horror (Full Game)","progression_or_loop_benchmark_possible","","","Visible itch price label: $0-100%","2026-05-31T04:45:40.518Z","medium_low","ok"
"b-e-e-t-l-e","Paul and Viv","web_game","itch_tag_page","itch.io","https://paulandviv.itch.io/b-e-e-t-l-e","gaming","relaxing","relaxing","1","19","itch.io game","","","unknown_or_free","","","A relaxing typing game","progression_or_loop_benchmark_possible","","","","2026-05-31T04:45:40.518Z","medium_low","ok"
"Lihiman (demo)","Kiwi Dreams","web_game","itch_tag_page","itch.io","https://kiwidreams-01.itch.io/lihiman-demo","gaming","relaxing","relaxing","1","21","Simulation","","","unknown_or_free","","","Cute 3D Family Horror","progression_or_loop_benchmark_possible","","","","2026-05-31T04:45:40.518Z","medium_low","ok"
"Astra's Garden","NomnomNami","web_game","itch_tag_page","itch.io","https://nomnomnami.itch.io/astras-garden","gaming","relaxing","relaxing","1","23","Visual Novel","","","unknown_or_free","","","a healing game. let's grow together!","progression_or_loop_benchmark_possible","","","","2026-05-31T04:45:40.518Z","medium_low","ok"
"GIF","bun_tired","web_game","itch_tag_page","itch.io","https://bun-tired.itch.io/purarger-collector","gaming","relaxing","relaxing","1","25","Puzzle","","","unknown_or_free","","","Make wild burgers!","progression_or_loop_benchmark_possible","","","","2026-05-31T04:45:40.519Z","medium_low","ok"
"FEED THE AI","WeirdKidGames","web_game","itch_tag_page","itch.io","https://weirdkidgames.itch.io/feed-the-ai","gaming","relaxing","relaxing","1","27","Simulation","","","unknown_or_free","","","Feed the AI. Collect data. Unlock upgrades. Watch the algorithm grow beyond your control.","progression_or_loop_benchmark_possible","","","","2026-05-31T04:45:40.519Z","medium_low","ok"
"GIF","NuSan","web_game","itch_tag_page","itch.io","https://nusan.itch.io/combo-pool","gaming","relaxing","relaxing","1","29","Puzzle","","","unknown_or_free","","","A game about colliding and merging balls","progression_or_loop_benchmark_possible","","","","2026-05-31T04:45:40.519Z","medium_low","ok"
"Tomorrow Will Be Dying","Team Robo","web_game","itch_tag_page","itch.io","https://team-robo.itch.io/tomorrow-will-be-dying","gaming","relaxing","relaxing","1","31","Visual Novel","","","unknown_or_free","","","","progression_or_loop_benchmark_possible","","","","2026-05-31T04:45:40.519Z","medium_low","ok"
"Snug","Cookiecrayon","web_game","itch_tag_page","itch.io","https://cookiecrayon.itch.io/snug","gaming","relaxing","relaxing","1","33","Puzzle","","","unknown_or_free","","","A cozy game about packing bags.","progression_or_loop_benchmark_possible","","","","2026-05-31T04:45:40.519Z","medium_low","ok"
"Welcome Googoo","Doot","web_game","itch_tag_page","itch.io","https://dodoot.itch.io/welcome-googoo","gaming","relaxing","relaxing","1","35","itch.io game","","","unknown_or_free","","","Wholesome Games Jam - Write cute letters","progression_or_loop_benchmark_possible","","","","2026-05-31T04:45:40.519Z","medium_low","ok"
"Cat Cove Inn","Loaf Labs","web_game","itch_tag_page","itch.io","https://loaflabs.itch.io/cat-cove-inn","gaming","relaxing","relaxing","1","37","Simulation","","","unknown_or_free","","","Foster cats to help them find their forever homes!","progression_or_loop_benchmark_possible","","","","2026-05-31T04:45:40.519Z","medium_low","ok"
"Bunny Forest","Erytau","web_game","itch_tag_page","itch.io","https://erytau.itch.io/bunny-forest","gaming","relaxing","relaxing","1","39","Adventure","","","unknown_or_free","","","Calm game about bunnies","progression_or_loop_benchmark_possible","","","","2026-05-31T04:45:40.520Z","medium_low","ok"
"GIF","elyaradine","web_game","itch_tag_page","itch.io","https://elyaradine.itch.io/dressmaker","gaming","relaxing","relaxing","1","41","Simulation","","","unknown_or_free","","","Cut fabric, sew patterns together, and make custom dresses","progression_or_loop_benchmark_possible","","","","2026-05-31T04:45:40.520Z","medium_low","ok"
"GIF","noshuio","web_game","itch_tag_page","itch.io","https://noshuio.itch.io/minato","gaming","relaxing","relaxing","1","43","Puzzle","","","unknown_or_free","","","Minesweeper but it's a roguelike.","progression_or_loop_benchmark_possible","","","","2026-05-31T04:45:40.520Z","medium_low","ok"
"Gourdlets","aunty games","web_game","itch_tag_page","itch.io","https://aunty-games.itch.io/gourdlets","gaming","relaxing","relaxing","1","45","Simulation","","","unknown_or_free","","","A cozy city-building sandbox.","progression_or_loop_benchmark_possible","","","","2026-05-31T04:45:40.520Z","medium_low","ok"
"A Short Hike","adamgryu","web_game","itch_tag_page","itch.io","https://adamgryu.itch.io/a-short-hike","gaming","relaxing","relaxing","1","47","Adventure","","","$7.99","","","a little exploration game about hiking up a mountain","progression_or_loop_benchmark_possible","","","Visible itch price label: $7.99","2026-05-31T04:45:40.520Z","medium_low","ok"
"Slow Roads: Web Edition","Anslo","web_game","itch_tag_page","itch.io","https://topographinteractive.itch.io/slow-roads","gaming","relaxing","relaxing","1","49","Simulation","","","$3","","","Endless Driving Zen","progression_or_loop_benchmark_possible","","","Visible itch price label: $3","2026-05-31T04:45:40.520Z","medium_low","ok"
"One Hell of a Maid","bun_tired","web_game","itch_tag_page","itch.io","https://bun-tired.itch.io/one-hell-of-a-maid","gaming","relaxing","relaxing","1","51","itch.io game","","","unknown_or_free","","","Clean up the mess!","progression_or_loop_benchmark_possible","","","","2026-05-31T04:45:40.520Z","medium_low","ok"
"The Chef's Shift","alijaya","web_game","itch_tag_page","itch.io","https://alijaya.itch.io/the-chefs-shift","gaming","relaxing","relaxing","1","53","Simulation","","","unknown_or_free","","","A short chaotic & fast-paced typing game about cooking & serving dishes in an Italian restaurant on a busy day.","progression_or_loop_benchmark_possible","","","","2026-05-31T04:45:40.520Z","medium_low","ok"
"Samorost 1","Amanita Design","web_game","itch_tag_page","itch.io","https://amanitadesign.itch.io/samorost-1","gaming","relaxing","relaxing","1","55","Adventure","","","unknown_or_free","","","Back to the roots","progression_or_loop_benchmark_possible","","","","2026-05-31T04:45:40.520Z","medium_low","ok"
"Invite the blackbird","Ana Merz","web_game","itch_tag_page","itch.io","https://anamerzlaya.itch.io/invite-the-blackbird","gaming","relaxing","relaxing","1","57","Visual Novel","","","unknown_or_free","","","Hand-drawn puzzle game made in a form of comics with watercolour illustrations","progression_or_loop_benchmark_possible","","","","2026-05-31T04:45:40.520Z","medium_low","ok"
"plant daddy","brady soglin","web_game","itch_tag_page","itch.io","https://overfull.itch.io/plantdaddy","gaming","relaxing","relaxing","1","59","Simulation","","","unknown_or_free","","","grow plants in your sunny apartment!","progression_or_loop_benchmark_possible","","","","2026-05-31T04:45:40.520Z","medium_low","ok"
"GIF","adam pypeVerified Account","web_game","itch_tag_page","itch.io","https://papercookies.itch.io/typewriter-simulator","gaming","relaxing","relaxing","1","61","Simulation","","","unknown_or_free","","","Realistic typewriter simulator with importing and exporting!","progression_or_loop_benchmark_possible","","","","2026-05-31T04:45:40.521Z","medium_low","ok"
"Noble - Family Tree Sim","Extra Nice","web_game","itch_tag_page","itch.io","https://extra-nice.itch.io/noble-fts","gaming","relaxing","relaxing","1","63","Simulation","","","unknown_or_free","","","Manage the family tree of a Noble House!","progression_or_loop_benchmark_possible","","","","2026-05-31T04:45:40.521Z","medium_low","ok"
"PetBox: Ultimate Desktop Pet","Kansei Dev","web_game","itch_tag_page","itch.io","https://kansei-dev.itch.io/petbox","gaming","relaxing","relaxing","1","65","Simulation","","","$2.50","","","A lightweight, customizable desktop pet collection. Watch them climb, sleep, and play on your screen","progression_or_loop_benchmark_possible","","","Visible itch price label: $2.50","2026-05-31T04:45:40.521Z","medium_low","ok"
"Calico","PeachyKeenGames","web_game","itch_tag_page","itch.io","https://peachykeengames.itch.io/calico","gaming","relaxing","relaxing","1","67","Role Playing","","","$11.99","","","Magical girls and cat cafes!","progression_or_loop_benchmark_possible","","","Visible itch price label: $11.99","2026-05-31T04:45:40.521Z","medium_low","ok"
"Life and Lemon","Finn Truong","web_game","itch_tag_page","itch.io","https://finn-truong.itch.io/life-and-lemon","gaming","relaxing","relaxing","1","69","Simulation","","","unknown_or_free","","","A cozy fruit farming card game","progression_or_loop_benchmark_possible","","","","2026-05-31T04:45:40.521Z","medium_low","ok"
"Universe Sandbox","Giant Army","web_game","itch_tag_page","itch.io","https://giantarmy.itch.io/universe-sandbox","gaming","relaxing","relaxing","1","71","Simulation","","","$29.99","","","Create & destroy on an unimaginable scale","progression_or_loop_benchmark_possible","","","Visible itch price label: $29.99","2026-05-31T04:45:40.521Z","medium_low","ok"
"Chair Up!","WilliamsXue","web_game","itch_tag_page","itch.io","https://williamsxue.itch.io/chair-up","gaming","relaxing","relaxing","2","1","Action","","","unknown_or_free","","","Sit on a swivel chair, kick out, and push yourself back!","progression_or_loop_benchmark_possible","","","","2026-05-31T04:45:40.986Z","medium_low","ok"
"Tanuki Sunset Classic","Rewind Games","web_game","itch_tag_page","itch.io","https://rewindgames.itch.io/tanuki-sunset","gaming","relaxing","relaxing","2","3","Racing","","","unknown_or_free","","","Raccoons riding longboards on this retro themed relaxing arcade game","progression_or_loop_benchmark_possible","","","","2026-05-31T04:45:40.986Z","medium_low","ok"
"GET YOKED: Extreme Bodybuilding","gregs-games","web_game","itch_tag_page","itch.io","https://gregs-games.itch.io/get-yoked-2","gaming","relaxing","relaxing","2","5","Card Game","","","unknown_or_free","","","Bodybuilding Roguelike Deckbuilder.","progression_or_loop_benchmark_possible","","","","2026-05-31T04:45:40.986Z","medium_low","ok"
"Dream Blunt Rotation","gothmogged","web_game","itch_tag_page","itch.io","https://gothmogged.itch.io/dream-blunt-rotation","gaming","relaxing","relaxing","2","7","Simulation","","","unknown_or_free","","","A hangout simulator where you build your own dream rotation of characters, and chat about anything and everything.","progression_or_loop_benchmark_possible","","","","2026-05-31T04:45:40.987Z","medium_low","ok"
"Dog Wash","Tony LindoRock","web_game","itch_tag_page","itch.io","https://tony-lindorock.itch.io/dog-wash","gaming","relaxing","relaxing","2","9","Simulation","","","unknown_or_free","","","Wash a Doggo!","progression_or_loop_benchmark_possible","","","","2026-05-31T04:45:40.987Z","medium_low","ok"
"Empty.","Dustyroom","web_game","itch_tag_page","itch.io","https://dustyroom.itch.io/empty","gaming","relaxing","relaxing","2","11","Puzzle","","","unknown_or_free","","","Everything must go.","progression_or_loop_benchmark_possible","","","","2026-05-31T04:45:40.987Z","medium_low","ok"
"It Was All For The Tuna","Cosmic Adventure Squad","web_game","itch_tag_page","itch.io","https://cosmicadventuresquad.itch.io/it-was-all-for-the-tuna","gaming","relaxing","relaxing","2","13","Simulation","","","unknown_or_free","","","Harvest all the tuna!","progression_or_loop_benchmark_possible","","","","2026-05-31T04:45:40.987Z","medium_low","ok"
"Kirby ~ Soft & Wet","Strimp's Kitchen","web_game","itch_tag_page","itch.io","https://strimps-kitchen.itch.io/kirby-soft-and-wet","gaming","relaxing","relaxing","2","15","Simulation","","","unknown_or_free","","","A fishing experience","progression_or_loop_benchmark_possible","","","","2026-05-31T04:45:40.987Z","medium_low","ok"
"DustSim","Kodub","web_game","itch_tag_page","itch.io","https://kodub.itch.io/dustsim","gaming","relaxing","relaxing","2","17","Simulation","","","unknown_or_free","","","Simulate millions of independent particles in realtime with this physics sandbox.","progression_or_loop_benchmark_possible","","","","2026-05-31T04:45:40.988Z","medium_low","ok"
"Crescent Loom","OliveVerified Account","web_game","itch_tag_page","itch.io","https://wick.itch.io/crescent-loom","gaming","relaxing","relaxing","2","19","Simulation","","","$19","","","Weave new underwater lifeforms.","progression_or_loop_benchmark_possible","","","Visible itch price label: $19","2026-05-31T04:45:40.988Z","medium_low","ok"
"Cat Companion","sea salt crackers","web_game","itch_tag_page","itch.io","https://sea-salt-crackers.itch.io/cat-companion","gaming","relaxing","relaxing","2","21","itch.io game","","","unknown_or_free","","","A virtual pet cat for your desktop!","progression_or_loop_benchmark_possible","","","","2026-05-31T04:45:40.988Z","medium_low","ok"
"Marie's Room","Kenny Guillaume","web_game","itch_tag_page","itch.io","https://kennyguillaume.itch.io/maries-room","gaming","relaxing","relaxing","2","23","Adventure","","","unknown_or_free","","","Marie's Room is a short story exploration game about an unconventional friendship between two classmates.","progression_or_loop_benchmark_possible","","","","2026-05-31T04:45:40.988Z","medium_low","ok"
"A Bright Light in the Middle of the Ocean","Fi Silva","web_game","itch_tag_page","itch.io","https://fi.itch.io/bright-light","gaming","relaxing","relaxing","2","25","Simulation","","","unknown_or_free","","","climb to the top of a lighthouse, watch the sunset, look at the stars","progression_or_loop_benchmark_possible","","","","2026-05-31T04:45:40.988Z","medium_low","ok"
"Noble","Extra Nice","web_game","itch_tag_page","itch.io","https://extra-nice.itch.io/noble","gaming","relaxing","relaxing","2","27","Simulation","","","unknown_or_free","","","Manage the family tree of a Noble House!","progression_or_loop_benchmark_possible","","","","2026-05-31T04:45:40.988Z","medium_low","ok"
"GIF","LeonnCamayo","web_game","itch_tag_page","itch.io","https://leonncamayo.itch.io/hotel-188","gaming","relaxing","relaxing","2","29","Adventure","","","unknown_or_free","","","Calm horror: walk, observe, and find clues to escape. No monsters—just darkness, tight spaces, and fear.","progression_or_loop_benchmark_possible","","","","2026-05-31T04:45:40.988Z","medium_low","ok"
"ROTA: Bend Gravity","Harmony Monroe","web_game","itch_tag_page","itch.io","https://harmonymonroe.itch.io/rota","gaming","relaxing","relaxing","2","31","Puzzle","","","unknown_or_free","","","Gravity bends beneath your feet! Move blocks and twist gravity to solve puzzles.","progression_or_loop_benchmark_possible","","","","2026-05-31T04:45:40.989Z","medium_low","ok"
"WildFire","Salvador","web_game","itch_tag_page","itch.io","https://salvadorpalma.itch.io/wildfire","gaming","relaxing","relaxing","2","33","Strategy","","","unknown_or_free","","","Survive as many rounds as you can to the threatening local wildlife","progression_or_loop_benchmark_possible","","","","2026-05-31T04:45:40.989Z","medium_low","ok"
"Desktop Kittens","Abbie Gonzalez","web_game","itch_tag_page","itch.io","https://antijingoist.itch.io/desktop-kittens","gaming","relaxing","relaxing","2","35","itch.io game","","","unknown_or_free","","","Little Kitties running amok on your desktop","progression_or_loop_benchmark_possible","","","","2026-05-31T04:45:40.989Z","medium_low","ok"
"GIF","edmond00","web_game","itch_tag_page","itch.io","https://edmond00.itch.io/timeline","gaming","relaxing","relaxing","2","37","Simulation","","","unknown_or_free","","","A minimalistic management game.","progression_or_loop_benchmark_possible","","","","2026-05-31T04:45:40.989Z","medium_low","ok"
"Akiya","chary 🌷","web_game","itch_tag_page","itch.io","https://charycats.itch.io/akiya","gaming","relaxing","relaxing","2","39","Visual Novel","","","unknown_or_free","","","Cute VN about exploring a traditional Japanese house!","progression_or_loop_benchmark_possible","","","","2026-05-31T04:45:40.989Z","medium_low","ok"
"GIF","Pelican Party","web_game","itch_tag_page","itch.io","https://pelicanparty.itch.io/ducklings","gaming","relaxing","relaxing","2","41","Adventure","","","unknown_or_free","","","🦆 Quack, you're a duck. Swim around and rescue Ducklings. Upgrade your nest. Relax 🦆","progression_or_loop_benchmark_possible","","","","2026-05-31T04:45:40.989Z","medium_low","ok"
"Plant Therapy","Short Leg Studio","web_game","itch_tag_page","itch.io","https://short-leg-studio.itch.io/plant-therapy","gaming","relaxing","relaxing","2","43","Simulation","","","unknown_or_free","","","Big Winter Update out now! Get cozy in this plant collecting and decorating game!","progression_or_loop_benchmark_possible","","","","2026-05-31T04:45:40.990Z","medium_low","ok"
"P.Craft","NuSan","web_game","itch_tag_page","itch.io","https://nusan.itch.io/pcraft","gaming","relaxing","relaxing","2","45","Adventure","","","unknown_or_free","","","Gather materials, build your tools and explore the island.","progression_or_loop_benchmark_possible","","","","2026-05-31T04:45:40.990Z","medium_low","ok"
"GIF","Flo VeltmanVerified Account","web_game","itch_tag_page","itch.io","https://vltmn.itch.io/lieve-oma","gaming","relaxing","relaxing","2","47","Visual Novel","","","$2.99","","","It's the season for penny buns, Grandma forced you to come along a bit. But deep down you know it'll do you good.","progression_or_loop_benchmark_possible","","","Visible itch price label: $2.99","2026-05-31T04:45:40.990Z","medium_low","ok"
"Forager (Demo)","HopFrog","web_game","itch_tag_page","itch.io","https://hopfrog.itch.io/forager-demo","gaming","relaxing","relaxing","2","49","Adventure","","","unknown_or_free","","","Base Building, Crafting, Adventure & Secrets!","progression_or_loop_benchmark_possible","","","","2026-05-31T04:45:40.990Z","medium_low","ok"
"GIF","Victoria","web_game","itch_tag_page","itch.io","https://theladyvictoria.itch.io/toripon","gaming","relaxing","relaxing","2","51","Adventure","","","unknown_or_free","","","Take photos of cute birds doing cute things, and make people happy on the internet!","progression_or_loop_benchmark_possible","","","","2026-05-31T04:45:40.990Z","medium_low","ok"
"Music Box for Playdate","Tizian Zeltner","web_game","itch_tag_page","itch.io","https://tizian.itch.io/playdate-music-box","gaming","relaxing","relaxing","2","53","itch.io game","","","unknown_or_free","","","A tiny musical instrument for the Playdate.","progression_or_loop_benchmark_possible","","","","2026-05-31T04:45:40.990Z","medium_low","ok"
"FlowScape","PixelForestVerified Account","web_game","itch_tag_page","itch.io","https://pixelforest.itch.io/flowscape","gaming","relaxing","relaxing","2","55","Simulation","","","$10","","","Let Nature Flow from your Brush","progression_or_loop_benchmark_possible","","","Visible itch price label: $10","2026-05-31T04:45:40.990Z","medium_low","ok"
"Animal Crackers","3 Halves Games","web_game","itch_tag_page","itch.io","https://3hg.itch.io/animal-crackers","gaming","relaxing","relaxing","2","57","Adventure","","","unknown_or_free","","","Plan the perfect birthday party! Scavenge for foods, collect goods, and give the President the best party ever!","progression_or_loop_benchmark_possible","","","","2026-05-31T04:45:40.991Z","medium_low","ok"
"GIF","Anaïs","web_game","itch_tag_page","itch.io","https://anaissalla.itch.io/nomnom","gaming","relaxing","relaxing","2","59","Simulation","","","unknown_or_free","","","A game about autumn jam and mantaining a small business.","progression_or_loop_benchmark_possible","","","","2026-05-31T04:45:40.991Z","medium_low","ok"
"Cardinal Chains","Daniel Nora","web_game","itch_tag_page","itch.io","https://danijmn.itch.io/cardinalchains","gaming","relaxing","relaxing","2","61","Puzzle","","","$2.99","","","An original puzzle game about non-decreasing sequences","progression_or_loop_benchmark_possible","","","Visible itch price label: $2.99","2026-05-31T04:45:40.991Z","medium_low","ok"
"Koto","Flo","web_game","itch_tag_page","itch.io","https://floriandcp.itch.io/koto","gaming","relaxing","relaxing","2","63","Rhythm","","","unknown_or_free","","","Relax, listen to the wind and play the koto.","progression_or_loop_benchmark_possible","","","","2026-05-31T04:45:40.991Z","medium_low","ok"
"GIF","Unsigned Double","web_game","itch_tag_page","itch.io","https://unsigneddoublecollective.itch.io/fossil-quest","gaming","relaxing","relaxing","2","65","Simulation","","","unknown_or_free","","","Dig for fossils, assemble exhibits, create (and decorate!) a museum in your home","progression_or_loop_benchmark_possible","","","","2026-05-31T04:45:40.991Z","medium_low","ok"
"plastic tape","npckc","web_game","itch_tag_page","itch.io","https://npckc.itch.io/plastic-tape","gaming","relaxing","relaxing","2","67","Visual Novel","","","unknown_or_free","","","snapshots of a life through bandages.","progression_or_loop_benchmark_possible","","","","2026-05-31T04:45:40.991Z","medium_low","ok"
"Off Day","viv_url","web_game","itch_tag_page","itch.io","https://viv-url.itch.io/off-day","gaming","relaxing","relaxing","2","69","Visual Novel","","","unknown_or_free","","","A point & click visual novel about appreciating the little things in life.","progression_or_loop_benchmark_possible","","","","2026-05-31T04:45:40.991Z","medium_low","ok"
"GIF","Wessel Stoop","web_game","itch_tag_page","itch.io","https://woseseltops.itch.io/thesapling","gaming","relaxing","relaxing","2","71","Simulation","","","$18","","","A short simulation game where you design your own plants and animals, and put them in a world together.","progression_or_loop_benchmark_possible","","","Visible itch price label: $18","2026-05-31T04:45:40.991Z","medium_low","ok"
"POM SIMULATOR 9000","d Marie","web_game","itch_tag_page","itch.io","https://dmarielicea.itch.io/pomsimulator9000","gaming","relaxing","relaxing","3","1","Simulation","","","unknown_or_free","","","weary, transformation, dog, burger, comfort","progression_or_loop_benchmark_possible","","","","2026-05-31T04:45:41.560Z","medium_low","ok"
"Geographical Adventures","Sebastian Lague","web_game","itch_tag_page","itch.io","https://sebastian.itch.io/geographical-adventures","gaming","relaxing","relaxing","3","3","itch.io game","","","unknown_or_free","","","Fly around the world delivering packages to various countries.","progression_or_loop_benchmark_possible","","","","2026-05-31T04:45:41.561Z","medium_low","ok"
"GIF","npckc","web_game","itch_tag_page","itch.io","https://npckc.itch.io/space-frog","gaming","relaxing","relaxing","3","5","Adventure","","","unknown_or_free","","","a story of a frog in space.","progression_or_loop_benchmark_possible","","","","2026-05-31T04:45:41.561Z","medium_low","ok"
"Shutter Stroll","lemon cosmos","web_game","itch_tag_page","itch.io","https://lemoncosmos.itch.io/shutterstroll","gaming","relaxing","relaxing","3","7","itch.io game","","","$6","","","Take a stroll, take a picture.","progression_or_loop_benchmark_possible","","","Visible itch price label: $6","2026-05-31T04:45:41.561Z","medium_low","ok"
"ISLANDS: Non-Places","Carlburton LLC","web_game","itch_tag_page","itch.io","https://carlburton.itch.io/islands","gaming","relaxing","relaxing","3","9","itch.io game","","","$4.99","","","A surreal trip through the mundane","progression_or_loop_benchmark_possible","","","Visible itch price label: $4.99","2026-05-31T04:45:41.561Z","medium_low","ok"
"Villager","bernie wick","web_game","itch_tag_page","itch.io","https://partnano.itch.io/villager","gaming","relaxing","relaxing","3","11","Strategy","","","unknown_or_free","","","Gather resources and build a cosy little town!","progression_or_loop_benchmark_possible","","","","2026-05-31T04:45:41.561Z","medium_low","ok"
"Adapt","Paul Herve","web_game","itch_tag_page","itch.io","https://paul-herve.itch.io/adapt-prologue","gaming","relaxing","relaxing","3","13","Survival","","","unknown_or_free","","","Evolve to survive in a constantly changing world.","progression_or_loop_benchmark_possible","","","","2026-05-31T04:45:41.561Z","medium_low","ok"
"Resonance of the Ocean","Image Labo","web_game","itch_tag_page","itch.io","https://uimss.itch.io/resonance-of-the-ocean","gaming","relaxing","relaxing","3","15","Adventure","","","unknown_or_free","","","Pick up items washed ashore to make instruments, and answer the echoes heard from beyond the ocean.","progression_or_loop_benchmark_possible","","","","2026-05-31T04:45:41.562Z","medium_low","ok"
"Trust the blackbird","Ana Merz","web_game","itch_tag_page","itch.io","https://anamerzlaya.itch.io/trust-the-blackbird","gaming","relaxing","relaxing","3","17","Visual Novel","","","unknown_or_free","","","Hand-drawn game made in a form of comics with lovely illustrations","progression_or_loop_benchmark_possible","","","","2026-05-31T04:45:41.562Z","medium_low","ok"
"Froggy Pot","Cantusmori","web_game","itch_tag_page","itch.io","https://cantusmori.itch.io/froggy-pot","gaming","relaxing","relaxing","3","19","Visual Novel","","","unknown_or_free","","","​A cozy game with a small side of existential crisis.","progression_or_loop_benchmark_possible","","","","2026-05-31T04:45:41.562Z","medium_low","ok"
"GIF","Island Of Mine","web_game","itch_tag_page","itch.io","https://bonkyd.itch.io/island-of-mine","gaming","relaxing","relaxing","3","21","Adventure","","","unknown_or_free","","","Island of Mine is a cozy survival & crafting adventure.","progression_or_loop_benchmark_possible","","","","2026-05-31T04:45:41.562Z","medium_low","ok"
"Periphery Synthetic","shiftBacktick","web_game","itch_tag_page","itch.io","https://shiftbacktick.itch.io/periphery-synthetic-ep","gaming","relaxing","relaxing","3","23","Adventure","","","$5","","","A non-linear sci-fi adventure across generative musical playgrounds","progression_or_loop_benchmark_possible","","","Visible itch price label: $5","2026-05-31T04:45:41.562Z","medium_low","ok"
"Mothkeeper","Moth House","web_game","itch_tag_page","itch.io","https://moth-house.itch.io/mothkeeper","gaming","relaxing","relaxing","3","25","Simulation","","","unknown_or_free","","","Raise a nursery of moths by farming herbs","progression_or_loop_benchmark_possible","","","","2026-05-31T04:45:41.562Z","medium_low","ok"
"Cosmic Collapse, a suika-like","Johan Peitz","web_game","itch_tag_page","itch.io","https://johanpeitz.itch.io/cosmic-collapse","gaming","relaxing","relaxing","3","27","Puzzle","","","$4.95In bundle","","","Collapse the universe - planet by planet","progression_or_loop_benchmark_possible","","","Visible itch price label: $4.95In bundle","2026-05-31T04:45:41.562Z","medium_low","ok"
"GIF","KO_OP","web_game","itch_tag_page","itch.io","https://ko-op.itch.io/dep-nocturne","gaming","relaxing","relaxing","3","29","Adventure","","","$4.99","","","◇ a late-night shopping adventure ◇","progression_or_loop_benchmark_possible","","","Visible itch price label: $4.99","2026-05-31T04:45:41.563Z","medium_low","ok"
"GIF","Ted Martens","web_game","itch_tag_page","itch.io","https://hammertail.itch.io/pixel-fireplace","gaming","relaxing","relaxing","3","31","Simulation","","","$4.99","","","Type commands, roast marshmallows, throw logs onto a crackling fire. Enjoy","progression_or_loop_benchmark_possible","","","Visible itch price label: $4.99","2026-05-31T04:45:41.563Z","medium_low","ok"
"Retromine","ccdg","web_game","itch_tag_page","itch.io","https://cicidigital.itch.io/retromine","gaming","relaxing","relaxing","3","33","Card Game","","","unknown_or_free","","","Deep incremental roguelike deckbuilding","progression_or_loop_benchmark_possible","","","","2026-05-31T04:45:41.563Z","medium_low","ok"
"Blanket Cat: A Cozy Winter Visual Novel","Studio Ghost Legs","web_game","itch_tag_page","itch.io","https://ghostlegs.itch.io/blanket-cat","gaming","relaxing","relaxing","3","35","Visual Novel","","","unknown_or_free","","","Let's have a great day!","progression_or_loop_benchmark_possible","","","","2026-05-31T04:45:41.563Z","medium_low","ok"
"GIF","Connil Games","web_game","itch_tag_page","itch.io","https://connil-de-la-mienuit.itch.io/wandering-okali","gaming","relaxing","relaxing","3","37","Visual Novel","","","unknown_or_free","","","Discover magical creatures while exploring a whimsical fantasy world.","progression_or_loop_benchmark_possible","","","","2026-05-31T04:45:41.563Z","medium_low","ok"
"GIF","Samurai Punk","web_game","itch_tag_page","itch.io","https://samuraipunk.itch.io/feather","gaming","relaxing","relaxing","3","39","Adventure","","","$9.99","","","Feather, A serene game about the joy of flight","progression_or_loop_benchmark_possible","","","Visible itch price label: $9.99","2026-05-31T04:45:41.563Z","medium_low","ok"
"Sugar & Spice Cafe","First Scoop","web_game","itch_tag_page","itch.io","https://first-scoop.itch.io/sugar-and-spice-cafe","gaming","relaxing","relaxing","3","41","Simulation","","","unknown_or_free","","","A cozy tea cafe game... or is it?","progression_or_loop_benchmark_possible","","","","2026-05-31T04:45:41.564Z","medium_low","ok"
"Thirteen and Half Cats","Nekomatata","web_game","itch_tag_page","itch.io","https://nekomatata.itch.io/thirteen-and-half-cats","gaming","relaxing","relaxing","3","43","Adventure","","","unknown_or_free","","","Find 13 and a half lost cats in the village.","progression_or_loop_benchmark_possible","","","","2026-05-31T04:45:41.564Z","medium_low","ok"
"Project Shoreline","Speldosa Interactive","web_game","itch_tag_page","itch.io","https://speldosainteractive.itch.io/project-shoreline","gaming","relaxing","relaxing","3","45","Adventure","","","unknown_or_free","","","Explore, Clean & Restore as a Cute Character in this Cozy Cleaning Mini-Adventure!","progression_or_loop_benchmark_possible","","","","2026-05-31T04:45:41.564Z","medium_low","ok"
"Island Maker","Ryan Kubik","web_game","itch_tag_page","itch.io","https://rmkubik.itch.io/island-maker","gaming","relaxing","relaxing","3","47","Strategy","","","unknown_or_free","","","Build a thriving island colony one building at a time.","progression_or_loop_benchmark_possible","","","","2026-05-31T04:45:41.564Z","medium_low","ok"
"Feather Park","Jon Topielski","web_game","itch_tag_page","itch.io","https://jontopielski.itch.io/feather-park","gaming","relaxing","relaxing","3","49","Adventure","","","unknown_or_free","","","Explore an autumn park and play minigames","progression_or_loop_benchmark_possible","","","","2026-05-31T04:45:41.564Z","medium_low","ok"
"Longhaus","Gendly Games","web_game","itch_tag_page","itch.io","https://gendlygames.itch.io/longhaus","gaming","relaxing","relaxing","3","51","Strategy","","","unknown_or_free","","","Defend your home on a floating island","progression_or_loop_benchmark_possible","","","","2026-05-31T04:45:41.564Z","medium_low","ok"
"Tales of Grumville: A Legendary Pie and A Nameless Statue","Mushroomallow","web_game","itch_tag_page","itch.io","https://mushroomallow.itch.io/tales-of-grumville","gaming","relaxing","relaxing","3","53","Visual Novel","","","unknown_or_free","","","Even the ""most boring town in the whole world"" has its mysteries.","progression_or_loop_benchmark_possible","","","","2026-05-31T04:45:41.564Z","medium_low","ok"
"Marble Race Generator","hawslc","web_game","itch_tag_page","itch.io","https://hawslc.itch.io/marble-race-generator","gaming","relaxing","relaxing","3","55","Action","","","unknown_or_free","","","Randomly generate a marble race!","progression_or_loop_benchmark_possible","","","","2026-05-31T04:45:41.564Z","medium_low","ok"
"Sizeable","Sander Ambroos","web_game","itch_tag_page","itch.io","https://sarrus.itch.io/sizeable","gaming","relaxing","relaxing","3","57","Puzzle","","","$9.99","","","A relaxing puzzle/exploration game about shrinking and growing!","progression_or_loop_benchmark_possible","","","Visible itch price label: $9.99","2026-05-31T04:45:41.565Z","medium_low","ok"
"Dampftraum","Jitsu Koan","web_game","itch_tag_page","itch.io","https://jitsukoan.itch.io/dampftraum","gaming","relaxing","relaxing","3","59","Adventure","","","unknown_or_free","","","","progression_or_loop_benchmark_possible","","","","2026-05-31T04:45:41.565Z","medium_low","ok"
"Pengu","I'm Tired Rat","web_game","itch_tag_page","itch.io","https://im-tired-rat.itch.io/pengu","gaming","relaxing","relaxing","3","61","itch.io game","","","unknown_or_free","","","Relax on a tiny island","progression_or_loop_benchmark_possible","","","","2026-05-31T04:45:41.565Z","medium_low","ok"
"galaxy ballerina","MOC (they/them)","web_game","itch_tag_page","itch.io","https://miraongchua.itch.io/galaxy-ballerina","gaming","relaxing","relaxing","3","63","Visual Novel","","","unknown_or_free","","","A one-minute story about sharing the stage.","progression_or_loop_benchmark_possible","","","","2026-05-31T04:45:41.565Z","medium_low","ok"
"Storyseeker","Mosu","web_game","itch_tag_page","itch.io","https://qwertyprophecy.itch.io/storyseeker","gaming","relaxing","relaxing","3","65","itch.io game","","","unknown_or_free","","","A pure exploration game set in a strange, quiet world.","progression_or_loop_benchmark_possible","","","","2026-05-31T04:45:41.565Z","medium_low","ok"
"Somewhere","5uma0","web_game","itch_tag_page","itch.io","https://sumao.itch.io/somewhere","gaming","relaxing","relaxing","3","67","Adventure","","","unknown_or_free","","","some unspecified place","progression_or_loop_benchmark_possible","","","","2026-05-31T04:45:41.565Z","medium_low","ok"
"Living for Plants","shawcat","web_game","itch_tag_page","itch.io","https://shawcat.itch.io/living-for-plants","gaming","relaxing","relaxing","3","69","Simulation","","","unknown_or_free","","","Tend to plants and customize your indoor garden!","progression_or_loop_benchmark_possible","","","","2026-05-31T04:45:41.565Z","medium_low","ok"
"Threads of Magic","bkomei","web_game","itch_tag_page","itch.io","https://bkomei.itch.io/threads-of-magic","gaming","relaxing","relaxing","3","71","Simulation","","","unknown_or_free","","","A casual, narrative peek into the life of a tailor creating costumes for queer magical girls and boys.","progression_or_loop_benchmark_possible","","","","2026-05-31T04:45:41.566Z","medium_low","ok"
"Lexispell","MrEliptik","web_game","itch_tag_page","itch.io","https://mreliptik.itch.io/lexispell","gaming","casual","casual","1","1","Puzzle","","","$8.99","","","Strategy meets physics, in this roguelike word game, where you combine spelling with cool upgrades to score high","progression_or_loop_benchmark_possible","","","Visible itch price label: $8.99","2026-05-31T04:45:42.865Z","medium_low","ok"
"Kenney Solitaire","KenneyVerified Account","web_game","itch_tag_page","itch.io","https://kenney.itch.io/kenney-solitaire","gaming","casual","casual","1","3","Card Game","","","unknown_or_free","","","A smooth & free solitaire experience ♠️","progression_or_loop_benchmark_possible","","","","2026-05-31T04:45:42.865Z","medium_low","ok"
"Planet No More","Wise Monke Entertainment Studio","web_game","itch_tag_page","itch.io","https://wisemonkees.itch.io/planet-no-more","gaming","casual","casual","1","5","itch.io game","","","unknown_or_free","","","An incremental planet destruction game.","progression_or_loop_benchmark_possible","","","","2026-05-31T04:45:42.865Z","medium_low","ok"
"Digital Tamers 2","dragonrod342","web_game","itch_tag_page","itch.io","https://dragonrod342.itch.io/digital-tamers-2","gaming","casual","casual","1","7","Fighting","","","unknown_or_free","","","The Digital World is yours to explore! What will you do first?","progression_or_loop_benchmark_possible","","","","2026-05-31T04:45:42.865Z","medium_low","ok"
"Different Strokes","ScotttS","web_game","itch_tag_page","itch.io","https://scottts.itch.io/different-strokes","gaming","casual","casual","1","9","itch.io game","","","unknown_or_free","","","Collaborative Online Painting Game","progression_or_loop_benchmark_possible","","","","2026-05-31T04:45:42.865Z","medium_low","ok"
"Scritchy Scratchy","Funday Games","web_game","itch_tag_page","itch.io","https://funday-games.itch.io/scritchy-scratchy","gaming","casual","casual","1","11","Simulation","","","$6.99","","","A super-satisfying scratch card incremental game","progression_or_loop_benchmark_possible","","","Visible itch price label: $6.99","2026-05-31T04:45:42.866Z","medium_low","ok"
"KittyToy","Rakqoi","web_game","itch_tag_page","itch.io","https://rakqoi.itch.io/kittytoy","gaming","casual","casual","1","13","Simulation","","","unknown_or_free","","","Kitty Caretaking Simulator","progression_or_loop_benchmark_possible","","","","2026-05-31T04:45:42.866Z","medium_low","ok"
"After Hours","Snowyrey","web_game","itch_tag_page","itch.io","https://snowyrey.itch.io/after-hours","gaming","casual","casual","1","15","Visual Novel","","","unknown_or_free","","","A visual novel about Sun and Moon from FNAF: Security Breach!","progression_or_loop_benchmark_possible","","","","2026-05-31T04:45:42.866Z","medium_low","ok"
"Serenitrove","Scoot","web_game","itch_tag_page","itch.io","https://alfredncy.itch.io/serenitrove","gaming","casual","casual","1","17","Adventure","","","unknown_or_free","","","Dig, upgrade, expand... then dig deeper!","progression_or_loop_benchmark_possible","","","","2026-05-31T04:45:42.866Z","medium_low","ok"
"Ages of Conflict: World War Simulator","JokuPelle","web_game","itch_tag_page","itch.io","https://jokupelle.itch.io/ages-of-conflict","gaming","casual","casual","1","19","Simulation","","","$6.99","","","Create a massive Free-For-All across multiple maps with Randomization, Statistics and History tracking","progression_or_loop_benchmark_possible","","","Visible itch price label: $6.99","2026-05-31T04:45:42.866Z","medium_low","ok"
"GIF","ALL DAY ALL NIGHT","web_game","itch_tag_page","itch.io","https://alldayallnight.itch.io/ikeelya","gaming","casual","casual","1","21","Shooter","","","unknown_or_free","","","Where's Waldo for assassins","progression_or_loop_benchmark_possible","","","","2026-05-31T04:45:42.866Z","medium_low","ok"
"Klifur","My Little Computer Friends","web_game","itch_tag_page","itch.io","https://mylittlecomputerfriends.itch.io/klifur","gaming","casual","casual","1","23","Sports","","","$5","","","Minimalist 2D bouldering.","progression_or_loop_benchmark_possible","","","Visible itch price label: $5","2026-05-31T04:45:42.867Z","medium_low","ok"
"Sheepy: A Short Adventure","MrSuicideSheep","web_game","itch_tag_page","itch.io","https://mrsuicidesheep.itch.io/sheepy","gaming","casual","casual","1","25","Platformer","","","unknown_or_free","","","Help Sheepy, as he explores a forgotten and broken world.","progression_or_loop_benchmark_possible","","","","2026-05-31T04:45:42.867Z","medium_low","ok"
"CafeDrop Visual Novel [DEMO]","Maru","web_game","itch_tag_page","itch.io","https://pushtdarlingx.itch.io/cafe-drop-demo","gaming","casual","casual","1","27","Visual Novel","","","unknown_or_free","","","Visual novel","progression_or_loop_benchmark_possible","","","","2026-05-31T04:45:42.867Z","medium_low","ok"
"Astra's Garden","NomnomNami","web_game","itch_tag_page","itch.io","https://nomnomnami.itch.io/astras-garden","gaming","casual","casual","1","29","Visual Novel","","","unknown_or_free","","","a healing game. let's grow together!","progression_or_loop_benchmark_possible","","","","2026-05-31T04:45:42.867Z","medium_low","ok"
"Demon Bluff","uzabiart","web_game","itch_tag_page","itch.io","https://uzabiart.itch.io/demon-bluff","gaming","casual","casual","1","31","Card Game","","","unknown_or_free","","","Roguelike card game, where your cards lie","progression_or_loop_benchmark_possible","","","","2026-05-31T04:45:42.867Z","medium_low","ok"
"GIF","Melancholy Marionette","web_game","itch_tag_page","itch.io","https://melancholy-marionette.itch.io/the-hostage","gaming","casual","casual","1","33","Visual Novel","","","unknown_or_free","","","Blinded & bound, can you free yourself from your captor? Would you even want to?","progression_or_loop_benchmark_possible","","","","2026-05-31T04:45:42.867Z","medium_low","ok"
"Pineapple on pizza","Majorariatto","web_game","itch_tag_page","itch.io","https://majorariatto.itch.io/pineapple-on-pizza","gaming","casual","casual","1","35","itch.io game","","","unknown_or_free","","","","progression_or_loop_benchmark_possible","","","","2026-05-31T04:45:42.867Z","medium_low","ok"
"FEED THE AI","WeirdKidGames","web_game","itch_tag_page","itch.io","https://weirdkidgames.itch.io/feed-the-ai","gaming","casual","casual","1","37","Simulation","","","unknown_or_free","","","Feed the AI. Collect data. Unlock upgrades. Watch the algorithm grow beyond your control.","progression_or_loop_benchmark_possible","","","","2026-05-31T04:45:42.868Z","medium_low","ok"
"GIF","Melancholy Marionette","web_game","itch_tag_page","itch.io","https://melancholy-marionette.itch.io/yandere-heaven","gaming","casual","casual","1","39","Visual Novel","","","unknown_or_free","","","See true love through rose-tinted glasses in this whacky world where yanderes rule.","progression_or_loop_benchmark_possible","","","","2026-05-31T04:45:42.868Z","medium_low","ok"
"Among Us","InnerslothVerified Account","web_game","itch_tag_page","itch.io","https://innersloth.itch.io/among-us","gaming","casual","casual","1","41","itch.io game","","","$5","","","An online and local party game of teamwork and betrayal for 4-15 players","progression_or_loop_benchmark_possible","","","Visible itch price label: $5","2026-05-31T04:45:42.868Z","medium_low","ok"
"GIF","Melancholy Marionette","web_game","itch_tag_page","itch.io","https://melancholy-marionette.itch.io/darling-duality-winter-wish","gaming","casual","casual","1","43","Visual Novel","","","unknown_or_free","","","We all have multiple sides. Pick your poison! Will you choose sweet or sinister? Let yandere shenanigans begin!","progression_or_loop_benchmark_possible","","","","2026-05-31T04:45:42.868Z","medium_low","ok"
"good morning!","cnnmon","web_game","itch_tag_page","itch.io","https://cnnmon.itch.io/goodmorning","gaming","casual","casual","1","45","Simulation","","","unknown_or_free","","","a morning routine simulator ｡･:*:･ﾟ★,｡･","progression_or_loop_benchmark_possible","","","","2026-05-31T04:45:42.868Z","medium_low","ok"
"Gacha Life 2","LunimeVerified Account","web_game","itch_tag_page","itch.io","https://lunime.itch.io/gachalife2","gaming","casual","casual","1","47","Role Playing","","","unknown_or_free","","","Create your own anime characters and dress them up in stylish fashion outfits!","progression_or_loop_benchmark_possible","","","","2026-05-31T04:45:42.868Z","medium_low","ok"
"Bits & Bops","Tempo Lab Games","web_game","itch_tag_page","itch.io","https://tempolabgames.itch.io/bits-and-bops","gaming","casual","casual","1","49","Rhythm","","","unknown_or_free","","","A collection of original rhythm mini-games!","progression_or_loop_benchmark_possible","","","","2026-05-31T04:45:42.868Z","medium_low","ok"
"Easy Delivery Co. Demo","Sweaters","web_game","itch_tag_page","itch.io","https://sweaters.itch.io/easydeliveryco","gaming","casual","casual","1","51","Simulation","","","unknown_or_free","","","Drive, deliver, discover, get paid barely enough to buy fuel.","progression_or_loop_benchmark_possible","","","","2026-05-31T04:45:42.869Z","medium_low","ok"
"Hollow Victory","Ekkoberry","web_game","itch_tag_page","itch.io","https://ekkoberry.itch.io/hollow-victory","gaming","casual","casual","1","53","Visual Novel","","","unknown_or_free","","","Visiting your demon ex in jail.","progression_or_loop_benchmark_possible","","","","2026-05-31T04:45:42.869Z","medium_low","ok"
"Welcome Googoo","Doot","web_game","itch_tag_page","itch.io","https://dodoot.itch.io/welcome-googoo","gaming","casual","casual","1","55","itch.io game","","","unknown_or_free","","","Wholesome Games Jam - Write cute letters","progression_or_loop_benchmark_possible","","","","2026-05-31T04:45:42.869Z","medium_low","ok"
"GIF","Pet Pumpkin","web_game","itch_tag_page","itch.io","https://petpumpkin.itch.io/handshakes","gaming","casual","casual","1","57","Puzzle","","","unknown_or_free","","","Achieve Connection Nirvana!","progression_or_loop_benchmark_possible","","","","2026-05-31T04:45:42.869Z","medium_low","ok"
"my personal hater","sdf0aabd","web_game","itch_tag_page","itch.io","https://sdf0aabd.itch.io/my-personal-hater","gaming","casual","casual","1","59","Visual Novel","","","unknown_or_free","","","my personal hater | yandere visual novel","progression_or_loop_benchmark_possible","","","","2026-05-31T04:45:42.869Z","medium_low","ok"
"Nainai’s Recipe","Mai Hou","web_game","itch_tag_page","itch.io","https://houkanshan.itch.io/nainais-recipe","gaming","casual","casual","1","61","Simulation","","","unknown_or_free","","","A game that captures the cooking feeling in stylized visuals. A family story about how we lived together during 2020.","progression_or_loop_benchmark_possible","","","","2026-05-31T04:45:42.869Z","medium_low","ok"
"GIF","Pure Jam Games","web_game","itch_tag_page","itch.io","https://purejamgames.itch.io/kraft-slash","gaming","casual","casual","1","63","Adventure","","","unknown_or_free","","","Craft your weapon and fight!","progression_or_loop_benchmark_possible","","","","2026-05-31T04:45:42.869Z","medium_low","ok"
"Party Project","Char","web_game","itch_tag_page","itch.io","https://char64.itch.io/partyproject","gaming","casual","casual","1","65","Strategy","","","unknown_or_free","","","skill-based gameplay!","progression_or_loop_benchmark_possible","","","","2026-05-31T04:45:42.870Z","medium_low","ok"
"Hardware Tycoon","hi","web_game","itch_tag_page","itch.io","https://haxor1337.itch.io/hardware-tycoon","gaming","casual","casual","1","67","Strategy","","","unknown_or_free","","","Design and sell hardware to outdo the competition in this free tycoon!","progression_or_loop_benchmark_possible","","","","2026-05-31T04:45:42.870Z","medium_low","ok"
"GIF","elyaradine","web_game","itch_tag_page","itch.io","https://elyaradine.itch.io/dressmaker","gaming","casual","casual","1","69","Simulation","","","unknown_or_free","","","Cut fabric, sew patterns together, and make custom dresses","progression_or_loop_benchmark_possible","","","","2026-05-31T04:45:42.870Z","medium_low","ok"
"Persona 5: Visual Novel","Catherine","web_game","itch_tag_page","itch.io","https://kkkatrin.itch.io/persona5-vn","gaming","casual","casual","1","71","Visual Novel","","","unknown_or_free","","","A Persona 5 Visual Novel type fangame that focuses on dating the main characters of the series.","progression_or_loop_benchmark_possible","","","","2026-05-31T04:45:42.870Z","medium_low","ok"
"GIF","lane","web_game","itch_tag_page","itch.io","https://emiwa.itch.io/home","gaming","casual","casual","2","1","Simulation","","","unknown_or_free","","","comfy room, home or whatever designer","progression_or_loop_benchmark_possible","","","","2026-05-31T04:45:43.215Z","medium_low","ok"
"SuperTuxKart","supertuxkart","web_game","itch_tag_page","itch.io","https://supertuxkart.itch.io/supertuxkart","gaming","casual","casual","2","3","Racing","","","unknown_or_free","","","A go kart racing game featuring Tux & Friends","progression_or_loop_benchmark_possible","","","","2026-05-31T04:45:43.215Z","medium_low","ok"
"Gourdlets","aunty games","web_game","itch_tag_page","itch.io","https://aunty-games.itch.io/gourdlets","gaming","casual","casual","2","5","Simulation","","","unknown_or_free","","","A cozy city-building sandbox.","progression_or_loop_benchmark_possible","","","","2026-05-31T04:45:43.215Z","medium_low","ok"
"Slow Roads: Web Edition","Anslo","web_game","itch_tag_page","itch.io","https://topographinteractive.itch.io/slow-roads","gaming","casual","casual","2","7","Simulation","","","$3","","","Endless Driving Zen","progression_or_loop_benchmark_possible","","","Visible itch price label: $3","2026-05-31T04:45:43.215Z","medium_low","ok"
"Gacha Life PC","LunimeVerified Account","web_game","itch_tag_page","itch.io","https://lunime.itch.io/gacha-life","gaming","casual","casual","2","9","Role Playing","","","unknown_or_free","","","Dress up unique characters, play mini games, and gacha in Gacha Life!","progression_or_loop_benchmark_possible","","","","2026-05-31T04:45:43.216Z","medium_low","ok"
"The Chef's Shift","alijaya","web_game","itch_tag_page","itch.io","https://alijaya.itch.io/the-chefs-shift","gaming","casual","casual","2","11","Simulation","","","unknown_or_free","","","A short chaotic & fast-paced typing game about cooking & serving dishes in an Italian restaurant on a busy day.","progression_or_loop_benchmark_possible","","","","2026-05-31T04:45:43.216Z","medium_low","ok"
"Trust Me, I Got This!","Circus Atos","web_game","itch_tag_page","itch.io","https://circusatos.itch.io/trust-me-i-got-this","gaming","casual","casual","2","13","Adventure","","","unknown_or_free","","","You’re kindly asked to fix everything in the room. That should be easy! Based on real-life events.","progression_or_loop_benchmark_possible","","","","2026-05-31T04:45:43.216Z","medium_low","ok"
"Pegfinity - A colorful physics-based incremental","FragmentVentures","web_game","itch_tag_page","itch.io","https://fragmentventures.itch.io/pegfinity-demo","gaming","casual","casual","2","15","Simulation","","","unknown_or_free","","","Launch, bounce, and break the board in this physics-based incremental","progression_or_loop_benchmark_possible","","","","2026-05-31T04:45:43.216Z","medium_low","ok"
"Jeff the killer Dressup","Hahadit","web_game","itch_tag_page","itch.io","https://hahadit.itch.io/jeff-the-killer-dressup","gaming","casual","casual","2","17","Interactive Fiction","","","unknown_or_free","","","Jeff wants a new makeover","progression_or_loop_benchmark_possible","","","","2026-05-31T04:45:43.216Z","medium_low","ok"
"Creature Kitchen","The Rat Zone","web_game","itch_tag_page","itch.io","https://the-rat-zone.itch.io/creature-kitchen","gaming","casual","casual","2","19","Simulation","","","$7.99","","","A cozy atmospheric cooking simulator where you befriend local wildlife and feed them their favorite snacks!","progression_or_loop_benchmark_possible","","","Visible itch price label: $7.99","2026-05-31T04:45:43.217Z","medium_low","ok"
"Freakish attack","J0skiy","web_game","itch_tag_page","itch.io","https://j0skiy.itch.io/freakish-attack","gaming","casual","casual","2","21","Simulation","","","unknown_or_free","","","Attack attcak attack ...","progression_or_loop_benchmark_possible","","","","2026-05-31T04:45:43.217Z","medium_low","ok"
"plant daddy","brady soglin","web_game","itch_tag_page","itch.io","https://overfull.itch.io/plantdaddy","gaming","casual","casual","2","23","Simulation","","","unknown_or_free","","","grow plants in your sunny apartment!","progression_or_loop_benchmark_possible","","","","2026-05-31T04:45:43.217Z","medium_low","ok"
"Like It's Our Last","Com Cam & Co","web_game","itch_tag_page","itch.io","https://com-cam-co.itch.io/like-its-our-last","gaming","casual","casual","2","25","Visual Novel","","","unknown_or_free","","","It's the last day on Earth. You spend it with your closest person.","progression_or_loop_benchmark_possible","","","","2026-05-31T04:45:43.217Z","medium_low","ok"
"Cryptid Coffeehouse","nukes","web_game","itch_tag_page","itch.io","https://nyewks.itch.io/cryptid-coffeehouse","gaming","casual","casual","2","27","Visual Novel","","","unknown_or_free","","","the (moth)man, the myth, the legend: now in sexy dateable human form","progression_or_loop_benchmark_possible","","","","2026-05-31T04:45:43.217Z","medium_low","ok"
"Altalite","Ekkoberry","web_game","itch_tag_page","itch.io","https://ekkoberry.itch.io/altalite","gaming","casual","casual","2","29","Visual Novel","","","unknown_or_free","","","Convincing your kidnapping victim not to be so selfish.","progression_or_loop_benchmark_possible","","","","2026-05-31T04:45:43.217Z","medium_low","ok"
"Mai-Chan's Sweet Buns","Krystman","web_game","itch_tag_page","itch.io","https://krystman.itch.io/sweet-buns","gaming","casual","casual","2","31","Puzzle","","","unknown_or_free","","","A tile-matching puzzle with the sweetest, bounciest pastries.","progression_or_loop_benchmark_possible","","","","2026-05-31T04:45:43.217Z","medium_low","ok"
"Slice & Dice","tann","web_game","itch_tag_page","itch.io","https://tann.itch.io/slice-dice","gaming","casual","casual","2","33","Strategy","","","$18","","","Roguelike dice tactics game","progression_or_loop_benchmark_possible","","","Visible itch price label: $18","2026-05-31T04:45:43.218Z","medium_low","ok"
"Noble - Family Tree Sim","Extra Nice","web_game","itch_tag_page","itch.io","https://extra-nice.itch.io/noble-fts","gaming","casual","casual","2","35","Simulation","","","unknown_or_free","","","Manage the family tree of a Noble House!","progression_or_loop_benchmark_possible","","","","2026-05-31T04:45:43.218Z","medium_low","ok"
"Mingle","Cookiecrayon","web_game","itch_tag_page","itch.io","https://cookiecrayon.itch.io/mingle","gaming","casual","casual","2","37","Puzzle","","","unknown_or_free","","","Find yourself in the crowd","progression_or_loop_benchmark_possible","","","","2026-05-31T04:45:43.218Z","medium_low","ok"
"GIF","BerickCook","web_game","itch_tag_page","itch.io","https://berickcook.itch.io/pacman","gaming","casual","casual","2","39","Action","","","unknown_or_free","","","A dark twist on an old classic","progression_or_loop_benchmark_possible","","","","2026-05-31T04:45:43.218Z","medium_low","ok"
"Stuffed Heart","kkkqueisko","web_game","itch_tag_page","itch.io","https://kkkqueisko.itch.io/stuffed-heart","gaming","casual","casual","2","41","Visual Novel","","","unknown_or_free","","","Ahora vivire con un hombre toro??","progression_or_loop_benchmark_possible","","","","2026-05-31T04:45:43.218Z","medium_low","ok"
"Toe II Toe","plazatin","web_game","itch_tag_page","itch.io","https://plazatin.itch.io/toe-20-toe","gaming","casual","casual","2","43","Fighting","","","unknown_or_free","","","A 20 second slugfest! Punch, duck, or block your way to victory!","progression_or_loop_benchmark_possible","","","","2026-05-31T04:45:43.218Z","medium_low","ok"
"Bake Care","Raespark","web_game","itch_tag_page","itch.io","https://raespark.itch.io/bake-care","gaming","casual","casual","2","45","itch.io game","","","unknown_or_free","","","Let's bake some cookies!","progression_or_loop_benchmark_possible","","","","2026-05-31T04:45:43.219Z","medium_low","ok"
"Calico","PeachyKeenGames","web_game","itch_tag_page","itch.io","https://peachykeengames.itch.io/calico","gaming","casual","casual","2","47","Role Playing","","","$11.99","","","Magical girls and cat cafes!","progression_or_loop_benchmark_possible","","","Visible itch price label: $11.99","2026-05-31T04:45:43.219Z","medium_low","ok"
"Out of Ctrl","Miknugget","web_game","itch_tag_page","itch.io","https://miknugget.itch.io/out-of-ctrl","gaming","casual","casual","2","49","Puzzle","","","unknown_or_free","","","A Keyboard Puzzle Game","progression_or_loop_benchmark_possible","","","","2026-05-31T04:45:43.219Z","medium_low","ok"
"Universe Sandbox","Giant Army","web_game","itch_tag_page","itch.io","https://giantarmy.itch.io/universe-sandbox","gaming","casual","casual","2","51","Simulation","","","$29.99","","","Create & destroy on an unimaginable scale","progression_or_loop_benchmark_possible","","","Visible itch price label: $29.99","2026-05-31T04:45:43.219Z","medium_low","ok"
"Dynamine","HexagonNico","web_game","itch_tag_page","itch.io","https://hexagonnico.itch.io/dynamine","gaming","casual","casual","2","53","Puzzle","","","unknown_or_free","","","Minesweeper if it was actually about mining","progression_or_loop_benchmark_possible","","","","2026-05-31T04:45:43.219Z","medium_low","ok"
"Cooking with Cat","CookingWithCat","web_game","itch_tag_page","itch.io","https://cookingwithcat.itch.io/cooking-with-cat","gaming","casual","casual","2","55","Simulation","","","unknown_or_free","","","Cat in the kitchen, what will she make?","progression_or_loop_benchmark_possible","","","","2026-05-31T04:45:43.219Z","medium_low","ok"
"A Superman Style Flight Experience (UE5)","Tyson Butler-Boschma","web_game","itch_tag_page","itch.io","https://tjatomica.itch.io/superman-ue5","gaming","casual","casual","2","57","Simulation","","","unknown_or_free","","","A small flight sim experience where you play as a flying character in an open city.","progression_or_loop_benchmark_possible","","","","2026-05-31T04:45:43.220Z","medium_low","ok"
"10 Second Mixtape","ScotttS","web_game","itch_tag_page","itch.io","https://scottts.itch.io/10-second-mixtape","gaming","casual","casual","2","59","Rhythm","","","unknown_or_free","","","Make mini music with other players!","progression_or_loop_benchmark_possible","","","","2026-05-31T04:45:43.220Z","medium_low","ok"
"Dwarf Eats Mountain - Demo","GreenWizardGames","web_game","itch_tag_page","itch.io","https://greenwizardgames.itch.io/dwarf-eats-mountain","gaming","casual","casual","2","61","Strategy","","","unknown_or_free","","","Incremental game about hungry dwarves mining mountains!","progression_or_loop_benchmark_possible","","","","2026-05-31T04:45:43.220Z","medium_low","ok"
"LUNIUM","radiosity","web_game","itch_tag_page","itch.io","https://radiosity01.itch.io/lunium","gaming","casual","casual","2","63","Interactive Fiction","","","unknown_or_free","","","An escape room mystery. Can you escape your chains before the killer strikes again?","progression_or_loop_benchmark_possible","","","","2026-05-31T04:45:43.220Z","medium_low","ok"
"Gacha Club Studio","LunimeVerified Account","web_game","itch_tag_page","itch.io","https://lunime.itch.io/gacha-club","gaming","casual","casual","2","65","Role Playing","","","unknown_or_free","","","Create your own characters and scenes in Gacha Club Studio!","progression_or_loop_benchmark_possible","","","","2026-05-31T04:45:43.220Z","medium_low","ok"
"Tanuki Sunset Classic","Rewind Games","web_game","itch_tag_page","itch.io","https://rewindgames.itch.io/tanuki-sunset","gaming","casual","casual","2","67","Racing","","","unknown_or_free","","","Raccoons riding longboards on this retro themed relaxing arcade game","progression_or_loop_benchmark_possible","","","","2026-05-31T04:45:43.220Z","medium_low","ok"
"Dream Blunt Rotation","gothmogged","web_game","itch_tag_page","itch.io","https://gothmogged.itch.io/dream-blunt-rotation","gaming","casual","casual","2","69","Simulation","","","unknown_or_free","","","A hangout simulator where you build your own dream rotation of characters, and chat about anything and everything.","progression_or_loop_benchmark_possible","","","","2026-05-31T04:45:43.221Z","medium_low","ok"
"Prerolled","Orphic Dreaming","web_game","itch_tag_page","itch.io","https://orphic-dreaming.itch.io/prerolled","gaming","casual","casual","2","71","Strategy","","","unknown_or_free","","","Make crazy money selling silly dice in your cozy shop!!","progression_or_loop_benchmark_possible","","","","2026-05-31T04:45:43.221Z","medium_low","ok"
"Highway Blossoms","Studio Élan","web_game","itch_tag_page","itch.io","https://vnstudioelan.itch.io/highway-blossoms","gaming","casual","casual","3","1","Visual Novel","","","$13","","","A yuri/girls' love kinetic novel in the American Southwest","progression_or_loop_benchmark_possible","","","Visible itch price label: $13","2026-05-31T04:45:43.610Z","medium_low","ok"
"Dog Wash","Tony LindoRock","web_game","itch_tag_page","itch.io","https://tony-lindorock.itch.io/dog-wash","gaming","casual","casual","3","3","Simulation","","","unknown_or_free","","","Wash a Doggo!","progression_or_loop_benchmark_possible","","","","2026-05-31T04:45:43.610Z","medium_low","ok"
"GIF","ThereseU3U","web_game","itch_tag_page","itch.io","https://thereseu3u.itch.io/the-world-as-it-was","gaming","casual","casual","3","5","Visual Novel","","","unknown_or_free","","","A visual novel with YOU in it!","progression_or_loop_benchmark_possible","","","","2026-05-31T04:45:43.610Z","medium_low","ok"
"A Normal Lost Phone","Dear Villagers","web_game","itch_tag_page","itch.io","https://dearvillagers.itch.io/a-normal-lost-phone","gaming","casual","casual","3","7","Adventure","","","$2.99","","","A Normal Lost Phone is a game about exploring the intimacy of an unknown person whose phone was found by the player.","progression_or_loop_benchmark_possible","","","Visible itch price label: $2.99","2026-05-31T04:45:43.610Z","medium_low","ok"
"Empty.","Dustyroom","web_game","itch_tag_page","itch.io","https://dustyroom.itch.io/empty","gaming","casual","casual","3","9","Puzzle","","","unknown_or_free","","","Everything must go.","progression_or_loop_benchmark_possible","","","","2026-05-31T04:45:43.610Z","medium_low","ok"
"The Choicer Voicer","YeahMaybe","web_game","itch_tag_page","itch.io","https://yeahmaybe.itch.io/the-choicer-voicer","gaming","casual","casual","3","11","itch.io game","","","$5","","","Match your voice against your choice of audio clips in a mini-gameshow!","progression_or_loop_benchmark_possible","","","Visible itch price label: $5","2026-05-31T04:45:43.611Z","medium_low","ok"
"High Stakes","Krystman","web_game","itch_tag_page","itch.io","https://krystman.itch.io/high-stakes","gaming","casual","casual","3","13","Card Game","","","unknown_or_free","","","A digital card game with Vampires","progression_or_loop_benchmark_possible","","","","2026-05-31T04:45:43.611Z","medium_low","ok"
"Kirby ~ Soft & Wet","Strimp's Kitchen","web_game","itch_tag_page","itch.io","https://strimps-kitchen.itch.io/kirby-soft-and-wet","gaming","casual","casual","3","15","Simulation","","","unknown_or_free","","","A fishing experience","progression_or_loop_benchmark_possible","","","","2026-05-31T04:45:43.611Z","medium_low","ok"
"GIF","Mr.Ryu","web_game","itch_tag_page","itch.io","https://fymm-game.itch.io/tnls-game","gaming","casual","casual","3","17","Role Playing","","","unknown_or_free","","","The Gay love stories about Bara game NPCs.","progression_or_loop_benchmark_possible","","","","2026-05-31T04:45:43.611Z","medium_low","ok"
"GIF","indooranimal","web_game","itch_tag_page","itch.io","https://indooranimal.itch.io/posey-picks-bus-stop","gaming","casual","casual","3","19","Visual Novel","","","unknown_or_free","","","Posey's stuck at the bus stop! Help her choose what to do in this sweet & silly branching story game!","progression_or_loop_benchmark_possible","","","","2026-05-31T04:45:43.611Z","medium_low","ok"
"GIF","angela he","web_game","itch_tag_page","itch.io","https://zephyo.itch.io/theres-this-girl","gaming","casual","casual","3","21","Visual Novel","","","unknown_or_free","","","fall in love amongst stars ･ﾟ*｡💫","progression_or_loop_benchmark_possible","","","","2026-05-31T04:45:43.611Z","medium_low","ok"
"Chop Chains","Alexis","web_game","itch_tag_page","itch.io","https://alexisgelin.itch.io/chop-chains","gaming","casual","casual","3","23","Adventure","","","unknown_or_free","","","Relaxing incremental game where you chop trees!","progression_or_loop_benchmark_possible","","","","2026-05-31T04:45:43.612Z","medium_low","ok"
"Cat Companion","sea salt crackers","web_game","itch_tag_page","itch.io","https://sea-salt-crackers.itch.io/cat-companion","gaming","casual","casual","3","25","itch.io game","","","unknown_or_free","","","A virtual pet cat for your desktop!","progression_or_loop_benchmark_possible","","","","2026-05-31T04:45:43.612Z","medium_low","ok"
"A Summer's End - Hong Kong 1986","Oracle & Bone","web_game","itch_tag_page","itch.io","https://oracleandbone.itch.io/a-summers-end","gaming","casual","casual","3","27","Visual Novel","","","$14.99","","","Lush and vibrant visuals, the game features original hand-drawn artwork.","progression_or_loop_benchmark_possible","","","Visible itch price label: $14.99","2026-05-31T04:45:43.612Z","medium_low","ok"
"GIF","sourencho","web_game","itch_tag_page","itch.io","https://sourencho.itch.io/mimic","gaming","casual","casual","3","29","Puzzle","","","unknown_or_free","","","Mimic animals to take their form!","progression_or_loop_benchmark_possible","","","","2026-05-31T04:45:43.612Z","medium_low","ok"
"GIF","Incredulous Interactive","web_game","itch_tag_page","itch.io","https://incredulous.itch.io/picture-perfect","gaming","casual","casual","3","31","Puzzle","","","unknown_or_free","","","A cozy puzzle game about forced perspective","progression_or_loop_benchmark_possible","","","","2026-05-31T04:45:43.612Z","medium_low","ok"
"Black Hole Fishing","SDGGames","web_game","itch_tag_page","itch.io","https://sdggames.itch.io/black-hole-fishing","gaming","casual","casual","3","33","Simulation","","","unknown_or_free","","","Catch a fish, destroy the world!","progression_or_loop_benchmark_possible","","","","2026-05-31T04:45:43.612Z","medium_low","ok"
"Hidden Folks","Adriaan de JonghVerified Account","web_game","itch_tag_page","itch.io","https://adriaan.itch.io/hidden-folks","gaming","casual","casual","3","35","itch.io game","","","$11.99","","","A hand-drawn, interactive searching game","progression_or_loop_benchmark_possible","","","Visible itch price label: $11.99","2026-05-31T04:45:43.613Z","medium_low","ok"
"Little Big Space Clicker","lyamgtt","web_game","itch_tag_page","itch.io","https://lyamgtt.itch.io/little-big-space-clicker","gaming","casual","casual","3","37","Simulation","","","unknown_or_free","","","Console Retro Clicker / Idle Game","progression_or_loop_benchmark_possible","","","","2026-05-31T04:45:43.613Z","medium_low","ok"
"Pikuniku","Devolver DigitalVerified Account","web_game","itch_tag_page","itch.io","https://devolverdigital.itch.io/pikuniku","gaming","casual","casual","3","39","Adventure","","","$12.99","","","","progression_or_loop_benchmark_possible","","","Visible itch price label: $12.99","2026-05-31T04:45:43.613Z","medium_low","ok"
"Wonderflower","squiggythings","web_game","itch_tag_page","itch.io","https://squiggythings.itch.io/wonderflower","gaming","casual","casual","3","41","Platformer","","","unknown_or_free","","","A short game about planting a flower in a flowerless city.","progression_or_loop_benchmark_possible","","","","2026-05-31T04:45:43.613Z","medium_low","ok"
"Pirate Fox Detective: The Case of The Conspicuous Klawz Crew","CAJJI","web_game","itch_tag_page","itch.io","https://cajji.itch.io/pirate-fox-detective","gaming","casual","casual","3","43","Interactive Fiction","","","unknown_or_free","","","What happened to Kaptain Klawz' eyepatch?","progression_or_loop_benchmark_possible","","","","2026-05-31T04:45:43.613Z","medium_low","ok"
"Noble","Extra Nice","web_game","itch_tag_page","itch.io","https://extra-nice.itch.io/noble","gaming","casual","casual","3","45","Simulation","","","unknown_or_free","","","Manage the family tree of a Noble House!","progression_or_loop_benchmark_possible","","","","2026-05-31T04:45:43.613Z","medium_low","ok"
"Haunted Cities Volume 2","Kitty Horrorshow","web_game","itch_tag_page","itch.io","https://kittyhorrorshow.itch.io/haunted-cities-v2","gaming","casual","casual","3","47","Adventure","","","unknown_or_free","","","an intersection of pale, nameless roads","progression_or_loop_benchmark_possible","","","","2026-05-31T04:45:43.614Z","medium_low","ok"
"Ex Change","tenshideve","web_game","itch_tag_page","itch.io","https://tenshistudios.itch.io/ex-change","gaming","casual","casual","3","49","Role Playing","","","unknown_or_free","","","When Nabi breaks up with her NEET, stay-at-home boyfriend, a freak accident causes them to swap bodies.","progression_or_loop_benchmark_possible","","","","2026-05-31T04:45:43.614Z","medium_low","ok"
"dreamcore95idle.exe","Atovange","web_game","itch_tag_page","itch.io","https://atovange.itch.io/dreamcore95idle","gaming","casual","casual","3","51","Strategy","","","unknown_or_free","","","dreamcore inspired incremental game with vaporwave aesthetics","progression_or_loop_benchmark_possible","","","","2026-05-31T04:45:43.614Z","medium_low","ok"
"GIF","parse","web_game","itch_tag_page","itch.io","https://parsenoire.itch.io/rocketpult","gaming","casual","casual","3","53","Action","","","unknown_or_free","","","Launch a rocket from a catapult and land it with skill and style!","progression_or_loop_benchmark_possible","","","","2026-05-31T04:45:43.614Z","medium_low","ok"
"Desktop Kittens","Abbie Gonzalez","web_game","itch_tag_page","itch.io","https://antijingoist.itch.io/desktop-kittens","gaming","casual","casual","3","55","itch.io game","","","unknown_or_free","","","Little Kitties running amok on your desktop","progression_or_loop_benchmark_possible","","","","2026-05-31T04:45:43.614Z","medium_low","ok"
"GIF","angela he","web_game","itch_tag_page","itch.io","https://zephyo.itch.io/a-new-life","gaming","casual","casual","3","57","Visual Novel","","","$2.99","","","When your loved one hurts you, what do you do? A classic love story about letting go.","progression_or_loop_benchmark_possible","","","Visible itch price label: $2.99","2026-05-31T04:45:43.614Z","medium_low","ok"
"Push the square","Raul Moreno Tamayo","web_game","itch_tag_page","itch.io","https://asdehielo.itch.io/push-the-square","gaming","casual","casual","3","59","itch.io game","","","unknown_or_free","","","Short idle game","progression_or_loop_benchmark_possible","","","","2026-05-31T04:45:43.614Z","medium_low","ok"
"SuchArt: Creative Space","hypetrain","web_game","itch_tag_page","itch.io","https://hypetrain.itch.io/suchart","gaming","casual","casual","3","61","Simulation","","","unknown_or_free","","","Paint on any surfaces with numerous tools!","progression_or_loop_benchmark_possible","","","","2026-05-31T04:45:43.615Z","medium_low","ok"
"Hungry Pumpkin Clone","degradka","web_game","itch_tag_page","itch.io","https://degradka.itch.io/hungry-pumpkin","gaming","casual","casual","3","63","Educational","","","unknown_or_free","","","A clone of the infamous game","progression_or_loop_benchmark_possible","","","","2026-05-31T04:45:43.615Z","medium_low","ok"
"untitled risk of rain fighting game","AHamUWU","web_game","itch_tag_page","itch.io","https://ahamuwu.itch.io/untitled-risk-of-rain-fighting-game","gaming","casual","casual","3","65","Fighting","","","unknown_or_free","","","","progression_or_loop_benchmark_possible","","","","2026-05-31T04:45:43.615Z","medium_low","ok"
"APICO","TNgineers","web_game","itch_tag_page","itch.io","https://tngineers.itch.io/apico","gaming","casual","casual","3","67","Simulation","","","$19.99","","","APICO is a casual-sim game about breeding and collecting bees","progression_or_loop_benchmark_possible","","","Visible itch price label: $19.99","2026-05-31T04:45:43.615Z","medium_low","ok"
"Sketchy Girl Dress Up Game!","Kathinka","web_game","itch_tag_page","itch.io","https://kathinkapng.itch.io/sketchy-girl-dress-up-game","gaming","casual","casual","3","69","itch.io game","","","unknown_or_free","","","A dress up game made in RPG Maker","progression_or_loop_benchmark_possible","","","","2026-05-31T04:45:43.615Z","medium_low","ok"
"Stacks:Village!","Stacks:Engine","web_game","itch_tag_page","itch.io","https://stacksengine.itch.io/stacks-village","gaming","casual","casual","3","71","Card Game","","","unknown_or_free","","","Medieval fantasy crafting and survival card game. Heavily inspired by Stacklands.","progression_or_loop_benchmark_possible","","","","2026-05-31T04:45:43.615Z","medium_low","ok"
"Peggy's Post","digitarium","web_game","itch_tag_page","itch.io","https://digitarium.itch.io/peggys-post","gaming","wholesome","wholesome","1","1","Simulation","","","unknown_or_free","","","A peaceful package sorting game","progression_or_loop_benchmark_possible","","","","2026-05-31T04:45:44.121Z","medium_low","ok"
"GIF","ALL DAY ALL NIGHT","web_game","itch_tag_page","itch.io","https://alldayallnight.itch.io/ikeelya","gaming","wholesome","wholesome","1","3","Shooter","","","unknown_or_free","","","Where's Waldo for assassins","progression_or_loop_benchmark_possible","","","","2026-05-31T04:45:44.121Z","medium_low","ok"
"Bits & Bops","Tempo Lab Games","web_game","itch_tag_page","itch.io","https://tempolabgames.itch.io/bits-and-bops","gaming","wholesome","wholesome","1","5","Rhythm","","","unknown_or_free","","","A collection of original rhythm mini-games!","progression_or_loop_benchmark_possible","","","","2026-05-31T04:45:44.121Z","medium_low","ok"
"Welcome Googoo","Doot","web_game","itch_tag_page","itch.io","https://dodoot.itch.io/welcome-googoo","gaming","wholesome","wholesome","1","7","itch.io game","","","unknown_or_free","","","Wholesome Games Jam - Write cute letters","progression_or_loop_benchmark_possible","","","","2026-05-31T04:45:44.121Z","medium_low","ok"
"GIF","lane","web_game","itch_tag_page","itch.io","https://emiwa.itch.io/home","gaming","wholesome","wholesome","1","9","Simulation","","","unknown_or_free","","","comfy room, home or whatever designer","progression_or_loop_benchmark_possible","","","","2026-05-31T04:45:44.121Z","medium_low","ok"
"Bake Care","Raespark","web_game","itch_tag_page","itch.io","https://raespark.itch.io/bake-care","gaming","wholesome","wholesome","1","11","itch.io game","","","unknown_or_free","","","Let's bake some cookies!","progression_or_loop_benchmark_possible","","","","2026-05-31T04:45:44.122Z","medium_low","ok"
"GIF","leafthief","web_game","itch_tag_page","itch.io","https://leafthief.itch.io/cookies-bakery","gaming","wholesome","wholesome","1","13","Visual Novel","","","unknown_or_free","","","Bake cookies and celebrate the holidays!","progression_or_loop_benchmark_possible","","","","2026-05-31T04:45:44.122Z","medium_low","ok"
"An Autumn With You","leafthief","web_game","itch_tag_page","itch.io","https://leafthief.itch.io/autumn","gaming","wholesome","wholesome","1","15","Adventure","","","unknown_or_free","","","A magical being lives in this forest","progression_or_loop_benchmark_possible","","","","2026-05-31T04:45:44.122Z","medium_low","ok"
"GIF","WitPOPVerified Account","web_game","itch_tag_page","itch.io","https://witpop.itch.io/my-childhood-friend","gaming","wholesome","wholesome","1","17","Visual Novel","","","$10","","","An otome parody with a boys love twist, made for YaoiJam2019","progression_or_loop_benchmark_possible","","","Visible itch price label: $10","2026-05-31T04:45:44.122Z","medium_low","ok"
"Lavender Laboratories","Bloof","web_game","itch_tag_page","itch.io","https://bloofbloof.itch.io/lavender-labs","gaming","wholesome","wholesome","1","19","Visual Novel","","","unknown_or_free","","","Turn off your mind and vibe with Voldritch","progression_or_loop_benchmark_possible","","","","2026-05-31T04:45:44.122Z","medium_low","ok"
"Kabuto Park","Doot Tiny Games","web_game","itch_tag_page","itch.io","https://doottinygames.itch.io/kabuto-park","gaming","wholesome","wholesome","1","21","Role Playing","","","$5","","","Cute Beetle Collector 🪲🌻🐝","progression_or_loop_benchmark_possible","","","Visible itch price label: $5","2026-05-31T04:45:44.123Z","medium_low","ok"
"Hot Cocoa Magic!","Ekkoberry","web_game","itch_tag_page","itch.io","https://ekkoberry.itch.io/hot-cocoa-magic","gaming","wholesome","wholesome","1","23","Visual Novel","","","unknown_or_free","","","A Watercolor Visual Novel.","progression_or_loop_benchmark_possible","","","","2026-05-31T04:45:44.123Z","medium_low","ok"
"Plant Therapy","Short Leg Studio","web_game","itch_tag_page","itch.io","https://short-leg-studio.itch.io/plant-therapy","gaming","wholesome","wholesome","1","25","Simulation","","","unknown_or_free","","","Big Winter Update out now! Get cozy in this plant collecting and decorating game!","progression_or_loop_benchmark_possible","","","","2026-05-31T04:45:44.123Z","medium_low","ok"
"CAT & ONION","Karl Zylinski","web_game","itch_tag_page","itch.io","https://zylinski.itch.io/cat-and-onion","gaming","wholesome","wholesome","1","27","Adventure","","","$2.99","","","A warm and whimsical cat adventure","progression_or_loop_benchmark_possible","","","Visible itch price label: $2.99","2026-05-31T04:45:44.123Z","medium_low","ok"
"Nippets: A Hidden Object Game","Blink Industries","web_game","itch_tag_page","itch.io","https://blink-industries.itch.io/nippets","gaming","wholesome","wholesome","1","29","Puzzle","","","$10.39-20%","","","Cozy Hidden Object Game About People Watching","progression_or_loop_benchmark_possible","","","Visible itch price label: $10.39-20%","2026-05-31T04:45:44.123Z","medium_low","ok"
"Blanket Cat: A Cozy Winter Visual Novel","Studio Ghost Legs","web_game","itch_tag_page","itch.io","https://ghostlegs.itch.io/blanket-cat","gaming","wholesome","wholesome","1","31","Visual Novel","","","unknown_or_free","","","Let's have a great day!","progression_or_loop_benchmark_possible","","","","2026-05-31T04:45:44.123Z","medium_low","ok"
"Project Shoreline","Speldosa Interactive","web_game","itch_tag_page","itch.io","https://speldosainteractive.itch.io/project-shoreline","gaming","wholesome","wholesome","1","33","Adventure","","","unknown_or_free","","","Explore, Clean & Restore as a Cute Character in this Cozy Cleaning Mini-Adventure!","progression_or_loop_benchmark_possible","","","","2026-05-31T04:45:44.124Z","medium_low","ok"
"PancitoMerge","Fáyer🔥","web_game","itch_tag_page","itch.io","https://fayer.itch.io/pancitomerge","gaming","wholesome","wholesome","1","35","itch.io game","","","unknown_or_free","","","""Merge matching breads to create new ones in PancitoMerge, a Mexican bakery twist on drop-merge fun!","progression_or_loop_benchmark_possible","","","","2026-05-31T04:45:44.124Z","medium_low","ok"
"Makin Biscuits","K-Ramstack","web_game","itch_tag_page","itch.io","https://k-ramstack.itch.io/makin-biscuits","gaming","wholesome","wholesome","1","37","Puzzle","","","unknown_or_free","","","Help some cats! Bake some cakes!","progression_or_loop_benchmark_possible","","","","2026-05-31T04:45:44.124Z","medium_low","ok"
"In Fair Spirits","ebi-hime","web_game","itch_tag_page","itch.io","https://ebihime.itch.io/fair-spirits","gaming","wholesome","wholesome","1","39","Visual Novel","","","$8.99","","","A cute BL visual novel about a medieval knight and a memey goth boy who's spent far too much time on Tumblr.","progression_or_loop_benchmark_possible","","","Visible itch price label: $8.99","2026-05-31T04:45:44.124Z","medium_low","ok"
"Catography","KoalaInABox","web_game","itch_tag_page","itch.io","https://koalainabox.itch.io/catography","gaming","wholesome","wholesome","1","41","Platformer","","","unknown_or_free","","","Cats, jumps, yarns and meowch more","progression_or_loop_benchmark_possible","","","","2026-05-31T04:45:44.124Z","medium_low","ok"
"Communite","Jimjum Studios","web_game","itch_tag_page","itch.io","https://jimjum.itch.io/communite","gaming","wholesome","wholesome","1","43","itch.io game","","","unknown_or_free","","","A Creative Multiplayer City-Builder for communities to build their perfect world together!","progression_or_loop_benchmark_possible","","","","2026-05-31T04:45:44.124Z","medium_low","ok"
"The Fairy's Song","ebi-hime","web_game","itch_tag_page","itch.io","https://ebihime.itch.io/fairysong","gaming","wholesome","wholesome","1","45","Visual Novel","","","$9.99","","","A fantasy yuri visual novel about a goth girl and a medieval knight.","progression_or_loop_benchmark_possible","","","Visible itch price label: $9.99","2026-05-31T04:45:44.125Z","medium_low","ok"
"Back Home for Christmas","Ørjan Lopez","web_game","itch_tag_page","itch.io","https://illuminegames.itch.io/back-home-for-christmas","gaming","wholesome","wholesome","1","47","Adventure","","","unknown_or_free","","","A cozy Christmas adventure game about a young penguin who needs help finding his way back home.","progression_or_loop_benchmark_possible","","","","2026-05-31T04:45:44.125Z","medium_low","ok"
"Loftlock","thebookofnilo","web_game","itch_tag_page","itch.io","https://thebookofnilo.itch.io/loftlock","gaming","wholesome","wholesome","1","49","Interactive Fiction","","","unknown_or_free","","","A cozy, short puzzle game","progression_or_loop_benchmark_possible","","","","2026-05-31T04:45:44.125Z","medium_low","ok"
"Kabuto Park Demo","Doot","web_game","itch_tag_page","itch.io","https://dodoot.itch.io/kabuto-park","gaming","wholesome","wholesome","1","51","Role Playing","","","unknown_or_free","","","Cute Beetle Collector","progression_or_loop_benchmark_possible","","","","2026-05-31T04:45:44.125Z","medium_low","ok"
"Sticky Business","Assemble Entertainment","web_game","itch_tag_page","itch.io","https://assemble-entertainment.itch.io/sticky-business","gaming","wholesome","wholesome","1","53","Simulation","","","$9.99","","","Wholesome, cozy, sticky!","progression_or_loop_benchmark_possible","","","Visible itch price label: $9.99","2026-05-31T04:45:44.125Z","medium_low","ok"
"Ranita Fishing","Fáyer🔥","web_game","itch_tag_page","itch.io","https://fayer.itch.io/ranita","gaming","wholesome","wholesome","1","55","Adventure","","","unknown_or_free","","","A little frog on a fishing adventure 🐸🎣","progression_or_loop_benchmark_possible","","","","2026-05-31T04:45:44.125Z","medium_low","ok"
"Tadpole Tales","Andrei Zi Zhen","web_game","itch_tag_page","itch.io","https://zizhen96.itch.io/tadpole-tales","gaming","wholesome","wholesome","1","57","Action","","","unknown_or_free","","","A tiny 2D Hand-drawn ""Clean 'Em Up"" game about a tadpole cleaning rivers and fighting pollution.","progression_or_loop_benchmark_possible","","","","2026-05-31T04:45:44.125Z","medium_low","ok"
"Minami Lane","Doot Tiny Games","web_game","itch_tag_page","itch.io","https://doottinygames.itch.io/minami-lane","gaming","wholesome","wholesome","1","59","Simulation","","","$5","","","Cozy Street Management 🌸🧋✨","progression_or_loop_benchmark_possible","","","Visible itch price label: $5","2026-05-31T04:45:44.126Z","medium_low","ok"
"Tail & Trails","Mojiken Studio","web_game","itch_tag_page","itch.io","https://mojiken.itch.io/tailandtrails","gaming","wholesome","wholesome","1","61","itch.io game","","","unknown_or_free","","","Take your pet for a walk to Sunset Peak.","progression_or_loop_benchmark_possible","","","","2026-05-31T04:45:44.126Z","medium_low","ok"
"GIF","I Choose Paradise","web_game","itch_tag_page","itch.io","https://i-choose-paradise.itch.io/fishy","gaming","wholesome","wholesome","1","63","Visual Novel","","","unknown_or_free","","","here fishy fishy f̵̥͘͠i̷̱͉͋͑s̵͙̈͘h̵͖̅y̶̜͘","progression_or_loop_benchmark_possible","","","","2026-05-31T04:45:44.126Z","medium_low","ok"
"DOGWALK","Blender StudioVerified Account","web_game","itch_tag_page","itch.io","https://blenderstudio.itch.io/dogwalk","gaming","wholesome","wholesome","1","65","itch.io game","","","unknown_or_free","","","Play as a big adorable dog and explore a hand-crafted winter forest with a little kid in tow.","progression_or_loop_benchmark_possible","","","","2026-05-31T04:45:44.126Z","medium_low","ok"
"My Wish To You","Crescence StudioVerified Account","web_game","itch_tag_page","itch.io","https://crescence-studio.itch.io/my-wish-to-you","gaming","wholesome","wholesome","1","67","Visual Novel","","","unknown_or_free","","","Goddess, if you're still here... please hear my wish.","progression_or_loop_benchmark_possible","","","","2026-05-31T04:45:44.126Z","medium_low","ok"
"GIF","vividfax","web_game","itch_tag_page","itch.io","https://vividfax.itch.io/shutterbug","gaming","wholesome","wholesome","1","69","Simulation","","","unknown_or_free","","","Bug photography","progression_or_loop_benchmark_possible","","","","2026-05-31T04:45:44.126Z","medium_low","ok"
"QT","HappySnakeGames","web_game","itch_tag_page","itch.io","https://happysnakegames.itch.io/qt-museum-kouen","gaming","wholesome","wholesome","1","71","Adventure","","","£6.99","","","QT is a 3 part game about hanging out in cute places and finding your favorite friends · ◡ ·","progression_or_loop_benchmark_possible","","","Visible itch price label: £6.99","2026-05-31T04:45:44.126Z","medium_low","ok"
"Pelican Post","Drew G.","web_game","itch_tag_page","itch.io","https://drewg8.itch.io/pelican-post","gaming","wholesome","wholesome","2","1","Simulation","","","unknown_or_free","","","A cozy narrative-driven mail delivery game!","progression_or_loop_benchmark_possible","","","","2026-05-31T04:45:44.526Z","medium_low","ok"
"Poda Wants a Statue","Doot","web_game","itch_tag_page","itch.io","https://dodoot.itch.io/poda","gaming","wholesome","wholesome","2","3","Strategy","","","unknown_or_free","","","LD 51 - Cute God Game","progression_or_loop_benchmark_possible","","","","2026-05-31T04:45:44.527Z","medium_low","ok"
"Menage a Trois","Arbit","web_game","itch_tag_page","itch.io","https://arbitrrrary.itch.io/menage-a-trois","gaming","wholesome","wholesome","2","5","Visual Novel","","","unknown_or_free","","","College life with Sol and Chet (and Bill)","progression_or_loop_benchmark_possible","","","","2026-05-31T04:45:44.527Z","medium_low","ok"
"Beasts of Maravilla Island","Michelle Olson","web_game","itch_tag_page","itch.io","https://duplighosts.itch.io/beasts-of-maravilla-island","gaming","wholesome","wholesome","2","7","Adventure","","","$9.99","","","Explore a mysterious jungle island to discover extraordinary creatures and photograph their majesty!","progression_or_loop_benchmark_possible","","","Visible itch price label: $9.99","2026-05-31T04:45:44.527Z","medium_low","ok"
"Golf Sunday","Johan Peitz","web_game","itch_tag_page","itch.io","https://johanpeitz.itch.io/golf-sunday","gaming","wholesome","wholesome","2","9","Sports","","","unknown_or_free","","","A casual round of golf.","progression_or_loop_benchmark_possible","","","","2026-05-31T04:45:44.527Z","medium_low","ok"
"Summer in Mara","Chibig","web_game","itch_tag_page","itch.io","https://chibig.itch.io/summer-in-mara","gaming","wholesome","wholesome","2","11","Adventure","","","$24.99","","","Take care of your own island and explore the ocean in this farming adventure.","progression_or_loop_benchmark_possible","","","Visible itch price label: $24.99","2026-05-31T04:45:44.527Z","medium_low","ok"
"Cel by Date!","katmakesgames","web_game","itch_tag_page","itch.io","https://katmakesgames.itch.io/cel-by-date","gaming","wholesome","wholesome","2","13","Visual Novel","","","unknown_or_free","","","A yuri VN about anime and moving on.","progression_or_loop_benchmark_possible","","","","2026-05-31T04:45:44.528Z","medium_low","ok"
"Homebound","JazzPaw","web_game","itch_tag_page","itch.io","https://jazzpaw.itch.io/homebound","gaming","wholesome","wholesome","2","15","Interactive Fiction","","","unknown_or_free","","","A narrative prototype about staying inside.","progression_or_loop_benchmark_possible","","","","2026-05-31T04:45:44.528Z","medium_low","ok"
"Drifting Hearts","lemon cosmos","web_game","itch_tag_page","itch.io","https://lemoncosmos.itch.io/drifting-hearts","gaming","wholesome","wholesome","2","17","Racing","","","unknown_or_free","","","Dreaming in the Sheets, Horny on the Streets.","progression_or_loop_benchmark_possible","","","","2026-05-31T04:45:44.528Z","medium_low","ok"
"Pebble Classic","Wardius","web_game","itch_tag_page","itch.io","https://wardius.itch.io/pebble","gaming","wholesome","wholesome","2","19","Platformer","","","unknown_or_free","","","Move objects through time and jump forward as you help Pebble search for his parents","progression_or_loop_benchmark_possible","","","","2026-05-31T04:45:44.528Z","medium_low","ok"
"Froggy's Battle - Jam","Doot","web_game","itch_tag_page","itch.io","https://dodoot.itch.io/froggys-battle-jam","gaming","wholesome","wholesome","2","21","Action","","","unknown_or_free","","","Mini Jam 113 - Fight Froggy the skater magician","progression_or_loop_benchmark_possible","","","","2026-05-31T04:45:44.528Z","medium_low","ok"
"The Fairy's Secret","ebi-hime","web_game","itch_tag_page","itch.io","https://ebihime.itch.io/fairysecret","gaming","wholesome","wholesome","2","23","Visual Novel","","","$11.99","","","A fantasy yuri visual novel about the further adventures of a goth girl and a medieval knight.","progression_or_loop_benchmark_possible","","","Visible itch price label: $11.99","2026-05-31T04:45:44.529Z","medium_low","ok"
"Kity Builder (Prototype)","Sambero","web_game","itch_tag_page","itch.io","https://vila6.itch.io/kitty-builder","gaming","wholesome","wholesome","2","25","Simulation","","","unknown_or_free","","","Help Kity building your dream city!","progression_or_loop_benchmark_possible","","","","2026-05-31T04:45:44.529Z","medium_low","ok"
"Ida's Herbarium","Doot","web_game","itch_tag_page","itch.io","https://dodoot.itch.io/idas-herbarium","gaming","wholesome","wholesome","2","27","Adventure","","","unknown_or_free","","","Student Project - Explore the forest and draw plants to become a witch 🌱","progression_or_loop_benchmark_possible","","","","2026-05-31T04:45:44.529Z","medium_low","ok"
"Taco Attack!","100 Credit Clear","web_game","itch_tag_page","itch.io","https://100creditclear.itch.io/taco-attack","gaming","wholesome","wholesome","2","29","Action","","","unknown_or_free","","","The Ultimate Taco-Making Adventure","progression_or_loop_benchmark_possible","","","","2026-05-31T04:45:44.529Z","medium_low","ok"
"Clouzy!","TinyMoon","web_game","itch_tag_page","itch.io","https://tinymoonteam.itch.io/clouzy","gaming","wholesome","wholesome","2","31","Adventure","","","$0.89-94%","","","a game to fill the world with cute clouds","progression_or_loop_benchmark_possible","","","Visible itch price label: $0.89-94%","2026-05-31T04:45:44.529Z","medium_low","ok"
"Homebound","Ben Seavello","web_game","itch_tag_page","itch.io","https://ben-seavello.itch.io/homebound","gaming","wholesome","wholesome","2","33","itch.io game","","","unknown_or_free","","","A short game about boredom and imagination while stuck at home during COVID-19 lockdown.","progression_or_loop_benchmark_possible","","","","2026-05-31T04:45:44.529Z","medium_low","ok"
"Soft Drizzle: B-Track","Lartu","web_game","itch_tag_page","itch.io","https://lartu.itch.io/soft-drizzle-b-track","gaming","wholesome","wholesome","2","35","Visual Novel","","","unknown_or_free","","","A tiny visual novel about friendship and Halloween festivals. With an escape room!","progression_or_loop_benchmark_possible","","","","2026-05-31T04:45:44.529Z","medium_low","ok"
"Soft Drizzle","Lartu","web_game","itch_tag_page","itch.io","https://lartu.itch.io/soft-drizzle","gaming","wholesome","wholesome","2","37","Visual Novel","","","unknown_or_free","","","A tiny, 64x64 visual novel about friendship and rainy days.","progression_or_loop_benchmark_possible","","","","2026-05-31T04:45:44.530Z","medium_low","ok"
"Idyll","Demi","web_game","itch_tag_page","itch.io","https://idlemurmurs.itch.io/idyll","gaming","wholesome","wholesome","2","39","itch.io game","","","unknown_or_free","","","a cosy internet island","progression_or_loop_benchmark_possible","","","","2026-05-31T04:45:44.530Z","medium_low","ok"
"GIF","fruit friend","web_game","itch_tag_page","itch.io","https://fruit-friend.itch.io/summer-fruit","gaming","wholesome","wholesome","2","41","Action","","","£1","","","catch bugs in the summer sun ☀️🐞","progression_or_loop_benchmark_possible","","","Visible itch price label: £1","2026-05-31T04:45:44.530Z","medium_low","ok"
"Wilmot Works It Out","FinjiVerified Account","web_game","itch_tag_page","itch.io","https://finji.itch.io/wilmot-works-it-out","gaming","wholesome","wholesome","2","43","Puzzle","","","$14.99","","","A puzzle building game about completing beautiful images and hanging them in your house.","progression_or_loop_benchmark_possible","","","Visible itch price label: $14.99","2026-05-31T04:45:44.530Z","medium_low","ok"
"Balloon Tank","Temporarily Unnamed Collective","web_game","itch_tag_page","itch.io","https://unnamedcollective.itch.io/balloon-tank","gaming","wholesome","wholesome","2","45","Action","","","unknown_or_free","","","","progression_or_loop_benchmark_possible","","","","2026-05-31T04:45:44.530Z","medium_low","ok"
"Prototype: How To Be Happy - A Dog-Befriending Musical","Hien PhamVerified Account","web_game","itch_tag_page","itch.io","https://hiencomics.itch.io/how-to-be-happy","gaming","wholesome","wholesome","2","47","Interactive Fiction","","","unknown_or_free","","","A handcrafted dog-befriending musical made in Twine!","progression_or_loop_benchmark_possible","","","","2026-05-31T04:45:44.530Z","medium_low","ok"
"Go! Go! PogoGirl","and0","web_game","itch_tag_page","itch.io","https://ohsat-andrej.itch.io/go-go-pogogirl","gaming","wholesome","wholesome","2","49","Platformer","","","$5.99","","","Bounce, bounce, and bounce some more!","progression_or_loop_benchmark_possible","","","Visible itch price label: $5.99","2026-05-31T04:45:44.531Z","medium_low","ok"
"The Haunted Song","patrickgh3","web_game","itch_tag_page","itch.io","https://patrickgh3.itch.io/the-haunted-song","gaming","wholesome","wholesome","2","51","Adventure","","","unknown_or_free","","","Wholesome horror point and click adventure","progression_or_loop_benchmark_possible","","","","2026-05-31T04:45:44.531Z","medium_low","ok"
"Pixl Patches","SpellgardenGames","web_game","itch_tag_page","itch.io","https://spellgardengames.itch.io/pixl-patches","gaming","wholesome","wholesome","2","53","Interactive Fiction","","","unknown_or_free","","","​Pixl Patches is a little wholesome game that leads you through a short journey about loss and friendship.","progression_or_loop_benchmark_possible","","","","2026-05-31T04:45:44.531Z","medium_low","ok"
"GIF","marafrass","web_game","itch_tag_page","itch.io","https://marafrass.itch.io/good-dog","gaming","wholesome","wholesome","2","55","Simulation","","","unknown_or_free","","","A therapy dog game for charity!","progression_or_loop_benchmark_possible","","","","2026-05-31T04:45:44.531Z","medium_low","ok"
"Children of the Flower","wombok","web_game","itch_tag_page","itch.io","https://wombok.itch.io/children-of-the-flower","gaming","wholesome","wholesome","2","57","Role Playing","","","unknown_or_free","","","Defy your father and take on a God(flower)","progression_or_loop_benchmark_possible","","","","2026-05-31T04:45:44.531Z","medium_low","ok"
"Basil Returns!","Twinbeard","web_game","itch_tag_page","itch.io","https://twinbeard.itch.io/basil-returns","gaming","wholesome","wholesome","2","59","Platformer","","","unknown_or_free","","","Basil's off on her adventures again, scattering dandelions and finding butterfly friends","progression_or_loop_benchmark_possible","","","","2026-05-31T04:45:44.531Z","medium_low","ok"
"BAKED:MAGIC","WitPOPVerified Account","web_game","itch_tag_page","itch.io","https://witpop.itch.io/bakedmagic","gaming","wholesome","wholesome","2","61","Visual Novel","","","unknown_or_free","","","Baking with lesbian witches","progression_or_loop_benchmark_possible","","","","2026-05-31T04:45:44.532Z","medium_low","ok"
"Winging It","brick101","web_game","itch_tag_page","itch.io","https://brick101.itch.io/winging-it","gaming","wholesome","wholesome","2","63","Interactive Fiction","","","unknown_or_free","","","Be a bird, hatch your eggs","progression_or_loop_benchmark_possible","","","","2026-05-31T04:45:44.532Z","medium_low","ok"
"The granny detective society - Biscuits and Secret Demo","Vidu","web_game","itch_tag_page","itch.io","https://vidu.itch.io/the-granny-detective-society","gaming","wholesome","wholesome","2","65","Puzzle","","","unknown_or_free","","","A cozy detective game about observation, deduction, and understanding.","progression_or_loop_benchmark_possible","","","","2026-05-31T04:45:44.532Z","medium_low","ok"
"GIF","PUNKCAKE Délicieux 🥞","web_game","itch_tag_page","itch.io","https://punkcake.itch.io/mini-pharma","gaming","wholesome","wholesome","2","67","Puzzle","","","unknown_or_free","","","Organize medical ingredients and heal some friends! 🍀","progression_or_loop_benchmark_possible","","","","2026-05-31T04:45:44.532Z","medium_low","ok"
"Tux and Fanny","Means InteractiveVerified Account","web_game","itch_tag_page","itch.io","https://meansinteractive.itch.io/tux-and-fanny","gaming","wholesome","wholesome","2","69","Adventure","","","$9.99","","","When you take a closer look, everything is an adventure.","progression_or_loop_benchmark_possible","","","Visible itch price label: $9.99","2026-05-31T04:45:44.532Z","medium_low","ok"
"nothing & nowhere","ebi-hime","web_game","itch_tag_page","itch.io","https://ebihime.itch.io/nothing-and-nowhere","gaming","wholesome","wholesome","2","71","Visual Novel","","","$4.99","","","A short VN about acceptance and overcoming depression.","progression_or_loop_benchmark_possible","","","Visible itch price label: $4.99","2026-05-31T04:45:44.532Z","medium_low","ok"
"A Webbing Journey - Demo","Fire Totem Games","web_game","itch_tag_page","itch.io","https://firetotemgames.itch.io/a-webbing-journey","gaming","wholesome","wholesome","3","1","Platformer","","","unknown_or_free","","","A wholesome 3D puzzle platformer featuring a cute little spider","progression_or_loop_benchmark_possible","","","","2026-05-31T04:45:44.846Z","medium_low","ok"
"TetRogue","Timbo Johnson","web_game","itch_tag_page","itch.io","https://timbojay.itch.io/tetrogue","gaming","wholesome","wholesome","3","3","Puzzle","","","unknown_or_free","","","""Block Stacking Puzzle Game"" with a Twist","progression_or_loop_benchmark_possible","","","","2026-05-31T04:45:44.847Z","medium_low","ok"
"GIF","Obvious_San","web_game","itch_tag_page","itch.io","https://obvious-san.itch.io/doggo-dating","gaming","wholesome","wholesome","3","5","Visual Novel","","","unknown_or_free","","","","progression_or_loop_benchmark_possible","","","","2026-05-31T04:45:44.847Z","medium_low","ok"
"Mothdude","FeatherBoy","web_game","itch_tag_page","itch.io","https://featherboy.itch.io/mothdude","gaming","wholesome","wholesome","3","7","Visual Novel","","","unknown_or_free","","","Who is this dark and enigmatic creature, doing sick ollies in the night?","progression_or_loop_benchmark_possible","","","","2026-05-31T04:45:44.847Z","medium_low","ok"
"Raccoon Girl Becca","Demonward","web_game","itch_tag_page","itch.io","https://demonward.itch.io/raccoon-girl-becca","gaming","wholesome","wholesome","3","9","Visual Novel","","","unknown_or_free","","","There's a Raccoon Girl in your backyard!","progression_or_loop_benchmark_possible","","","","2026-05-31T04:45:44.847Z","medium_low","ok"
"i love you two, too","Norbez Jones (call me Bez)","web_game","itch_tag_page","itch.io","https://norbez.itch.io/i-love-you-two-too","gaming","wholesome","wholesome","3","11","Visual Novel","","","unknown_or_free","","","Ivy moves in with her girlfriends.","progression_or_loop_benchmark_possible","","","","2026-05-31T04:45:44.847Z","medium_low","ok"
"Hockey Legends","Anvil Tree Games","web_game","itch_tag_page","itch.io","https://frost914.itch.io/hockey84","gaming","wholesome","wholesome","3","13","Sports","","","unknown_or_free","","","Old time 5-vs-5 hockey with full season simulation and versus play","progression_or_loop_benchmark_possible","","","","2026-05-31T04:45:44.847Z","medium_low","ok"
"Pivot of Hearts","Dragonroll Studio","web_game","itch_tag_page","itch.io","https://dragonrollstudio.itch.io/pivot-of-hearts","gaming","wholesome","wholesome","3","15","Visual Novel","","","$13.99","","","A story about shared love ♡","progression_or_loop_benchmark_possible","","","Visible itch price label: $13.99","2026-05-31T04:45:44.847Z","medium_low","ok"
"Monster Love","Mai","web_game","itch_tag_page","itch.io","https://maichu.itch.io/monster-love","gaming","wholesome","wholesome","3","17","Visual Novel","","","unknown_or_free","","","It's the day of the festival and you want to confess your love...","progression_or_loop_benchmark_possible","","","","2026-05-31T04:45:44.848Z","medium_low","ok"
"My Best Friends Are Giant Mushrooms (VR Only!)","andyman404","web_game","itch_tag_page","itch.io","https://andyman404.itch.io/mushrooms-vr","gaming","wholesome","wholesome","3","19","Rhythm","","","unknown_or_free","","","Grow giant mushrooms in this feel-good physics-based rhythm tower-defense platformer for VR!","progression_or_loop_benchmark_possible","","","","2026-05-31T04:45:44.848Z","medium_low","ok"
"An Airport Game","Konig Games","web_game","itch_tag_page","itch.io","https://akonig513.itch.io/an-airport-game","gaming","wholesome","wholesome","3","21","Role Playing","","","$2","","","You've got one hour to make your flight and you're about to hit every conceivable airport related obstacle imaginable!","progression_or_loop_benchmark_possible","","","Visible itch price label: $2","2026-05-31T04:45:44.848Z","medium_low","ok"
"#hasicontent","LuBu","web_game","itch_tag_page","itch.io","https://lu-bu.itch.io/hasicontent","gaming","wholesome","wholesome","3","23","itch.io game","","","unknown_or_free","","","Take fotos of the bunnys in your garden","progression_or_loop_benchmark_possible","","","","2026-05-31T04:45:44.848Z","medium_low","ok"
"Healing","Mai","web_game","itch_tag_page","itch.io","https://maichu.itch.io/healing","gaming","wholesome","wholesome","3","25","Visual Novel","","","unknown_or_free","","","spend the day with a cute witch","progression_or_loop_benchmark_possible","","","","2026-05-31T04:45:44.848Z","medium_low","ok"
"PACK-CAT","SKY HOUR WORKS","web_game","itch_tag_page","itch.io","https://skyhour.itch.io/pack-cat","gaming","wholesome","wholesome","3","27","Platformer","","","unknown_or_free","","","It's the holidays...and a sly cat is thinking about giving their owner some presents...","progression_or_loop_benchmark_possible","","","","2026-05-31T04:45:44.848Z","medium_low","ok"
"Jarnathan's Cleaning Service","andyman404","web_game","itch_tag_page","itch.io","https://andyman404.itch.io/jarnathan","gaming","wholesome","wholesome","3","29","Action","","","unknown_or_free","","","Jarnathan teaches you about cleaning and dealing with life's messes in this feel-good physics-based game","progression_or_loop_benchmark_possible","","","","2026-05-31T04:45:44.848Z","medium_low","ok"
"Where the Heart Rests","ebi-hime","web_game","itch_tag_page","itch.io","https://ebihime.itch.io/where-the-heart-rests","gaming","wholesome","wholesome","3","31","Visual Novel","","","$11.99","","","A sweet and domestic boys love' visual novel about a couple of young men who adopt a small child.","progression_or_loop_benchmark_possible","","","Visible itch price label: $11.99","2026-05-31T04:45:44.849Z","medium_low","ok"
"Easter greetings","Anna Glin","web_game","itch_tag_page","itch.io","https://annaglin.itch.io/easter-greetings","gaming","wholesome","wholesome","3","33","Puzzle","","","unknown_or_free","","","egg hunt!","progression_or_loop_benchmark_possible","","","","2026-05-31T04:45:44.849Z","medium_low","ok"
"To Take Root Among The Stars","Somin","web_game","itch_tag_page","itch.io","https://somin.itch.io/to-take-root-among-the-stars","gaming","wholesome","wholesome","3","35","Platformer","","","unknown_or_free","","","A short and chill narrative platformer in a small exoplanet colony","progression_or_loop_benchmark_possible","","","","2026-05-31T04:45:44.849Z","medium_low","ok"
"Kooeh: A Timeless Delight","Twilight Foundry Games","web_game","itch_tag_page","itch.io","https://twilightfoundrygames.itch.io/kooeh-a-timeless-delight","gaming","wholesome","wholesome","3","37","Simulation","","","unknown_or_free","","","Yummy yummy in your tummy","progression_or_loop_benchmark_possible","","","","2026-05-31T04:45:44.849Z","medium_low","ok"
"Guppy Mermaid Daycare","Ruby J. W.","web_game","itch_tag_page","itch.io","https://bluelumin.itch.io/guppy-mermaid-daycare","gaming","wholesome","wholesome","3","39","Simulation","","","unknown_or_free","","","Take care of little mermaid guppies in your daycare.","progression_or_loop_benchmark_possible","","","","2026-05-31T04:45:44.849Z","medium_low","ok"
"Unnatural Urges","ebi-hime","web_game","itch_tag_page","itch.io","https://ebihime.itch.io/unnatural-urges","gaming","wholesome","wholesome","3","41","Visual Novel","","","unknown_or_free","","","A short visual novel about an old man who takes care of a demon girl.","progression_or_loop_benchmark_possible","","","","2026-05-31T04:45:44.849Z","medium_low","ok"
"pompom","pataya","web_game","itch_tag_page","itch.io","https://pataya.itch.io/pompom","gaming","wholesome","wholesome","3","43","Simulation","","","unknown_or_free","","","Grab the pompom to get another free carousel ride!","progression_or_loop_benchmark_possible","","","","2026-05-31T04:45:44.850Z","medium_low","ok"
"A Tome in the Attic","zacbytesgames","web_game","itch_tag_page","itch.io","https://zacbytesgames.itch.io/a-tome-in-the-attic","gaming","wholesome","wholesome","3","45","Visual Novel","","","unknown_or_free","","","A demon appears in front of you. How do they know your grandma??","progression_or_loop_benchmark_possible","","","","2026-05-31T04:45:44.850Z","medium_low","ok"
"dinosaurily","jellolin","web_game","itch_tag_page","itch.io","https://jellolin.itch.io/dinosaurily","gaming","wholesome","wholesome","3","47","itch.io game","","","$2.49","","","a queer dinosaur game about found family and affection !! with hugging and planting flowers and stickers","progression_or_loop_benchmark_possible","","","Visible itch price label: $2.49","2026-05-31T04:45:44.850Z","medium_low","ok"
"PIZZA PANDA","kittenm🐈ster","web_game","itch_tag_page","itch.io","https://kittenm4ster.itch.io/pizza-panda","gaming","wholesome","wholesome","3","49","Platformer","","","$2","","","slam-dunk whole-ass pizzas straight into the mouths of cute aminals as quickly as possible","progression_or_loop_benchmark_possible","","","Visible itch price label: $2","2026-05-31T04:45:44.850Z","medium_low","ok"
"HBTR Demo - | Build | Farm | Harvest | Clean Pollution |","Gamer To Game Developer","web_game","itch_tag_page","itch.io","https://gamertogamedeveloper.itch.io/home-by-the-river-demo","gaming","wholesome","wholesome","3","51","Role Playing","","","unknown_or_free","","","Create your home and clean up a polluted world.","progression_or_loop_benchmark_possible","","","","2026-05-31T04:45:44.850Z","medium_low","ok"
"Project Noazarc","Spilt Milk Studios","web_game","itch_tag_page","itch.io","https://spiltmilkstudios.itch.io/noazarc","gaming","wholesome","wholesome","3","53","Puzzle","","","unknown_or_free","","","Clean up the Earth and save animals along the way, all as an animal yourself!","progression_or_loop_benchmark_possible","","","","2026-05-31T04:45:44.851Z","medium_low","ok"
"Connection","michs","web_game","itch_tag_page","itch.io","https://michs.itch.io/connection","gaming","wholesome","wholesome","3","55","Interactive Fiction","","","unknown_or_free","","","An ordinary game about meeting new people and forming meaningful relationships.","progression_or_loop_benchmark_possible","","","","2026-05-31T04:45:44.851Z","medium_low","ok"
"GIF","chambers","web_game","itch_tag_page","itch.io","https://chambers.itch.io/nourish","gaming","wholesome","wholesome","3","57","Puzzle","","","unknown_or_free","","","Hello... Can anybody hear this? I wish someone would come to nourish my gardens.","progression_or_loop_benchmark_possible","","","","2026-05-31T04:45:44.851Z","medium_low","ok"
"Kaleidoscope","bimxbim","web_game","itch_tag_page","itch.io","https://bimxbim.itch.io/kaleidoscope","gaming","wholesome","wholesome","3","59","Interactive Fiction","","","unknown_or_free","","","An interactive story about losing the fear to ask for help","progression_or_loop_benchmark_possible","","","","2026-05-31T04:45:44.851Z","medium_low","ok"
"Hands in Soil","Lyrdinn","web_game","itch_tag_page","itch.io","https://lyrdinn.itch.io/hands-in-soil","gaming","wholesome","wholesome","3","61","Visual Novel","","","unknown_or_free","","","Three teenagers make a vlog to show their nature restoration project","progression_or_loop_benchmark_possible","","","","2026-05-31T04:45:44.851Z","medium_low","ok"
"Elf-Mail","Dentrala","web_game","itch_tag_page","itch.io","https://dentrala.itch.io/elf-mail","gaming","wholesome","wholesome","3","63","Platformer","","","unknown_or_free","","","A relaxing and whimsical mail-delivery platformer about keeping people connected.","progression_or_loop_benchmark_possible","","","","2026-05-31T04:45:44.851Z","medium_low","ok"
"GIF","thatsmaik","web_game","itch_tag_page","itch.io","https://thatsmaik.itch.io/caste-of-the-water-monks","gaming","wholesome","wholesome","3","65","Interactive Fiction","","","unknown_or_free","","","An interactive poem about water in a calm and wholesome environment","progression_or_loop_benchmark_possible","","","","2026-05-31T04:45:44.851Z","medium_low","ok"
"Stories of Blossom","Soft Leaf Studios","web_game","itch_tag_page","itch.io","https://softleafstudios.itch.io/stories-of-blossom","gaming","wholesome","wholesome","3","67","Adventure","","","unknown_or_free","","","Discover the magic of Stories of Blossom, an accessible point-and-click adventure.","progression_or_loop_benchmark_possible","","","","2026-05-31T04:45:44.851Z","medium_low","ok"
"GIF","Delve & Murder Nevermore","web_game","itch_tag_page","itch.io","https://delve-murder-nevermore.itch.io/project-miro","gaming","wholesome","wholesome","3","69","Visual Novel","","","unknown_or_free","","","Love is in the air- WRONG. GAS LEAK.","progression_or_loop_benchmark_possible","","","","2026-05-31T04:45:44.852Z","medium_low","ok"
"nyumbani","Riker","web_game","itch_tag_page","itch.io","https://riker.itch.io/nyumbani","gaming","wholesome","wholesome","3","71","Simulation","","","unknown_or_free","","","A wholesome dollhouse simulation","progression_or_loop_benchmark_possible","","","","2026-05-31T04:45:44.852Z","medium_low","ok"
"Our Life: Now & Forever","GBPatchVerified Account","web_game","itch_tag_page","itch.io","https://gbpatch.itch.io/our-life-nf","gaming","slice-of-life","slice-of-life","1","1","Visual Novel","","","unknown_or_free","","","A paper airplane, two new neighbors, four autumns, and a one of a kind life.","progression_or_loop_benchmark_possible","","","","2026-05-31T04:45:45.236Z","medium_low","ok"
"Pine Point: Insomniac","Zeddyzi","web_game","itch_tag_page","itch.io","https://zeddyzi.itch.io/pine-point-insomniac","gaming","slice-of-life","slice-of-life","1","3","Visual Novel","","","unknown_or_free","","","Surreal, small-town shenanigans.","progression_or_loop_benchmark_possible","","","","2026-05-31T04:45:45.236Z","medium_low","ok"
"Keyframes","(BLANK) HOUSE","web_game","itch_tag_page","itch.io","https://blank-house.itch.io/keyframes","gaming","slice-of-life","slice-of-life","1","5","Visual Novel","","","unknown_or_free","","","Holy shit, this is basically just college, huh?","progression_or_loop_benchmark_possible","","","","2026-05-31T04:45:45.236Z","medium_low","ok"
"Butterfly Soup","Brianna LeiVerified Account","web_game","itch_tag_page","itch.io","https://brianna-lei.itch.io/butterfly-soup","gaming","slice-of-life","slice-of-life","1","7","Visual Novel","","","unknown_or_free","","","Gay girls playing baseball and falling in love","progression_or_loop_benchmark_possible","","","","2026-05-31T04:45:45.236Z","medium_low","ok"
"intertwine","Crescence StudioVerified Account","web_game","itch_tag_page","itch.io","https://crescence-studio.itch.io/intertwine","gaming","slice-of-life","slice-of-life","1","9","Visual Novel","","","unknown_or_free","","","a fated love: will you follow the string until it turns red?","progression_or_loop_benchmark_possible","","","","2026-05-31T04:45:45.236Z","medium_low","ok"
"GIF","pomepomelo","web_game","itch_tag_page","itch.io","https://pomepomelo.itch.io/irori","gaming","slice-of-life","slice-of-life","1","11","Interactive Fiction","","","unknown_or_free","","","A travelling kitchen, a humble respite for travellers.","progression_or_loop_benchmark_possible","","","","2026-05-31T04:45:45.236Z","medium_low","ok"
"GIF","Niv","web_game","itch_tag_page","itch.io","https://nivrad00.itch.io/purrgatory","gaming","slice-of-life","slice-of-life","1","13","Visual Novel","","","unknown_or_free","","","a slice-of-death adventure","progression_or_loop_benchmark_possible","","","","2026-05-31T04:45:45.237Z","medium_low","ok"
"GIF","angela he","web_game","itch_tag_page","itch.io","https://zephyo.itch.io/an-average-day-at-the-cat-cafe","gaming","slice-of-life","slice-of-life","1","15","Simulation","","","unknown_or_free","","","Serve quirky customers as the days pass by~ How long can you keep the cafe open?","progression_or_loop_benchmark_possible","","","","2026-05-31T04:45:45.237Z","medium_low","ok"
"Antonym Obscure","ebi-hime","web_game","itch_tag_page","itch.io","https://ebihime.itch.io/antonym-obscure","gaming","slice-of-life","slice-of-life","1","17","Visual Novel","","","unknown_or_free","","","A cute boys' love visual novel about smooching your estranged friend, who happens to be a famous singer.","progression_or_loop_benchmark_possible","","","","2026-05-31T04:45:45.237Z","medium_low","ok"
"Witch You Want","Studio Élan","web_game","itch_tag_page","itch.io","https://vnstudioelan.itch.io/witch-you-want","gaming","slice-of-life","slice-of-life","1","19","Visual Novel","","","unknown_or_free","","","help this gay girlfailure witch brew potions!","progression_or_loop_benchmark_possible","","","","2026-05-31T04:45:45.237Z","medium_low","ok"
"Hello Charlotte: Heaven's Gate","etherane","web_game","itch_tag_page","itch.io","https://etherane.itch.io/hg","gaming","slice-of-life","slice-of-life","1","21","Visual Novel","","","unknown_or_free","","","You're hidden behind the lines.","progression_or_loop_benchmark_possible","","","","2026-05-31T04:45:45.237Z","medium_low","ok"
"A Blastastic Love Story: KiriBaku","Choco","web_game","itch_tag_page","itch.io","https://chocomarimo.itch.io/kiribaku","gaming","slice-of-life","slice-of-life","1","23","Visual Novel","","","unknown_or_free","","","Created by fans for fans.","progression_or_loop_benchmark_possible","","","","2026-05-31T04:45:45.237Z","medium_low","ok"
"Sweet Valentine Chocolatier (COMPLETE)","bigmamafatcat","web_game","itch_tag_page","itch.io","https://bigmamafatcat.itch.io/sweet-valentine-chocolatier","gaming","slice-of-life","slice-of-life","1","25","Visual Novel","","","unknown_or_free","","","Spring is knocking at your door. So are your love interests!","progression_or_loop_benchmark_possible","","","","2026-05-31T04:45:45.238Z","medium_low","ok"
"Hau'oli","Night Fox Works","web_game","itch_tag_page","itch.io","https://night-fox-works.itch.io/hauoli","gaming","slice-of-life","slice-of-life","1","27","Visual Novel","","","unknown_or_free","","","A short story about finding Happiness","progression_or_loop_benchmark_possible","","","","2026-05-31T04:45:45.238Z","medium_low","ok"
"Tomorrow Will Be Dying","Team Robo","web_game","itch_tag_page","itch.io","https://team-robo.itch.io/tomorrow-will-be-dying","gaming","slice-of-life","slice-of-life","1","29","Visual Novel","","","unknown_or_free","","","","progression_or_loop_benchmark_possible","","","","2026-05-31T04:45:45.238Z","medium_low","ok"
"Shared House/与那家伙合租房/あいつとシェアハウス","黑泽诚","web_game","itch_tag_page","itch.io","https://kurosawa4780.itch.io/shared-house","gaming","slice-of-life","slice-of-life","1","31","Visual Novel","","","unknown_or_free","","","A Youth Romance of Orange and Black","progression_or_loop_benchmark_possible","","","","2026-05-31T04:45:45.238Z","medium_low","ok"
"21 questions","Dreamty Games","web_game","itch_tag_page","itch.io","https://dreamty-dream.itch.io/21-questions","gaming","slice-of-life","slice-of-life","1","33","Visual Novel","","","unknown_or_free","","","University work can be a pain, but spending time with your crush makes it all worthwhile.","progression_or_loop_benchmark_possible","","","","2026-05-31T04:45:45.238Z","medium_low","ok"
"Peachleaf Valley: Seeds of Love - A farming inspired otome","Great Gretuski Studios","web_game","itch_tag_page","itch.io","https://gretuskigames.itch.io/peachleaf-valley-seeds-of-love","gaming","slice-of-life","slice-of-life","1","35","Visual Novel","","","unknown_or_free","","","An otome game inspired by farming-sim genre classics such as Harvest Moon, Stardew Valley and more.","progression_or_loop_benchmark_possible","","","","2026-05-31T04:45:45.238Z","medium_low","ok"
"Strange Tales from Longchun: Sacrifice《陇春志异：宰牲篇》","SweetSome Studio","web_game","itch_tag_page","itch.io","https://sweetsomestudio.itch.io/strange-tales-from-longchun-sacrifice","gaming","slice-of-life","slice-of-life","1","37","Visual Novel","","","unknown_or_free","","","Truth is in the eye of the beholder—shape a serial murder mystery, and enjoy some uncanny yuri in early 2000s China.","progression_or_loop_benchmark_possible","","","","2026-05-31T04:45:45.238Z","medium_low","ok"
"Low Effort Romance : Complete Edition [Alpha Demo]","azureXtwilight","web_game","itch_tag_page","itch.io","https://azurextwilight.itch.io/low-effort-romance-complete-alpha","gaming","slice-of-life","slice-of-life","1","39","Visual Novel","","","unknown_or_free","","","Just a Girlfailure Trying to Survive","progression_or_loop_benchmark_possible","","","","2026-05-31T04:45:45.239Z","medium_low","ok"
"EDDA Cafe","Mushroomallow","web_game","itch_tag_page","itch.io","https://mushroomallow.itch.io/edda-cafe","gaming","slice-of-life","slice-of-life","1","41","Visual Novel","","","unknown_or_free","","","And when the coffee starts to drip, the magic begins...","progression_or_loop_benchmark_possible","","","","2026-05-31T04:45:45.239Z","medium_low","ok"
"GIF","Vanade [ Hamilton Hour ]","web_game","itch_tag_page","itch.io","https://hamiltonhour.itch.io/the-cookie-project","gaming","slice-of-life","slice-of-life","1","43","Visual Novel","","","unknown_or_free","","","The real cookies were the friends (or...love interests?) we made along the way...","progression_or_loop_benchmark_possible","","","","2026-05-31T04:45:45.239Z","medium_low","ok"
"Under Maintenance","Hearty Soup Studio","web_game","itch_tag_page","itch.io","https://hearty-soup-studio.itch.io/under-maintenance","gaming","slice-of-life","slice-of-life","1","45","Visual Novel","","","unknown_or_free","","","An everyday dramedy otome game that begs the question: When one game goes down for maintenance, can another game begin?","progression_or_loop_benchmark_possible","","","","2026-05-31T04:45:45.239Z","medium_low","ok"
"summer haze/glory days","yam harvest games","web_game","itch_tag_page","itch.io","https://yam-harvest.itch.io/summer-haze-glory-days","gaming","slice-of-life","slice-of-life","1","47","Visual Novel","","","unknown_or_free","","","return to the summer of 2007","progression_or_loop_benchmark_possible","","","","2026-05-31T04:45:45.239Z","medium_low","ok"
"The Key to Us","Honey Bunny","web_game","itch_tag_page","itch.io","https://honeybunny-of.itch.io/the-keyus","gaming","slice-of-life","slice-of-life","1","49","Visual Novel","","","unknown_or_free","","","What begins as an unexpected encounter soon becomes something deeper… and far more suffocating.","progression_or_loop_benchmark_possible","","","","2026-05-31T04:45:45.239Z","medium_low","ok"
"Butterfly Soup 2","Brianna LeiVerified Account","web_game","itch_tag_page","itch.io","https://brianna-lei.itch.io/butterfly-soup-2","gaming","slice-of-life","slice-of-life","1","51","Visual Novel","","","unknown_or_free","","","Gay girls playing baseball and falling in love 2","progression_or_loop_benchmark_possible","","","","2026-05-31T04:45:45.239Z","medium_low","ok"
"MiniColonyAdventures – Build, Expand & Survive","GameBuegar","web_game","itch_tag_page","itch.io","https://gamebuegar.itch.io/colonyadventure","gaming","slice-of-life","slice-of-life","1","53","Simulation","","","$0-100%","","","Avillage life colony mini game","progression_or_loop_benchmark_possible","","","Visible itch price label: $0-100%","2026-05-31T04:45:45.239Z","medium_low","ok"
"A Cottage Story","LadyMeowsith","web_game","itch_tag_page","itch.io","https://ladymeowsith.itch.io/a-cottage-story","gaming","slice-of-life","slice-of-life","1","55","Visual Novel","","","unknown_or_free","","","A cottagecore and fantasy inspired dating sim.","progression_or_loop_benchmark_possible","","","","2026-05-31T04:45:45.240Z","medium_low","ok"
"Diffraction (Demo)","Rain Droplet Atelier","web_game","itch_tag_page","itch.io","https://raindropletatelier.itch.io/diffraction","gaming","slice-of-life","slice-of-life","1","57","Visual Novel","","","unknown_or_free","","","Everyone called it a pipe dream - and they were right. A little rainy otome game.","progression_or_loop_benchmark_possible","","","","2026-05-31T04:45:45.240Z","medium_low","ok"
"Trouble Comes Twice","Foxglove Games","web_game","itch_tag_page","itch.io","https://teamfoxglove.itch.io/trouble-comes-twice","gaming","slice-of-life","slice-of-life","1","59","Visual Novel","","","$15","","","A bisexual romcom visual novel","progression_or_loop_benchmark_possible","","","Visible itch price label: $15","2026-05-31T04:45:45.240Z","medium_low","ok"
"Cryptid Coffeehouse","nukes","web_game","itch_tag_page","itch.io","https://nyewks.itch.io/cryptid-coffeehouse","gaming","slice-of-life","slice-of-life","1","61","Visual Novel","","","unknown_or_free","","","the (moth)man, the myth, the legend: now in sexy dateable human form","progression_or_loop_benchmark_possible","","","","2026-05-31T04:45:45.240Z","medium_low","ok"
"GIF","Vanade [ Hamilton Hour ]","web_game","itch_tag_page","itch.io","https://hamiltonhour.itch.io/halloween-scrooge","gaming","slice-of-life","slice-of-life","1","63","Visual Novel","","","unknown_or_free","","","A Halloween spin on A Christmas Carol, and you can flirt with the ghosts.","progression_or_loop_benchmark_possible","","","","2026-05-31T04:45:45.240Z","medium_low","ok"
"Madness in Bloom","Quill_Studio","web_game","itch_tag_page","itch.io","https://quill-studio.itch.io/madness-in-bloom","gaming","slice-of-life","slice-of-life","1","65","Visual Novel","","","unknown_or_free","","","A quiet escape. A charming host. A love that grows... strangely.","progression_or_loop_benchmark_possible","","","","2026-05-31T04:45:45.240Z","medium_low","ok"
"Someone Stole MY LUNCH!","Studio Clump","web_game","itch_tag_page","itch.io","https://studioclump.itch.io/ssml","gaming","slice-of-life","slice-of-life","1","67","Visual Novel","","","unknown_or_free","","","A short comedy visual novel about your lunch and a thief... both of which are hot.","progression_or_loop_benchmark_possible","","","","2026-05-31T04:45:45.240Z","medium_low","ok"
"Love After Death","Echo_","web_game","itch_tag_page","itch.io","https://echo-noir.itch.io/love-after-death","gaming","slice-of-life","slice-of-life","1","69","Interactive Fiction","","","unknown_or_free","","","","progression_or_loop_benchmark_possible","","","","2026-05-31T04:45:45.240Z","medium_low","ok"
"3 Seasons","Vanade [ Hamilton Hour ]","web_game","itch_tag_page","itch.io","https://hamiltonhour.itch.io/3-seasons","gaming","slice-of-life","slice-of-life","1","71","Visual Novel","","","unknown_or_free","","","A game about love, friendship, and making the best of a weird temp job in the spirit world!","progression_or_loop_benchmark_possible","","","","2026-05-31T04:45:45.240Z","medium_low","ok"
"co-open","lowpolis","web_game","itch_tag_page","itch.io","https://lowpolis.itch.io/co-open","gaming","slice-of-life","slice-of-life","2","1","Adventure","","","$8","","","Grocery shopping adventure: make friends, feed cats, and find secrets!","progression_or_loop_benchmark_possible","","","Visible itch price label: $8","2026-05-31T04:45:45.655Z","medium_low","ok"
"Disillusioned Reunion","ChaniMK","web_game","itch_tag_page","itch.io","https://chanimk.itch.io/disillusioned-reunion","gaming","slice-of-life","slice-of-life","2","3","Visual Novel","","","unknown_or_free","","","Childhood friends reunite after 15 years...","progression_or_loop_benchmark_possible","","","","2026-05-31T04:45:45.655Z","medium_low","ok"
"GIF","ThereseU3U","web_game","itch_tag_page","itch.io","https://thereseu3u.itch.io/the-world-as-it-was","gaming","slice-of-life","slice-of-life","2","5","Visual Novel","","","unknown_or_free","","","A visual novel with YOU in it!","progression_or_loop_benchmark_possible","","","","2026-05-31T04:45:45.655Z","medium_low","ok"
"Locked Out","SlowlyTee 🍓","web_game","itch_tag_page","itch.io","https://slowlytee.itch.io/locked-out","gaming","slice-of-life","slice-of-life","2","7","Visual Novel","","","unknown_or_free","","","What happens when you can't enter your own home?","progression_or_loop_benchmark_possible","","","","2026-05-31T04:45:45.655Z","medium_low","ok"
"HEART À LA MODE","YAPPERU STUDIOS","web_game","itch_tag_page","itch.io","https://yapperu.itch.io/halm","gaming","slice-of-life","slice-of-life","2","9","Visual Novel","","","unknown_or_free","","","a sugar sweet romantic comedy","progression_or_loop_benchmark_possible","","","","2026-05-31T04:45:45.655Z","medium_low","ok"
"Cafe in the Clouds","Cafe Nemo","web_game","itch_tag_page","itch.io","https://cafe-nemo.itch.io/cafe-in-the-clouds","gaming","slice-of-life","slice-of-life","2","11","Visual Novel","","","unknown_or_free","","","Two cooks turn dream eaters when troubled, sleepless townsfolk seek their unusual services.","progression_or_loop_benchmark_possible","","","","2026-05-31T04:45:45.656Z","medium_low","ok"
"Petrichor","prikarin","web_game","itch_tag_page","itch.io","https://prikarin.itch.io/petrichor-vn","gaming","slice-of-life","slice-of-life","2","13","Visual Novel","","","unknown_or_free","","","Coming out to your partner can be scary","progression_or_loop_benchmark_possible","","","","2026-05-31T04:45:45.656Z","medium_low","ok"
"PERIHELION","demyurge","web_game","itch_tag_page","itch.io","https://demyurge.itch.io/dragongame","gaming","slice-of-life","slice-of-life","2","15","Visual Novel","","","unknown_or_free","","","a visual novel about dragons and growing up.","progression_or_loop_benchmark_possible","","","","2026-05-31T04:45:45.656Z","medium_low","ok"
"Swapped","aurelim","web_game","itch_tag_page","itch.io","https://aurelim.itch.io/swapped","gaming","slice-of-life","slice-of-life","2","17","Interactive Fiction","","","unknown_or_free","","","You never thought you could meet someone who looks identical to you...","progression_or_loop_benchmark_possible","","","","2026-05-31T04:45:45.656Z","medium_low","ok"
"Hexed Pet Adventures! [BL RPG]","ChaniMK","web_game","itch_tag_page","itch.io","https://chanimk.itch.io/hexedpetadventures","gaming","slice-of-life","slice-of-life","2","19","Role Playing","","","unknown_or_free","","","Explore the school and help your classmates and teacher!","progression_or_loop_benchmark_possible","","","","2026-05-31T04:45:45.656Z","medium_low","ok"
"Silence Of Life","gamestergame","web_game","itch_tag_page","itch.io","https://gamestergame.itch.io/silence-of-life","gaming","slice-of-life","slice-of-life","2","21","Role Playing","","","unknown_or_free","","","Become a pixel anime girl!","progression_or_loop_benchmark_possible","","","","2026-05-31T04:45:45.656Z","medium_low","ok"
"One Piece dating sim","CYdEye2","web_game","itch_tag_page","itch.io","https://cydeye.itch.io/one-piece-dating-sim","gaming","slice-of-life","slice-of-life","2","23","Visual Novel","","","unknown_or_free","","","It's your first day at Grandline High School. Try not to mess things up.","progression_or_loop_benchmark_possible","","","","2026-05-31T04:45:45.656Z","medium_low","ok"
"Lavender Laboratories","Bloof","web_game","itch_tag_page","itch.io","https://bloofbloof.itch.io/lavender-labs","gaming","slice-of-life","slice-of-life","2","25","Visual Novel","","","unknown_or_free","","","Turn off your mind and vibe with Voldritch","progression_or_loop_benchmark_possible","","","","2026-05-31T04:45:45.657Z","medium_low","ok"
"My Ex Is A Jerk","Endydreams","web_game","itch_tag_page","itch.io","https://endydreams.itch.io/my-ex-is-a-jerk","gaming","slice-of-life","slice-of-life","2","27","Visual Novel","","","unknown_or_free","","","Your boyfriend is a jerk, it's time to find a new one","progression_or_loop_benchmark_possible","","","","2026-05-31T04:45:45.657Z","medium_low","ok"
"I'm Now the School Delinquent's Lover, but I Want Out!!","Konpeito","web_game","itch_tag_page","itch.io","https://konpeitocat.itch.io/im-now-the-school-delinquents-lover-but-i-want-out","gaming","slice-of-life","slice-of-life","2","29","Visual Novel","","","unknown_or_free","","","'Fear' and 'Love' are the same, aren't they?","progression_or_loop_benchmark_possible","","","","2026-05-31T04:45:45.657Z","medium_low","ok"
"Something A Little Super","Barbara Truelove","web_game","itch_tag_page","itch.io","https://barbara-truelove.itch.io/something-a-little-super","gaming","slice-of-life","slice-of-life","2","31","Interactive Fiction","","","unknown_or_free","","","Raise a super powered kid.","progression_or_loop_benchmark_possible","","","","2026-05-31T04:45:45.657Z","medium_low","ok"
"Teachers. With Love and Passion.","Honey Bunny","web_game","itch_tag_page","itch.io","https://honeybunny-of.itch.io/teacherslp","gaming","slice-of-life","slice-of-life","2","33","Visual Novel","","","$9.99","","","It's time to start a new life, make friends, live a sweet school romance, and face dark secrets.","progression_or_loop_benchmark_possible","","","Visible itch price label: $9.99","2026-05-31T04:45:45.657Z","medium_low","ok"
"GIF","gryph0n","web_game","itch_tag_page","itch.io","https://gryph0n.itch.io/bandb","gaming","slice-of-life","slice-of-life","2","35","Interactive Fiction","","","unknown_or_free","","","Pretend to be a bard with your sad friends.","progression_or_loop_benchmark_possible","","","","2026-05-31T04:45:45.657Z","medium_low","ok"
"Vampliar","Foxpancakes","web_game","itch_tag_page","itch.io","https://foxpancakes.itch.io/vampliar","gaming","slice-of-life","slice-of-life","2","37","Visual Novel","","","unknown_or_free","","","A boys love kinetic novel about a human who meets a vampire.","progression_or_loop_benchmark_possible","","","","2026-05-31T04:45:45.657Z","medium_low","ok"
"GIF","Mister Cat","web_game","itch_tag_page","itch.io","https://mister-gato.itch.io/starville","gaming","slice-of-life","slice-of-life","2","39","Visual Novel","","","unknown_or_free","","","Ciudad nueva, vida nueva, ¿qué es lo peor que podría pasar?","progression_or_loop_benchmark_possible","","","","2026-05-31T04:45:45.657Z","medium_low","ok"
"Mindread","stuwudio","web_game","itch_tag_page","itch.io","https://stuwudio.itch.io/mindread","gaming","slice-of-life","slice-of-life","2","41","Visual Novel","","","unknown_or_free","","","What's he thinking?","progression_or_loop_benchmark_possible","","","","2026-05-31T04:45:45.658Z","medium_low","ok"
"Date Me!","DateMe!VN","web_game","itch_tag_page","itch.io","https://datemevn.itch.io/date-me","gaming","slice-of-life","slice-of-life","2","43","Visual Novel","","","unknown_or_free","","","Undertale Dating sims","progression_or_loop_benchmark_possible","","","","2026-05-31T04:45:45.658Z","medium_low","ok"
"Hot Cocoa Magic!","Ekkoberry","web_game","itch_tag_page","itch.io","https://ekkoberry.itch.io/hot-cocoa-magic","gaming","slice-of-life","slice-of-life","2","45","Visual Novel","","","unknown_or_free","","","A Watercolor Visual Novel.","progression_or_loop_benchmark_possible","","","","2026-05-31T04:45:45.658Z","medium_low","ok"
"Akiya","chary 🌷","web_game","itch_tag_page","itch.io","https://charycats.itch.io/akiya","gaming","slice-of-life","slice-of-life","2","47","Visual Novel","","","unknown_or_free","","","Cute VN about exploring a traditional Japanese house!","progression_or_loop_benchmark_possible","","","","2026-05-31T04:45:45.658Z","medium_low","ok"
"Tuna Rice","Konayachi","web_game","itch_tag_page","itch.io","https://konayachi.itch.io/tuna-rice","gaming","slice-of-life","slice-of-life","2","49","Visual Novel","","","unknown_or_free","","","You make the best tuna rice!","progression_or_loop_benchmark_possible","","","","2026-05-31T04:45:45.658Z","medium_low","ok"
"XOXO Droplets: Extended Edition","GBPatchVerified Account","web_game","itch_tag_page","itch.io","https://gbpatch.itch.io/xoxo-droplets-extended-edition","gaming","slice-of-life","slice-of-life","2","51","Visual Novel","","","$19.99","","","A massive otome dating sim!","progression_or_loop_benchmark_possible","","","Visible itch price label: $19.99","2026-05-31T04:45:45.658Z","medium_low","ok"
"The Second Circle: A HellTaker Fan Game","Team 133","web_game","itch_tag_page","itch.io","https://helldev103120.itch.io/the-second-circle","gaming","slice-of-life","slice-of-life","2","53","Visual Novel","","","unknown_or_free","","","A fangame about dating the girls of HellTaker","progression_or_loop_benchmark_possible","","","","2026-05-31T04:45:45.658Z","medium_low","ok"
"Rekindle - [DEMO]","Minthe Draws","web_game","itch_tag_page","itch.io","https://minthedraws.itch.io/rekindle","gaming","slice-of-life","slice-of-life","2","55","Visual Novel","","","unknown_or_free","","","Given the chance, would you try again?","progression_or_loop_benchmark_possible","","","","2026-05-31T04:45:45.658Z","medium_low","ok"
"I Wani Hug That Gator!","Cavemanon","web_game","itch_tag_page","itch.io","https://cavemanon.itch.io/i-wani-hug-that-gator","gaming","slice-of-life","slice-of-life","2","57","Visual Novel","","","$14.99","","","The Pre-historic Romance a million and two years in MS Paint to tell.","progression_or_loop_benchmark_possible","","","Visible itch price label: $14.99","2026-05-31T04:45:45.659Z","medium_low","ok"
"Orunge","Jennifer Reuter","web_game","itch_tag_page","itch.io","https://gritrook.itch.io/orunge","gaming","slice-of-life","slice-of-life","2","59","Interactive Fiction","","","unknown_or_free","","","A young girl seems to be in a hurry to get some oranges...","progression_or_loop_benchmark_possible","","","","2026-05-31T04:45:45.659Z","medium_low","ok"
"Corinne Cross's Dead & Breakfast","Bad Chalk","web_game","itch_tag_page","itch.io","https://badchalk.itch.io/corinne-crosss-dead-and-breakfast","gaming","slice-of-life","slice-of-life","2","61","Adventure","","","$4.99","","","A story-driven adventure game about a haunted bed & breakfast. A dead & breakfast!","progression_or_loop_benchmark_possible","","","Visible itch price label: $4.99","2026-05-31T04:45:45.659Z","medium_low","ok"
"GIF","Sean","web_game","itch_tag_page","itch.io","https://seansleblanc.itch.io/bitten","gaming","slice-of-life","slice-of-life","2","63","Interactive Fiction","","","unknown_or_free","","","ᴛᴀᴋᴇ ᴀ sᴇᴀᴛ","progression_or_loop_benchmark_possible","","","","2026-05-31T04:45:45.659Z","medium_low","ok"
"Misericorde: Volume One","xeecee","web_game","itch_tag_page","itch.io","https://xeecee.itch.io/misericorde","gaming","slice-of-life","slice-of-life","2","65","Visual Novel","","","$8.99","","","indie visual novel","progression_or_loop_benchmark_possible","","","Visible itch price label: $8.99","2026-05-31T04:45:45.659Z","medium_low","ok"
"Wide Ocean Big Jacket","Turnfollow","web_game","itch_tag_page","itch.io","https://turnfollow.itch.io/wide-ocean-big-jacket","gaming","slice-of-life","slice-of-life","2","67","Adventure","","","$7.99","","","A Camping Story starring: Uncle Brad, Aunt Cloanne, Mord (and Ben)","progression_or_loop_benchmark_possible","","","Visible itch price label: $7.99","2026-05-31T04:45:45.659Z","medium_low","ok"
"plastic tape","npckc","web_game","itch_tag_page","itch.io","https://npckc.itch.io/plastic-tape","gaming","slice-of-life","slice-of-life","2","69","Visual Novel","","","unknown_or_free","","","snapshots of a life through bandages.","progression_or_loop_benchmark_possible","","","","2026-05-31T04:45:45.659Z","medium_low","ok"
"Off Day","viv_url","web_game","itch_tag_page","itch.io","https://viv-url.itch.io/off-day","gaming","slice-of-life","slice-of-life","2","71","Visual Novel","","","unknown_or_free","","","A point & click visual novel about appreciating the little things in life.","progression_or_loop_benchmark_possible","","","","2026-05-31T04:45:45.660Z","medium_low","ok"
"I'm a SIDE CHARACTER in a BL story!","WitPOPVerified Account","web_game","itch_tag_page","itch.io","https://witpop.itch.io/imasidecharacter","gaming","slice-of-life","slice-of-life","3","1","Visual Novel","","","unknown_or_free","","","Your best friend and the mysterious new transfer student. Do you ship it?","progression_or_loop_benchmark_possible","","","","2026-05-31T04:45:45.966Z","medium_low","ok"
"i had another dream about you last night","caanti","web_game","itch_tag_page","itch.io","https://caanti.itch.io/i-had-another-dream-about-you-last-night","gaming","slice-of-life","slice-of-life","3","3","Adventure","","","unknown_or_free","","","a short pixel adventure about dreams, crushes, and moving on.","progression_or_loop_benchmark_possible","","","","2026-05-31T04:45:45.966Z","medium_low","ok"
"The Archivist and the Revolution","Autumn Chen","web_game","itch_tag_page","itch.io","https://red-autumn.itch.io/archivist","gaming","slice-of-life","slice-of-life","3","5","Interactive Fiction","","","unknown_or_free","","","The world is ending, and you are still paying rent. A future history.","progression_or_loop_benchmark_possible","","","","2026-05-31T04:45:45.966Z","medium_low","ok"
"Lemonade","Fable & Clover","web_game","itch_tag_page","itch.io","https://fableandclover.itch.io/lemonade","gaming","slice-of-life","slice-of-life","3","7","Visual Novel","","","unknown_or_free","","","Are all first loves this bittersweet? 🍋","progression_or_loop_benchmark_possible","","","","2026-05-31T04:45:45.966Z","medium_low","ok"
"VA-11 Hall-A KIDS!","SUKEBAN GAMES","web_game","itch_tag_page","itch.io","https://sukebangames.itch.io/valhallakids","gaming","slice-of-life","slice-of-life","3","9","Adventure","","","unknown_or_free","","","What if the VA-11 Hall-A characters went to the same high school?","progression_or_loop_benchmark_possible","","","","2026-05-31T04:45:45.966Z","medium_low","ok"
"GIF","Camila GormazVerified Account","web_game","itch_tag_page","itch.io","https://laburatory.itch.io/nanopesos","gaming","slice-of-life","slice-of-life","3","11","Simulation","","","unknown_or_free","","","Budget management simulator inspired by the low salaries and high living costs in Chile.","progression_or_loop_benchmark_possible","","","","2026-05-31T04:45:45.966Z","medium_low","ok"
"漏夏、无尽夏 (Hydrangea)","Cait","web_game","itch_tag_page","itch.io","https://caitang.itch.io/hydrangea","gaming","slice-of-life","slice-of-life","3","13","Visual Novel","","","unknown_or_free","","","​""To the endless summer, and to you."" ​​​","progression_or_loop_benchmark_possible","","","","2026-05-31T04:45:45.967Z","medium_low","ok"
"Flour Hour","Sayumi101","web_game","itch_tag_page","itch.io","https://sayumi101.itch.io/flour-hour","gaming","slice-of-life","slice-of-life","3","15","Visual Novel","","","unknown_or_free","","","Romance the grumpy ex or the cheerful city boy? (BL)","progression_or_loop_benchmark_possible","","","","2026-05-31T04:45:45.967Z","medium_low","ok"
"The Bar on the Abyss","Esh Cohen","web_game","itch_tag_page","itch.io","https://the-bar-on-the-abyss.itch.io/the-bar-on-the-abyss","gaming","slice-of-life","slice-of-life","3","17","Interactive Fiction","","","unknown_or_free","","","This tale starts with your death. Manage a spectral bar in the Abyss and find love beyond the mortal coil.","progression_or_loop_benchmark_possible","","","","2026-05-31T04:45:45.967Z","medium_low","ok"
"Elated Sorrow","Foxpancakes","web_game","itch_tag_page","itch.io","https://foxpancakes.itch.io/elated-sorrow","gaming","slice-of-life","slice-of-life","3","19","Visual Novel","","","unknown_or_free","","","A girls love kinetic novel about two lonely women who meet by chance.","progression_or_loop_benchmark_possible","","","","2026-05-31T04:45:45.967Z","medium_low","ok"
"Fujiwara BitterSweet (-full game-)","MagicBench","web_game","itch_tag_page","itch.io","https://magicbench.itch.io/fujibittersweet-full","gaming","slice-of-life","slice-of-life","3","21","Visual Novel","","","unknown_or_free","","","Heartwarming GxB slice of life with bittersweet twists.","progression_or_loop_benchmark_possible","","","","2026-05-31T04:45:45.967Z","medium_low","ok"
"My GF Doesn't Know What I'm Into","Meiri","web_game","itch_tag_page","itch.io","https://meiri.itch.io/mygf","gaming","slice-of-life","slice-of-life","3","23","Visual Novel","","","-7%","","","My cute new girlfriend doesn't know what I'm into!","progression_or_loop_benchmark_possible","","","Visible itch price label: -7%","2026-05-31T04:45:45.967Z","medium_low","ok"
"Blanket Cat: A Cozy Winter Visual Novel","Studio Ghost Legs","web_game","itch_tag_page","itch.io","https://ghostlegs.itch.io/blanket-cat","gaming","slice-of-life","slice-of-life","3","25","Visual Novel","","","unknown_or_free","","","Let's have a great day!","progression_or_loop_benchmark_possible","","","","2026-05-31T04:45:45.967Z","medium_low","ok"
"EVERY TIME YOU BLINK","robobarbie","web_game","itch_tag_page","itch.io","https://robobarbie.itch.io/every-time-you-blink","gaming","slice-of-life","slice-of-life","3","27","Puzzle","","","unknown_or_free","","","you're always somewhere else...","progression_or_loop_benchmark_possible","","","","2026-05-31T04:45:45.967Z","medium_low","ok"
"It's A Promise","Foxpancakes","web_game","itch_tag_page","itch.io","https://foxpancakes.itch.io/its-a-promise","gaming","slice-of-life","slice-of-life","3","29","Visual Novel","","","unknown_or_free","","","A girls love kinetic novel. Erin randomly gets asked out on a date by a cute girl.","progression_or_loop_benchmark_possible","","","","2026-05-31T04:45:45.967Z","medium_low","ok"
"Kimochii Classroom","Radish ASMR","web_game","itch_tag_page","itch.io","https://radishasmr.itch.io/kimochii-classroom","gaming","slice-of-life","slice-of-life","3","31","Visual Novel","","","unknown_or_free","","","Romantic, slice-of-life Story! Who will you meet first? <3","progression_or_loop_benchmark_possible","","","","2026-05-31T04:45:45.967Z","medium_low","ok"
"Closing Spaces","Sayumi101","web_game","itch_tag_page","itch.io","https://sayumi101.itch.io/closing-spaces","gaming","slice-of-life","slice-of-life","3","33","Visual Novel","","","unknown_or_free","","","Carefree delinquent winning the heart of a closed-off twin.","progression_or_loop_benchmark_possible","","","","2026-05-31T04:45:45.967Z","medium_low","ok"
"Mythic Meetup","Heartmoor Studios","web_game","itch_tag_page","itch.io","https://heartmoorstudios.itch.io/mythic-meetup","gaming","slice-of-life","slice-of-life","3","35","Visual Novel","","","unknown_or_free","","","A mysterious email leads you to...a server full of mythical creatures??","progression_or_loop_benchmark_possible","","","","2026-05-31T04:45:45.967Z","medium_low","ok"
"GIF","Kinmoku","web_game","itch_tag_page","itch.io","https://kinmoku.itch.io/one-night-stand","gaming","slice-of-life","slice-of-life","3","37","Visual Novel","","","$2.99","","","After a night of fun, passion, and one too many drinks, you awake the next morning to find a stranger lying beside you.","progression_or_loop_benchmark_possible","","","Visible itch price label: $2.99","2026-05-31T04:45:45.967Z","medium_low","ok"
"Yearning: A Gay Story","bobcgames","web_game","itch_tag_page","itch.io","https://bobcgames.itch.io/yags","gaming","slice-of-life","slice-of-life","3","39","Visual Novel","","","unknown_or_free","","","Come out in college! Meet people, make friends, and maybe find a boyfriend?","progression_or_loop_benchmark_possible","","","","2026-05-31T04:45:45.967Z","medium_low","ok"
"Sweet Leaves","Setsuzoku Studio","web_game","itch_tag_page","itch.io","https://sweetleaves.itch.io/sweet-leaves","gaming","slice-of-life","slice-of-life","3","41","Visual Novel","","","unknown_or_free","","","","progression_or_loop_benchmark_possible","","","","2026-05-31T04:45:45.967Z","medium_low","ok"
"i woke up a demon.","yosharoos","web_game","itch_tag_page","itch.io","https://yosharoos.itch.io/i-woke-up-a-demon","gaming","slice-of-life","slice-of-life","3","43","Visual Novel","","","unknown_or_free","","","you are becoming a demon. don't worry about that","progression_or_loop_benchmark_possible","","","","2026-05-31T04:45:45.967Z","medium_low","ok"
"SeaBed","Fruitbat Factory","web_game","itch_tag_page","itch.io","https://fruitbat-factory.itch.io/seabed","gaming","slice-of-life","slice-of-life","3","45","Visual Novel","","","$17.99","","","","progression_or_loop_benchmark_possible","","","Visible itch price label: $17.99","2026-05-31T04:45:45.967Z","medium_low","ok"
"Tales of Grumville: A Legendary Pie and A Nameless Statue","Mushroomallow","web_game","itch_tag_page","itch.io","https://mushroomallow.itch.io/tales-of-grumville","gaming","slice-of-life","slice-of-life","3","47","Visual Novel","","","unknown_or_free","","","Even the ""most boring town in the whole world"" has its mysteries.","progression_or_loop_benchmark_possible","","","","2026-05-31T04:45:45.967Z","medium_low","ok"
"TEISATSU","PACCHI STUDIO","web_game","itch_tag_page","itch.io","https://pacchistudio.itch.io/teisatsu","gaming","slice-of-life","slice-of-life","3","49","Visual Novel","","","unknown_or_free","","","An otome featuring love, war, and spies!","progression_or_loop_benchmark_possible","","","","2026-05-31T04:45:45.967Z","medium_low","ok"
"GIF","Melancholy Marionette","web_game","itch_tag_page","itch.io","https://melancholy-marionette.itch.io/bittersweetblythe","gaming","slice-of-life","slice-of-life","3","51","Visual Novel","","","unknown_or_free","","","Blythe just wants to give you your best-ever birthday! Why wouldn't you want to spend it with an adorable yandere bunny?","progression_or_loop_benchmark_possible","","","","2026-05-31T04:45:45.967Z","medium_low","ok"
"Gyakuten Live! (Love Live x Ace Attorney)","krakelak","web_game","itch_tag_page","itch.io","https://krakelak.itch.io/gyakuten-live","gaming","slice-of-life","slice-of-life","3","53","Visual Novel","","","unknown_or_free","","","A Love Live! fangame with Ace Attorney-style gameplay","progression_or_loop_benchmark_possible","","","","2026-05-31T04:45:45.968Z","medium_low","ok"
"Crabs & Cocktails","Meant to Bee Studios","web_game","itch_tag_page","itch.io","https://meant-to-bee-studios.itch.io/crabs-cocktails","gaming","slice-of-life","slice-of-life","3","55","Visual Novel","","","unknown_or_free","","","A yaoi love story between a himbo lifeguard and a handsome, southern bartender.","progression_or_loop_benchmark_possible","","","","2026-05-31T04:45:45.968Z","medium_low","ok"
"Somewhere","5uma0","web_game","itch_tag_page","itch.io","https://sumao.itch.io/somewhere","gaming","slice-of-life","slice-of-life","3","57","Adventure","","","unknown_or_free","","","some unspecified place","progression_or_loop_benchmark_possible","","","","2026-05-31T04:45:45.968Z","medium_low","ok"
"Backwater Eulogy","WURM FUD","web_game","itch_tag_page","itch.io","https://wurmfud.itch.io/backwater-eulogy","gaming","slice-of-life","slice-of-life","3","59","Visual Novel","","","$1.99","","","Musings on grief, moving on, and a life made and lived in the rural Midwest.","progression_or_loop_benchmark_possible","","","Visible itch price label: $1.99","2026-05-31T04:45:45.968Z","medium_low","ok"
"Stardust Kids","Fumi","web_game","itch_tag_page","itch.io","https://fumi.itch.io/stardustkids","gaming","slice-of-life","slice-of-life","3","61","Visual Novel","","","unknown_or_free","","","","progression_or_loop_benchmark_possible","","","","2026-05-31T04:45:45.968Z","medium_low","ok"
"Kurou Connect (DEMO)","nukes","web_game","itch_tag_page","itch.io","https://nyewks.itch.io/kurou-connect","gaming","slice-of-life","slice-of-life","3","63","Visual Novel","","","unknown_or_free","","","a frenemies to lovers hating simulator","progression_or_loop_benchmark_possible","","","","2026-05-31T04:45:45.968Z","medium_low","ok"
"Pearlglow Cafe: Sweet Crumb Kisses - A Cozy Food-Themed Otome","Studio Ghost Legs","web_game","itch_tag_page","itch.io","https://ghostlegs.itch.io/pearlglow-cafe","gaming","slice-of-life","slice-of-life","3","65","Visual Novel","","","unknown_or_free","","","NOW OPEN - Come on in! 🌞","progression_or_loop_benchmark_possible","","","","2026-05-31T04:45:45.968Z","medium_low","ok"
"GIF","Lorraine 🍬 Devaux","web_game","itch_tag_page","itch.io","https://trasevol-dog.itch.io/embrace","gaming","slice-of-life","slice-of-life","3","67","Simulation","","","$2","","","Advice for having a better life.","progression_or_loop_benchmark_possible","","","Visible itch price label: $2","2026-05-31T04:45:45.968Z","medium_low","ok"
"In Fair Spirits","ebi-hime","web_game","itch_tag_page","itch.io","https://ebihime.itch.io/fair-spirits","gaming","slice-of-life","slice-of-life","3","69","Visual Novel","","","$8.99","","","A cute BL visual novel about a medieval knight and a memey goth boy who's spent far too much time on Tumblr.","progression_or_loop_benchmark_possible","","","Visible itch price label: $8.99","2026-05-31T04:45:45.968Z","medium_low","ok"
"Comfwee Café","ChaniMK","web_game","itch_tag_page","itch.io","https://chanimk.itch.io/comfwee-cafe","gaming","slice-of-life","slice-of-life","3","71","Visual Novel","","","unknown_or_free","","","Visit the café to receive comfort","progression_or_loop_benchmark_possible","","","","2026-05-31T04:45:45.968Z","medium_low","ok"
"Sovereign Tower","WILD WITS GAMES","web_game","itch_tag_page","itch.io","https://wildwits.itch.io/sovereign-tower","gaming","rpg","rpg","1","1","Visual Novel","","","unknown_or_free","","","Recruit eccentric Knights, assign quests and balance egos whilst carving out your kingdom's destiny.","progression_or_loop_benchmark_possible","","","","2026-05-31T04:45:46.678Z","medium_low","ok"
"Dead Plate","racheldrawsthis","web_game","itch_tag_page","itch.io","https://racheldrawsthis.itch.io/dead-plate","gaming","rpg","rpg","1","3","Role Playing","","","unknown_or_free","","","60s French restaurant tycoon themed rpg horror game about a waiter and a chef","progression_or_loop_benchmark_possible","","","","2026-05-31T04:45:46.678Z","medium_low","ok"
"Killer Chat! Original Edition","rosesrot","web_game","itch_tag_page","itch.io","https://rosesrot.itch.io/killer-chat","gaming","rpg","rpg","1","5","Visual Novel","","","unknown_or_free","","","You're a writer that's been (mistakenly) invited to a serial killer server. Uh oh.","progression_or_loop_benchmark_possible","","","","2026-05-31T04:45:46.679Z","medium_low","ok"
"Demon Pages (Zx Spectrum 128K)","JuanGM","web_game","itch_tag_page","itch.io","https://jgajete.itch.io/demon-pages-zx-spectrum-128k","gaming","rpg","rpg","1","7","Adventure","","","unknown_or_free","","","","progression_or_loop_benchmark_possible","","","","2026-05-31T04:45:46.679Z","medium_low","ok"
"Married in Red","racheldrawsthis","web_game","itch_tag_page","itch.io","https://racheldrawsthis.itch.io/married-in-red","gaming","rpg","rpg","1","9","Role Playing","","","unknown_or_free","","","A short RPG thriller-story game about visiting your old friend's wedding.","progression_or_loop_benchmark_possible","","","","2026-05-31T04:45:46.679Z","medium_low","ok"
"GIF","OliveVerified Account","web_game","itch_tag_page","itch.io","https://wick.itch.io/lancer-tactics","gaming","rpg","rpg","1","11","Strategy","","","$20","","","Mecha RPG adapted from Lancer tabletop","progression_or_loop_benchmark_possible","","","Visible itch price label: $20","2026-05-31T04:45:46.679Z","medium_low","ok"
"Your Debt Is Paid","Cmski","web_game","itch_tag_page","itch.io","https://cmski.itch.io/your-debt-is-paid","gaming","rpg","rpg","1","13","Action","","","unknown_or_free","","","","progression_or_loop_benchmark_possible","","","","2026-05-31T04:45:46.679Z","medium_low","ok"
"Killer Chat! Expanded Edition [DEMO]","rosesrot","web_game","itch_tag_page","itch.io","https://rosesrot.itch.io/killer-chat-expanded","gaming","rpg","rpg","1","15","Visual Novel","","","unknown_or_free","","","You're a writer that's been (mistakenly) invited to a serial killer server. Uh oh.","progression_or_loop_benchmark_possible","","","","2026-05-31T04:45:46.679Z","medium_low","ok"
"Cold Front","racheldrawsthis","web_game","itch_tag_page","itch.io","https://racheldrawsthis.itch.io/cold-front","gaming","rpg","rpg","1","17","Role Playing","","","unknown_or_free","","","A short RPG horror/story game about unstable friendships and blizzards in july","progression_or_loop_benchmark_possible","","","","2026-05-31T04:45:46.680Z","medium_low","ok"
"God is Dead & I'm Starving","rinucomics","web_game","itch_tag_page","itch.io","https://rinucomics.itch.io/god-is-dead-im-starving","gaming","rpg","rpg","1","19","Survival","","","unknown_or_free","","","It's starving and will kill anything...","progression_or_loop_benchmark_possible","","","","2026-05-31T04:45:46.680Z","medium_low","ok"
"Cryptid Crush","Drowsy Drake","web_game","itch_tag_page","itch.io","https://drowsy-drake-studios.itch.io/cryptid-crush","gaming","rpg","rpg","1","21","Visual Novel","","","unknown_or_free","","","A TTRPG inspired Cryptid Sim! Meet Monsters, crush on cryptids.","progression_or_loop_benchmark_possible","","","","2026-05-31T04:45:46.680Z","medium_low","ok"
"GIF","etherane","web_game","itch_tag_page","itch.io","https://etherane.itch.io/hello-charlotte-ep1","gaming","rpg","rpg","1","23","Role Playing","","","unknown_or_free","","","Hello, my Puppeteer.","progression_or_loop_benchmark_possible","","","","2026-05-31T04:45:46.680Z","medium_low","ok"
"Serenitrove","Scoot","web_game","itch_tag_page","itch.io","https://alfredncy.itch.io/serenitrove","gaming","rpg","rpg","1","25","Adventure","","","unknown_or_free","","","Dig, upgrade, expand... then dig deeper!","progression_or_loop_benchmark_possible","","","","2026-05-31T04:45:46.680Z","medium_low","ok"
"GIF","Alarts","web_game","itch_tag_page","itch.io","https://alarts.itch.io/die-in-the-dungeon","gaming","rpg","rpg","1","27","Card Game","","","unknown_or_free","","","A turn-based, deck-building roguelite focused on dice combinations!","progression_or_loop_benchmark_possible","","","","2026-05-31T04:45:46.680Z","medium_low","ok"
"Eloquent Countenance","racheldrawsthis","web_game","itch_tag_page","itch.io","https://racheldrawsthis.itch.io/eloquent-countenance","gaming","rpg","rpg","1","29","Role Playing","","","unknown_or_free","","","A short RPG horror/story game about nosebleeds, guardian angels and a funeral","progression_or_loop_benchmark_possible","","","","2026-05-31T04:45:46.680Z","medium_low","ok"
"Wayfarer","Idrelle Games","web_game","itch_tag_page","itch.io","https://idrellegames.itch.io/wayfarer","gaming","rpg","rpg","1","31","Interactive Fiction","","","unknown_or_free","","","A fantasy interactive fiction RPG where you are marked by immunity to magic.","progression_or_loop_benchmark_possible","","","","2026-05-31T04:45:46.681Z","medium_low","ok"
"Juice Galaxy (formerly Juice World)","fishlicka","web_game","itch_tag_page","itch.io","https://fishlicka.itch.io/juice-galaxy","gaming","rpg","rpg","1","33","Role Playing","","","$5","","","Floppy ragdoll rpg sandbox with physics-based combat","progression_or_loop_benchmark_possible","","","Visible itch price label: $5","2026-05-31T04:45:46.681Z","medium_low","ok"
"Pocket Mirror Classic (2016)","AstralShift","web_game","itch_tag_page","itch.io","https://astralshiftpro.itch.io/pocket-mirror-classic","gaming","rpg","rpg","1","35","itch.io game","","","unknown_or_free","","","Pocket Mirror Classic (2016) is a Horror game created in RPGMaker VX ACE!","progression_or_loop_benchmark_possible","","","","2026-05-31T04:45:46.681Z","medium_low","ok"
"Hylics","Mason Lindroth","web_game","itch_tag_page","itch.io","https://mason-lindroth.itch.io/hylics","gaming","rpg","rpg","1","37","Role Playing","","","$3","","","Approach our homunculus.","progression_or_loop_benchmark_possible","","","Visible itch price label: $3","2026-05-31T04:45:46.681Z","medium_low","ok"
"Final Fantasy XI Braver","mithrandir133","web_game","itch_tag_page","itch.io","https://mithrandir133.itch.io/final-fantasy-xi-braver","gaming","rpg","rpg","1","39","Role Playing","","","unknown_or_free","","","A 100+ hour retro-styled offline single player story driven RPG set in Vana'diel","progression_or_loop_benchmark_possible","","","","2026-05-31T04:45:46.681Z","medium_low","ok"
"GIF","Manifold Studios","web_game","itch_tag_page","itch.io","https://manifoldstudios.itch.io/shepherds-of-haven-public-demo","gaming","rpg","rpg","1","41","Interactive Fiction","","","unknown_or_free","","","A dark fantasy interactive fiction RPG.","progression_or_loop_benchmark_possible","","","","2026-05-31T04:45:46.681Z","medium_low","ok"
"Legendum","Vadeum","web_game","itch_tag_page","itch.io","https://vadeum.itch.io/legendum","gaming","rpg","rpg","1","43","Role Playing","","","unknown_or_free","","","Rise into legend. Incremental / Idle RPG.","progression_or_loop_benchmark_possible","","","","2026-05-31T04:45:46.681Z","medium_low","ok"
"DELTATRAVELER","VyletBunni","web_game","itch_tag_page","itch.io","https://vyletbunni.itch.io/deltatraveler","gaming","rpg","rpg","1","45","Role Playing","","","unknown_or_free","","","Kris, Susie, and Noelle travel between worlds to make their way back home.","progression_or_loop_benchmark_possible","","","","2026-05-31T04:45:46.682Z","medium_low","ok"
"Silver Thread","Spica","web_game","itch_tag_page","itch.io","https://spicaze.itch.io/silver-thread","gaming","rpg","rpg","1","47","Visual Novel","","","unknown_or_free","","","A skeptical exorcist and an odd encounter.","progression_or_loop_benchmark_possible","","","","2026-05-31T04:45:46.682Z","medium_low","ok"
"Project Kat","Leef 6010Verified Account","web_game","itch_tag_page","itch.io","https://leef6010.itch.io/projectkat","gaming","rpg","rpg","1","49","Role Playing","","","unknown_or_free","","","A small, unconventional horror rpg.","progression_or_loop_benchmark_possible","","","","2026-05-31T04:45:46.682Z","medium_low","ok"
"Shattered Pixel Dungeon","Shattered Pixel","web_game","itch_tag_page","itch.io","https://shattered-pixel.itch.io/shattered-pixel-dungeon","gaming","rpg","rpg","1","51","Role Playing","","","In bundle","","","A roguelike dungeon crawler RPG that's simple to get into but hard to master!","progression_or_loop_benchmark_possible","","","Visible itch price label: In bundle","2026-05-31T04:45:46.682Z","medium_low","ok"
"Grimm's Hollow","ghosthunter","web_game","itch_tag_page","itch.io","https://ghosthum.itch.io/grimms-hollow","gaming","rpg","rpg","1","53","Role Playing","","","unknown_or_free","","","A spooky, freeware RPG where you search the afterlife for your brother.","progression_or_loop_benchmark_possible","","","","2026-05-31T04:45:46.682Z","medium_low","ok"
"Soulblaze","swordandquill","web_game","itch_tag_page","itch.io","https://swordandquill.itch.io/soulblaze","gaming","rpg","rpg","1","55","Role Playing","","","$13.99","","","a creature-collecting roguelite","progression_or_loop_benchmark_possible","","","Visible itch price label: $13.99","2026-05-31T04:45:46.682Z","medium_low","ok"
"Hello Charlotte EP3: Childhood's End","etherane","web_game","itch_tag_page","itch.io","https://etherane.itch.io/hcep3","gaming","rpg","rpg","1","57","Adventure","","","$2.50","","","Goodbye, my holy friend.","progression_or_loop_benchmark_possible","","","Visible itch price label: $2.50","2026-05-31T04:45:46.682Z","medium_low","ok"
"Labyrinth of Legendary Loot","Dominaxis Games","web_game","itch_tag_page","itch.io","https://dominaxis-games.itch.io/labyrinth-of-legendary-loot","gaming","rpg","rpg","1","59","Role Playing","","","unknown_or_free","","","A simple turn-based roguelike with over a hundred unique abilities and loot!","progression_or_loop_benchmark_possible","","","","2026-05-31T04:45:46.683Z","medium_low","ok"
"Gacha Life 2","LunimeVerified Account","web_game","itch_tag_page","itch.io","https://lunime.itch.io/gachalife2","gaming","rpg","rpg","1","61","Role Playing","","","unknown_or_free","","","Create your own anime characters and dress them up in stylish fashion outfits!","progression_or_loop_benchmark_possible","","","","2026-05-31T04:45:46.683Z","medium_low","ok"
"Caves of Qud","Freehold GamesVerified Account","web_game","itch_tag_page","itch.io","https://freeholdgames.itch.io/cavesofqud","gaming","rpg","rpg","1","63","Role Playing","","","$26.99-10%","","","Chisel through a layer cake of thousand-year-old civilizations.","progression_or_loop_benchmark_possible","","","Visible itch price label: $26.99-10%","2026-05-31T04:45:46.683Z","medium_low","ok"
"Scarlet Hollow","Black Tabby Games","web_game","itch_tag_page","itch.io","https://blacktabbygames.itch.io/scarlet-hollow","gaming","rpg","rpg","1","65","Visual Novel","","","$24.99","","","Horror-mystery with sharp writing, impactful choices, and hand-drawn art from Ignatz-winning cartoonist Abby Howard.","progression_or_loop_benchmark_possible","","","Visible itch price label: $24.99","2026-05-31T04:45:46.683Z","medium_low","ok"
"Lonely Wolf Treat: The Complete Series","NomnomNami","web_game","itch_tag_page","itch.io","https://nomnomnami.itch.io/treat-complete","gaming","rpg","rpg","1","67","Role Playing","","","unknown_or_free","","","the full story of a lonely wolf and her friends (early access)","progression_or_loop_benchmark_possible","","","","2026-05-31T04:45:46.683Z","medium_low","ok"
"UNDERTALE 2","Zizou","web_game","itch_tag_page","itch.io","https://pep.itch.io/undertale-2","gaming","rpg","rpg","1","69","Role Playing","","","unknown_or_free","","","THE NEW SUPER COOL OFFICIAL (NOT REALLY) UNDERTALE REAL SEQUEL","progression_or_loop_benchmark_possible","","","","2026-05-31T04:45:46.683Z","medium_low","ok"
"CrossCode","Radical Fish Games","web_game","itch_tag_page","itch.io","https://radicalfishgames.itch.io/crosscode","gaming","rpg","rpg","1","71","Role Playing","","","$19.99","","","A retro-inspired 2D Action-RPG set in the distant future","progression_or_loop_benchmark_possible","","","Visible itch price label: $19.99","2026-05-31T04:45:46.684Z","medium_low","ok"
"plant daddy","brady soglin","web_game","itch_tag_page","itch.io","https://overfull.itch.io/plantdaddy","mindfulness","meditation","meditation","1","1","Simulation","","","unknown_or_free","","","grow plants in your sunny apartment!","","","calm_or_self_care_benchmark_possible","","2026-05-31T04:45:48.321Z","medium_low","ok"
"Lavender Laboratories","Bloof","web_game","itch_tag_page","itch.io","https://bloofbloof.itch.io/lavender-labs","mindfulness","meditation","meditation","1","3","Visual Novel","","","unknown_or_free","","","Turn off your mind and vibe with Voldritch","","","calm_or_self_care_benchmark_possible","","2026-05-31T04:45:48.322Z","medium_low","ok"
"Mezma's Revenge","Bloof","web_game","itch_tag_page","itch.io","https://bloofbloof.itch.io/mezmas-revenge","mindfulness","meditation","meditation","1","5","Visual Novel","","","unknown_or_free","","","Turn off your mind and vibe with a bunch of wacky hypnotists","","","calm_or_self_care_benchmark_possible","","2026-05-31T04:45:48.322Z","medium_low","ok"
"ShanShui 山水","Giome","web_game","itch_tag_page","itch.io","https://giomee.itch.io/shanshui","mindfulness","meditation","meditation","1","7","itch.io game","","","unknown_or_free","","","A living painting in VR","","","calm_or_self_care_benchmark_possible","","2026-05-31T04:45:48.322Z","medium_low","ok"
"Hypnotica Quest","Bloof","web_game","itch_tag_page","itch.io","https://bloofbloof.itch.io/hypnotica-quest","mindfulness","meditation","meditation","1","9","Role Playing","","","unknown_or_free","","","A strange hypnotic adventure in an even stranger little town","","","calm_or_self_care_benchmark_possible","","2026-05-31T04:45:48.322Z","medium_low","ok"
"GIF","Paws Menu","web_game","itch_tag_page","itch.io","https://pawsmenu.itch.io/thegeography","mindfulness","meditation","meditation","1","11","itch.io game","","","$10","","","an endless nonlinear orchestration","","","calm_or_self_care_benchmark_possible","Visible itch price label: $10","2026-05-31T04:45:48.322Z","medium_low","ok"
"Inner Growth","Picster (Raffaele Picca)","web_game","itch_tag_page","itch.io","https://picster.itch.io/inner-growth","mindfulness","meditation","meditation","1","13","Puzzle","","","unknown_or_free","","","Find inner piece in this relaxed experience about growth.","","","calm_or_self_care_benchmark_possible","","2026-05-31T04:45:48.322Z","medium_low","ok"
"GIF","Mike Ren","web_game","itch_tag_page","itch.io","https://mikeyren.itch.io/lucky","mindfulness","meditation","meditation","1","15","Adventure","","","unknown_or_free","","","A meditative and relaxing one-button fishing game. (DEMO OUT NOW)","","","calm_or_self_care_benchmark_possible","","2026-05-31T04:45:48.322Z","medium_low","ok"
"Pyramid Chase","ansimuzVerified Account","web_game","itch_tag_page","itch.io","https://ansimuz.itch.io/pyramid-chase","mindfulness","meditation","meditation","1","17","Simulation","","","unknown_or_free","","","Negative Thinking can literally Kill You!","","","calm_or_self_care_benchmark_possible","","2026-05-31T04:45:48.322Z","medium_low","ok"
"Ozwomp's Voyage","Loom / Melonking","web_game","itch_tag_page","itch.io","https://melonking.itch.io/ozwomps-voyage","mindfulness","meditation","meditation","1","19","itch.io game","","","unknown_or_free","","","A meditative flight through other worlds :^]","","","calm_or_self_care_benchmark_possible","","2026-05-31T04:45:48.323Z","medium_low","ok"
"Oceanarium","Palgal","web_game","itch_tag_page","itch.io","https://palgal.itch.io/oceanarium","mindfulness","meditation","meditation","1","21","itch.io game","","","unknown_or_free","","","a trippy underwater adventure game","","","calm_or_self_care_benchmark_possible","","2026-05-31T04:45:48.323Z","medium_low","ok"
"Oomy","Bloof","web_game","itch_tag_page","itch.io","https://bloofbloof.itch.io/oomy","mindfulness","meditation","meditation","1","23","Adventure","","","unknown_or_free","","","","","","calm_or_self_care_benchmark_possible","","2026-05-31T04:45:48.323Z","medium_low","ok"
"Medivination","Bloof","web_game","itch_tag_page","itch.io","https://bloofbloof.itch.io/medivination","mindfulness","meditation","meditation","1","25","Interactive Fiction","","","unknown_or_free","","","Relax while having a reading","","","calm_or_self_care_benchmark_possible","","2026-05-31T04:45:48.323Z","medium_low","ok"
"Cosmic Flow: A Relaxing VR Experience","vedev","web_game","itch_tag_page","itch.io","https://vedev.itch.io/cosmic-flow","mindfulness","meditation","meditation","1","27","itch.io game","","","unknown_or_free","","","A relaxing visual experience, an audio-visual massage for the mind, a kaleidoscopic meditation.","","","calm_or_self_care_benchmark_possible","","2026-05-31T04:45:48.323Z","medium_low","ok"
"Introspectus","Dialobic","web_game","itch_tag_page","itch.io","https://dialobic.itch.io/introspectus","mindfulness","meditation","meditation","1","29","Adventure","","","unknown_or_free","","","Descend into your inner self and experience some dream states.","","","calm_or_self_care_benchmark_possible","","2026-05-31T04:45:48.323Z","medium_low","ok"
"kno","Krish Shrikumar","web_game","itch_tag_page","itch.io","https://vismaya.itch.io/kno","mindfulness","meditation","meditation","1","31","Simulation","","","unknown_or_free","","","A game that helps you practise a form of mindful journaling for clarity of mind.","","","calm_or_self_care_benchmark_possible","","2026-05-31T04:45:48.323Z","medium_low","ok"
"Soften, Soothe, Allow","AdrianGenerator","web_game","itch_tag_page","itch.io","https://adrianadrian.itch.io/soften-soothe-allow","mindfulness","meditation","meditation","1","33","itch.io game","","","unknown_or_free","","","Generative, Interactive Guided Self Compassion Meditation","","","calm_or_self_care_benchmark_possible","","2026-05-31T04:45:48.323Z","medium_low","ok"
"Isle of Eden","Jon Tiburzi","web_game","itch_tag_page","itch.io","https://jontiburzi.itch.io/isle-of-eden","mindfulness","meditation","meditation","1","35","itch.io game","","","unknown_or_free","","","Don't rush yourself — the end may arrive before you are ready to get there.","","","calm_or_self_care_benchmark_possible","","2026-05-31T04:45:48.324Z","medium_low","ok"
"The Cosmic Looking Glass","Howell XR","web_game","itch_tag_page","itch.io","https://howell-xr.itch.io/the-cosmic-looking-glass","mindfulness","meditation","meditation","1","37","Simulation","","","unknown_or_free","","","A Guided VR Meditation","","","calm_or_self_care_benchmark_possible","","2026-05-31T04:45:48.324Z","medium_low","ok"
"Visitations","light.clinic","web_game","itch_tag_page","itch.io","https://lightclinic.itch.io/visitations","mindfulness","meditation","meditation","1","39","itch.io game","","","$9.99","","","A collection of vignettes designed to relax, entrance, and enhance the viewer’s state of mind.","","","calm_or_self_care_benchmark_possible","Visible itch price label: $9.99","2026-05-31T04:45:48.324Z","medium_low","ok"
"LotusMeditation","Dialobic","web_game","itch_tag_page","itch.io","https://dialobic.itch.io/lotusmeditation","mindfulness","meditation","meditation","1","41","Puzzle","","","unknown_or_free","","","BeAsYouAre : Lotus Meditation","","","calm_or_self_care_benchmark_possible","","2026-05-31T04:45:48.324Z","medium_low","ok"
"Autumn","Bit Outside the Box","web_game","itch_tag_page","itch.io","https://nunodonato.itch.io/autumn","mindfulness","meditation","meditation","1","43","Educational","","","2.99€","","","","","","calm_or_self_care_benchmark_possible","Visible itch price label: 2.99€","2026-05-31T04:45:48.324Z","medium_low","ok"
"ZenVR Demo","Satori_Studios","web_game","itch_tag_page","itch.io","https://satori-studios.itch.io/zenvr","mindfulness","meditation","meditation","1","45","Educational","","","unknown_or_free","","","ZenVR is a virtual reality meditation classroom, with a curated curriculum of lessons and a virtual teacher","","","calm_or_self_care_benchmark_possible","","2026-05-31T04:45:48.324Z","medium_low","ok"
"GIF","Oniria World","web_game","itch_tag_page","itch.io","https://oniriaworld.itch.io/oniria-rooms-3","mindfulness","meditation","meditation","1","47","Interactive Fiction","","","unknown_or_free","","","Resuelve el misterio del cuarto de Cris.","","","calm_or_self_care_benchmark_possible","","2026-05-31T04:45:48.324Z","medium_low","ok"
"PLAYNE : The Meditation Game","Krish Shrikumar","web_game","itch_tag_page","itch.io","https://vismaya.itch.io/playne","mindfulness","meditation","meditation","1","49","Simulation","","","$14.99","","","A game designed to help improve mental well-being by helping players build a daily habit of meditation.","","","calm_or_self_care_benchmark_possible","Visible itch price label: $14.99","2026-05-31T04:45:48.324Z","medium_low","ok"
"Outlast Life","Glitched Bytes","web_game","itch_tag_page","itch.io","https://glitched-bytes.itch.io/outlast-life","mindfulness","meditation","meditation","1","51","Simulation","","","unknown_or_free","","","Sit. Meditate. Watch the world change around you. An idle game about chakras, rebirth and the meaning of life.","","","calm_or_self_care_benchmark_possible","","2026-05-31T04:45:48.324Z","medium_low","ok"
"Relaxation Randomizer","Bloof","web_game","itch_tag_page","itch.io","https://bloofbloof.itch.io/relaxation-randomizer","mindfulness","meditation","meditation","1","53","itch.io game","","","unknown_or_free","","","Randomly generate relaxing audio, visuals and text!","","","calm_or_self_care_benchmark_possible","","2026-05-31T04:45:48.325Z","medium_low","ok"
"Presence","AmesyFlo","web_game","itch_tag_page","itch.io","https://amesyflo.itch.io/presence","mindfulness","meditation","meditation","1","55","itch.io game","","","unknown_or_free","","","Grow a garden by opening your mind, losing yourself in exploration of a virtual world.","","","calm_or_self_care_benchmark_possible","","2026-05-31T04:45:48.325Z","medium_low","ok"
"But to Paint a Universe","JMJ Interactive","web_game","itch_tag_page","itch.io","https://jmj.itch.io/but-to-paint-a-universe","mindfulness","meditation","meditation","1","57","Puzzle","","","$5.99","","","A casual puzzle game, telling the story of a little girls struggle to restore a broken sky.","","","calm_or_self_care_benchmark_possible","Visible itch price label: $5.99","2026-05-31T04:45:48.325Z","medium_low","ok"
"2nd Monster","FLAWLABS","web_game","itch_tag_page","itch.io","https://flawlabs.itch.io/2nd-monster","mindfulness","meditation","meditation","1","59","itch.io game","","","unknown_or_free","","","​VR-meditation","","","calm_or_self_care_benchmark_possible","","2026-05-31T04:45:48.325Z","medium_low","ok"
"GIF","yogicbear","web_game","itch_tag_page","itch.io","https://yogicbear.itch.io/samadhi","mindfulness","meditation","meditation","1","61","itch.io game","","","unknown_or_free","","","","","","calm_or_self_care_benchmark_possible","","2026-05-31T04:45:48.325Z","medium_low","ok"
"Atopie","Lesli__e","web_game","itch_tag_page","itch.io","https://leslieastier.itch.io/atopie","mindfulness","meditation","meditation","1","63","Role Playing","","","unknown_or_free","","","A meditation on skin written by a topical eczema carrier.","","","calm_or_self_care_benchmark_possible","","2026-05-31T04:45:48.325Z","medium_low","ok"
"Staircase: A Guided Meditation","Cercle Games","web_game","itch_tag_page","itch.io","https://cercle.itch.io/staircase","mindfulness","meditation","meditation","1","65","itch.io game","","","unknown_or_free","","","A Digital Tool for Introspection and Self Discovery","","","calm_or_self_care_benchmark_possible","","2026-05-31T04:45:48.325Z","medium_low","ok"
"Realms of Flow | VR","epicscapes","web_game","itch_tag_page","itch.io","https://epicscapes.itch.io/realms-of-flow","mindfulness","meditation","meditation","1","67","itch.io game","","","$14.99","","","Calm your mind and drift away within the endless Realms of Flow.","","","calm_or_self_care_benchmark_possible","Visible itch price label: $14.99","2026-05-31T04:45:48.325Z","medium_low","ok"
"Eden River HD: A Virtual Reality Relaxation Experience - Early Access","UnelloDesign","web_game","itch_tag_page","itch.io","https://unellodesign.itch.io/eden-river-a-virtual-reality-relaxation-experience","mindfulness","meditation","meditation","1","69","Adventure","","","$9.99","","","Experience Virtual Nature in Eden River","","","calm_or_self_care_benchmark_possible","Visible itch price label: $9.99","2026-05-31T04:45:48.326Z","medium_low","ok"
"Breathe","Aaron El Sabrout","web_game","itch_tag_page","itch.io","https://toreachpoise.itch.io/breathe","mindfulness","meditation","meditation","1","71","Interactive Fiction","","","unknown_or_free","","","a choose your own adventure meditation","","","calm_or_self_care_benchmark_possible","","2026-05-31T04:45:48.326Z","medium_low","ok"
"An Infinite Calm","The Lemur Conspiracy","web_game","itch_tag_page","itch.io","https://thelemurconspiracy.itch.io/an-infinite-calm","mindfulness","meditation","meditation","2","1","Puzzle","","","$5","","","Endless Calming Puzzles","","","calm_or_self_care_benchmark_possible","Visible itch price label: $5","2026-05-31T04:45:48.665Z","medium_low","ok"
"Ears Are Burning","Thoughty by Beau Jágr Sheldon","web_game","itch_tag_page","itch.io","https://thoughty.itch.io/ears-are-burning","mindfulness","meditation","meditation","2","3","itch.io game","","","$1","","","","","","calm_or_self_care_benchmark_possible","Visible itch price label: $1","2026-05-31T04:45:48.665Z","medium_low","ok"
"GIF","Ludipe","web_game","itch_tag_page","itch.io","https://ludipe.itch.io/noche-de-reyes","mindfulness","meditation","meditation","2","5","itch.io game","","","unknown_or_free","","","Tiny game about the death of my grandfather as part of the meditations project","","","calm_or_self_care_benchmark_possible","","2026-05-31T04:45:48.665Z","medium_low","ok"
"Memento Mori","mofthomp","web_game","itch_tag_page","itch.io","https://mofthomp.itch.io/memento-mori","mindfulness","meditation","meditation","2","7","itch.io game","","","unknown_or_free","","","A 5-15 minute meditation on your death and future corpse.","","","calm_or_self_care_benchmark_possible","","2026-05-31T04:45:48.665Z","medium_low","ok"
"sun laze","Lesli__e","web_game","itch_tag_page","itch.io","https://leslieastier.itch.io/sun-laze","mindfulness","meditation","meditation","2","9","Simulation","","","unknown_or_free","","","This couch welcomes everyone for a short break under the sun.","","","calm_or_self_care_benchmark_possible","","2026-05-31T04:45:48.665Z","medium_low","ok"
"GIF","AYolland","web_game","itch_tag_page","itch.io","https://ayolland.itch.io/meditation","mindfulness","meditation","meditation","2","11","itch.io game","","","unknown_or_free","","","a short meditation on grief","","","calm_or_self_care_benchmark_possible","","2026-05-31T04:45:48.665Z","medium_low","ok"
"GIF","Samantha E. Schaffer (~Rina)","web_game","itch_tag_page","itch.io","https://tilderina.itch.io/omega-ceti-astralis","mindfulness","meditation","meditation","2","13","itch.io game","","","unknown_or_free","","","Meditative journey through space.","","","calm_or_self_care_benchmark_possible","","2026-05-31T04:45:48.665Z","medium_low","ok"
"Pandemic Diary","vian nguyen","web_game","itch_tag_page","itch.io","https://jubnuggets.itch.io/pandemic-diary","mindfulness","meditation","meditation","2","15","itch.io game","","","unknown_or_free","","","ive spent a lot of time with myself and i have a lot of thoughts actually","","","calm_or_self_care_benchmark_possible","","2026-05-31T04:45:48.666Z","medium_low","ok"
"Lake Serene","Reval Indie House","web_game","itch_tag_page","itch.io","https://reval_indie_house.itch.io/lakeserene","mindfulness","meditation","meditation","2","17","itch.io game","","","unknown_or_free","","","A stress relieving, relaxing meditative exploration game with the aim to teach concentration and patience.","","","calm_or_self_care_benchmark_possible","","2026-05-31T04:45:48.666Z","medium_low","ok"
"GIF","Oniria World","web_game","itch_tag_page","itch.io","https://oniriaworld.itch.io/oniria-rooms-2","mindfulness","meditation","meditation","2","19","Interactive Fiction","","","unknown_or_free","","","Resuelve el misterio del cuarto del té.","","","calm_or_self_care_benchmark_possible","","2026-05-31T04:45:48.666Z","medium_low","ok"
"Delicate Thread","jamforleelah53","web_game","itch_tag_page","itch.io","https://jamforleelah53.itch.io/delicate-thread","mindfulness","meditation","meditation","2","21","Action","","","unknown_or_free","","","Some memories are hard to forget","","","calm_or_self_care_benchmark_possible","","2026-05-31T04:45:48.666Z","medium_low","ok"
"GIF","Rémi Töötätä","web_game","itch_tag_page","itch.io","https://remi-tootata.itch.io/september-1st","mindfulness","meditation","meditation","2","23","Simulation","","","unknown_or_free","","","A walk back home after your first day of work","","","calm_or_self_care_benchmark_possible","","2026-05-31T04:45:48.666Z","medium_low","ok"
"Enlightenment","UndergroundGames","web_game","itch_tag_page","itch.io","https://undergroundgamess.itch.io/enlightenment","mindfulness","meditation","meditation","2","25","Platformer","","","unknown_or_free","","","Meditation inspired platformer","","","calm_or_self_care_benchmark_possible","","2026-05-31T04:45:48.666Z","medium_low","ok"
"There is No End","Barney","web_game","itch_tag_page","itch.io","https://barney25052.itch.io/there-is-no-end","mindfulness","meditation","meditation","2","27","Simulation","","","unknown_or_free","","","A game where you roll a boulder for eternity.","","","calm_or_self_care_benchmark_possible","","2026-05-31T04:45:48.666Z","medium_low","ok"
"Sequence: Chapter 1","Brendan Lehman","web_game","itch_tag_page","itch.io","https://consciousless.itch.io/sequence-chapter-1","mindfulness","meditation","meditation","2","29","itch.io game","","","unknown_or_free","","","The Prebiotic Soup","","","calm_or_self_care_benchmark_possible","","2026-05-31T04:45:48.667Z","medium_low","ok"
"nirvana","Vakloca","web_game","itch_tag_page","itch.io","https://vakloca.itch.io/nirvana","mindfulness","meditation","meditation","2","31","Rhythm","","","unknown_or_free","","","Avoid the annoyances and stay balanced!","","","calm_or_self_care_benchmark_possible","","2026-05-31T04:45:48.667Z","medium_low","ok"
"GIF","Ema","web_game","itch_tag_page","itch.io","https://puree-adventure.itch.io/pulsepop","mindfulness","meditation","meditation","2","33","itch.io game","","","unknown_or_free","","","Practice cardiac coherence in your own cosy space","","","calm_or_self_care_benchmark_possible","","2026-05-31T04:45:48.667Z","medium_low","ok"
"GIF","Beetle","web_game","itch_tag_page","itch.io","https://mutantcassidy.itch.io/the-moth-oracles-poem","mindfulness","meditation","meditation","2","35","itch.io game","","","unknown_or_free","","","A poetry mediation on appreciation of all things.","","","calm_or_self_care_benchmark_possible","","2026-05-31T04:45:48.667Z","medium_low","ok"
"The Deep and Forever; or the Joy of Falling Upward","TarzanNoZ","web_game","itch_tag_page","itch.io","https://tarzannoz.itch.io/the-deep-and-forever","mindfulness","meditation","meditation","2","37","itch.io game","","","unknown_or_free","","","A game about exploration, imagination, and the Upward journey home.","","","calm_or_self_care_benchmark_possible","","2026-05-31T04:45:48.667Z","medium_low","ok"
"A Day In The Forest (VR)","TempWorks","web_game","itch_tag_page","itch.io","https://tempworks.itch.io/a-day-in-the-forest-vr","mindfulness","meditation","meditation","2","39","itch.io game","","","unknown_or_free","","","The game is a VR experience based on relaxation and meditation.","","","calm_or_self_care_benchmark_possible","","2026-05-31T04:45:48.667Z","medium_low","ok"
"V A P O R ::: R E E F ///","indierocktopus","web_game","itch_tag_page","itch.io","https://indierocktopus.itch.io/vaporreef","mindfulness","meditation","meditation","2","41","itch.io game","","","unknown_or_free","","","A rad neon VaporWave Reef","","","calm_or_self_care_benchmark_possible","","2026-05-31T04:45:48.667Z","medium_low","ok"
"GIF","Riley Neville","web_game","itch_tag_page","itch.io","https://sbug.itch.io/little-forest-simulator","mindfulness","meditation","meditation","2","43","Simulation","","","unknown_or_free","","","Sit back and enjoy the trees","","","calm_or_self_care_benchmark_possible","","2026-05-31T04:45:48.668Z","medium_low","ok"
"Clarity","Penlovely","web_game","itch_tag_page","itch.io","https://penlovely.itch.io/clarity","mindfulness","meditation","meditation","2","45","Puzzle","","","unknown_or_free","","","A short spatial audio game made for a Game a Week challenge.","","","calm_or_self_care_benchmark_possible","","2026-05-31T04:45:48.668Z","medium_low","ok"
"Going for a Nice Walk: The Videogame","TomBattey","web_game","itch_tag_page","itch.io","https://tombattey.itch.io/gfanw","mindfulness","meditation","meditation","2","47","itch.io game","","","unknown_or_free","","","Go for a nice walk, and see all the things you might see whilst on a nice walk.","","","calm_or_self_care_benchmark_possible","","2026-05-31T04:45:48.668Z","medium_low","ok"
"Sit with Death","catch all","web_game","itch_tag_page","itch.io","https://catchall.itch.io/sit-with-death","mindfulness","meditation","meditation","2","49","itch.io game","","","unknown_or_free","","","Death has invited you to sit with her.","","","calm_or_self_care_benchmark_possible","","2026-05-31T04:45:48.668Z","medium_low","ok"
"Kai UnEarthed","KaiUnEarthed","web_game","itch_tag_page","itch.io","https://kaiunearthed.itch.io/kai-unearthed","mindfulness","meditation","meditation","2","51","Interactive Fiction","","","unknown_or_free","","","A meditation on unpoliced futures healing from climate change","","","calm_or_self_care_benchmark_possible","","2026-05-31T04:45:48.668Z","medium_low","ok"
"Sound Bath","tapesclub","web_game","itch_tag_page","itch.io","https://tapesclub.itch.io/soundbath","mindfulness","meditation","meditation","2","53","itch.io game","","","unknown_or_free","","","Simulation of an Integratron-style sound bath. Play 22 singing ""crystal bowls,"" get those chakras in line","","","calm_or_self_care_benchmark_possible","","2026-05-31T04:45:48.668Z","medium_low","ok"
"GIF","BassRadian","web_game","itch_tag_page","itch.io","https://bassradian.itch.io/eisodos","mindfulness","meditation","meditation","2","55","Strategy","","","unknown_or_free","","","A philosophical idle game. The crystal watches back.","","","calm_or_self_care_benchmark_possible","","2026-05-31T04:45:48.668Z","medium_low","ok"
"Gamshal: The Forsaken Monk","YakGames","web_game","itch_tag_page","itch.io","https://yakgames.itch.io/gamshal","mindfulness","meditation","meditation","2","57","Puzzle","","","unknown_or_free","","","","","","calm_or_self_care_benchmark_possible","","2026-05-31T04:45:48.668Z","medium_low","ok"
"ONIRIA ROOMS 4","Oniria World","web_game","itch_tag_page","itch.io","https://oniriaworld.itch.io/oniria-rooms-4","mindfulness","meditation","meditation","2","59","Interactive Fiction","","","unknown_or_free","","","Ayuda a April a mudarse","","","calm_or_self_care_benchmark_possible","","2026-05-31T04:45:48.669Z","medium_low","ok"
"Lighthouse","Marianne Vieulès","web_game","itch_tag_page","itch.io","https://mariannevieules.itch.io/lighthouse","mindfulness","meditation","meditation","2","61","Rhythm","","","unknown_or_free","","","","","","calm_or_self_care_benchmark_possible","","2026-05-31T04:45:48.669Z","medium_low","ok"
"Vessels of the Stars","naniloit","web_game","itch_tag_page","itch.io","https://naniloit.itch.io/vessels-of-the-stars","mindfulness","meditation","meditation","2","63","Adventure","","","unknown_or_free","","","Relax and explore a meditative, otherworldly environment.","","","calm_or_self_care_benchmark_possible","","2026-05-31T04:45:48.669Z","medium_low","ok"
"Bacteria","Pinkerator","web_game","itch_tag_page","itch.io","https://pinkerator.itch.io/bacteria","mindfulness","meditation","meditation","2","65","Puzzle","","","$0.99","","","This game is based on the rules of the cellular automaton 'Life' created by John Horton Conway in 1970.","","","calm_or_self_care_benchmark_possible","Visible itch price label: $0.99","2026-05-31T04:45:48.669Z","medium_low","ok"
"Meditation Journey","schw3de","web_game","itch_tag_page","itch.io","https://schw3de.itch.io/meditation-journey","mindfulness","meditation","meditation","2","67","itch.io game","","","unknown_or_free","","","Practice meditation","","","calm_or_self_care_benchmark_possible","","2026-05-31T04:45:48.669Z","medium_low","ok"
"GIF","Matt Beckett","web_game","itch_tag_page","itch.io","https://mattbeckett.itch.io/group-chat","mindfulness","meditation","meditation","2","69","itch.io game","","","unknown_or_free","","","All Walking No Talking","","","calm_or_self_care_benchmark_possible","","2026-05-31T04:45:48.669Z","medium_low","ok"
"aaaaaaaaaaaaaaaaaaaaaaaaaaaaaaaaaaaaaaaaaaaaaaaaaaaaaaaaaaaaaaaaaaaaaaaaaaaaaaaaaaaaaaaaaaaaaaaaaaaaaaaaaaaaaaaaaaaaaaa","nat_pussy","web_game","itch_tag_page","itch.io","https://nat-pussy.itch.io/meditation","mindfulness","meditation","meditation","2","71","itch.io game","","","unknown_or_free","","","Originally made in 2018 for the Meditations project","","","calm_or_self_care_benchmark_possible","","2026-05-31T04:45:48.669Z","medium_low","ok"
"empty canvas","pragmascript","web_game","itch_tag_page","itch.io","https://pragmascript.itch.io/empty-canvas","mindfulness","meditation","meditation","3","1","Simulation","","","unknown_or_free","","","","","","calm_or_self_care_benchmark_possible","","2026-05-31T04:45:49.033Z","medium_low","ok"
"Puzzles","BaptisteBillet","web_game","itch_tag_page","itch.io","https://baptistebillet.itch.io/puzzles","mindfulness","meditation","meditation","3","3","itch.io game","","","unknown_or_free","","","Meditation game 29 April 2019","","","calm_or_self_care_benchmark_possible","","2026-05-31T04:45:49.034Z","medium_low","ok"
"Tempest","maeli","web_game","itch_tag_page","itch.io","https://maeli.itch.io/tempest","mindfulness","meditation","meditation","3","5","Simulation","","","unknown_or_free","","","storm simulator...","","","calm_or_self_care_benchmark_possible","","2026-05-31T04:45:49.034Z","medium_low","ok"
"Immaculate Museum (Please Don't Touch)","Law Watusi","web_game","itch_tag_page","itch.io","https://lawwatusi.itch.io/please-dont-touch","mindfulness","meditation","meditation","3","7","Simulation","","","unknown_or_free","","","A Meditative game about ruining things","","","calm_or_self_care_benchmark_possible","","2026-05-31T04:45:49.034Z","medium_low","ok"
"Meditation","ThePolarGame","web_game","itch_tag_page","itch.io","https://thepolargame.itch.io/meditation","mindfulness","meditation","meditation","3","9","Simulation","","","unknown_or_free","","","train to avoid evil thoughts","","","calm_or_self_care_benchmark_possible","","2026-05-31T04:45:49.034Z","medium_low","ok"
"Not a Race","Ahmed Khalifa (Amidos2006)","web_game","itch_tag_page","itch.io","https://amidos2006.itch.io/not-a-race","mindfulness","meditation","meditation","3","11","Simulation","","","unknown_or_free","","","A meditation game about life not being a race.","","","calm_or_self_care_benchmark_possible","","2026-05-31T04:45:49.034Z","medium_low","ok"
"FreeBee","orbro","web_game","itch_tag_page","itch.io","https://orbro.itch.io/freebee","mindfulness","meditation","meditation","3","13","itch.io game","","","unknown_or_free","","","You are a bee, but the pollinating ways of your people tire you. You want to get kisses!","","","calm_or_self_care_benchmark_possible","","2026-05-31T04:45:49.034Z","medium_low","ok"
"The Silent Retreat Game","Anna Salsaeva","web_game","itch_tag_page","itch.io","https://annasalsaeva.itch.io/the-silent-retrit-game","mindfulness","meditation","meditation","3","15","Survival","","","unknown_or_free","","","A game about anger and suffering in meditation","","","calm_or_self_care_benchmark_possible","","2026-05-31T04:45:49.035Z","medium_low","ok"
"murmuro","maeli","web_game","itch_tag_page","itch.io","https://maeli.itch.io/murmuro","mindfulness","meditation","meditation","3","17","itch.io game","","","unknown_or_free","","","meditative drone experience","","","calm_or_self_care_benchmark_possible","","2026-05-31T04:45:49.035Z","medium_low","ok"
"Russian Hut: Rebuild","TimirlanKenji","web_game","itch_tag_page","itch.io","https://timirlankenji.itch.io/russian-hut-rebuild","mindfulness","meditation","meditation","3","19","itch.io game","","","unknown_or_free","","","Start building a true Russian skyscraper","","","calm_or_self_care_benchmark_possible","","2026-05-31T04:45:49.035Z","medium_low","ok"
"GIF","svblm","web_game","itch_tag_page","itch.io","https://svblm.itch.io/sph","mindfulness","meditation","meditation","3","21","itch.io game","","","unknown_or_free","","","Some kind of nostalgia machine by @JakeCataford and @ddambba","","","calm_or_self_care_benchmark_possible","","2026-05-31T04:45:49.035Z","medium_low","ok"
"detach","jepotastic","web_game","itch_tag_page","itch.io","https://jepotastic.itch.io/detach","mindfulness","meditation","meditation","3","23","itch.io game","","","unknown_or_free","","","it's for your own good","","","calm_or_self_care_benchmark_possible","","2026-05-31T04:45:49.035Z","medium_low","ok"
"GIF","goofanader","web_game","itch_tag_page","itch.io","https://goofanader.itch.io/meditation-bump","mindfulness","meditation","meditation","3","25","Survival","","","unknown_or_free","","","Bump away your worldly desires during meditation!","","","calm_or_self_care_benchmark_possible","","2026-05-31T04:45:49.035Z","medium_low","ok"
"无 Nothing","zitaoye","web_game","itch_tag_page","itch.io","https://yezi.itch.io/nothing","mindfulness","meditation","meditation","3","27","itch.io game","","","unknown_or_free","","","zen-like meditation game experiments.","","","calm_or_self_care_benchmark_possible","","2026-05-31T04:45:49.035Z","medium_low","ok"
"Come Back Too","JigmeDatse","web_game","itch_tag_page","itch.io","https://jigmedatse.itch.io/come-back-too","mindfulness","meditation","meditation","3","29","Interactive Fiction","","","unknown_or_free","","","A Game about Meditation","","","calm_or_self_care_benchmark_possible","","2026-05-31T04:45:49.036Z","medium_low","ok"
"let them push","pancelor","web_game","itch_tag_page","itch.io","https://pancelor.itch.io/let-them-push","mindfulness","meditation","meditation","3","31","Simulation","","","unknown_or_free","","","sokoban garden","","","calm_or_self_care_benchmark_possible","","2026-05-31T04:45:49.036Z","medium_low","ok"
"Harambe Tribute (Mini Meditation Game)","CamCommand","web_game","itch_tag_page","itch.io","https://camcommand.itch.io/harambe-tribute-mini-meditation-game","mindfulness","meditation","meditation","3","33","itch.io game","","","unknown_or_free","","","RIP my mans","","","calm_or_self_care_benchmark_possible","","2026-05-31T04:45:49.036Z","medium_low","ok"
"Timeless World","Justin Scott Bieshaar","web_game","itch_tag_page","itch.io","https://justinbieshaar.itch.io/timeless-world","mindfulness","meditation","meditation","3","35","Simulation","","","unknown_or_free","","","Unity 20th anniversary game jam submission","","","calm_or_self_care_benchmark_possible","","2026-05-31T04:45:49.036Z","medium_low","ok"
"GIF","g00sie","web_game","itch_tag_page","itch.io","https://g00sie.itch.io/looking-for","mindfulness","meditation","meditation","3","37","itch.io game","","","unknown_or_free","","","a meditative bitsy game","","","calm_or_self_care_benchmark_possible","","2026-05-31T04:45:49.036Z","medium_low","ok"
"Spirit of Uku: One Frog Can Make a Difference (Narrative Driven Jam #7)","Patrick Knisely (Pdyx)","web_game","itch_tag_page","itch.io","https://pdyx.itch.io/spirit-of-uku","mindfulness","meditation","meditation","3","39","itch.io game","","","unknown_or_free","","","A meditation on modern life through the lens of a red-eyed tree frog's life cycle, made for Narrative Driven Jam #7.","","","calm_or_self_care_benchmark_possible","","2026-05-31T04:45:49.036Z","medium_low","ok"
"Virtual Sound Bath","HugeBeatz","web_game","itch_tag_page","itch.io","https://hugebeatz.itch.io/vsb","mindfulness","meditation","meditation","3","41","Simulation","","","$2.99","","","Meditative sound bath experience","","","calm_or_self_care_benchmark_possible","Visible itch price label: $2.99","2026-05-31T04:45:49.037Z","medium_low","ok"
"Unstated","amy","web_game","itch_tag_page","itch.io","https://amyanycoder.itch.io/unstated","mindfulness","meditation","meditation","3","43","itch.io game","","","unknown_or_free","","","Probably in the top 95% of meditation-em-ups","","","calm_or_self_care_benchmark_possible","","2026-05-31T04:45:49.037Z","medium_low","ok"
"Cubes Draw Meditation","oxintrix","web_game","itch_tag_page","itch.io","https://oxintrix.itch.io/cubes-draw-meditation","mindfulness","meditation","meditation","3","45","itch.io game","","","unknown_or_free","","","","","","calm_or_self_care_benchmark_possible","","2026-05-31T04:45:49.037Z","medium_low","ok"
"Synapse","Dark4ce","web_game","itch_tag_page","itch.io","https://dark4ce.itch.io/synapse","mindfulness","meditation","meditation","3","47","itch.io game","","","unknown_or_free","","","A meditative game of thought","","","calm_or_self_care_benchmark_possible","","2026-05-31T04:45:49.037Z","medium_low","ok"
"Cafe Calm","tomputergames","web_game","itch_tag_page","itch.io","https://tomputergames.itch.io/cafe-calm","mindfulness","meditation","meditation","3","49","Interactive Fiction","","","unknown_or_free","","","Take five minutes to yourself with a coffee.","","","calm_or_self_care_benchmark_possible","","2026-05-31T04:45:49.037Z","medium_low","ok"
"Mandala","lemgandi","web_game","itch_tag_page","itch.io","https://lemgandi.itch.io/mandala","mindfulness","meditation","meditation","3","51","Puzzle","","","unknown_or_free","","","Make amazing moving patterns on your Playdate","","","calm_or_self_care_benchmark_possible","","2026-05-31T04:45:49.037Z","medium_low","ok"
"contemplamento","José Luiz","web_game","itch_tag_page","itch.io","https://joseluizof.itch.io/contemplamento","mindfulness","meditation","meditation","3","53","itch.io game","","","unknown_or_free","","","","","","calm_or_self_care_benchmark_possible","","2026-05-31T04:45:49.038Z","medium_low","ok"
"Soul Sand","Rithm Gaming","web_game","itch_tag_page","itch.io","https://rithmgaming.itch.io/soul-sand","mindfulness","meditation","meditation","3","55","itch.io game","","","unknown_or_free","","","Draw in the sand and relax","","","calm_or_self_care_benchmark_possible","","2026-05-31T04:45:49.038Z","medium_low","ok"
"GIF","soeyzandiego","web_game","itch_tag_page","itch.io","https://soeyzandiego.itch.io/orbit","mindfulness","meditation","meditation","3","57","itch.io game","","","unknown_or_free","","","The Sun is the center of everything","","","calm_or_self_care_benchmark_possible","","2026-05-31T04:45:49.038Z","medium_low","ok"
"A Game About Breathing","The Code Otter","web_game","itch_tag_page","itch.io","https://thecodeotter.itch.io/a-game-about-breathing","mindfulness","meditation","meditation","3","59","Simulation","","","unknown_or_free","","","The loop of life","","","calm_or_self_care_benchmark_possible","","2026-05-31T04:45:49.038Z","medium_low","ok"
"RefugeVR: Virtual reality meditation","RefugeVR","web_game","itch_tag_page","itch.io","https://refugevr.itch.io/refugevr","mindfulness","meditation","meditation","3","61","Simulation","","","$4.99","","","RefugeVR is a series of guided and unguided VR meditations that allows solitude anywhere.","","","calm_or_self_care_benchmark_possible","Visible itch price label: $4.99","2026-05-31T04:45:49.038Z","medium_low","ok"
"Project Seedcraft","Indoor Sunglasses","web_game","itch_tag_page","itch.io","https://indoorsunglasses.itch.io/seedcraft","mindfulness","meditation","meditation","3","63","Simulation","","","unknown_or_free","","","Tiny sandbox with modular plants","","","calm_or_self_care_benchmark_possible","","2026-05-31T04:45:49.038Z","medium_low","ok"
"GIF","omnipudding","web_game","itch_tag_page","itch.io","https://omnipudding.itch.io/geom","mindfulness","meditation","meditation","3","65","itch.io game","","","unknown_or_free","","","Fly over an endless ocean controlling abstract geometry with your movements","","","calm_or_self_care_benchmark_possible","","2026-05-31T04:45:49.038Z","medium_low","ok"
"ASMR Universe","ColossalWreck","web_game","itch_tag_page","itch.io","https://colossalwreck.itch.io/asmr-universe","mindfulness","meditation","meditation","3","67","Simulation","","","$3","","","A game for creating custom ASMR soundscapes","","","calm_or_self_care_benchmark_possible","Visible itch price label: $3","2026-05-31T04:45:49.039Z","medium_low","ok"
"VR Meditation - Skyrun","pkosyakov","web_game","itch_tag_page","itch.io","https://pkosyakov.itch.io/vrmeditation","mindfulness","meditation","meditation","3","69","itch.io game","","","unknown_or_free","","","You are welcome to meditate and enjoy the atmosphere of peace and fantsatic run of time in a silence high in mountains.","","","calm_or_self_care_benchmark_possible","","2026-05-31T04:45:49.039Z","medium_low","ok"
"MediVRation","Timps","web_game","itch_tag_page","itch.io","https://timps.itch.io/medivration","mindfulness","meditation","meditation","3","71","itch.io game","","","unknown_or_free","","","A simple VR experience allowing you to relax and meditate in the rain.","","","calm_or_self_care_benchmark_possible","","2026-05-31T04:45:49.039Z","medium_low","ok"
"Marketfield","pollikk_studios","web_game","itch_tag_page","itch.io","https://pollikk-studios.itch.io/marketfield","mindfulness","relaxing","relaxing","1","1","Strategy","","","unknown_or_free","","","1200+ upgrades, automation, synergies, and prestige progression in this cozy farming incremental.","","","calm_or_self_care_benchmark_possible","","2026-05-31T04:45:49.281Z","medium_low","ok"
"Kenney Solitaire","KenneyVerified Account","web_game","itch_tag_page","itch.io","https://kenney.itch.io/kenney-solitaire","mindfulness","relaxing","relaxing","1","3","Card Game","","","unknown_or_free","","","A smooth & free solitaire experience ♠️","","","calm_or_self_care_benchmark_possible","","2026-05-31T04:45:49.282Z","medium_low","ok"
"Planet No More","Wise Monke Entertainment Studio","web_game","itch_tag_page","itch.io","https://wisemonkees.itch.io/planet-no-more","mindfulness","relaxing","relaxing","1","5","itch.io game","","","unknown_or_free","","","An incremental planet destruction game.","","","calm_or_self_care_benchmark_possible","","2026-05-31T04:45:49.282Z","medium_low","ok"
"Mowlie","fanimato","web_game","itch_tag_page","itch.io","https://fanimato.itch.io/mowlie","mindfulness","relaxing","relaxing","1","7","Adventure","","","unknown_or_free","","","Embark with a little owl on a journey to fulfill an ancient prophecy!","","","calm_or_self_care_benchmark_possible","","2026-05-31T04:45:49.282Z","medium_low","ok"
"Different Strokes","ScotttS","web_game","itch_tag_page","itch.io","https://scottts.itch.io/different-strokes","mindfulness","relaxing","relaxing","1","9","itch.io game","","","unknown_or_free","","","Collaborative Online Painting Game","","","calm_or_self_care_benchmark_possible","","2026-05-31T04:45:49.282Z","medium_low","ok"
"Taiyaki Fabulous Museum of Fish","objetdiscret","web_game","itch_tag_page","itch.io","https://objetdiscret.itch.io/tai-fab-museum","mindfulness","relaxing","relaxing","1","11","Puzzle","","","unknown_or_free","","","Nonogram Exploration Adventure","","","calm_or_self_care_benchmark_possible","","2026-05-31T04:45:49.282Z","medium_low","ok"
"Peggy's Post","digitarium","web_game","itch_tag_page","itch.io","https://digitarium.itch.io/peggys-post","mindfulness","relaxing","relaxing","1","13","Simulation","","","unknown_or_free","","","A peaceful package sorting game","","","calm_or_self_care_benchmark_possible","","2026-05-31T04:45:49.282Z","medium_low","ok"
"Serenitrove","Scoot","web_game","itch_tag_page","itch.io","https://alfredncy.itch.io/serenitrove","mindfulness","relaxing","relaxing","1","15","Adventure","","","unknown_or_free","","","Dig, upgrade, expand... then dig deeper!","","","calm_or_self_care_benchmark_possible","","2026-05-31T04:45:49.282Z","medium_low","ok"
"Lihiman (Full Game)","Kiwi Dreams","web_game","itch_tag_page","itch.io","https://kiwidreams-01.itch.io/lihiman-full","mindfulness","relaxing","relaxing","1","17","Simulation","","","$0-100%","","","Cute 3D Family Horror (Full Game)","","","calm_or_self_care_benchmark_possible","Visible itch price label: $0-100%","2026-05-31T04:45:49.283Z","medium_low","ok"
"b-e-e-t-l-e","Paul and Viv","web_game","itch_tag_page","itch.io","https://paulandviv.itch.io/b-e-e-t-l-e","mindfulness","relaxing","relaxing","1","19","itch.io game","","","unknown_or_free","","","A relaxing typing game","","","calm_or_self_care_benchmark_possible","","2026-05-31T04:45:49.283Z","medium_low","ok"
"Lihiman (demo)","Kiwi Dreams","web_game","itch_tag_page","itch.io","https://kiwidreams-01.itch.io/lihiman-demo","mindfulness","relaxing","relaxing","1","21","Simulation","","","unknown_or_free","","","Cute 3D Family Horror","","","calm_or_self_care_benchmark_possible","","2026-05-31T04:45:49.283Z","medium_low","ok"
"Astra's Garden","NomnomNami","web_game","itch_tag_page","itch.io","https://nomnomnami.itch.io/astras-garden","mindfulness","relaxing","relaxing","1","23","Visual Novel","","","unknown_or_free","","","a healing game. let's grow together!","","","calm_or_self_care_benchmark_possible","","2026-05-31T04:45:49.283Z","medium_low","ok"
"GIF","bun_tired","web_game","itch_tag_page","itch.io","https://bun-tired.itch.io/purarger-collector","mindfulness","relaxing","relaxing","1","25","Puzzle","","","unknown_or_free","","","Make wild burgers!","","","calm_or_self_care_benchmark_possible","","2026-05-31T04:45:49.283Z","medium_low","ok"
"FEED THE AI","WeirdKidGames","web_game","itch_tag_page","itch.io","https://weirdkidgames.itch.io/feed-the-ai","mindfulness","relaxing","relaxing","1","27","Simulation","","","unknown_or_free","","","Feed the AI. Collect data. Unlock upgrades. Watch the algorithm grow beyond your control.","","","calm_or_self_care_benchmark_possible","","2026-05-31T04:45:49.283Z","medium_low","ok"
"GIF","NuSan","web_game","itch_tag_page","itch.io","https://nusan.itch.io/combo-pool","mindfulness","relaxing","relaxing","1","29","Puzzle","","","unknown_or_free","","","A game about colliding and merging balls","","","calm_or_self_care_benchmark_possible","","2026-05-31T04:45:49.283Z","medium_low","ok"
"Tomorrow Will Be Dying","Team Robo","web_game","itch_tag_page","itch.io","https://team-robo.itch.io/tomorrow-will-be-dying","mindfulness","relaxing","relaxing","1","31","Visual Novel","","","unknown_or_free","","","","","","calm_or_self_care_benchmark_possible","","2026-05-31T04:45:49.284Z","medium_low","ok"
"Snug","Cookiecrayon","web_game","itch_tag_page","itch.io","https://cookiecrayon.itch.io/snug","mindfulness","relaxing","relaxing","1","33","Puzzle","","","unknown_or_free","","","A cozy game about packing bags.","","","calm_or_self_care_benchmark_possible","","2026-05-31T04:45:49.284Z","medium_low","ok"
"Welcome Googoo","Doot","web_game","itch_tag_page","itch.io","https://dodoot.itch.io/welcome-googoo","mindfulness","relaxing","relaxing","1","35","itch.io game","","","unknown_or_free","","","Wholesome Games Jam - Write cute letters","","","calm_or_self_care_benchmark_possible","","2026-05-31T04:45:49.284Z","medium_low","ok"
"Cat Cove Inn","Loaf Labs","web_game","itch_tag_page","itch.io","https://loaflabs.itch.io/cat-cove-inn","mindfulness","relaxing","relaxing","1","37","Simulation","","","unknown_or_free","","","Foster cats to help them find their forever homes!","","","calm_or_self_care_benchmark_possible","","2026-05-31T04:45:49.284Z","medium_low","ok"
"Bunny Forest","Erytau","web_game","itch_tag_page","itch.io","https://erytau.itch.io/bunny-forest","mindfulness","relaxing","relaxing","1","39","Adventure","","","unknown_or_free","","","Calm game about bunnies","","","calm_or_self_care_benchmark_possible","","2026-05-31T04:45:49.284Z","medium_low","ok"
"GIF","elyaradine","web_game","itch_tag_page","itch.io","https://elyaradine.itch.io/dressmaker","mindfulness","relaxing","relaxing","1","41","Simulation","","","unknown_or_free","","","Cut fabric, sew patterns together, and make custom dresses","","","calm_or_self_care_benchmark_possible","","2026-05-31T04:45:49.284Z","medium_low","ok"
"GIF","noshuio","web_game","itch_tag_page","itch.io","https://noshuio.itch.io/minato","mindfulness","relaxing","relaxing","1","43","Puzzle","","","unknown_or_free","","","Minesweeper but it's a roguelike.","","","calm_or_self_care_benchmark_possible","","2026-05-31T04:45:49.284Z","medium_low","ok"
"Gourdlets","aunty games","web_game","itch_tag_page","itch.io","https://aunty-games.itch.io/gourdlets","mindfulness","relaxing","relaxing","1","45","Simulation","","","unknown_or_free","","","A cozy city-building sandbox.","","","calm_or_self_care_benchmark_possible","","2026-05-31T04:45:49.285Z","medium_low","ok"
"A Short Hike","adamgryu","web_game","itch_tag_page","itch.io","https://adamgryu.itch.io/a-short-hike","mindfulness","relaxing","relaxing","1","47","Adventure","","","$7.99","","","a little exploration game about hiking up a mountain","","","calm_or_self_care_benchmark_possible","Visible itch price label: $7.99","2026-05-31T04:45:49.285Z","medium_low","ok"
"Slow Roads: Web Edition","Anslo","web_game","itch_tag_page","itch.io","https://topographinteractive.itch.io/slow-roads","mindfulness","relaxing","relaxing","1","49","Simulation","","","$3","","","Endless Driving Zen","","","calm_or_self_care_benchmark_possible","Visible itch price label: $3","2026-05-31T04:45:49.285Z","medium_low","ok"
"One Hell of a Maid","bun_tired","web_game","itch_tag_page","itch.io","https://bun-tired.itch.io/one-hell-of-a-maid","mindfulness","relaxing","relaxing","1","51","itch.io game","","","unknown_or_free","","","Clean up the mess!","","","calm_or_self_care_benchmark_possible","","2026-05-31T04:45:49.285Z","medium_low","ok"
"The Chef's Shift","alijaya","web_game","itch_tag_page","itch.io","https://alijaya.itch.io/the-chefs-shift","mindfulness","relaxing","relaxing","1","53","Simulation","","","unknown_or_free","","","A short chaotic & fast-paced typing game about cooking & serving dishes in an Italian restaurant on a busy day.","","","calm_or_self_care_benchmark_possible","","2026-05-31T04:45:49.285Z","medium_low","ok"
"Samorost 1","Amanita Design","web_game","itch_tag_page","itch.io","https://amanitadesign.itch.io/samorost-1","mindfulness","relaxing","relaxing","1","55","Adventure","","","unknown_or_free","","","Back to the roots","","","calm_or_self_care_benchmark_possible","","2026-05-31T04:45:49.285Z","medium_low","ok"
"Invite the blackbird","Ana Merz","web_game","itch_tag_page","itch.io","https://anamerzlaya.itch.io/invite-the-blackbird","mindfulness","relaxing","relaxing","1","57","Visual Novel","","","unknown_or_free","","","Hand-drawn puzzle game made in a form of comics with watercolour illustrations","","","calm_or_self_care_benchmark_possible","","2026-05-31T04:45:49.286Z","medium_low","ok"
"plant daddy","brady soglin","web_game","itch_tag_page","itch.io","https://overfull.itch.io/plantdaddy","mindfulness","relaxing","relaxing","1","59","Simulation","","","unknown_or_free","","","grow plants in your sunny apartment!","","","calm_or_self_care_benchmark_possible","","2026-05-31T04:45:49.286Z","medium_low","ok"
"GIF","adam pypeVerified Account","web_game","itch_tag_page","itch.io","https://papercookies.itch.io/typewriter-simulator","mindfulness","relaxing","relaxing","1","61","Simulation","","","unknown_or_free","","","Realistic typewriter simulator with importing and exporting!","","","calm_or_self_care_benchmark_possible","","2026-05-31T04:45:49.286Z","medium_low","ok"
"Noble - Family Tree Sim","Extra Nice","web_game","itch_tag_page","itch.io","https://extra-nice.itch.io/noble-fts","mindfulness","relaxing","relaxing","1","63","Simulation","","","unknown_or_free","","","Manage the family tree of a Noble House!","","","calm_or_self_care_benchmark_possible","","2026-05-31T04:45:49.286Z","medium_low","ok"
"PetBox: Ultimate Desktop Pet","Kansei Dev","web_game","itch_tag_page","itch.io","https://kansei-dev.itch.io/petbox","mindfulness","relaxing","relaxing","1","65","Simulation","","","$2.50","","","A lightweight, customizable desktop pet collection. Watch them climb, sleep, and play on your screen","","","calm_or_self_care_benchmark_possible","Visible itch price label: $2.50","2026-05-31T04:45:49.286Z","medium_low","ok"
"Calico","PeachyKeenGames","web_game","itch_tag_page","itch.io","https://peachykeengames.itch.io/calico","mindfulness","relaxing","relaxing","1","67","Role Playing","","","$11.99","","","Magical girls and cat cafes!","","","calm_or_self_care_benchmark_possible","Visible itch price label: $11.99","2026-05-31T04:45:49.286Z","medium_low","ok"
"Life and Lemon","Finn Truong","web_game","itch_tag_page","itch.io","https://finn-truong.itch.io/life-and-lemon","mindfulness","relaxing","relaxing","1","69","Simulation","","","unknown_or_free","","","A cozy fruit farming card game","","","calm_or_self_care_benchmark_possible","","2026-05-31T04:45:49.287Z","medium_low","ok"
"Universe Sandbox","Giant Army","web_game","itch_tag_page","itch.io","https://giantarmy.itch.io/universe-sandbox","mindfulness","relaxing","relaxing","1","71","Simulation","","","$29.99","","","Create & destroy on an unimaginable scale","","","calm_or_self_care_benchmark_possible","Visible itch price label: $29.99","2026-05-31T04:45:49.287Z","medium_low","ok"
"Chair Up!","WilliamsXue","web_game","itch_tag_page","itch.io","https://williamsxue.itch.io/chair-up","mindfulness","relaxing","relaxing","2","1","Action","","","unknown_or_free","","","Sit on a swivel chair, kick out, and push yourself back!","","","calm_or_self_care_benchmark_possible","","2026-05-31T04:45:49.524Z","medium_low","ok"
"Tanuki Sunset Classic","Rewind Games","web_game","itch_tag_page","itch.io","https://rewindgames.itch.io/tanuki-sunset","mindfulness","relaxing","relaxing","2","3","Racing","","","unknown_or_free","","","Raccoons riding longboards on this retro themed relaxing arcade game","","","calm_or_self_care_benchmark_possible","","2026-05-31T04:45:49.525Z","medium_low","ok"
"GET YOKED: Extreme Bodybuilding","gregs-games","web_game","itch_tag_page","itch.io","https://gregs-games.itch.io/get-yoked-2","mindfulness","relaxing","relaxing","2","5","Card Game","","","unknown_or_free","","","Bodybuilding Roguelike Deckbuilder.","","","calm_or_self_care_benchmark_possible","","2026-05-31T04:45:49.525Z","medium_low","ok"
"Dream Blunt Rotation","gothmogged","web_game","itch_tag_page","itch.io","https://gothmogged.itch.io/dream-blunt-rotation","mindfulness","relaxing","relaxing","2","7","Simulation","","","unknown_or_free","","","A hangout simulator where you build your own dream rotation of characters, and chat about anything and everything.","","","calm_or_self_care_benchmark_possible","","2026-05-31T04:45:49.525Z","medium_low","ok"
"Dog Wash","Tony LindoRock","web_game","itch_tag_page","itch.io","https://tony-lindorock.itch.io/dog-wash","mindfulness","relaxing","relaxing","2","9","Simulation","","","unknown_or_free","","","Wash a Doggo!","","","calm_or_self_care_benchmark_possible","","2026-05-31T04:45:49.525Z","medium_low","ok"
"Empty.","Dustyroom","web_game","itch_tag_page","itch.io","https://dustyroom.itch.io/empty","mindfulness","relaxing","relaxing","2","11","Puzzle","","","unknown_or_free","","","Everything must go.","","","calm_or_self_care_benchmark_possible","","2026-05-31T04:45:49.525Z","medium_low","ok"
"It Was All For The Tuna","Cosmic Adventure Squad","web_game","itch_tag_page","itch.io","https://cosmicadventuresquad.itch.io/it-was-all-for-the-tuna","mindfulness","relaxing","relaxing","2","13","Simulation","","","unknown_or_free","","","Harvest all the tuna!","","","calm_or_self_care_benchmark_possible","","2026-05-31T04:45:49.525Z","medium_low","ok"
"Kirby ~ Soft & Wet","Strimp's Kitchen","web_game","itch_tag_page","itch.io","https://strimps-kitchen.itch.io/kirby-soft-and-wet","mindfulness","relaxing","relaxing","2","15","Simulation","","","unknown_or_free","","","A fishing experience","","","calm_or_self_care_benchmark_possible","","2026-05-31T04:45:49.525Z","medium_low","ok"
"DustSim","Kodub","web_game","itch_tag_page","itch.io","https://kodub.itch.io/dustsim","mindfulness","relaxing","relaxing","2","17","Simulation","","","unknown_or_free","","","Simulate millions of independent particles in realtime with this physics sandbox.","","","calm_or_self_care_benchmark_possible","","2026-05-31T04:45:49.526Z","medium_low","ok"
"Crescent Loom","OliveVerified Account","web_game","itch_tag_page","itch.io","https://wick.itch.io/crescent-loom","mindfulness","relaxing","relaxing","2","19","Simulation","","","$19","","","Weave new underwater lifeforms.","","","calm_or_self_care_benchmark_possible","Visible itch price label: $19","2026-05-31T04:45:49.526Z","medium_low","ok"
"Cat Companion","sea salt crackers","web_game","itch_tag_page","itch.io","https://sea-salt-crackers.itch.io/cat-companion","mindfulness","relaxing","relaxing","2","21","itch.io game","","","unknown_or_free","","","A virtual pet cat for your desktop!","","","calm_or_self_care_benchmark_possible","","2026-05-31T04:45:49.526Z","medium_low","ok"
"Marie's Room","Kenny Guillaume","web_game","itch_tag_page","itch.io","https://kennyguillaume.itch.io/maries-room","mindfulness","relaxing","relaxing","2","23","Adventure","","","unknown_or_free","","","Marie's Room is a short story exploration game about an unconventional friendship between two classmates.","","","calm_or_self_care_benchmark_possible","","2026-05-31T04:45:49.526Z","medium_low","ok"
"A Bright Light in the Middle of the Ocean","Fi Silva","web_game","itch_tag_page","itch.io","https://fi.itch.io/bright-light","mindfulness","relaxing","relaxing","2","25","Simulation","","","unknown_or_free","","","climb to the top of a lighthouse, watch the sunset, look at the stars","","","calm_or_self_care_benchmark_possible","","2026-05-31T04:45:49.526Z","medium_low","ok"
"Noble","Extra Nice","web_game","itch_tag_page","itch.io","https://extra-nice.itch.io/noble","mindfulness","relaxing","relaxing","2","27","Simulation","","","unknown_or_free","","","Manage the family tree of a Noble House!","","","calm_or_self_care_benchmark_possible","","2026-05-31T04:45:49.526Z","medium_low","ok"
"GIF","LeonnCamayo","web_game","itch_tag_page","itch.io","https://leonncamayo.itch.io/hotel-188","mindfulness","relaxing","relaxing","2","29","Adventure","","","unknown_or_free","","","Calm horror: walk, observe, and find clues to escape. No monsters—just darkness, tight spaces, and fear.","","","calm_or_self_care_benchmark_possible","","2026-05-31T04:45:49.526Z","medium_low","ok"
"ROTA: Bend Gravity","Harmony Monroe","web_game","itch_tag_page","itch.io","https://harmonymonroe.itch.io/rota","mindfulness","relaxing","relaxing","2","31","Puzzle","","","unknown_or_free","","","Gravity bends beneath your feet! Move blocks and twist gravity to solve puzzles.","","","calm_or_self_care_benchmark_possible","","2026-05-31T04:45:49.527Z","medium_low","ok"
"WildFire","Salvador","web_game","itch_tag_page","itch.io","https://salvadorpalma.itch.io/wildfire","mindfulness","relaxing","relaxing","2","33","Strategy","","","unknown_or_free","","","Survive as many rounds as you can to the threatening local wildlife","","","calm_or_self_care_benchmark_possible","","2026-05-31T04:45:49.527Z","medium_low","ok"
"Desktop Kittens","Abbie Gonzalez","web_game","itch_tag_page","itch.io","https://antijingoist.itch.io/desktop-kittens","mindfulness","relaxing","relaxing","2","35","itch.io game","","","unknown_or_free","","","Little Kitties running amok on your desktop","","","calm_or_self_care_benchmark_possible","","2026-05-31T04:45:49.527Z","medium_low","ok"
"GIF","edmond00","web_game","itch_tag_page","itch.io","https://edmond00.itch.io/timeline","mindfulness","relaxing","relaxing","2","37","Simulation","","","unknown_or_free","","","A minimalistic management game.","","","calm_or_self_care_benchmark_possible","","2026-05-31T04:45:49.527Z","medium_low","ok"
"Akiya","chary 🌷","web_game","itch_tag_page","itch.io","https://charycats.itch.io/akiya","mindfulness","relaxing","relaxing","2","39","Visual Novel","","","unknown_or_free","","","Cute VN about exploring a traditional Japanese house!","","","calm_or_self_care_benchmark_possible","","2026-05-31T04:45:49.527Z","medium_low","ok"
"GIF","Pelican Party","web_game","itch_tag_page","itch.io","https://pelicanparty.itch.io/ducklings","mindfulness","relaxing","relaxing","2","41","Adventure","","","unknown_or_free","","","🦆 Quack, you're a duck. Swim around and rescue Ducklings. Upgrade your nest. Relax 🦆","","","calm_or_self_care_benchmark_possible","","2026-05-31T04:45:49.527Z","medium_low","ok"
"Plant Therapy","Short Leg Studio","web_game","itch_tag_page","itch.io","https://short-leg-studio.itch.io/plant-therapy","mindfulness","relaxing","relaxing","2","43","Simulation","","","unknown_or_free","","","Big Winter Update out now! Get cozy in this plant collecting and decorating game!","","","calm_or_self_care_benchmark_possible","","2026-05-31T04:45:49.528Z","medium_low","ok"
"P.Craft","NuSan","web_game","itch_tag_page","itch.io","https://nusan.itch.io/pcraft","mindfulness","relaxing","relaxing","2","45","Adventure","","","unknown_or_free","","","Gather materials, build your tools and explore the island.","","","calm_or_self_care_benchmark_possible","","2026-05-31T04:45:49.528Z","medium_low","ok"
"GIF","Flo VeltmanVerified Account","web_game","itch_tag_page","itch.io","https://vltmn.itch.io/lieve-oma","mindfulness","relaxing","relaxing","2","47","Visual Novel","","","$2.99","","","It's the season for penny buns, Grandma forced you to come along a bit. But deep down you know it'll do you good.","","","calm_or_self_care_benchmark_possible","Visible itch price label: $2.99","2026-05-31T04:45:49.528Z","medium_low","ok"
"Forager (Demo)","HopFrog","web_game","itch_tag_page","itch.io","https://hopfrog.itch.io/forager-demo","mindfulness","relaxing","relaxing","2","49","Adventure","","","unknown_or_free","","","Base Building, Crafting, Adventure & Secrets!","","","calm_or_self_care_benchmark_possible","","2026-05-31T04:45:49.528Z","medium_low","ok"
"GIF","Victoria","web_game","itch_tag_page","itch.io","https://theladyvictoria.itch.io/toripon","mindfulness","relaxing","relaxing","2","51","Adventure","","","unknown_or_free","","","Take photos of cute birds doing cute things, and make people happy on the internet!","","","calm_or_self_care_benchmark_possible","","2026-05-31T04:45:49.528Z","medium_low","ok"
"Music Box for Playdate","Tizian Zeltner","web_game","itch_tag_page","itch.io","https://tizian.itch.io/playdate-music-box","mindfulness","relaxing","relaxing","2","53","itch.io game","","","unknown_or_free","","","A tiny musical instrument for the Playdate.","","","calm_or_self_care_benchmark_possible","","2026-05-31T04:45:49.528Z","medium_low","ok"
"FlowScape","PixelForestVerified Account","web_game","itch_tag_page","itch.io","https://pixelforest.itch.io/flowscape","mindfulness","relaxing","relaxing","2","55","Simulation","","","$10","","","Let Nature Flow from your Brush","","","calm_or_self_care_benchmark_possible","Visible itch price label: $10","2026-05-31T04:45:49.528Z","medium_low","ok"
"Animal Crackers","3 Halves Games","web_game","itch_tag_page","itch.io","https://3hg.itch.io/animal-crackers","mindfulness","relaxing","relaxing","2","57","Adventure","","","unknown_or_free","","","Plan the perfect birthday party! Scavenge for foods, collect goods, and give the President the best party ever!","","","calm_or_self_care_benchmark_possible","","2026-05-31T04:45:49.529Z","medium_low","ok"
"GIF","Anaïs","web_game","itch_tag_page","itch.io","https://anaissalla.itch.io/nomnom","mindfulness","relaxing","relaxing","2","59","Simulation","","","unknown_or_free","","","A game about autumn jam and mantaining a small business.","","","calm_or_self_care_benchmark_possible","","2026-05-31T04:45:49.529Z","medium_low","ok"
"Cardinal Chains","Daniel Nora","web_game","itch_tag_page","itch.io","https://danijmn.itch.io/cardinalchains","mindfulness","relaxing","relaxing","2","61","Puzzle","","","$2.99","","","An original puzzle game about non-decreasing sequences","","","calm_or_self_care_benchmark_possible","Visible itch price label: $2.99","2026-05-31T04:45:49.529Z","medium_low","ok"
"Koto","Flo","web_game","itch_tag_page","itch.io","https://floriandcp.itch.io/koto","mindfulness","relaxing","relaxing","2","63","Rhythm","","","unknown_or_free","","","Relax, listen to the wind and play the koto.","","","calm_or_self_care_benchmark_possible","","2026-05-31T04:45:49.529Z","medium_low","ok"
"GIF","Unsigned Double","web_game","itch_tag_page","itch.io","https://unsigneddoublecollective.itch.io/fossil-quest","mindfulness","relaxing","relaxing","2","65","Simulation","","","unknown_or_free","","","Dig for fossils, assemble exhibits, create (and decorate!) a museum in your home","","","calm_or_self_care_benchmark_possible","","2026-05-31T04:45:49.529Z","medium_low","ok"
"plastic tape","npckc","web_game","itch_tag_page","itch.io","https://npckc.itch.io/plastic-tape","mindfulness","relaxing","relaxing","2","67","Visual Novel","","","unknown_or_free","","","snapshots of a life through bandages.","","","calm_or_self_care_benchmark_possible","","2026-05-31T04:45:49.529Z","medium_low","ok"
"Off Day","viv_url","web_game","itch_tag_page","itch.io","https://viv-url.itch.io/off-day","mindfulness","relaxing","relaxing","2","69","Visual Novel","","","unknown_or_free","","","A point & click visual novel about appreciating the little things in life.","","","calm_or_self_care_benchmark_possible","","2026-05-31T04:45:49.529Z","medium_low","ok"
"GIF","Wessel Stoop","web_game","itch_tag_page","itch.io","https://woseseltops.itch.io/thesapling","mindfulness","relaxing","relaxing","2","71","Simulation","","","$18","","","A short simulation game where you design your own plants and animals, and put them in a world together.","","","calm_or_self_care_benchmark_possible","Visible itch price label: $18","2026-05-31T04:45:49.530Z","medium_low","ok"
"POM SIMULATOR 9000","d Marie","web_game","itch_tag_page","itch.io","https://dmarielicea.itch.io/pomsimulator9000","mindfulness","relaxing","relaxing","3","1","Simulation","","","unknown_or_free","","","weary, transformation, dog, burger, comfort","","","calm_or_self_care_benchmark_possible","","2026-05-31T04:45:49.852Z","medium_low","ok"
"Geographical Adventures","Sebastian Lague","web_game","itch_tag_page","itch.io","https://sebastian.itch.io/geographical-adventures","mindfulness","relaxing","relaxing","3","3","itch.io game","","","unknown_or_free","","","Fly around the world delivering packages to various countries.","","","calm_or_self_care_benchmark_possible","","2026-05-31T04:45:49.852Z","medium_low","ok"
"GIF","npckc","web_game","itch_tag_page","itch.io","https://npckc.itch.io/space-frog","mindfulness","relaxing","relaxing","3","5","Adventure","","","unknown_or_free","","","a story of a frog in space.","","","calm_or_self_care_benchmark_possible","","2026-05-31T04:45:49.852Z","medium_low","ok"
"Shutter Stroll","lemon cosmos","web_game","itch_tag_page","itch.io","https://lemoncosmos.itch.io/shutterstroll","mindfulness","relaxing","relaxing","3","7","itch.io game","","","$6","","","Take a stroll, take a picture.","","","calm_or_self_care_benchmark_possible","Visible itch price label: $6","2026-05-31T04:45:49.853Z","medium_low","ok"
"ISLANDS: Non-Places","Carlburton LLC","web_game","itch_tag_page","itch.io","https://carlburton.itch.io/islands","mindfulness","relaxing","relaxing","3","9","itch.io game","","","$4.99","","","A surreal trip through the mundane","","","calm_or_self_care_benchmark_possible","Visible itch price label: $4.99","2026-05-31T04:45:49.853Z","medium_low","ok"
"Villager","bernie wick","web_game","itch_tag_page","itch.io","https://partnano.itch.io/villager","mindfulness","relaxing","relaxing","3","11","Strategy","","","unknown_or_free","","","Gather resources and build a cosy little town!","","","calm_or_self_care_benchmark_possible","","2026-05-31T04:45:49.853Z","medium_low","ok"
"Adapt","Paul Herve","web_game","itch_tag_page","itch.io","https://paul-herve.itch.io/adapt-prologue","mindfulness","relaxing","relaxing","3","13","Survival","","","unknown_or_free","","","Evolve to survive in a constantly changing world.","","","calm_or_self_care_benchmark_possible","","2026-05-31T04:45:49.853Z","medium_low","ok"
"Resonance of the Ocean","Image Labo","web_game","itch_tag_page","itch.io","https://uimss.itch.io/resonance-of-the-ocean","mindfulness","relaxing","relaxing","3","15","Adventure","","","unknown_or_free","","","Pick up items washed ashore to make instruments, and answer the echoes heard from beyond the ocean.","","","calm_or_self_care_benchmark_possible","","2026-05-31T04:45:49.853Z","medium_low","ok"
"Trust the blackbird","Ana Merz","web_game","itch_tag_page","itch.io","https://anamerzlaya.itch.io/trust-the-blackbird","mindfulness","relaxing","relaxing","3","17","Visual Novel","","","unknown_or_free","","","Hand-drawn game made in a form of comics with lovely illustrations","","","calm_or_self_care_benchmark_possible","","2026-05-31T04:45:49.853Z","medium_low","ok"
"Froggy Pot","Cantusmori","web_game","itch_tag_page","itch.io","https://cantusmori.itch.io/froggy-pot","mindfulness","relaxing","relaxing","3","19","Visual Novel","","","unknown_or_free","","","​A cozy game with a small side of existential crisis.","","","calm_or_self_care_benchmark_possible","","2026-05-31T04:45:49.854Z","medium_low","ok"
"GIF","Island Of Mine","web_game","itch_tag_page","itch.io","https://bonkyd.itch.io/island-of-mine","mindfulness","relaxing","relaxing","3","21","Adventure","","","unknown_or_free","","","Island of Mine is a cozy survival & crafting adventure.","","","calm_or_self_care_benchmark_possible","","2026-05-31T04:45:49.854Z","medium_low","ok"
"Periphery Synthetic","shiftBacktick","web_game","itch_tag_page","itch.io","https://shiftbacktick.itch.io/periphery-synthetic-ep","mindfulness","relaxing","relaxing","3","23","Adventure","","","$5","","","A non-linear sci-fi adventure across generative musical playgrounds","","","calm_or_self_care_benchmark_possible","Visible itch price label: $5","2026-05-31T04:45:49.854Z","medium_low","ok"
"Mothkeeper","Moth House","web_game","itch_tag_page","itch.io","https://moth-house.itch.io/mothkeeper","mindfulness","relaxing","relaxing","3","25","Simulation","","","unknown_or_free","","","Raise a nursery of moths by farming herbs","","","calm_or_self_care_benchmark_possible","","2026-05-31T04:45:49.854Z","medium_low","ok"
"Cosmic Collapse, a suika-like","Johan Peitz","web_game","itch_tag_page","itch.io","https://johanpeitz.itch.io/cosmic-collapse","mindfulness","relaxing","relaxing","3","27","Puzzle","","","$4.95In bundle","","","Collapse the universe - planet by planet","","","calm_or_self_care_benchmark_possible","Visible itch price label: $4.95In bundle","2026-05-31T04:45:49.854Z","medium_low","ok"
"GIF","KO_OP","web_game","itch_tag_page","itch.io","https://ko-op.itch.io/dep-nocturne","mindfulness","relaxing","relaxing","3","29","Adventure","","","$4.99","","","◇ a late-night shopping adventure ◇","","","calm_or_self_care_benchmark_possible","Visible itch price label: $4.99","2026-05-31T04:45:49.854Z","medium_low","ok"
"GIF","Ted Martens","web_game","itch_tag_page","itch.io","https://hammertail.itch.io/pixel-fireplace","mindfulness","relaxing","relaxing","3","31","Simulation","","","$4.99","","","Type commands, roast marshmallows, throw logs onto a crackling fire. Enjoy","","","calm_or_self_care_benchmark_possible","Visible itch price label: $4.99","2026-05-31T04:45:49.855Z","medium_low","ok"
"Retromine","ccdg","web_game","itch_tag_page","itch.io","https://cicidigital.itch.io/retromine","mindfulness","relaxing","relaxing","3","33","Card Game","","","unknown_or_free","","","Deep incremental roguelike deckbuilding","","","calm_or_self_care_benchmark_possible","","2026-05-31T04:45:49.855Z","medium_low","ok"
"Blanket Cat: A Cozy Winter Visual Novel","Studio Ghost Legs","web_game","itch_tag_page","itch.io","https://ghostlegs.itch.io/blanket-cat","mindfulness","relaxing","relaxing","3","35","Visual Novel","","","unknown_or_free","","","Let's have a great day!","","","calm_or_self_care_benchmark_possible","","2026-05-31T04:45:49.855Z","medium_low","ok"
"GIF","Connil Games","web_game","itch_tag_page","itch.io","https://connil-de-la-mienuit.itch.io/wandering-okali","mindfulness","relaxing","relaxing","3","37","Visual Novel","","","unknown_or_free","","","Discover magical creatures while exploring a whimsical fantasy world.","","","calm_or_self_care_benchmark_possible","","2026-05-31T04:45:49.855Z","medium_low","ok"
"GIF","Samurai Punk","web_game","itch_tag_page","itch.io","https://samuraipunk.itch.io/feather","mindfulness","relaxing","relaxing","3","39","Adventure","","","$9.99","","","Feather, A serene game about the joy of flight","","","calm_or_self_care_benchmark_possible","Visible itch price label: $9.99","2026-05-31T04:45:49.855Z","medium_low","ok"
"Sugar & Spice Cafe","First Scoop","web_game","itch_tag_page","itch.io","https://first-scoop.itch.io/sugar-and-spice-cafe","mindfulness","relaxing","relaxing","3","41","Simulation","","","unknown_or_free","","","A cozy tea cafe game... or is it?","","","calm_or_self_care_benchmark_possible","","2026-05-31T04:45:49.855Z","medium_low","ok"
"Thirteen and Half Cats","Nekomatata","web_game","itch_tag_page","itch.io","https://nekomatata.itch.io/thirteen-and-half-cats","mindfulness","relaxing","relaxing","3","43","Adventure","","","unknown_or_free","","","Find 13 and a half lost cats in the village.","","","calm_or_self_care_benchmark_possible","","2026-05-31T04:45:49.856Z","medium_low","ok"
"Project Shoreline","Speldosa Interactive","web_game","itch_tag_page","itch.io","https://speldosainteractive.itch.io/project-shoreline","mindfulness","relaxing","relaxing","3","45","Adventure","","","unknown_or_free","","","Explore, Clean & Restore as a Cute Character in this Cozy Cleaning Mini-Adventure!","","","calm_or_self_care_benchmark_possible","","2026-05-31T04:45:49.856Z","medium_low","ok"
"Island Maker","Ryan Kubik","web_game","itch_tag_page","itch.io","https://rmkubik.itch.io/island-maker","mindfulness","relaxing","relaxing","3","47","Strategy","","","unknown_or_free","","","Build a thriving island colony one building at a time.","","","calm_or_self_care_benchmark_possible","","2026-05-31T04:45:49.856Z","medium_low","ok"
"Feather Park","Jon Topielski","web_game","itch_tag_page","itch.io","https://jontopielski.itch.io/feather-park","mindfulness","relaxing","relaxing","3","49","Adventure","","","unknown_or_free","","","Explore an autumn park and play minigames","","","calm_or_self_care_benchmark_possible","","2026-05-31T04:45:49.856Z","medium_low","ok"
"Longhaus","Gendly Games","web_game","itch_tag_page","itch.io","https://gendlygames.itch.io/longhaus","mindfulness","relaxing","relaxing","3","51","Strategy","","","unknown_or_free","","","Defend your home on a floating island","","","calm_or_self_care_benchmark_possible","","2026-05-31T04:45:49.856Z","medium_low","ok"
"Tales of Grumville: A Legendary Pie and A Nameless Statue","Mushroomallow","web_game","itch_tag_page","itch.io","https://mushroomallow.itch.io/tales-of-grumville","mindfulness","relaxing","relaxing","3","53","Visual Novel","","","unknown_or_free","","","Even the ""most boring town in the whole world"" has its mysteries.","","","calm_or_self_care_benchmark_possible","","2026-05-31T04:45:49.856Z","medium_low","ok"
"Marble Race Generator","hawslc","web_game","itch_tag_page","itch.io","https://hawslc.itch.io/marble-race-generator","mindfulness","relaxing","relaxing","3","55","Action","","","unknown_or_free","","","Randomly generate a marble race!","","","calm_or_self_care_benchmark_possible","","2026-05-31T04:45:49.856Z","medium_low","ok"
"Sizeable","Sander Ambroos","web_game","itch_tag_page","itch.io","https://sarrus.itch.io/sizeable","mindfulness","relaxing","relaxing","3","57","Puzzle","","","$9.99","","","A relaxing puzzle/exploration game about shrinking and growing!","","","calm_or_self_care_benchmark_possible","Visible itch price label: $9.99","2026-05-31T04:45:49.857Z","medium_low","ok"
"Dampftraum","Jitsu Koan","web_game","itch_tag_page","itch.io","https://jitsukoan.itch.io/dampftraum","mindfulness","relaxing","relaxing","3","59","Adventure","","","unknown_or_free","","","","","","calm_or_self_care_benchmark_possible","","2026-05-31T04:45:49.857Z","medium_low","ok"
"Pengu","I'm Tired Rat","web_game","itch_tag_page","itch.io","https://im-tired-rat.itch.io/pengu","mindfulness","relaxing","relaxing","3","61","itch.io game","","","unknown_or_free","","","Relax on a tiny island","","","calm_or_self_care_benchmark_possible","","2026-05-31T04:45:49.857Z","medium_low","ok"
"galaxy ballerina","MOC (they/them)","web_game","itch_tag_page","itch.io","https://miraongchua.itch.io/galaxy-ballerina","mindfulness","relaxing","relaxing","3","63","Visual Novel","","","unknown_or_free","","","A one-minute story about sharing the stage.","","","calm_or_self_care_benchmark_possible","","2026-05-31T04:45:49.857Z","medium_low","ok"
"Storyseeker","Mosu","web_game","itch_tag_page","itch.io","https://qwertyprophecy.itch.io/storyseeker","mindfulness","relaxing","relaxing","3","65","itch.io game","","","unknown_or_free","","","A pure exploration game set in a strange, quiet world.","","","calm_or_self_care_benchmark_possible","","2026-05-31T04:45:49.857Z","medium_low","ok"
"Somewhere","5uma0","web_game","itch_tag_page","itch.io","https://sumao.itch.io/somewhere","mindfulness","relaxing","relaxing","3","67","Adventure","","","unknown_or_free","","","some unspecified place","","","calm_or_self_care_benchmark_possible","","2026-05-31T04:45:49.857Z","medium_low","ok"
"Living for Plants","shawcat","web_game","itch_tag_page","itch.io","https://shawcat.itch.io/living-for-plants","mindfulness","relaxing","relaxing","3","69","Simulation","","","unknown_or_free","","","Tend to plants and customize your indoor garden!","","","calm_or_self_care_benchmark_possible","","2026-05-31T04:45:49.857Z","medium_low","ok"
"Threads of Magic","bkomei","web_game","itch_tag_page","itch.io","https://bkomei.itch.io/threads-of-magic","mindfulness","relaxing","relaxing","3","71","Simulation","","","unknown_or_free","","","A casual, narrative peek into the life of a tailor creating costumes for queer magical girls and boys.","","","calm_or_self_care_benchmark_possible","","2026-05-31T04:45:49.857Z","medium_low","ok"
"Adventures With Anxiety!","Nicky Case!","web_game","itch_tag_page","itch.io","https://ncase.itch.io/anxiety","mindfulness","mental-health","mental-health","1","1","Visual Novel","","","unknown_or_free","","","An interactive story about anxiety. You play *as* the anxiety","","","calm_or_self_care_benchmark_possible","","2026-05-31T04:45:50.259Z","medium_low","ok"
"Astra's Garden","NomnomNami","web_game","itch_tag_page","itch.io","https://nomnomnami.itch.io/astras-garden","mindfulness","mental-health","mental-health","1","3","Visual Novel","","","unknown_or_free","","","a healing game. let's grow together!","","","calm_or_self_care_benchmark_possible","","2026-05-31T04:45:50.259Z","medium_low","ok"
"GIF","Bagenzo","web_game","itch_tag_page","itch.io","https://bagenzo.itch.io/paper-girl-chain","mindfulness","mental-health","mental-health","1","5","Visual Novel","","","unknown_or_free","","","playing favorites","","","calm_or_self_care_benchmark_possible","","2026-05-31T04:45:50.259Z","medium_low","ok"
"Milk inside a bag of milk inside a bag of milk","Nikita Kryukov","web_game","itch_tag_page","itch.io","https://nikita-kryukov.itch.io/pmkm","mindfulness","mental-health","mental-health","1","7","Visual Novel","","","$1","","","A short story about what sort of challenges everyday little things can be.","","","calm_or_self_care_benchmark_possible","Visible itch price label: $1","2026-05-31T04:45:50.259Z","medium_low","ok"
"Vacation Terminal","Gelp","web_game","itch_tag_page","itch.io","https://gelppy.itch.io/vacation-terminal","mindfulness","mental-health","mental-health","1","9","Visual Novel","","","unknown_or_free","","","A short 2D Psychological thriller, horror and survival based visual novel","","","calm_or_self_care_benchmark_possible","","2026-05-31T04:45:50.259Z","medium_low","ok"
"qualia","fluffyblessing","web_game","itch_tag_page","itch.io","https://fluffyblessing.itch.io/qualia","mindfulness","mental-health","mental-health","1","11","Role Playing","","","unknown_or_free","","","No more worries, no more tears!","","","calm_or_self_care_benchmark_possible","","2026-05-31T04:45:50.259Z","medium_low","ok"
"Pikabuu: Smile","Joykeratif","web_game","itch_tag_page","itch.io","https://joykeratif.itch.io/pikabuu-smile","mindfulness","mental-health","mental-health","1","13","Simulation","","","unknown_or_free","","","This is happening now","","","calm_or_self_care_benchmark_possible","","2026-05-31T04:45:50.260Z","medium_low","ok"
"Sometimes I Think The Shadows Are Me and I Keep Becoming Someone Else","SaphielleCodes","web_game","itch_tag_page","itch.io","https://saphiellecodes.itch.io/sometimes-i-think-the-shadows-are-me-and-i-keep-becoming-someone-else","mindfulness","mental-health","mental-health","1","15","Simulation","","","unknown_or_free","","","","","","calm_or_self_care_benchmark_possible","","2026-05-31T04:45:50.260Z","medium_low","ok"
"Ghost Hospital","SpitBlaze","web_game","itch_tag_page","itch.io","https://spitblaze.itch.io/ghost-hospital","mindfulness","mental-health","mental-health","1","17","Role Playing","","","unknown_or_free","","","(A game about Anxiety)","","","calm_or_self_care_benchmark_possible","","2026-05-31T04:45:50.260Z","medium_low","ok"
"stay with me","rye","web_game","itch_tag_page","itch.io","https://bakedbread.itch.io/stay-with-me","mindfulness","mental-health","mental-health","1","19","Puzzle","","","unknown_or_free","","","(you're not alone)","","","calm_or_self_care_benchmark_possible","","2026-05-31T04:45:50.260Z","medium_low","ok"
"One Last Story","Meiri","web_game","itch_tag_page","itch.io","https://meiri.itch.io/one-last-story","mindfulness","mental-health","mental-health","1","21","Visual Novel","","","unknown_or_free","","","Do a writer's last words mean anything to the living?","","","calm_or_self_care_benchmark_possible","","2026-05-31T04:45:50.260Z","medium_low","ok"
"Elated Sorrow","Foxpancakes","web_game","itch_tag_page","itch.io","https://foxpancakes.itch.io/elated-sorrow","mindfulness","mental-health","mental-health","1","23","Visual Novel","","","unknown_or_free","","","A girls love kinetic novel about two lonely women who meet by chance.","","","calm_or_self_care_benchmark_possible","","2026-05-31T04:45:50.260Z","medium_low","ok"
"My Darling-Demo","CORAZONꉂꉂ(ᵔᗜᵔ◍)","web_game","itch_tag_page","itch.io","https://corazonz.itch.io/my-darling","mindfulness","mental-health","mental-health","1","25","Visual Novel","","","unknown_or_free","","","Yandere ml??","","","calm_or_self_care_benchmark_possible","","2026-05-31T04:45:50.261Z","medium_low","ok"
"Please Don't Understand Me","Knickknack PJ","web_game","itch_tag_page","itch.io","https://knickknackpj.itch.io/pleasedontunderstandme","mindfulness","mental-health","mental-health","1","27","Visual Novel","","","unknown_or_free","","","Just make it easier on me.","","","calm_or_self_care_benchmark_possible","","2026-05-31T04:45:50.261Z","medium_low","ok"
"Sinners and Saints","Lin","web_game","itch_tag_page","itch.io","https://linwritesif.itch.io/sinnersandsaints","mindfulness","mental-health","mental-health","1","29","Interactive Fiction","","","unknown_or_free","","","As a Detective in a definitely not haunted town, try to catch a serial killer and uncover the secrets of the town.","","","calm_or_self_care_benchmark_possible","","2026-05-31T04:45:50.261Z","medium_low","ok"
"GIF","rusicariaGAMES","web_game","itch_tag_page","itch.io","https://rusicariagames.itch.io/vivacity","mindfulness","mental-health","mental-health","1","31","Visual Novel","","","£4.99","","","Chapters 1 & 2 out now! Are you 𝗶𝗻 or 𝗼𝘂𝘁?","","","calm_or_self_care_benchmark_possible","Visible itch price label: £4.99","2026-05-31T04:45:50.261Z","medium_low","ok"
"Kind Words (lo fi chill beats to write to)","popcannibal","web_game","itch_tag_page","itch.io","https://popcannibal.itch.io/kindwords","mindfulness","mental-health","mental-health","1","33","itch.io game","","","$4.99","","","Kind Words","","","calm_or_self_care_benchmark_possible","Visible itch price label: $4.99","2026-05-31T04:45:50.261Z","medium_low","ok"
"Lynne","ebi-hime","web_game","itch_tag_page","itch.io","https://ebihime.itch.io/lynne","mindfulness","mental-health","mental-health","1","35","Visual Novel","","","unknown_or_free","","","A spooky story about the scariest thing in the world: being a teenager.","","","calm_or_self_care_benchmark_possible","","2026-05-31T04:45:50.261Z","medium_low","ok"
"Bigger Than Me","Dead Pixel Tales","web_game","itch_tag_page","itch.io","https://deadpixeltales.itch.io/bigger-than-me","mindfulness","mental-health","mental-health","1","37","Interactive Fiction","","","unknown_or_free","","","Graphic (mis)adventure about a boy who becomes giant when he hears the word 'FUTURE'.","","","calm_or_self_care_benchmark_possible","","2026-05-31T04:45:50.262Z","medium_low","ok"
"GIF","Kyou System","web_game","itch_tag_page","itch.io","https://kyousystem.itch.io/thera","mindfulness","mental-health","mental-health","1","39","Visual Novel","","","unknown_or_free","","","THERATHERATHERAn experimental game project.","","","calm_or_self_care_benchmark_possible","","2026-05-31T04:45:50.262Z","medium_low","ok"
"GIF","Neeka","web_game","itch_tag_page","itch.io","https://neeka.itch.io/hearts-hexes","mindfulness","mental-health","mental-health","1","41","Visual Novel","","","unknown_or_free","","","Who knew going as a Witch to your first Halloween party could be so enchanting?","","","calm_or_self_care_benchmark_possible","","2026-05-31T04:45:50.262Z","medium_low","ok"
"Toumayhem","Crescendo","web_game","itch_tag_page","itch.io","https://crescendo.itch.io/toumayhem","mindfulness","mental-health","mental-health","1","43","Visual Novel","","","$15","","","So that no one else has to be lonely! So that no one else has to die.","","","calm_or_self_care_benchmark_possible","Visible itch price label: $15","2026-05-31T04:45:50.262Z","medium_low","ok"
"GIF","HusbandoGoddess","web_game","itch_tag_page","itch.io","https://husbandogoddess.itch.io/monochrome-pixels","mindfulness","mental-health","mental-health","1","45","Visual Novel","","","unknown_or_free","","","Can you bring back the colors into your life?","","","calm_or_self_care_benchmark_possible","","2026-05-31T04:45:50.262Z","medium_low","ok"
"LcdDem (Lucid Dream)","Guilvector","web_game","itch_tag_page","itch.io","https://guilvector.itch.io/lcddem","mindfulness","mental-health","mental-health","1","47","Role Playing","","","unknown_or_free","","","Do not play.","","","calm_or_self_care_benchmark_possible","","2026-05-31T04:45:50.262Z","medium_low","ok"
"GIF","Hatsvin ᔦꙬᔨ","web_game","itch_tag_page","itch.io","https://hatsvin.itch.io/of-fair-and-flesh","mindfulness","mental-health","mental-health","1","49","Visual Novel","","","unknown_or_free","","","I'm addicted to you ˗ˋˏ ♡ ˎˊ˗","","","calm_or_self_care_benchmark_possible","","2026-05-31T04:45:50.262Z","medium_low","ok"
"SHUT IN","HiddenTrack","web_game","itch_tag_page","itch.io","https://hiddentrack.itch.io/shut-in","mindfulness","mental-health","mental-health","1","51","Adventure","","","$4.99","","","Fight yourself. Die trying. The psychological horror/dark comedy game that hates you as much as you hate yourself.","","","calm_or_self_care_benchmark_possible","Visible itch price label: $4.99","2026-05-31T04:45:50.262Z","medium_low","ok"
"shroom soup (demo)","uboaappears","web_game","itch_tag_page","itch.io","https://uboaappears.itch.io/shroom-soup","mindfulness","mental-health","mental-health","1","53","Adventure","","","unknown_or_free","","","Join Mycelium Today!","","","calm_or_self_care_benchmark_possible","","2026-05-31T04:45:50.263Z","medium_low","ok"
"An Outcry. HPS1 demo","Quinn K.","web_game","itch_tag_page","itch.io","https://quinnk.itch.io/outcry-demo","mindfulness","mental-health","mental-health","1","55","Adventure","","","unknown_or_free","","","The world is malleable.","","","calm_or_self_care_benchmark_possible","","2026-05-31T04:45:50.263Z","medium_low","ok"
"A Day in the Life","Tymedust Games","web_game","itch_tag_page","itch.io","https://tymedust.itch.io/a-day-in-the-life","mindfulness","mental-health","mental-health","1","57","Visual Novel","","","unknown_or_free","","","Isola Bedford's precious little life.","","","calm_or_self_care_benchmark_possible","","2026-05-31T04:45:50.263Z","medium_low","ok"
"Linda & Joan Prologue: “Four Months Earlier”","False Vacuum Games","web_game","itch_tag_page","itch.io","https://falsevacuum.itch.io/linda-joan-prologue","mindfulness","mental-health","mental-health","1","59","Visual Novel","","","$0-100%","","","“Four Months Earlier” is part one of the Linda & Joan story. It'll take 15 to 20 minutes to complete.","","","calm_or_self_care_benchmark_possible","Visible itch price label: $0-100%","2026-05-31T04:45:50.263Z","medium_low","ok"
"Saving You From Yourself - Unity Remake","Taylor McCue","web_game","itch_tag_page","itch.io","https://taylormccue.itch.io/savingyou-unity","mindfulness","mental-health","mental-health","1","61","Visual Novel","","","unknown_or_free","","","Unity Version","","","calm_or_self_care_benchmark_possible","","2026-05-31T04:45:50.263Z","medium_low","ok"
"re:fleXion","Clockwork Prince","web_game","itch_tag_page","itch.io","https://clockworkprince.itch.io/reflexion","mindfulness","mental-health","mental-health","1","63","itch.io game","","","unknown_or_free","","","A game that explores one individual's mental struggles through their dreams.","","","calm_or_self_care_benchmark_possible","","2026-05-31T04:45:50.263Z","medium_low","ok"
"Making a Monster","Knickknack PJ","web_game","itch_tag_page","itch.io","https://knickknackpj.itch.io/making-a-monster","mindfulness","mental-health","mental-health","1","65","Visual Novel","","","unknown_or_free","","","A micro visual novel about facing your worst enemy.","","","calm_or_self_care_benchmark_possible","","2026-05-31T04:45:50.263Z","medium_low","ok"
"Serenity at Dusk","klaiis","web_game","itch_tag_page","itch.io","https://klaiis.itch.io/serenity-at-dusk","mindfulness","mental-health","mental-health","1","67","Visual Novel","","","unknown_or_free","","","Here is where a heavy heart asks for rest.","","","calm_or_self_care_benchmark_possible","","2026-05-31T04:45:50.264Z","medium_low","ok"
"Beyond The Frame","theDampSquid","web_game","itch_tag_page","itch.io","https://thedampsquid.itch.io/beyond-the-frame","mindfulness","mental-health","mental-health","1","69","Adventure","","","unknown_or_free","","","Get lost in your dreams","","","calm_or_self_care_benchmark_possible","","2026-05-31T04:45:50.264Z","medium_low","ok"
"lark","Fernando Reyes Medina","web_game","itch_tag_page","itch.io","https://ds75.itch.io/lark","mindfulness","mental-health","mental-health","1","71","Rhythm","","","unknown_or_free","","","A musical mental health experience","","","calm_or_self_care_benchmark_possible","","2026-05-31T04:45:50.264Z","medium_low","ok"
"Should The Stars Have Eyes","Portrait Prophecies","web_game","itch_tag_page","itch.io","https://portrait-prophecies.itch.io/should-the-stars-have-eyes","mindfulness","mental-health","mental-health","2","1","Interactive Fiction","","","unknown_or_free","","","A story driven point and click game about fragility","","","calm_or_self_care_benchmark_possible","","2026-05-31T04:45:50.670Z","medium_low","ok"
"Marc","Jon Remedios","web_game","itch_tag_page","itch.io","https://jonremedios.itch.io/marc","mindfulness","mental-health","mental-health","2","3","Interactive Fiction","","","unknown_or_free","","","A short interactive story about a person stuck in a rut","","","calm_or_self_care_benchmark_possible","","2026-05-31T04:45:50.671Z","medium_low","ok"
"GIF","Deconstructeam","web_game","itch_tag_page","itch.io","https://deconstructeam.itch.io/vendran-las-aves","mindfulness","mental-health","mental-health","2","5","Simulation","","","unknown_or_free","","","A slice-of-life tamagotchi about burnout.","","","calm_or_self_care_benchmark_possible","","2026-05-31T04:45:50.671Z","medium_low","ok"
"The Suicide Game","dcsross","web_game","itch_tag_page","itch.io","https://dcsross.itch.io/the-suicide-game","mindfulness","mental-health","mental-health","2","7","Interactive Fiction","","","unknown_or_free","","","Are you sure you want to play?","","","calm_or_self_care_benchmark_possible","","2026-05-31T04:45:50.671Z","medium_low","ok"
"Respite","klaiis","web_game","itch_tag_page","itch.io","https://klaiis.itch.io/respite","mindfulness","mental-health","mental-health","2","9","Interactive Fiction","","","unknown_or_free","","","When the sky falls, use it as a blanket.","","","calm_or_self_care_benchmark_possible","","2026-05-31T04:45:50.671Z","medium_low","ok"
"microtherapy for when you overthink a comment you made","Jon Topielski","web_game","itch_tag_page","itch.io","https://jontopielski.itch.io/microtherapy","mindfulness","mental-health","mental-health","2","11","itch.io game","","","unknown_or_free","","","purge that thing you said that one time","","","calm_or_self_care_benchmark_possible","","2026-05-31T04:45:50.671Z","medium_low","ok"
"i won't finish this game","Naarel","web_game","itch_tag_page","itch.io","https://ednaarel.itch.io/i-wont-finish-this-game","mindfulness","mental-health","mental-health","2","13","Interactive Fiction","","","unknown_or_free","","","sorry about that.","","","calm_or_self_care_benchmark_possible","","2026-05-31T04:45:50.671Z","medium_low","ok"
"Enhance VR","virtuleap","web_game","itch_tag_page","itch.io","https://virtuleap.itch.io/enhance","mindfulness","mental-health","mental-health","2","15","itch.io game","","","unknown_or_free","","","Enhance VR offers a daily brain training workout of short and fun games designed to test and train your cognitive skills","","","calm_or_self_care_benchmark_possible","","2026-05-31T04:45:50.672Z","medium_low","ok"
"Metahorror Therapy Session","Meiri","web_game","itch_tag_page","itch.io","https://meiri.itch.io/metahorror-therapy-session","mindfulness","mental-health","mental-health","2","17","Visual Novel","","","$6.51-7%","","","Take control of a psychologist in a mysterious never-ending therapy session.","","","calm_or_self_care_benchmark_possible","Visible itch price label: $6.51-7%","2026-05-31T04:45:50.672Z","medium_low","ok"
"Crumbs","Quinn K.","web_game","itch_tag_page","itch.io","https://quinnk.itch.io/crumbs","mindfulness","mental-health","mental-health","2","19","Simulation","","","unknown_or_free","","","It is the 12th of May, 2022; When I wake, there is birdsong on the air.","","","calm_or_self_care_benchmark_possible","","2026-05-31T04:45:50.672Z","medium_low","ok"
"Shrinking Pains","Bedtime Phobias","web_game","itch_tag_page","itch.io","https://bedtimephobias.itch.io/shrinking-pains","mindfulness","mental-health","mental-health","2","21","Visual Novel","","","unknown_or_free","","","A semi-autobiographical visual novel that explores the difficulties faced by young people battling anorexia.","","","calm_or_self_care_benchmark_possible","","2026-05-31T04:45:50.672Z","medium_low","ok"
"Just Cosplay","Deadnettle Games","web_game","itch_tag_page","itch.io","https://deadnettlegames.itch.io/just-cosplay","mindfulness","mental-health","mental-health","2","23","Interactive Fiction","","","unknown_or_free","","","A game about being a teen in the early 2010s.","","","calm_or_self_care_benchmark_possible","","2026-05-31T04:45:50.672Z","medium_low","ok"
"This Is Not Your House","trasheyes","web_game","itch_tag_page","itch.io","https://trasheyes.itch.io/this-is-not-your-house","mindfulness","mental-health","mental-health","2","25","Visual Novel","","","$1","","","Crush someone's skull, Suffer from Hypothermia, Transcend your Mortal Frame, Find all 10 Endings. GET YOUR HOUSE BACK.","","","calm_or_self_care_benchmark_possible","Visible itch price label: $1","2026-05-31T04:45:50.672Z","medium_low","ok"
"GIF","DreadXP","web_game","itch_tag_page","itch.io","https://dreadxp.itch.io/i-doesnt-exist","mindfulness","mental-health","mental-health","2","27","Interactive Fiction","","","$12.99","","","An ode to text-adventures.","","","calm_or_self_care_benchmark_possible","Visible itch price label: $12.99","2026-05-31T04:45:50.672Z","medium_low","ok"
"Boiling Over","Plush Bunch","web_game","itch_tag_page","itch.io","https://plushbunch.itch.io/boiling-over","mindfulness","mental-health","mental-health","2","29","itch.io game","","","unknown_or_free","","","Live your best life while combatting the horrors of customer service and transphobia","","","calm_or_self_care_benchmark_possible","","2026-05-31T04:45:50.673Z","medium_low","ok"
"The Dreadful Whispers","Blackthornprod Games","web_game","itch_tag_page","itch.io","https://blackthornprod-games.itch.io/the-dreadful-whispers","mindfulness","mental-health","mental-health","2","31","Adventure","","","$8.99","","","A handcrafted adventure about overcoming fear and doubt. Will you defeat your inner demons or be crippled with regret ?","","","calm_or_self_care_benchmark_possible","Visible itch price label: $8.99","2026-05-31T04:45:50.673Z","medium_low","ok"
"The Longest Walk","TheSandymanCan","web_game","itch_tag_page","itch.io","https://thesandymancan.itch.io/the-longest-walk","mindfulness","mental-health","mental-health","2","33","itch.io game","","","unknown_or_free","","","A deeply personal biographical walking-simulator game about my father's experience of living with depression.","","","calm_or_self_care_benchmark_possible","","2026-05-31T04:45:50.673Z","medium_low","ok"
"CRACKS","Mosu","web_game","itch_tag_page","itch.io","https://qwertyprophecy.itch.io/cracks","mindfulness","mental-health","mental-health","2","35","Interactive Fiction","","","unknown_or_free","","","Listen your way up from the anxiety pit.","","","calm_or_self_care_benchmark_possible","","2026-05-31T04:45:50.673Z","medium_low","ok"
"Where the Sun Always Shines","ebi-hime","web_game","itch_tag_page","itch.io","https://ebihime.itch.io/sunshine","mindfulness","mental-health","mental-health","2","37","Visual Novel","","","unknown_or_free","","","A self-obsessed writer searches for inspiration.","","","calm_or_self_care_benchmark_possible","","2026-05-31T04:45:50.673Z","medium_low","ok"
"GIF","rose.kiid","web_game","itch_tag_page","itch.io","https://rosekiid.itch.io/there-arent-really-words","mindfulness","mental-health","mental-health","2","39","Interactive Fiction","","","unknown_or_free","","","A bitsy about receiving the worst news possible, and doing the dishes. CW: suicide, grief, smoking, chores","","","calm_or_self_care_benchmark_possible","","2026-05-31T04:45:50.673Z","medium_low","ok"
"LOSING GROUND","Carrioff","web_game","itch_tag_page","itch.io","https://sometotalloser.itch.io/losing-ground","mindfulness","mental-health","mental-health","2","41","Visual Novel","","","unknown_or_free","","","Everything will be so much safer...","","","calm_or_self_care_benchmark_possible","","2026-05-31T04:45:50.673Z","medium_low","ok"
"The Spectrum Soup","Alfred Reinold Baudisch (Pardall)","web_game","itch_tag_page","itch.io","https://splitpainter.itch.io/the-spectrum-soup","mindfulness","mental-health","mental-health","2","43","Adventure","","","unknown_or_free","","","A virtual museum about Autism in Adults. Explore traits of the Spectrum.","","","calm_or_self_care_benchmark_possible","","2026-05-31T04:45:50.673Z","medium_low","ok"
"Deficit","Gav Sarafian","web_game","itch_tag_page","itch.io","https://astralditz.itch.io/deficit","mindfulness","mental-health","mental-health","2","45","Interactive Fiction","","","unknown_or_free","","","An Interactive Semi-Fictional Experiential ADHD Story","","","calm_or_self_care_benchmark_possible","","2026-05-31T04:45:50.674Z","medium_low","ok"
"Get Help","Will","web_game","itch_tag_page","itch.io","https://wakins.itch.io/get-help","mindfulness","mental-health","mental-health","2","47","itch.io game","","","unknown_or_free","","","Explore the life of a teenager struggling with the everyday tasks of society.","","","calm_or_self_care_benchmark_possible","","2026-05-31T04:45:50.674Z","medium_low","ok"
"Made For You","soren","web_game","itch_tag_page","itch.io","https://zcr33paz01dzz.itch.io/made-for-you","mindfulness","mental-health","mental-health","2","49","Visual Novel","","","unknown_or_free","","","Will You Take Responsibility For His Suffering?","","","calm_or_self_care_benchmark_possible","","2026-05-31T04:45:50.674Z","medium_low","ok"
"Lily of the Valley","ebi-hime","web_game","itch_tag_page","itch.io","https://ebihime.itch.io/lily","mindfulness","mental-health","mental-health","2","51","Visual Novel","","","$2.99","","","An older man and a young girl discuss love, life, and the pros and cons of suicide.","","","calm_or_self_care_benchmark_possible","Visible itch price label: $2.99","2026-05-31T04:45:50.674Z","medium_low","ok"
"FOR THE BETTERMENT OF SOCIETY","Snek RK","web_game","itch_tag_page","itch.io","https://snekofspice.itch.io/for-the-betterment-of-society","mindfulness","mental-health","mental-health","2","53","Visual Novel","","","unknown_or_free","","","Within these walls, I am your enemy","","","calm_or_self_care_benchmark_possible","","2026-05-31T04:45:50.674Z","medium_low","ok"
"Asphyxia","ebi-hime","web_game","itch_tag_page","itch.io","https://ebihime.itch.io/asphyxia","mindfulness","mental-health","mental-health","2","55","Visual Novel","","","$5.99","","","Gloomy schoolgirls based on genderswapped poets have unfulfilling romances.","","","calm_or_self_care_benchmark_possible","Visible itch price label: $5.99","2026-05-31T04:45:50.674Z","medium_low","ok"
"BANGYA Simulator","Little Public","web_game","itch_tag_page","itch.io","https://little-public.itch.io/bangya-simulator","mindfulness","mental-health","mental-health","2","57","Visual Novel","","","unknown_or_free","","","Have you heard about Visual Kei?","","","calm_or_self_care_benchmark_possible","","2026-05-31T04:45:50.674Z","medium_low","ok"
"Dear Mom: My Letter to You (Demo)","Mangoku418","web_game","itch_tag_page","itch.io","https://mangoku418.itch.io/dear-mom-my-letter-to-you-demo","mindfulness","mental-health","mental-health","2","59","Visual Novel","","","unknown_or_free","","","A dating sim that explores how connections can help heal emotional wounds from loss, grief, and depression.","","","calm_or_self_care_benchmark_possible","","2026-05-31T04:45:50.675Z","medium_low","ok"
"Grow Light","danielle taphanel","web_game","itch_tag_page","itch.io","https://treelet.itch.io/grow-light","mindfulness","mental-health","mental-health","2","61","Interactive Fiction","","","unknown_or_free","","","talk to plants, read your diary, destroy the future","","","calm_or_self_care_benchmark_possible","","2026-05-31T04:45:50.675Z","medium_low","ok"
"INEVITABLE","Jon Oldblood","web_game","itch_tag_page","itch.io","https://oldblood.itch.io/inevitable","mindfulness","mental-health","mental-health","2","63","Interactive Fiction","","","unknown_or_free","","","A game about toxic love.","","","calm_or_self_care_benchmark_possible","","2026-05-31T04:45:50.675Z","medium_low","ok"
"Perchance to Dream","Moribundt","web_game","itch_tag_page","itch.io","https://moribundt.itch.io/perchancetodream","mindfulness","mental-health","mental-health","2","65","Visual Novel","","","unknown_or_free","","","""If you don’t find your life worth living, why not give it to someone else?""","","","calm_or_self_care_benchmark_possible","","2026-05-31T04:45:50.675Z","medium_low","ok"
"GIF","Melancholy Marionette","web_game","itch_tag_page","itch.io","https://melancholy-marionette.itch.io/sapphire-snowe","mindfulness","mental-health","mental-health","2","67","Visual Novel","","","unknown_or_free","","","Help save Saffie from herself in this cosy but dark winter fairytale.","","","calm_or_self_care_benchmark_possible","","2026-05-31T04:45:50.675Z","medium_low","ok"
"Inure Coffee","Foolish Dev","web_game","itch_tag_page","itch.io","https://foolish-dev.itch.io/inure-coffee","mindfulness","mental-health","mental-health","2","69","Visual Novel","","","unknown_or_free","","","Eʋҽɾყƚԋιɳɠ'ʂ σƙ.","","","calm_or_self_care_benchmark_possible","","2026-05-31T04:45:50.675Z","medium_low","ok"
"Day In","Ryder","web_game","itch_tag_page","itch.io","https://gossqmer.itch.io/day-in","mindfulness","mental-health","mental-health","2","71","Visual Novel","","","unknown_or_free","","","Spend a day inside.","","","calm_or_self_care_benchmark_possible","","2026-05-31T04:45:50.675Z","medium_low","ok"
"DARKLINE","xk","web_game","itch_tag_page","itch.io","https://xk.itch.io/darkline-post","mindfulness","mental-health","mental-health","3","1","Survival","","","unknown_or_free","","","People don’t get into places like this for no reason.","","","calm_or_self_care_benchmark_possible","","2026-05-31T04:45:51.108Z","medium_low","ok"
"GIF","Van Andrew","web_game","itch_tag_page","itch.io","https://vanandrew.itch.io/flames","mindfulness","mental-health","mental-health","3","3","Fighting","","","unknown_or_free","","","a brutal fighting game about overcoming the past","","","calm_or_self_care_benchmark_possible","","2026-05-31T04:45:51.108Z","medium_low","ok"
"The Numbers Game","Lin","web_game","itch_tag_page","itch.io","https://linwritesif.itch.io/the-numbers-game","mindfulness","mental-health","mental-health","3","5","Interactive Fiction","","","unknown_or_free","","","Play as an antihero or a villain that's been stripped off of their identity, memories and freedom.","","","calm_or_self_care_benchmark_possible","","2026-05-31T04:45:51.109Z","medium_low","ok"
"Idk how to title this one","mint² / dream of an electric sheep","web_game","itch_tag_page","itch.io","https://mintsquared2.itch.io/idk-how-to-title-this-one","mindfulness","mental-health","mental-health","3","7","Visual Novel","","","unknown_or_free","","","A slice of life visual novel following Daniel's first days of a new school year.","","","calm_or_self_care_benchmark_possible","","2026-05-31T04:45:51.109Z","medium_low","ok"
"Another Day","HusbandoGoddess","web_game","itch_tag_page","itch.io","https://husbandogoddess.itch.io/another-day","mindfulness","mental-health","mental-health","3","9","Visual Novel","","","unknown_or_free","","","Save others from making an irreversible decision.","","","calm_or_self_care_benchmark_possible","","2026-05-31T04:45:51.109Z","medium_low","ok"
"Charlie HasBeen: The Beginning Of The End","Norbez Jones (call me Bez)","web_game","itch_tag_page","itch.io","https://norbez.itch.io/charlie-hasbeen-the-beginning-of-the-end","mindfulness","mental-health","mental-health","3","11","Interactive Fiction","","","unknown_or_free","","","New school, old anxieties, and a strange new friend.","","","calm_or_self_care_benchmark_possible","","2026-05-31T04:45:51.109Z","medium_low","ok"
"Himbo Hymns","Lil' Beastman","web_game","itch_tag_page","itch.io","https://lil-beastman.itch.io/himbo-hymns","mindfulness","mental-health","mental-health","3","13","Visual Novel","","","unknown_or_free","","","Have you ever wanted a himbo for Christmas?","","","calm_or_self_care_benchmark_possible","","2026-05-31T04:45:51.109Z","medium_low","ok"
"nothing & nowhere","ebi-hime","web_game","itch_tag_page","itch.io","https://ebihime.itch.io/nothing-and-nowhere","mindfulness","mental-health","mental-health","3","15","Visual Novel","","","$4.99","","","A short VN about acceptance and overcoming depression.","","","calm_or_self_care_benchmark_possible","Visible itch price label: $4.99","2026-05-31T04:45:51.109Z","medium_low","ok"
"This Superficial World","Kastel","web_game","itch_tag_page","itch.io","https://kastelpls.itch.io/superficial","mindfulness","mental-health","mental-health","3","17","Visual Novel","","","unknown_or_free","","","A diary about the apocalypse of the personal","","","calm_or_self_care_benchmark_possible","","2026-05-31T04:45:51.109Z","medium_low","ok"
"The Hospital","Crux Game Studios","web_game","itch_tag_page","itch.io","https://cruxgamestudios.itch.io/the-hospital","mindfulness","mental-health","mental-health","3","19","Visual Novel","","","$1","","","A first-person, story-driven horror adventure with deeply unsettling themes.","","","calm_or_self_care_benchmark_possible","Visible itch price label: $1","2026-05-31T04:45:51.110Z","medium_low","ok"
"DOLLGAME","flowerstrangle","web_game","itch_tag_page","itch.io","https://flowerstrangle.itch.io/dollgame","mindfulness","mental-health","mental-health","3","21","Role Playing","","","unknown_or_free","","","Help Doll find her head","","","calm_or_self_care_benchmark_possible","","2026-05-31T04:45:51.110Z","medium_low","ok"
"i hurt myself - postjam edition","pastellexists","web_game","itch_tag_page","itch.io","https://pastellexists.itch.io/i-hurt-myself-postjam","mindfulness","mental-health","mental-health","3","23","Adventure","","","unknown_or_free","","","a 30-second Bitsy vignette","","","calm_or_self_care_benchmark_possible","","2026-05-31T04:45:51.110Z","medium_low","ok"
"CIGARETTES","xk","web_game","itch_tag_page","itch.io","https://xk.itch.io/cigarettes","mindfulness","mental-health","mental-health","3","25","Interactive Fiction","","","unknown_or_free","","","10-minute walk of life reevaluation.","","","calm_or_self_care_benchmark_possible","","2026-05-31T04:45:51.110Z","medium_low","ok"
"Meta Form","Boz of Aesth","web_game","itch_tag_page","itch.io","https://boz-float.itch.io/meta-form","mindfulness","mental-health","mental-health","3","27","Interactive Fiction","","","$5","","","Surrealist point-and-click adventure game with a touch of existential dread and a whole lot of escapism.","","","calm_or_self_care_benchmark_possible","Visible itch price label: $5","2026-05-31T04:45:51.110Z","medium_low","ok"
"Ramiel","LOVE, STARGIRL","web_game","itch_tag_page","itch.io","https://luvstargrl.itch.io/ramiel","mindfulness","mental-health","mental-health","3","29","Interactive Fiction","","","unknown_or_free","","","One day we will all find our wings, little angel.","","","calm_or_self_care_benchmark_possible","","2026-05-31T04:45:51.110Z","medium_low","ok"
"Wishes of a Locked-in","Quetzalcoutl","web_game","itch_tag_page","itch.io","https://quetzalcoutl.itch.io/wishes-of-a-locked-in","mindfulness","mental-health","mental-health","3","31","Visual Novel","","","unknown_or_free","","","Will I fulfill my dreams one day?","","","calm_or_self_care_benchmark_possible","","2026-05-31T04:45:51.111Z","medium_low","ok"
"The Worse It Is","xk","web_game","itch_tag_page","itch.io","https://xk.itch.io/the-worse-it-is","mindfulness","mental-health","mental-health","3","33","Visual Novel","","","unknown_or_free","","","#1 MOOD LudumDare 40","","","calm_or_self_care_benchmark_possible","","2026-05-31T04:45:51.111Z","medium_low","ok"
"Your Crush Has Severe OCD","Marlene Santos","web_game","itch_tag_page","itch.io","https://kirbo-kirbstar.itch.io/your-crush-has-severe-ocd","mindfulness","mental-health","mental-health","3","35","Visual Novel","","","unknown_or_free","","","Hang out with your neurotic crush and avoid scaring them off forever!!!","","","calm_or_self_care_benchmark_possible","","2026-05-31T04:45:51.111Z","medium_low","ok"
"Red Room","SYU","web_game","itch_tag_page","itch.io","https://nsyu.itch.io/red-room","mindfulness","mental-health","mental-health","3","37","Role Playing","","","unknown_or_free","","","A psychological horror game about confined violence.","","","calm_or_self_care_benchmark_possible","","2026-05-31T04:45:51.111Z","medium_low","ok"
"A Wave of Lights","Tabby Wright","web_game","itch_tag_page","itch.io","https://tabbbywright.itch.io/awol","mindfulness","mental-health","mental-health","3","39","Visual Novel","","","unknown_or_free","","","A girl and an alien meet on a quiet beach.","","","calm_or_self_care_benchmark_possible","","2026-05-31T04:45:51.111Z","medium_low","ok"
"Hope's Journey: A Therapeutic Experience","hmn","web_game","itch_tag_page","itch.io","https://hmn.itch.io/hopes-journey","mindfulness","mental-health","mental-health","3","41","Role Playing","","","$15","","","A Therapeutic Video Game","","","calm_or_self_care_benchmark_possible","Visible itch price label: $15","2026-05-31T04:45:51.111Z","medium_low","ok"
"Sickness","BonitaWoralert","web_game","itch_tag_page","itch.io","https://bonitaworalert.itch.io/sickness","mindfulness","mental-health","mental-health","3","43","Visual Novel","","","unknown_or_free","","","You have been put into quarantine. You haven't left your room in months. You haven't seen anyone in months.","","","calm_or_self_care_benchmark_possible","","2026-05-31T04:45:51.111Z","medium_low","ok"
"Build-A-Monster","zorkie","web_game","itch_tag_page","itch.io","https://zorkie.itch.io/build-a-monster","mindfulness","mental-health","mental-health","3","45","Interactive Fiction","","","unknown_or_free","","","a scientist juggles monster-building and having a social life","","","calm_or_self_care_benchmark_possible","","2026-05-31T04:45:51.112Z","medium_low","ok"
"Clementina y la luna roja","Matalla Interactive","web_game","itch_tag_page","itch.io","https://matalla-interactive.itch.io/clementina","mindfulness","mental-health","mental-health","3","47","Visual Novel","","","unknown_or_free","","","Un cuento sobre la imaginación, la memoria y mundos vacíos","","","calm_or_self_care_benchmark_possible","","2026-05-31T04:45:51.112Z","medium_low","ok"
"schoolnight, 3am","ellis dex","web_game","itch_tag_page","itch.io","https://ellisdex.itch.io/schoolnight-3am","mindfulness","mental-health","mental-health","3","49","Visual Novel","","","unknown_or_free","","","your online friend comes to you for help.","","","calm_or_self_care_benchmark_possible","","2026-05-31T04:45:51.112Z","medium_low","ok"
"I Want To Thank ...","xk","web_game","itch_tag_page","itch.io","https://xk.itch.io/i-want-to-thank","mindfulness","mental-health","mental-health","3","51","Interactive Fiction","","","unknown_or_free","","","It's time to ask, was it worth it?","","","calm_or_self_care_benchmark_possible","","2026-05-31T04:45:51.112Z","medium_low","ok"
"Project Half Light","Persona Theory Games","web_game","itch_tag_page","itch.io","https://personatheory.itch.io/project-half-light","mindfulness","mental-health","mental-health","3","53","Visual Novel","","","unknown_or_free","","","“What does a teacher, rape, and I have in common? A semester ago, I'd say nothing...”","","","calm_or_self_care_benchmark_possible","","2026-05-31T04:45:51.112Z","medium_low","ok"
"Divided in Depth","Lil' Beastman","web_game","itch_tag_page","itch.io","https://lil-beastman.itch.io/divided-in-depth","mindfulness","mental-health","mental-health","3","55","Visual Novel","","","unknown_or_free","","","Is it possible to be whole again?","","","calm_or_self_care_benchmark_possible","","2026-05-31T04:45:51.112Z","medium_low","ok"
"Superego, Chap. 1 + 2","Héctor Bometón","web_game","itch_tag_page","itch.io","https://hectorbometon.itch.io/superego-1-2","mindfulness","mental-health","mental-health","3","57","Adventure","","","$2.99","","","El Clásico 🕹️","","","calm_or_self_care_benchmark_possible","Visible itch price label: $2.99","2026-05-31T04:45:51.113Z","medium_low","ok"
"Anxietyware - Out Now!","Kate Killick","web_game","itch_tag_page","itch.io","https://katekillick.itch.io/anxietyware","mindfulness","mental-health","mental-health","3","59","Action","","","unknown_or_free","","","All you need is a good night's sleep...","","","calm_or_self_care_benchmark_possible","","2026-05-31T04:45:51.113Z","medium_low","ok"
"GIF","Pigmentum Game Studio","web_game","itch_tag_page","itch.io","https://pigmentumgamestudio.itch.io/indygo","mindfulness","mental-health","mental-health","3","61","Visual Novel","","","$4.79","","","The story of an artist suffering from depression.","","","calm_or_self_care_benchmark_possible","Visible itch price label: $4.79","2026-05-31T04:45:51.113Z","medium_low","ok"
"GIF","bee tea","web_game","itch_tag_page","itch.io","https://bee-tea.itch.io/rainyday","mindfulness","mental-health","mental-health","3","63","Interactive Fiction","","","unknown_or_free","","","a short game about a family's struggle with and recovery from depression","","","calm_or_self_care_benchmark_possible","","2026-05-31T04:45:51.113Z","medium_low","ok"
"Can we talk?","canwetalk","web_game","itch_tag_page","itch.io","https://canwetalk.itch.io/can-we-talk","mindfulness","mental-health","mental-health","3","65","Visual Novel","","","unknown_or_free","","","Who is this monster?","","","calm_or_self_care_benchmark_possible","","2026-05-31T04:45:51.113Z","medium_low","ok"
"GIF","Navypink","web_game","itch_tag_page","itch.io","https://navypink.itch.io/absolution-demo","mindfulness","mental-health","mental-health","3","67","Visual Novel","","","unknown_or_free","","","A horror VN set in a mental hospital","","","calm_or_self_care_benchmark_possible","","2026-05-31T04:45:51.113Z","medium_low","ok"
"Blind","773tk","web_game","itch_tag_page","itch.io","https://773tk.itch.io/blind","mindfulness","mental-health","mental-health","3","69","Visual Novel","","","unknown_or_free","","","A short visual novel inspired by PSX sound novels.","","","calm_or_self_care_benchmark_possible","","2026-05-31T04:45:51.113Z","medium_low","ok"
"GIF","Air Gong","web_game","itch_tag_page","itch.io","https://air-gong.itch.io/self-portrait-vomit-on-concrete","mindfulness","mental-health","mental-health","3","71","Visual Novel","","","unknown_or_free","","","Tgirls after the reverie","","","calm_or_self_care_benchmark_possible","","2026-05-31T04:45:51.113Z","medium_low","ok"
"relax 🌱","wsabi","web_game","itch_tag_page","itch.io","https://wsabi.itch.io/relax","mindfulness","breathing","breathing","1","1","itch.io game","","","unknown_or_free","","","breathing exercises on your playdate","","","calm_or_self_care_benchmark_possible","","2026-05-31T04:45:51.484Z","medium_low","ok"
"Breathing Simulator 2","Ported From Scratch","web_game","itch_tag_page","itch.io","https://ported-from-scratch.itch.io/breathing-simulator-2","mindfulness","breathing","breathing","1","3","Interactive Fiction","","","unknown_or_free","","","Breathing again","","","calm_or_self_care_benchmark_possible","","2026-05-31T04:45:51.484Z","medium_low","ok"
"Bíotópico [Playdate]","Everyday Lemonade","web_game","itch_tag_page","itch.io","https://everydaylemonade.itch.io/biotopico","mindfulness","breathing","breathing","1","5","Educational","","","unknown_or_free","","","Breathe, grow, and plant some (real!) trees with your Playdate.","","","calm_or_self_care_benchmark_possible","","2026-05-31T04:45:51.484Z","medium_low","ok"
"inh-exh: a breathing game","celdavison","web_game","itch_tag_page","itch.io","https://celdavison.itch.io/inh-exh","mindfulness","breathing","breathing","1","7","itch.io game","","","unknown_or_free","","","a self-help tool, to help people who suffer anxiety attacks","","","calm_or_self_care_benchmark_possible","","2026-05-31T04:45:51.484Z","medium_low","ok"
"Leaf & Lung","Voltz Supreme","web_game","itch_tag_page","itch.io","https://voltzsupreme.itch.io/leaf-and-lung-a-relaxation-sim","mindfulness","breathing","breathing","1","9","itch.io game","","","unknown_or_free","","","A hand-painted & musical relaxation game. Fight to stay calm, while leaves descend upon your face...","","","calm_or_self_care_benchmark_possible","","2026-05-31T04:45:51.485Z","medium_low","ok"
"VirtuaLiron - SIDEQUEST YOGA VR APP","OshriEZ","web_game","itch_tag_page","itch.io","https://oshriez.itch.io/virtualiron-sidequest-immersive-yoga-practice","mindfulness","breathing","breathing","1","11","itch.io game","","","$3.99","","","3 sessions of different length. 30, 60 and 90 minutes. Choose the form of the teacher.","","","calm_or_self_care_benchmark_possible","Visible itch price label: $3.99","2026-05-31T04:45:51.485Z","medium_low","ok"
"Where am I?! (dutch)","Nekkohime","web_game","itch_tag_page","itch.io","https://nekkohime.itch.io/where-am-i","mindfulness","breathing","breathing","1","13","Visual Novel","","","unknown_or_free","","","A game about anxiety and how to help","","","calm_or_self_care_benchmark_possible","","2026-05-31T04:45:51.485Z","medium_low","ok"
"VirtuaLiron - PCVR Immersive YOGA practice DEMO","OshriEZ","web_game","itch_tag_page","itch.io","https://oshriez.itch.io/virtualiron-immersive-yoga-practice","mindfulness","breathing","breathing","1","15","itch.io game","","","unknown_or_free","","","experience Yoga training in VR","","","calm_or_self_care_benchmark_possible","","2026-05-31T04:45:51.485Z","medium_low","ok"
"Unity Breathing Programs APP","Sosen","web_game","itch_tag_page","itch.io","https://sosen.itch.io/breathing-app","mindfulness","breathing","breathing","1","17","Educational","","","unknown_or_free","","","","","","calm_or_self_care_benchmark_possible","","2026-05-31T04:45:51.485Z","medium_low","ok"
"Sailbreath","MaxMakesGames","web_game","itch_tag_page","itch.io","https://mwgame.itch.io/sailbreath","mindfulness","breathing","breathing","1","19","Adventure","","","unknown_or_free","","","Move a sailboat with your breath!","","","calm_or_self_care_benchmark_possible","","2026-05-31T04:45:51.485Z","medium_low","ok"
"Deep Breathing","MadMystic","web_game","itch_tag_page","itch.io","https://madmystic.itch.io/deep-breathing","mindfulness","breathing","breathing","1","21","Interactive Fiction","","","unknown_or_free","","","Ludum Dare 48 Game Jam Submission. Meditate your way to Nirvana","","","calm_or_self_care_benchmark_possible","","2026-05-31T04:45:51.485Z","medium_low","ok"
"Nullaby (Breathe Easy)","omnikrll","web_game","itch_tag_page","itch.io","https://omnikrll.itch.io/nullaby","mindfulness","breathing","breathing","1","23","itch.io game","","","unknown_or_free","","","An online meditation chamber","","","calm_or_self_care_benchmark_possible","","2026-05-31T04:45:51.486Z","medium_low","ok"
"Hot-air Penguin Pair","j4GW4r","web_game","itch_tag_page","itch.io","https://j4gw4r.itch.io/hot-air-penguin-pair","mindfulness","breathing","breathing","1","25","itch.io game","","","unknown_or_free","","","Go on an adventure that will take your breath away!","","","calm_or_self_care_benchmark_possible","","2026-05-31T04:45:51.486Z","medium_low","ok"
"Breathing Exercises","brainwavecreations","web_game","itch_tag_page","itch.io","https://brainwavecreations.itch.io/breathing-exercises","mindfulness","breathing","breathing","1","27","Educational","","","unknown_or_free","","","A collection of Breathing Exercises to Learn and Practice","","","calm_or_self_care_benchmark_possible","","2026-05-31T04:45:51.486Z","medium_low","ok"
"Take Off","ogelin","web_game","itch_tag_page","itch.io","https://ogelin.itch.io/take-off","mindfulness","breathing","breathing","1","29","itch.io game","","","unknown_or_free","","","Let us take some thoughts off your mind.","","","calm_or_self_care_benchmark_possible","","2026-05-31T04:45:51.486Z","medium_low","ok"
"Breathe","Mrmango303","web_game","itch_tag_page","itch.io","https://mrmango303.itch.io/breathe","mindfulness","breathing","breathing","1","31","Adventure","","","unknown_or_free","","","Don't forget to breathe!","","","calm_or_self_care_benchmark_possible","","2026-05-31T04:45:51.486Z","medium_low","ok"
"Yoga RPG","vazor","web_game","itch_tag_page","itch.io","https://vazor.itch.io/yoga-rpg","mindfulness","breathing","breathing","1","33","Role Playing","","","$2.22","","","MicroRPG where you take turns doing yoga poses.","","","calm_or_self_care_benchmark_possible","Visible itch price label: $2.22","2026-05-31T04:45:51.486Z","medium_low","ok"
"OuterBreath","baylight","web_game","itch_tag_page","itch.io","https://baylight.itch.io/outerbreath","mindfulness","breathing","breathing","1","35","Educational","","","unknown_or_free","","","Relaxation breathing through winter landscape","","","calm_or_self_care_benchmark_possible","","2026-05-31T04:45:51.487Z","medium_low","ok"
"Just Breathe","Matt Hodges","web_game","itch_tag_page","itch.io","https://matthodges.itch.io/just-breathe","mindfulness","breathing","breathing","1","37","itch.io game","","","unknown_or_free","","","An app designed for calming, rhythmic breathing exercises","","","calm_or_self_care_benchmark_possible","","2026-05-31T04:45:51.487Z","medium_low","ok"
"itch:breathing: no parsed results","","web_game","itch_tag_page","itch.io","https://itch.io/games/tag-breathing?page=2","mindfulness","breathing","breathing","2","0","collection_note","","","","","","No game cells parsed from itch.io tag page.","","","","","2026-05-31T04:45:51.791Z","low","empty_result"
"itch:breathing: no parsed results","","web_game","itch_tag_page","itch.io","https://itch.io/games/tag-breathing?page=3","mindfulness","breathing","breathing","3","0","collection_note","","","","","","No game cells parsed from itch.io tag page.","","","","","2026-05-31T04:45:52.063Z","low","empty_result"
"lark","Fernando Reyes Medina","web_game","itch_tag_page","itch.io","https://ds75.itch.io/lark","mindfulness","self-care","self-care","1","1","Rhythm","","","unknown_or_free","","","A musical mental health experience","","","calm_or_self_care_benchmark_possible","","2026-05-31T04:45:52.983Z","medium_low","ok"
"running out of emptiness","aloelazoe","web_game","itch_tag_page","itch.io","https://aloelazoe.itch.io/running-out-of-emptiness","mindfulness","self-care","self-care","1","3","Interactive Fiction","","","unknown_or_free","","","survive through escapism","","","calm_or_self_care_benchmark_possible","","2026-05-31T04:45:52.984Z","medium_low","ok"
"GIF","Ludonaut","web_game","itch_tag_page","itch.io","https://ludonaut.itch.io/borb-the-birb","mindfulness","self-care","self-care","1","5","itch.io game","","","unknown_or_free","","","borb loves u","","","calm_or_self_care_benchmark_possible","","2026-05-31T04:45:52.984Z","medium_low","ok"
"Petite Cuiller","Lagrume Masque","web_game","itch_tag_page","itch.io","https://lagrume-masque.itch.io/petite-cuiller","mindfulness","self-care","self-care","1","7","Interactive Fiction","","","unknown_or_free","","","A game about everyday life with depression","","","calm_or_self_care_benchmark_possible","","2026-05-31T04:45:52.984Z","medium_low","ok"
"A bit of light","Yomissmar","web_game","itch_tag_page","itch.io","https://yomissmar.itch.io/a-bit-of-light","mindfulness","self-care","self-care","1","9","Interactive Fiction","","","unknown_or_free","","","Find the balance between your obligations and passions while taking care of yourself","","","calm_or_self_care_benchmark_possible","","2026-05-31T04:45:52.984Z","medium_low","ok"
"Hello Goodbyes","Velvet","web_game","itch_tag_page","itch.io","https://switch-b.itch.io/hello-goodbyes","mindfulness","self-care","self-care","1","11","itch.io game","","","unknown_or_free","","","A writing experience with yourself.","","","calm_or_self_care_benchmark_possible","","2026-05-31T04:45:52.984Z","medium_low","ok"
"Hymn","june wilde","web_game","itch_tag_page","itch.io","https://bayounetta.itch.io/hymn","mindfulness","self-care","self-care","1","13","itch.io game","","","unknown_or_free","","","A Twine game of reassurance and reminders for those lost in themselves","","","calm_or_self_care_benchmark_possible","","2026-05-31T04:45:52.984Z","medium_low","ok"
"Forward","ItsKazBorn","web_game","itch_tag_page","itch.io","https://itskazborn.itch.io/forward","mindfulness","self-care","self-care","1","15","Visual Novel","","","unknown_or_free","","","Sometimes self care means tidying up your room","","","calm_or_self_care_benchmark_possible","","2026-05-31T04:45:52.985Z","medium_low","ok"
"self-care for wizards","Ennis Rook Bashe","web_game","itch_tag_page","itch.io","https://ennisrook.itch.io/self-care-for-wizards","mindfulness","self-care","self-care","1","17","Simulation","","","unknown_or_free","","","you're a wizard regaining strength. pet your familiar. draw a sigil. feel brave and good.","","","calm_or_self_care_benchmark_possible","","2026-05-31T04:45:52.985Z","medium_low","ok"
"reminder to self","caeth","web_game","itch_tag_page","itch.io","https://caeth.itch.io/reminder-to-self","mindfulness","self-care","self-care","1","19","itch.io game","","","unknown_or_free","","","","","","calm_or_self_care_benchmark_possible","","2026-05-31T04:45:52.985Z","medium_low","ok"
"Rainy Day with Teddy","୨୧ miri ⋆ ᱸ. ౨ৎ","web_game","itch_tag_page","itch.io","https://mimkitty.itch.io/rainy-day-with-teddy","mindfulness","self-care","self-care","1","21","itch.io game","","","unknown_or_free","","","hear some loving words from a baby teddy bear","","","calm_or_self_care_benchmark_possible","","2026-05-31T04:45:52.985Z","medium_low","ok"
"You Feel Like Shit — интерактивное руководство","get well","web_game","itch_tag_page","itch.io","https://get-well.itch.io/you-feel-like-shit-by-get-well","mindfulness","self-care","self-care","1","23","Interactive Fiction","","","unknown_or_free","","","","","","calm_or_self_care_benchmark_possible","","2026-05-31T04:45:52.985Z","medium_low","ok"
"Desktop Goober","Mana Kouwenberg","web_game","itch_tag_page","itch.io","https://manakouwenberg.itch.io/desktop-goober","mindfulness","self-care","self-care","1","25","itch.io game","","","unknown_or_free","","","A reverse tamagotchi for your desktop that reminds you to take care of yourself","","","calm_or_self_care_benchmark_possible","","2026-05-31T04:45:52.985Z","medium_low","ok"
"Mind OS","KiraFarron","web_game","itch_tag_page","itch.io","https://kirafarron.itch.io/mind-os","mindfulness","self-care","self-care","1","27","Simulation","","","unknown_or_free","","","A Tool for Health Now, A Concept for the Future.","","","calm_or_self_care_benchmark_possible","","2026-05-31T04:45:52.985Z","medium_low","ok"
"Self-care autumn","Marina Díez","web_game","itch_tag_page","itch.io","https://ninfa.itch.io/selfcare-autumn","mindfulness","self-care","self-care","1","29","itch.io game","","","unknown_or_free","","","","","","calm_or_self_care_benchmark_possible","","2026-05-31T04:45:52.986Z","medium_low","ok"
"GIF","Beetle","web_game","itch_tag_page","itch.io","https://mutantcassidy.itch.io/the-moth-oracles-poem","mindfulness","self-care","self-care","1","31","itch.io game","","","unknown_or_free","","","A poetry mediation on appreciation of all things.","","","calm_or_self_care_benchmark_possible","","2026-05-31T04:45:52.986Z","medium_low","ok"
"HEY! LOOK AT THIS BEE!! (Bee Love Letter)","Sailor Bees","web_game","itch_tag_page","itch.io","https://sailor-bees.itch.io/bee-love-letter","mindfulness","self-care","self-care","1","33","Interactive Fiction","","","unknown_or_free","","","SHE'S DELIVERING A LOVE LETTER!!!!! Do you accept???","","","calm_or_self_care_benchmark_possible","","2026-05-31T04:45:52.986Z","medium_low","ok"
"today and every day, i become a chinese new year bonsai","deimos","web_game","itch_tag_page","itch.io","https://deimosly.itch.io/vine","mindfulness","self-care","self-care","1","35","itch.io game","","","unknown_or_free","","","","","","calm_or_self_care_benchmark_possible","","2026-05-31T04:45:52.986Z","medium_low","ok"
"HEY! - A self-care guide I drew with a trackpad","aodhlmao","web_game","itch_tag_page","itch.io","https://aodhlmao.itch.io/heyselfcare","mindfulness","self-care","self-care","1","37","itch.io game","","","unknown_or_free","","","A short point-and-click game to help you feel human again <3","","","calm_or_self_care_benchmark_possible","","2026-05-31T04:45:52.986Z","medium_low","ok"
"Day Off","Harriethw","web_game","itch_tag_page","itch.io","https://harriethw.itch.io/day-off","mindfulness","self-care","self-care","1","39","Visual Novel","","","unknown_or_free","","","An interactive picture book about taking the day off","","","calm_or_self_care_benchmark_possible","","2026-05-31T04:45:52.986Z","medium_low","ok"
"HeartBeat Companion","iD01t Productions","web_game","itch_tag_page","itch.io","https://id01t.itch.io/heartbeat-companion","mindfulness","self-care","self-care","1","41","Puzzle","","","unknown_or_free","","","Private offline self-care app with love notes, mood tracking, and card creation.","","","calm_or_self_care_benchmark_possible","","2026-05-31T04:45:52.987Z","medium_low","ok"
"The Time Waster Quiz","Alley","web_game","itch_tag_page","itch.io","https://alleydreamer.itch.io/the-time-waster-quiz","mindfulness","self-care","self-care","1","43","Visual Novel","","","unknown_or_free","","","","","","calm_or_self_care_benchmark_possible","","2026-05-31T04:45:52.987Z","medium_low","ok"
"Kirby: sleep","...........sleep now","web_game","itch_tag_page","itch.io","https://milktea-boy.itch.io/sleep-well-tonight","mindfulness","self-care","self-care","1","45","Educational","","","unknown_or_free","","","","","","calm_or_self_care_benchmark_possible","","2026-05-31T04:45:52.987Z","medium_low","ok"
"You are Filled with Determination","jgf1123","web_game","itch_tag_page","itch.io","https://jgf1123.itch.io/you-are-filled-with-determination","mindfulness","self-care","self-care","1","47","Educational","","","unknown_or_free","","","Got any GRAPES?","","","calm_or_self_care_benchmark_possible","","2026-05-31T04:45:52.987Z","medium_low","ok"
"Are You Okay?","IDOLL Dev","web_game","itch_tag_page","itch.io","https://idoll-dev.itch.io/are-you-okay","mindfulness","self-care","self-care","1","49","itch.io game","","","unknown_or_free","","","A self-care game","","","calm_or_self_care_benchmark_possible","","2026-05-31T04:45:52.987Z","medium_low","ok"
"No More Responsibilities","cannibal.exe","web_game","itch_tag_page","itch.io","https://cannibalexe.itch.io/nmr","mindfulness","self-care","self-care","1","51","Simulation","","","unknown_or_free","","","There’s no responsibilities waiting for you here","","","calm_or_self_care_benchmark_possible","","2026-05-31T04:45:52.987Z","medium_low","ok"
"The Apprentice Blacksmith","eolimpiew","web_game","itch_tag_page","itch.io","https://eolimpiew.itch.io/the-apprentice","mindfulness","self-care","self-care","1","53","Interactive Fiction","","","unknown_or_free","","","","","","calm_or_self_care_benchmark_possible","","2026-05-31T04:45:52.987Z","medium_low","ok"
"I feel anxious, help!","valin","web_game","itch_tag_page","itch.io","https://valin.itch.io/i-feel-anxious-help","mindfulness","self-care","self-care","1","55","Educational","","","unknown_or_free","","","A calming friend to walk you through and troubleshoot your anxious feelings.","","","calm_or_self_care_benchmark_possible","","2026-05-31T04:45:52.987Z","medium_low","ok"
"On the Landing","Stories in Play","web_game","itch_tag_page","itch.io","https://storiesinplay.itch.io/on-the-landing","mindfulness","self-care","self-care","1","57","Simulation","","","unknown_or_free","","","A hopeful hypertext narrative about insomnia and anxiety","","","calm_or_self_care_benchmark_possible","","2026-05-31T04:45:52.988Z","medium_low","ok"
"Marigolds(WIP)","Cindy Makes Games","web_game","itch_tag_page","itch.io","https://cindymakesgames.itch.io/marigolds","mindfulness","self-care","self-care","1","59","itch.io game","","","unknown_or_free","","","Experimental experience about dealing with loss during Covid-19.","","","calm_or_self_care_benchmark_possible","","2026-05-31T04:45:52.988Z","medium_low","ok"
"Seize the Day, Slay the Dragon!","sarah_jane9","web_game","itch_tag_page","itch.io","https://sarah-jane9.itch.io/seize-the-day","mindfulness","self-care","self-care","1","61","Educational","","","unknown_or_free","","","A short game that encourages self care!","","","calm_or_self_care_benchmark_possible","","2026-05-31T04:45:52.988Z","medium_low","ok"
"Void Checkpoint (Wild Jam 69)","harveys","web_game","itch_tag_page","itch.io","https://harveys.itch.io/wildjam69","mindfulness","self-care","self-care","1","63","itch.io game","","","unknown_or_free","","","Take a break at the Void Checkpoint :)","","","calm_or_self_care_benchmark_possible","","2026-05-31T04:45:52.988Z","medium_low","ok"
"Day of the week.","Hiya58","web_game","itch_tag_page","itch.io","https://mon-the-unicorn.itch.io/life","mindfulness","self-care","self-care","1","65","Simulation","","","unknown_or_free","","","Has your day been fufilled?","","","calm_or_self_care_benchmark_possible","","2026-05-31T04:45:52.988Z","medium_low","ok"
"Earth Resonance","jesstasia","web_game","itch_tag_page","itch.io","https://jesstasia.itch.io/earth-resonance","mindfulness","self-care","self-care","1","67","Rhythm","","","unknown_or_free","","","A typing-rhythm game where SOUL ends the run, but EGO loops you into ranking.","","","calm_or_self_care_benchmark_possible","","2026-05-31T04:45:52.988Z","medium_low","ok"
"Habit","Dev Reay","web_game","itch_tag_page","itch.io","https://reayd-falmouth.itch.io/habit","mindfulness","self-care","self-care","1","69","itch.io game","","","unknown_or_free","","","Play your habits. Level up your well-being.","","","calm_or_self_care_benchmark_possible","","2026-05-31T04:45:52.988Z","medium_low","ok"
"YOU ARE","johan gonzalez","web_game","itch_tag_page","itch.io","https://johan-gonzalez.itch.io/you-are","mindfulness","self-care","self-care","1","71","Educational","","","unknown_or_free","","","A MOTIVATIONAL GAME THAT MAKES YOU REMEBER WHO YOU TRULY ARE!!!","","","calm_or_self_care_benchmark_possible","","2026-05-31T04:45:52.989Z","medium_low","ok"
"Bedzone","inthescales","web_game","itch_tag_page","itch.io","https://inthescales.itch.io/bedzone","mindfulness","self-care","self-care","2","1","itch.io game","","","unknown_or_free","","","In bed you can do anything you want","","","calm_or_self_care_benchmark_possible","","2026-05-31T04:45:53.280Z","medium_low","ok"
"Do Nice Things","glitterflounce","web_game","itch_tag_page","itch.io","https://glitterflounce.itch.io/do-nice-things","mindfulness","self-care","self-care","2","3","itch.io game","","","unknown_or_free","","","A self-care suggestions flickgame","","","calm_or_self_care_benchmark_possible","","2026-05-31T04:45:53.281Z","medium_low","ok"
"Hungry Ghost(s)","gaydarade","web_game","itch_tag_page","itch.io","https://gaydarade.itch.io/hungry-ghost-s-","mindfulness","self-care","self-care","2","5","Simulation","","","unknown_or_free","","","self-care, self-destruction, and the intersection therein.","","","calm_or_self_care_benchmark_possible","","2026-05-31T04:45:53.281Z","medium_low","ok"
"Tutorial: Get Chunks, Talk to Your Friend The Bird","BedWords","web_game","itch_tag_page","itch.io","https://bedwords.itch.io/tutorial-get-chunks-talk-to-your-friend-the-bird","mindfulness","self-care","self-care","2","7","itch.io game","","","unknown_or_free","","","We get lost, we keep on pushing","","","calm_or_self_care_benchmark_possible","","2026-05-31T04:45:53.281Z","medium_low","ok"
"itch:self-care: no parsed results","","web_game","itch_tag_page","itch.io","https://itch.io/games/tag-self-care?page=3","mindfulness","self-care","self-care","3","0","collection_note","","","","","","No game cells parsed from itch.io tag page.","","","","","2026-05-31T04:45:53.655Z","low","empty_result"
"Medivination","Bloof","web_game","itch_tag_page","itch.io","https://bloofbloof.itch.io/medivination","mindfulness","calming","calming","1","1","Interactive Fiction","","","unknown_or_free","","","Relax while having a reading","","","calm_or_self_care_benchmark_possible","","2026-05-31T04:45:54.048Z","medium_low","ok"
"Happy Place","Fruckert","web_game","itch_tag_page","itch.io","https://fruckert.itch.io/happy-place","mindfulness","calming","calming","1","3","Platformer","","","unknown_or_free","","","A small experience about overcoming depression.","","","calm_or_self_care_benchmark_possible","","2026-05-31T04:45:54.048Z","medium_low","ok"
"Relaxation Randomizer","Bloof","web_game","itch_tag_page","itch.io","https://bloofbloof.itch.io/relaxation-randomizer","mindfulness","calming","calming","1","5","itch.io game","","","unknown_or_free","","","Randomly generate relaxing audio, visuals and text!","","","calm_or_self_care_benchmark_possible","","2026-05-31T04:45:54.048Z","medium_low","ok"
"Froggy Shelf","Milo Smiley","web_game","itch_tag_page","itch.io","https://msmiley.itch.io/froggy-shelf","mindfulness","calming","calming","1","7","Simulation","","","unknown_or_free","","","the froggy chair game you didn't know you needed","","","calm_or_self_care_benchmark_possible","","2026-05-31T04:45:54.048Z","medium_low","ok"
"Next Gen Fish AI","Bladaa","web_game","itch_tag_page","itch.io","https://bladaa.itch.io/fishai","mindfulness","calming","calming","1","9","Simulation","","","unknown_or_free","","","A semi-idle game with hyper intelligent fish AI","","","calm_or_self_care_benchmark_possible","","2026-05-31T04:45:54.048Z","medium_low","ok"
"Ascent by Jimothy","jimothy","web_game","itch_tag_page","itch.io","https://jimothydev.itch.io/ascent","mindfulness","calming","calming","1","11","Platformer","","","unknown_or_free","","","A simple 2D platformer about climbing a mountain.","","","calm_or_self_care_benchmark_possible","","2026-05-31T04:45:54.049Z","medium_low","ok"
"GIF","Ben Wiest","web_game","itch_tag_page","itch.io","https://chompiv.itch.io/detectorisland","mindfulness","calming","calming","1","13","Simulation","","","unknown_or_free","","","A Metal Detecting Game","","","calm_or_self_care_benchmark_possible","","2026-05-31T04:45:54.049Z","medium_low","ok"
"The One Hour Game","Crystalkeeper7","web_game","itch_tag_page","itch.io","https://crystalkeeper7.itch.io/the-one-hour-game","mindfulness","calming","calming","1","15","itch.io game","","","unknown_or_free","","","The One Hour Game is a mouse based game of skill. The game includes 21 levels.","","","calm_or_self_care_benchmark_possible","","2026-05-31T04:45:54.049Z","medium_low","ok"
"Sanctuary","Benjamin.Phillips","web_game","itch_tag_page","itch.io","https://benjaminphillips.itch.io/sanctuary","mindfulness","calming","calming","1","17","Simulation","","","unknown_or_free","","","Fly free and form a flock in flight!","","","calm_or_self_care_benchmark_possible","","2026-05-31T04:45:54.049Z","medium_low","ok"
"Highliner","CHARCOAL BY CHARLIE","web_game","itch_tag_page","itch.io","https://charcoalx.itch.io/highliner","mindfulness","calming","calming","1","19","Action","","","unknown_or_free","","","""All over the world, people are putting it all on the line"" and you can too, in this highlining simulator.","","","calm_or_self_care_benchmark_possible","","2026-05-31T04:45:54.049Z","medium_low","ok"
"Iyashikei - The Fountain","AdamSommerfield","web_game","itch_tag_page","itch.io","https://adamsommerfield.itch.io/iyashikei-the-fountain","mindfulness","calming","calming","1","21","Interactive Fiction","","","unknown_or_free","","","A tranquil and soothing interactive fiction game that transports players into a serene, meditative experience.","","","calm_or_self_care_benchmark_possible","","2026-05-31T04:45:54.049Z","medium_low","ok"
"Ex-Sword-Stential Crisis","Bitten Toast Games","web_game","itch_tag_page","itch.io","https://danielsnd.itch.io/ex-sword-stential-crisis","mindfulness","calming","calming","1","23","itch.io game","","","unknown_or_free","","","Control a sword as you flop around cutting grass and getting money! Try not to kill anyone!","","","calm_or_self_care_benchmark_possible","","2026-05-31T04:45:54.049Z","medium_low","ok"
"OWL","Ryan Chou","web_game","itch_tag_page","itch.io","https://ryan-chou.itch.io/owl","mindfulness","calming","calming","1","25","itch.io game","","","unknown_or_free","","","A walking simulator through a calming forest.","","","calm_or_self_care_benchmark_possible","","2026-05-31T04:45:54.050Z","medium_low","ok"
"Crispy Leaves","sophiaaar","web_game","itch_tag_page","itch.io","https://sophiaaar.itch.io/crispy-leaves","mindfulness","calming","calming","1","27","Simulation","","","unknown_or_free","","","A short game about crunching leaves under your foot","","","calm_or_self_care_benchmark_possible","","2026-05-31T04:45:54.050Z","medium_low","ok"
"Monkey Island","tsitski","web_game","itch_tag_page","itch.io","https://tsitski.itch.io/monkey-island","mindfulness","calming","calming","1","29","Puzzle","","","unknown_or_free","","","Island of monkeys, move them. Birth them.","","","calm_or_self_care_benchmark_possible","","2026-05-31T04:45:54.050Z","medium_low","ok"
"Pack Your Stuff [Demo]","indifferentbroccoli","web_game","itch_tag_page","itch.io","https://indifferentbroccoli.itch.io/pack-your-stuff","mindfulness","calming","calming","1","31","itch.io game","","","unknown_or_free","","","Relax...pack your room into cardboard boxes.","","","calm_or_self_care_benchmark_possible","","2026-05-31T04:45:54.050Z","medium_low","ok"
"Blent in Me","PG311","web_game","itch_tag_page","itch.io","https://pg311.itch.io/blent-in-me","mindfulness","calming","calming","1","33","Survival","","","unknown_or_free","","","Short slow peace game for the Slime Jam!","","","calm_or_self_care_benchmark_possible","","2026-05-31T04:45:54.050Z","medium_low","ok"
"Marvellous Bird Photography","Magpie","web_game","itch_tag_page","itch.io","https://duckgoosegames.itch.io/marvellous-bird-photography","mindfulness","calming","calming","1","35","Puzzle","","","unknown_or_free","","","Take photographs of magical birds in your own customisable garden.","","","calm_or_self_care_benchmark_possible","","2026-05-31T04:45:54.050Z","medium_low","ok"
"Cat Stroking Simulator BETA","ArgondevilGuiderods","web_game","itch_tag_page","itch.io","https://argondevilguiderods.itch.io/cat-stroking-simulator","mindfulness","calming","calming","1","37","Simulation","","","unknown_or_free","","","","","","calm_or_self_care_benchmark_possible","","2026-05-31T04:45:54.050Z","medium_low","ok"
"Not-Tamagotchi","iambaangkok","web_game","itch_tag_page","itch.io","https://iambaangkok.itch.io/not-tamagotchi","mindfulness","calming","calming","1","39","Simulation","","","unknown_or_free","","","A virtual pet simulator, aims to accompany you while you work on other things in your computer","","","calm_or_self_care_benchmark_possible","","2026-05-31T04:45:54.051Z","medium_low","ok"
"Explorer's Descent","Briskled","web_game","itch_tag_page","itch.io","https://briskled.itch.io/explorers-descent","mindfulness","calming","calming","1","41","Survival","","","unknown_or_free","","","Explore a beautiful underwater world but take care to not get out of fuel","","","calm_or_self_care_benchmark_possible","","2026-05-31T04:45:54.051Z","medium_low","ok"
"Spark","Floatingtable","web_game","itch_tag_page","itch.io","https://floatingtable101.itch.io/spark","mindfulness","calming","calming","1","43","Platformer","","","unknown_or_free","","","A game about persistence","","","calm_or_self_care_benchmark_possible","","2026-05-31T04:45:54.051Z","medium_low","ok"
"Java Rubics Cube (Yes I know it is ""Rubik's"" and not Rubics)","ArtinMolaeiForouhar","web_game","itch_tag_page","itch.io","https://artinmolaeiforouhar.itch.io/java-rubics-cube","mindfulness","calming","calming","1","45","Puzzle","","","unknown_or_free","","","Have fun :)","","","calm_or_self_care_benchmark_possible","","2026-05-31T04:45:54.051Z","medium_low","ok"
"Cumulating Cumulus","kae","web_game","itch_tag_page","itch.io","https://akaedia.itch.io/cumulating-cumulus","mindfulness","calming","calming","1","47","Simulation","","","unknown_or_free","","","Be present under an ever-changing sky where clouds gather and shift, rewarding those who choose to stay and observe.","","","calm_or_self_care_benchmark_possible","","2026-05-31T04:45:54.051Z","medium_low","ok"
"Golden Hour","Mostel","web_game","itch_tag_page","itch.io","https://mostel.itch.io/golden-hour","mindfulness","calming","calming","1","49","Adventure","","","unknown_or_free","","","Calming interactive experience","","","calm_or_self_care_benchmark_possible","","2026-05-31T04:45:54.051Z","medium_low","ok"
"Coral Corral","SuperAndersenBros","web_game","itch_tag_page","itch.io","https://superandersenbros.itch.io/coral-corral","mindfulness","calming","calming","1","51","Simulation","","","$1","","","Grow your personal undersea garden!","","","calm_or_self_care_benchmark_possible","Visible itch price label: $1","2026-05-31T04:45:54.051Z","medium_low","ok"
"Spark","Andy","web_game","itch_tag_page","itch.io","https://andysgames.itch.io/spark","mindfulness","calming","calming","1","53","Adventure","","","unknown_or_free","","","A fallen firework exploring a wondrous new world, just trying find its way back home into the sky.","","","calm_or_self_care_benchmark_possible","","2026-05-31T04:45:54.051Z","medium_low","ok"
"SpacePug","illarn","web_game","itch_tag_page","itch.io","https://illarn.itch.io/spacepug","mindfulness","calming","calming","1","55","Action","","","unknown_or_free","","","Explore space in this relaxing 3d arcade","","","calm_or_self_care_benchmark_possible","","2026-05-31T04:45:54.052Z","medium_low","ok"
"Regular Quadrilaterals","jmast1161","web_game","itch_tag_page","itch.io","https://jmast1161.itch.io/regular-quadrilaterals","mindfulness","calming","calming","1","57","Puzzle","","","unknown_or_free","","","","","","calm_or_self_care_benchmark_possible","","2026-05-31T04:45:54.052Z","medium_low","ok"
"Kitsunetsuki","JoshB47","web_game","itch_tag_page","itch.io","https://joshb47.itch.io/kitsunetsuki","mindfulness","calming","calming","1","59","Survival","","","unknown_or_free","","","","","","calm_or_self_care_benchmark_possible","","2026-05-31T04:45:54.052Z","medium_low","ok"
"Your Controls","BigHandInSky","web_game","itch_tag_page","itch.io","https://bighandinsky.itch.io/your-controls","mindfulness","calming","calming","1","61","Puzzle","","","unknown_or_free","","","A Minimal Puzzle Box","","","calm_or_self_care_benchmark_possible","","2026-05-31T04:45:54.052Z","medium_low","ok"
"Into the Stars","Tirion Games","web_game","itch_tag_page","itch.io","https://tiriongames.itch.io/into-the-stars","mindfulness","calming","calming","1","63","Adventure","","","unknown_or_free","","","Fly through the stars!","","","calm_or_self_care_benchmark_possible","","2026-05-31T04:45:54.052Z","medium_low","ok"
"Meditative Tetris","GenRelativity","web_game","itch_tag_page","itch.io","https://genrelativity.itch.io/meditative-tetris","mindfulness","calming","calming","1","65","Puzzle","","","unknown_or_free","","","A calming variation of classic Tetris.","","","calm_or_self_care_benchmark_possible","","2026-05-31T04:45:54.052Z","medium_low","ok"
"Kind Regards,","Isabel Pijnenburg","web_game","itch_tag_page","itch.io","https://isabel-pijnenburg.itch.io/kind-regards","mindfulness","calming","calming","1","67","itch.io game","","","unknown_or_free","","","","","","calm_or_self_care_benchmark_possible","","2026-05-31T04:45:54.052Z","medium_low","ok"
"Zhíwùgotchi","Isla Combridge","web_game","itch_tag_page","itch.io","https://zelda-queen231.itch.io/zhwgotchi","mindfulness","calming","calming","1","69","itch.io game","","","unknown_or_free","","","Care for and repair trees as a sapling (Global Game Jam)","","","calm_or_self_care_benchmark_possible","","2026-05-31T04:45:54.052Z","medium_low","ok"
"Reds vs Blues","Collider Studios","web_game","itch_tag_page","itch.io","https://colliderstudios.itch.io/reds-and-blues","mindfulness","calming","calming","1","71","Strategy","","","unknown_or_free","","","","","","calm_or_self_care_benchmark_possible","","2026-05-31T04:45:54.053Z","medium_low","ok"
"UFEEGA Battle Prototype (2013)","U-GameZ","web_game","itch_tag_page","itch.io","https://u-gamez.itch.io/ufeega","mindfulness","calming","calming","2","1","Role Playing","","","unknown_or_free","","","UNFINISHED PROTOTYPE of a Paper Mario like battle system.","","","calm_or_self_care_benchmark_possible","","2026-05-31T04:45:54.327Z","medium_low","ok"
"Jam OUT!","VIndigo","web_game","itch_tag_page","itch.io","https://vindigo-black.itch.io/jam-out","mindfulness","calming","calming","2","3","Platformer","","","unknown_or_free","","","Help the MallowMash jam OUT!","","","calm_or_self_care_benchmark_possible","","2026-05-31T04:45:54.327Z","medium_low","ok"
"GIF","therealmattkain","web_game","itch_tag_page","itch.io","https://therealmattkain.itch.io/conway-color-life","mindfulness","calming","calming","2","5","Simulation","","","unknown_or_free","","","a version of Conway's Game of Life that incorporates cell age and color","","","calm_or_self_care_benchmark_possible","","2026-05-31T04:45:54.327Z","medium_low","ok"
"Fire Hazard","Sian","web_game","itch_tag_page","itch.io","https://siannodel64.itch.io/fire-hazard","mindfulness","calming","calming","2","7","Puzzle","","","unknown_or_free","","","An Electrifying Puzzle Game","","","calm_or_self_care_benchmark_possible","","2026-05-31T04:45:54.327Z","medium_low","ok"
"Calming VR Environment","ghosted9","web_game","itch_tag_page","itch.io","https://ghosted9.itch.io/calming-vr-environment","mindfulness","calming","calming","2","9","itch.io game","","","unknown_or_free","","","Virtual Reality Calming Experience","","","calm_or_self_care_benchmark_possible","","2026-05-31T04:45:54.327Z","medium_low","ok"
"Ecoquarium","Goober Brothers","web_game","itch_tag_page","itch.io","https://goober-brothers.itch.io/ecoquarium","mindfulness","calming","calming","2","11","Simulation","","","unknown_or_free","","","Look at them go!","","","calm_or_self_care_benchmark_possible","","2026-05-31T04:45:54.327Z","medium_low","ok"
"Just Go With The Flow Download","ShnyMegaRay","web_game","itch_tag_page","itch.io","https://shnymegaray.itch.io/just-go-with-the-flow-download","mindfulness","calming","calming","2","13","itch.io game","","","unknown_or_free","","","Calming players since 2025","","","calm_or_self_care_benchmark_possible","","2026-05-31T04:45:54.327Z","medium_low","ok"
"GraviTy","xawap","web_game","itch_tag_page","itch.io","https://xawap.itch.io/gravity","mindfulness","calming","calming","2","15","Simulation","","","unknown_or_free","","","","","","calm_or_self_care_benchmark_possible","","2026-05-31T04:45:54.328Z","medium_low","ok"
"Rotational","Crystalkeeper7","web_game","itch_tag_page","itch.io","https://crystalkeeper7.itch.io/rotational","mindfulness","calming","calming","2","17","Puzzle","","","unknown_or_free","","","Rotational is a skill-based puzzle game where walking up slopes changes the direction of gravity.","","","calm_or_self_care_benchmark_possible","","2026-05-31T04:45:54.328Z","medium_low","ok"
"Allen","chalktray","web_game","itch_tag_page","itch.io","https://chalktray.itch.io/allen","mindfulness","calming","calming","2","19","itch.io game","","","unknown_or_free","","","Weaponize your adorable.","","","calm_or_self_care_benchmark_possible","","2026-05-31T04:45:54.328Z","medium_low","ok"
"Windchime","Sam","web_game","itch_tag_page","itch.io","https://samfriedman.itch.io/windchime","mindfulness","calming","calming","2","21","itch.io game","","","unknown_or_free","","","","","","calm_or_self_care_benchmark_possible","","2026-05-31T04:45:54.328Z","medium_low","ok"
"bean playground","potato kitty","web_game","itch_tag_page","itch.io","https://potato-kitty.itch.io/bean-playground","mindfulness","calming","calming","2","23","itch.io game","","","unknown_or_free","","","beans","","","calm_or_self_care_benchmark_possible","","2026-05-31T04:45:54.328Z","medium_low","ok"
"🌿 Rolling Ferns 🌿","SephReed","web_game","itch_tag_page","itch.io","https://sephreed.itch.io/rolling-ferns","mindfulness","calming","calming","2","25","Card Game","","","unknown_or_free","","","Relaxing solo or fast paced online multiplayer dice game","","","calm_or_self_care_benchmark_possible","","2026-05-31T04:45:54.328Z","medium_low","ok"
"Possibly Endless Golf","Anefiox","web_game","itch_tag_page","itch.io","https://anefiox.itch.io/possibly-endless-golf","mindfulness","calming","calming","2","27","Sports","","","$3.99","","","Your Cozy, Endless Golfing Retreat!","","","calm_or_self_care_benchmark_possible","Visible itch price label: $3.99","2026-05-31T04:45:54.328Z","medium_low","ok"
"Neon Cubes","Mr. Solaire","web_game","itch_tag_page","itch.io","https://mr-solaire.itch.io/neon-cubes","mindfulness","calming","calming","2","29","itch.io game","","","unknown_or_free","","","Meditative Clicker","","","calm_or_self_care_benchmark_possible","","2026-05-31T04:45:54.328Z","medium_low","ok"
"Worm Eats Inc.","sillyman987","web_game","itch_tag_page","itch.io","https://sillyman987.itch.io/worm-eats-inc","mindfulness","calming","calming","2","31","Adventure","","","unknown_or_free","","","Work as a delivery worm for Worm Eats Inc.","","","calm_or_self_care_benchmark_possible","","2026-05-31T04:45:54.328Z","medium_low","ok"
"Calming Collecting","kastanileel","web_game","itch_tag_page","itch.io","https://kastanileel.itch.io/calming-collecting","mindfulness","calming","calming","2","33","Adventure","","","unknown_or_free","","","A relaxing game with lo-fi beats where you collect mushrooms.","","","calm_or_self_care_benchmark_possible","","2026-05-31T04:45:54.328Z","medium_low","ok"
"The Chimes","Thundersparks","web_game","itch_tag_page","itch.io","https://thundersparks.itch.io/the-chimes","mindfulness","calming","calming","2","35","Rhythm","","","unknown_or_free","","","A Musical Windchime","","","calm_or_self_care_benchmark_possible","","2026-05-31T04:45:54.328Z","medium_low","ok"
"Slime Echo","Skrzateusz","web_game","itch_tag_page","itch.io","https://skrzateusz.itch.io/slime-echo","mindfulness","calming","calming","2","37","Puzzle","","","unknown_or_free","","","Take control over the Slime and his mysterious Echo | NSJS Mini Jam 3","","","calm_or_self_care_benchmark_possible","","2026-05-31T04:45:54.328Z","medium_low","ok"
"Strange Discovery","BradSpark","web_game","itch_tag_page","itch.io","https://bradspark.itch.io/strange-discovery","mindfulness","calming","calming","2","39","Adventure","","","unknown_or_free","","","Planet Discovery Game","","","calm_or_self_care_benchmark_possible","","2026-05-31T04:45:54.328Z","medium_low","ok"
"The Ball Pits","NoahZimmerman Voids","web_game","itch_tag_page","itch.io","https://noahzimmerman-voids.itch.io/the-ball-pits","mindfulness","calming","calming","2","41","itch.io game","","","unknown_or_free","","","University of Tulsa CSG 1003: Game Design Challenge 04","","","calm_or_self_care_benchmark_possible","","2026-05-31T04:45:54.328Z","medium_low","ok"
"Journey to Your Hue","victoriayang1","web_game","itch_tag_page","itch.io","https://victoriayang1.itch.io/journery-to-hue","mindfulness","calming","calming","2","43","Visual Novel","","","unknown_or_free","","","","","","calm_or_self_care_benchmark_possible","","2026-05-31T04:45:54.328Z","medium_low","ok"
"Validcard Solitaire","Juliana Hanselmann","web_game","itch_tag_page","itch.io","https://denkisiscrying.itch.io/validcard","mindfulness","calming","calming","2","45","Card Game","","","unknown_or_free","","","","","","calm_or_self_care_benchmark_possible","","2026-05-31T04:45:54.328Z","medium_low","ok"
"Everything in Its Place","courtneyarena","web_game","itch_tag_page","itch.io","https://courtneyarena.itch.io/everything-in-its-place","mindfulness","calming","calming","2","47","Puzzle","","","unknown_or_free","","","A peaceful 2D game where you can dive into the calming art of organizing.","","","calm_or_self_care_benchmark_possible","","2026-05-31T04:45:54.328Z","medium_low","ok"
"a Homeword Glroby","NopeDotexe","web_game","itch_tag_page","itch.io","https://nopedotexe.itch.io/a-homeword-glroby","mindfulness","calming","calming","2","49","Adventure","","","unknown_or_free","","","Take Glorby Home","","","calm_or_self_care_benchmark_possible","","2026-05-31T04:45:54.328Z","medium_low","ok"
"Just Go With The Flow","ShnyMegaRay","web_game","itch_tag_page","itch.io","https://shnymegaray.itch.io/just-go-with-the-flow","mindfulness","calming","calming","2","51","itch.io game","","","unknown_or_free","","","Calming players since 2025","","","calm_or_self_care_benchmark_possible","","2026-05-31T04:45:54.329Z","medium_low","ok"
"Binaural Beats Vol 2 (8 loopable Meditative tracks)","kummel","web_game","itch_tag_page","itch.io","https://kummel.itch.io/binaural-beats-vol-2","mindfulness","calming","calming","2","53","itch.io game","","","$5","","","Binaural Beat Soundtrack, Ambient and Meditative Atmospheres","","","calm_or_self_care_benchmark_possible","Visible itch price label: $5","2026-05-31T04:45:54.329Z","medium_low","ok"
"Gardens of Music","Wargamechampion","web_game","itch_tag_page","itch.io","https://wargamechampion.itch.io/gardens-of-music","mindfulness","calming","calming","2","55","Simulation","","","$2","","","","","","calm_or_self_care_benchmark_possible","Visible itch price label: $2","2026-05-31T04:45:54.329Z","medium_low","ok"
"Pop it!","TaytoPotatoe","web_game","itch_tag_page","itch.io","https://taytopotatoe.itch.io/pop-it","mindfulness","calming","calming","2","57","itch.io game","","","unknown_or_free","","","For everyone as tired as me: a bit of calming asmr :)","","","calm_or_self_care_benchmark_possible","","2026-05-31T04:45:54.329Z","medium_low","ok"
"sphere: Isometric Relaxation","eggdog media","web_game","itch_tag_page","itch.io","https://eggdog-media.itch.io/sphere","mindfulness","calming","calming","2","59","Puzzle","","","unknown_or_free","","","A relaxing isometric puzzle game.","","","calm_or_self_care_benchmark_possible","","2026-05-31T04:45:54.329Z","medium_low","ok"
"OP Command","LarrylDong","web_game","itch_tag_page","itch.io","https://larryldong.itch.io/op-command","mindfulness","calming","calming","2","61","itch.io game","","","unknown_or_free","","","A game inspired by Missile Command and Bridget Riley","","","calm_or_self_care_benchmark_possible","","2026-05-31T04:45:54.329Z","medium_low","ok"
"Touch The Sky","Candy✩Giants","web_game","itch_tag_page","itch.io","https://candygiants.itch.io/touch-the-sky","mindfulness","calming","calming","2","63","itch.io game","","","unknown_or_free","","","Femicom 3 minigame. Click on clouds and enjoy soothing music.","","","calm_or_self_care_benchmark_possible","","2026-05-31T04:45:54.329Z","medium_low","ok"
"Ultimate Potential: The Game","Valiant Lowitz","web_game","itch_tag_page","itch.io","https://valiantlowitz.itch.io/ultimatepotential","mindfulness","calming","calming","2","65","itch.io game","","","unknown_or_free","","","","","","calm_or_self_care_benchmark_possible","","2026-05-31T04:45:54.329Z","medium_low","ok"
"Ease Demo","feytechnologist","web_game","itch_tag_page","itch.io","https://feytechnologist.itch.io/easedemo","mindfulness","calming","calming","2","67","Simulation","","","unknown_or_free","","","A demo of a series of calming minigames to help relieve stress and anxiety","","","calm_or_self_care_benchmark_possible","","2026-05-31T04:45:54.329Z","medium_low","ok"
"itch:calming: no parsed results","","web_game","itch_tag_page","itch.io","https://itch.io/games/tag-calming?page=3","mindfulness","calming","calming","3","0","collection_note","","","","","","No game cells parsed from itch.io tag page.","","","","","2026-05-31T04:45:54.599Z","low","empty_result"
"Arcadie: Cold Lands (PC/macOS)","Sofia","web_game","itch_tag_page","itch.io","https://arcadie-utopie.itch.io/arcadie-cold-lands","avatar_identity","character-customization","character-customization","1","1","Interactive Fiction","","","unknown_or_free","","","What will you do with the Crown?","","avatar_or_identity_benchmark_possible","","","2026-05-31T04:45:54.907Z","medium_low","ok"
"Killer Chat! Original Edition","rosesrot","web_game","itch_tag_page","itch.io","https://rosesrot.itch.io/killer-chat","avatar_identity","character-customization","character-customization","1","3","Visual Novel","","","unknown_or_free","","","You're a writer that's been (mistakenly) invited to a serial killer server. Uh oh.","","avatar_or_identity_benchmark_possible","","","2026-05-31T04:45:54.908Z","medium_low","ok"
"Our Life: Now & Forever","GBPatchVerified Account","web_game","itch_tag_page","itch.io","https://gbpatch.itch.io/our-life-nf","avatar_identity","character-customization","character-customization","1","5","Visual Novel","","","unknown_or_free","","","A paper airplane, two new neighbors, four autumns, and a one of a kind life.","","avatar_or_identity_benchmark_possible","","","2026-05-31T04:45:54.908Z","medium_low","ok"
"Chromatic Agape [New Demo]","Deniz G. Lerosi","web_game","itch_tag_page","itch.io","https://deniz-g-lerosi.itch.io/chromatic-agape","avatar_identity","character-customization","character-customization","1","7","Visual Novel","","","unknown_or_free","","","A Horror Romance | The world of the painting awaits you...","","avatar_or_identity_benchmark_possible","","","2026-05-31T04:45:54.908Z","medium_low","ok"
"Sinner Maker","Pantokrator","web_game","itch_tag_page","itch.io","https://sm-pantokrator.itch.io/sinner-maker","avatar_identity","character-customization","character-customization","1","9","itch.io game","","","unknown_or_free","","","A mii maker inspired character creator with religious theme","","avatar_or_identity_benchmark_possible","","","2026-05-31T04:45:54.908Z","medium_low","ok"
"Killer Chat! Expanded Edition [DEMO]","rosesrot","web_game","itch_tag_page","itch.io","https://rosesrot.itch.io/killer-chat-expanded","avatar_identity","character-customization","character-customization","1","11","Visual Novel","","","unknown_or_free","","","You're a writer that's been (mistakenly) invited to a serial killer server. Uh oh.","","avatar_or_identity_benchmark_possible","","","2026-05-31T04:45:54.908Z","medium_low","ok"
"vampires in your area","Carziecat","web_game","itch_tag_page","itch.io","https://carziecat.itch.io/vampires-in-your-area","avatar_identity","character-customization","character-customization","1","13","Visual Novel","","","unknown_or_free","","","single vampires nearby are waiting to chat with you!","","avatar_or_identity_benchmark_possible","","","2026-05-31T04:45:54.909Z","medium_low","ok"
"Embassy Otherworld","Carziecat","web_game","itch_tag_page","itch.io","https://carziecat.itch.io/embassy-otherworld","avatar_identity","character-customization","character-customization","1","15","Visual Novel","","","unknown_or_free","","","Who knows what you'll find in the woods","","avatar_or_identity_benchmark_possible","","","2026-05-31T04:45:54.909Z","medium_low","ok"
"Cantata","Fir & Fireweed","web_game","itch_tag_page","itch.io","https://firfireweed.itch.io/cantata","avatar_identity","character-customization","character-customization","1","17","Interactive Fiction","","","unknown_or_free","","","A low fantasy IF about song, strength, & finding your voice.","","avatar_or_identity_benchmark_possible","","","2026-05-31T04:45:54.909Z","medium_low","ok"
"Witch You Want","Studio Élan","web_game","itch_tag_page","itch.io","https://vnstudioelan.itch.io/witch-you-want","avatar_identity","character-customization","character-customization","1","19","Visual Novel","","","unknown_or_free","","","help this gay girlfailure witch brew potions!","","avatar_or_identity_benchmark_possible","","","2026-05-31T04:45:54.909Z","medium_low","ok"
"GIF","Manifold Studios","web_game","itch_tag_page","itch.io","https://manifoldstudios.itch.io/shepherds-of-haven-public-demo","avatar_identity","character-customization","character-customization","1","21","Interactive Fiction","","","unknown_or_free","","","A dark fantasy interactive fiction RPG.","","avatar_or_identity_benchmark_possible","","","2026-05-31T04:45:54.909Z","medium_low","ok"
"GIF","Two and a Half StudiosVerified Account","web_game","itch_tag_page","itch.io","https://twoandahalfstudios.itch.io/a-date-with-death-2-remnants","avatar_identity","character-customization","character-customization","1","23","Visual Novel","","","unknown_or_free","","","Train, chat, and flirt your way through the Underworld in this romantic story-driven chatsim.","","avatar_or_identity_benchmark_possible","","","2026-05-31T04:45:54.909Z","medium_low","ok"
"When Twilight Strikes","evertides","web_game","itch_tag_page","itch.io","https://evertides.itch.io/when-twilight-strikes","avatar_identity","character-customization","character-customization","1","25","Interactive Fiction","","","unknown_or_free","","","What happens when your boss goes missing in a supernatural world? You go and find him, of course.","","avatar_or_identity_benchmark_possible","","","2026-05-31T04:45:54.910Z","medium_low","ok"
"GIF","Celianna","web_game","itch_tag_page","itch.io","https://celianna.itch.io/tailor-tales","avatar_identity","character-customization","character-customization","1","27","Visual Novel","","","unknown_or_free","","","Romance hot guys and create your own clothes.","","avatar_or_identity_benchmark_possible","","","2026-05-31T04:45:54.910Z","medium_low","ok"
"GIF","bun_tired","web_game","itch_tag_page","itch.io","https://bun-tired.itch.io/purarger-collector","avatar_identity","character-customization","character-customization","1","29","Puzzle","","","unknown_or_free","","","Make wild burgers!","","avatar_or_identity_benchmark_possible","","","2026-05-31T04:45:54.910Z","medium_low","ok"
"Sweet Valentine Chocolatier (COMPLETE)","bigmamafatcat","web_game","itch_tag_page","itch.io","https://bigmamafatcat.itch.io/sweet-valentine-chocolatier","avatar_identity","character-customization","character-customization","1","31","Visual Novel","","","unknown_or_free","","","Spring is knocking at your door. So are your love interests!","","avatar_or_identity_benchmark_possible","","","2026-05-31T04:45:54.910Z","medium_low","ok"
"Gacha Life 2","LunimeVerified Account","web_game","itch_tag_page","itch.io","https://lunime.itch.io/gachalife2","avatar_identity","character-customization","character-customization","1","33","Role Playing","","","unknown_or_free","","","Create your own anime characters and dress them up in stylish fashion outfits!","","avatar_or_identity_benchmark_possible","","","2026-05-31T04:45:54.910Z","medium_low","ok"
"Arcadie: Cold Lands (Mobile)","Sofia","web_game","itch_tag_page","itch.io","https://arcadie-utopie.itch.io/arcadie-cold-lands-mobile","avatar_identity","character-customization","character-customization","1","35","Interactive Fiction","","","unknown_or_free","","","What will you do with the Crown?","","avatar_or_identity_benchmark_possible","","","2026-05-31T04:45:54.910Z","medium_low","ok"
"Early Shift","Noisy Bear","web_game","itch_tag_page","itch.io","https://noisybear.itch.io/early-shift","avatar_identity","character-customization","character-customization","1","37","Visual Novel","","","unknown_or_free","","","Queer Furry Dating Visual Novel","","avatar_or_identity_benchmark_possible","","","2026-05-31T04:45:54.910Z","medium_low","ok"
"Ebon Light","Underbliss","web_game","itch_tag_page","itch.io","https://underbliss.itch.io/ebon-light","avatar_identity","character-customization","character-customization","1","39","Visual Novel","","","unknown_or_free","","","A dark tale of old secrets and romance!","","avatar_or_identity_benchmark_possible","","","2026-05-31T04:45:54.911Z","medium_low","ok"
"The Willowmist Emporium of Antiques & Curiosities","Two and a Half StudiosVerified Account","web_game","itch_tag_page","itch.io","https://twoandahalfstudios.itch.io/willowmist","avatar_identity","character-customization","character-customization","1","41","Visual Novel","","","unknown_or_free","","","A cozy romance visual novel - move to a small town to run your aunt’s antique store!","","avatar_or_identity_benchmark_possible","","","2026-05-31T04:45:54.911Z","medium_low","ok"
"The Adventures of Sherlock Holmes - An Affair of the Heart","Doriana Gray","web_game","itch_tag_page","itch.io","https://doriana-gray-games.itch.io/the-adventures-of-sherlock-holmes-an-affair-of-the-heart","avatar_identity","character-customization","character-customization","1","43","Interactive Fiction","","","unknown_or_free","","","Customisable MC romance detective game! 🖤","","avatar_or_identity_benchmark_possible","","","2026-05-31T04:45:54.911Z","medium_low","ok"
"Arcadie: Second-Born","Sofia","web_game","itch_tag_page","itch.io","https://arcadie-utopie.itch.io/asb-free","avatar_identity","character-customization","character-customization","1","45","Interactive Fiction","","","unknown_or_free","","","Love, power, revenge. What will you fight for?","","avatar_or_identity_benchmark_possible","","","2026-05-31T04:45:54.911Z","medium_low","ok"
"Infinite Stars - The Visual Novel","InfiniteStars","web_game","itch_tag_page","itch.io","https://infinitestars.itch.io/game","avatar_identity","character-customization","character-customization","1","47","Visual Novel","","","unknown_or_free","","","Inspired by stories like Dune, Star Trek and The Expanse.","","avatar_or_identity_benchmark_possible","","","2026-05-31T04:45:54.911Z","medium_low","ok"
"Sketchy Individuals","shawcat","web_game","itch_tag_page","itch.io","https://shawcat.itch.io/sketchy-individuals","avatar_identity","character-customization","character-customization","1","49","Interactive Fiction","","","unknown_or_free","","","Can you successfully match descriptions to drawings, then drawings to suspects?","","avatar_or_identity_benchmark_possible","","","2026-05-31T04:45:54.911Z","medium_low","ok"
"summer haze/glory days","yam harvest games","web_game","itch_tag_page","itch.io","https://yam-harvest.itch.io/summer-haze-glory-days","avatar_identity","character-customization","character-customization","1","51","Visual Novel","","","unknown_or_free","","","return to the summer of 2007","","avatar_or_identity_benchmark_possible","","","2026-05-31T04:45:54.911Z","medium_low","ok"
"Gacha Life PC","LunimeVerified Account","web_game","itch_tag_page","itch.io","https://lunime.itch.io/gacha-life","avatar_identity","character-customization","character-customization","1","53","Role Playing","","","unknown_or_free","","","Dress up unique characters, play mini games, and gacha in Gacha Life!","","avatar_or_identity_benchmark_possible","","","2026-05-31T04:45:54.912Z","medium_low","ok"
"Tales of Wocdes: The Silver Protector","Tales Of Wocdes","web_game","itch_tag_page","itch.io","https://vepsas.itch.io/tales-of-wocdes-the-silver-protector","avatar_identity","character-customization","character-customization","1","55","Interactive Fiction","","","unknown_or_free","","","A fantasy twine game set is a world full of magic and mysteries.","","avatar_or_identity_benchmark_possible","","","2026-05-31T04:45:54.912Z","medium_low","ok"
"Lil Ladds","NickLadd","web_game","itch_tag_page","itch.io","https://nickladd.itch.io/lil-ladds","avatar_identity","character-customization","character-customization","1","57","itch.io game","","","unknown_or_free","","","Customize your own lil Ladd in this Mii-inspired character creator","","avatar_or_identity_benchmark_possible","","","2026-05-31T04:45:54.912Z","medium_low","ok"
"A Very Killer Chat! Christmas","rosesrot","web_game","itch_tag_page","itch.io","https://rosesrot.itch.io/killer-chat-xmas","avatar_identity","character-customization","character-customization","1","59","Visual Novel","","","$9.99","","","Spend Christmas with your favorite serial killers on the dark web!","","avatar_or_identity_benchmark_possible","","Visible itch price label: $9.99","2026-05-31T04:45:54.912Z","medium_low","ok"
"Fantroll creator","Xamag","web_game","itch_tag_page","itch.io","https://xamag.itch.io/fantroll-creator","avatar_identity","character-customization","character-customization","1","61","itch.io game","","","unknown_or_free","","","A little Homestuck troll thingy for fun","","avatar_or_identity_benchmark_possible","","","2026-05-31T04:45:54.912Z","medium_low","ok"
"ATLYSS","Kiseff","web_game","itch_tag_page","itch.io","https://kiseff.itch.io/atlyss","avatar_identity","character-customization","character-customization","1","63","Role Playing","","","unknown_or_free","","","","","avatar_or_identity_benchmark_possible","","","2026-05-31T04:45:54.912Z","medium_low","ok"
"IvanTill Dressup","ryartchus","web_game","itch_tag_page","itch.io","https://ryartchus.itch.io/ivantill-dressup","avatar_identity","character-customization","character-customization","1","65","itch.io game","","","unknown_or_free","","","Dress up Ivan and Till!","","avatar_or_identity_benchmark_possible","","","2026-05-31T04:45:54.913Z","medium_low","ok"
"Evernight","Frozenstar","web_game","itch_tag_page","itch.io","https://frozenstar.itch.io/evernight","avatar_identity","character-customization","character-customization","1","67","Visual Novel","","","unknown_or_free","","","A romantic tale about a human raised among faeries.","","avatar_or_identity_benchmark_possible","","","2026-05-31T04:45:54.913Z","medium_low","ok"
"Misplaced","Calliope","web_game","itch_tag_page","itch.io","https://calliopefiction.itch.io/misplaced","avatar_identity","character-customization","character-customization","1","69","Interactive Fiction","","","unknown_or_free","","","The romantic tale of a changeling.","","avatar_or_identity_benchmark_possible","","","2026-05-31T04:45:54.913Z","medium_low","ok"
"Calico","PeachyKeenGames","web_game","itch_tag_page","itch.io","https://peachykeengames.itch.io/calico","avatar_identity","character-customization","character-customization","1","71","Role Playing","","","$11.99","","","Magical girls and cat cafes!","","avatar_or_identity_benchmark_possible","","Visible itch price label: $11.99","2026-05-31T04:45:54.913Z","medium_low","ok"
"The King's Hound","Kal Down","web_game","itch_tag_page","itch.io","https://kal-down.itch.io/the-kings-hound","avatar_identity","character-customization","character-customization","2","1","Interactive Fiction","","","unknown_or_free","","","Play as King Arthur Pendragon's spouse and forge Camelot's history.","","avatar_or_identity_benchmark_possible","","","2026-05-31T04:45:55.306Z","medium_low","ok"
"Gacha Club Studio","LunimeVerified Account","web_game","itch_tag_page","itch.io","https://lunime.itch.io/gacha-club","avatar_identity","character-customization","character-customization","2","3","Role Playing","","","unknown_or_free","","","Create your own characters and scenes in Gacha Club Studio!","","avatar_or_identity_benchmark_possible","","","2026-05-31T04:45:55.306Z","medium_low","ok"
"Maid Cafe Coop","Aranclanos","web_game","itch_tag_page","itch.io","https://aranclanos.itch.io/maid-cafe-coop","avatar_identity","character-customization","character-customization","2","5","Simulation","","","unknown_or_free","","","First person maid cafe simulator. Play in browser!","","avatar_or_identity_benchmark_possible","","","2026-05-31T04:45:55.306Z","medium_low","ok"
"bloodlust.exe [DEMO]","rosesrot","web_game","itch_tag_page","itch.io","https://rosesrot.itch.io/bloodlust-exe-demo","avatar_identity","character-customization","character-customization","2","7","Visual Novel","","","unknown_or_free","","","You need to kill the vampire that bit you. Enemies-to-lovers dating chatsim.","","avatar_or_identity_benchmark_possible","","","2026-05-31T04:45:55.306Z","medium_low","ok"
"Unraveled","Xiibii","web_game","itch_tag_page","itch.io","https://xiibii.itch.io/dead-by-daylight-unraveled","avatar_identity","character-customization","character-customization","2","9","Interactive Fiction","","","unknown_or_free","","","Scour dark realms for answers and escape The Entity's grasp before it's too late...","","avatar_or_identity_benchmark_possible","","","2026-05-31T04:45:55.307Z","medium_low","ok"
"GIF","Harlevin","web_game","itch_tag_page","itch.io","https://harlevin.itch.io/thepretendersguild","avatar_identity","character-customization","character-customization","2","11","Visual Novel","","","unknown_or_free","","","Impersonating adventurers? What could possibly go wrong! (customization, comedy, romance (gxb/bxb))","","avatar_or_identity_benchmark_possible","","","2026-05-31T04:45:55.307Z","medium_low","ok"
"Killer Chat! Overkill DLC","rosesrot","web_game","itch_tag_page","itch.io","https://rosesrot.itch.io/killer-chat-overkill-dlc","avatar_identity","character-customization","character-customization","2","13","Visual Novel","","","$9.99","","","Enjoy more bonding moments with the Killer Chat! serials, bonus outfits and accessories, and achievements!","","avatar_or_identity_benchmark_possible","","Visible itch price label: $9.99","2026-05-31T04:45:55.307Z","medium_low","ok"
"The Choicer Voicer","YeahMaybe","web_game","itch_tag_page","itch.io","https://yeahmaybe.itch.io/the-choicer-voicer","avatar_identity","character-customization","character-customization","2","15","itch.io game","","","$5","","","Match your voice against your choice of audio clips in a mini-gameshow!","","avatar_or_identity_benchmark_possible","","Visible itch price label: $5","2026-05-31T04:45:55.307Z","medium_low","ok"
"The Augur: Fantasy","Augur Studios","web_game","itch_tag_page","itch.io","https://the-augur.itch.io/theaugur","avatar_identity","character-customization","character-customization","2","17","Role Playing","","","$24.95In bundle","","","A tool for those who dream of fantastic worlds and the creatures that inhabit them","","avatar_or_identity_benchmark_possible","","Visible itch price label: $24.95In bundle","2026-05-31T04:45:55.307Z","medium_low","ok"
"Arcadie: Second-Born - Android Full Release","Sofia","web_game","itch_tag_page","itch.io","https://arcadie-utopie.itch.io/asb-android","avatar_identity","character-customization","character-customization","2","19","Interactive Fiction","","","$7.99","","","Love, power, revenge. What will you fight for?","","avatar_or_identity_benchmark_possible","","Visible itch price label: $7.99","2026-05-31T04:45:55.307Z","medium_low","ok"
"Dragon Creator","Dragonita","web_game","itch_tag_page","itch.io","https://dragonita.itch.io/dragon-creator","avatar_identity","character-customization","character-customization","2","21","Simulation","","","unknown_or_free","","","Create your own dragon","","avatar_or_identity_benchmark_possible","","","2026-05-31T04:45:55.307Z","medium_low","ok"
"GIF","rosesrot","web_game","itch_tag_page","itch.io","https://rosesrot.itch.io/bloodlust-exe","avatar_identity","character-customization","character-customization","2","23","Visual Novel","","","$13.99","","","You need to kill the vampire that bit you. Enemies-to-lovers dating chatsim.","","avatar_or_identity_benchmark_possible","","Visible itch price label: $13.99","2026-05-31T04:45:55.308Z","medium_low","ok"
"A Faerie's Tale","Steamberry Studio","web_game","itch_tag_page","itch.io","https://steamberry.itch.io/a-faeries-tale","avatar_identity","character-customization","character-customization","2","25","Visual Novel","","","unknown_or_free","","","A lighthearted and playful fantasy story about accepting change and finding a new home.","","avatar_or_identity_benchmark_possible","","","2026-05-31T04:45:55.308Z","medium_low","ok"
"Lost Connections","Double Dead Studio","web_game","itch_tag_page","itch.io","https://doubledeadstudio.itch.io/lost-connections","avatar_identity","character-customization","character-customization","2","27","Visual Novel","","","unknown_or_free","","","You meet a boy that feels like a ghost.","","avatar_or_identity_benchmark_possible","","","2026-05-31T04:45:55.308Z","medium_low","ok"
"GIF","Emmy- GhoulKiss","web_game","itch_tag_page","itch.io","https://ghoulkiss.itch.io/monster-girl-maker","avatar_identity","character-customization","character-customization","2","29","Role Playing","","","unknown_or_free","","","Character creator themed around cute and creepy monster girls!","","avatar_or_identity_benchmark_possible","","","2026-05-31T04:45:55.308Z","medium_low","ok"
"Swapped","aurelim","web_game","itch_tag_page","itch.io","https://aurelim.itch.io/swapped","avatar_identity","character-customization","character-customization","2","31","Interactive Fiction","","","unknown_or_free","","","You never thought you could meet someone who looks identical to you...","","avatar_or_identity_benchmark_possible","","","2026-05-31T04:45:55.308Z","medium_low","ok"
"Gachaverse Studio","LunimeVerified Account","web_game","itch_tag_page","itch.io","https://lunime.itch.io/gachaverse","avatar_identity","character-customization","character-customization","2","33","Role Playing","","","unknown_or_free","","","Dress up and Gacha in Gachaverse Studio!","","avatar_or_identity_benchmark_possible","","","2026-05-31T04:45:55.308Z","medium_low","ok"
"Stygian Sun: Total Eclipse IF","Fennyth","web_game","itch_tag_page","itch.io","https://fennyth.itch.io/stygian-sun-total-eclipse-if","avatar_identity","character-customization","character-customization","2","35","Interactive Fiction","","","unknown_or_free","","","An interactive story based in Twine. Drama, dark fantasy, romance.","","avatar_or_identity_benchmark_possible","","","2026-05-31T04:45:55.308Z","medium_low","ok"
"Speaker","speakergame","web_game","itch_tag_page","itch.io","https://speakergame.itch.io/speaker","avatar_identity","character-customization","character-customization","2","37","Interactive Fiction","","","unknown_or_free","","","What do you See?","","avatar_or_identity_benchmark_possible","","","2026-05-31T04:45:55.309Z","medium_low","ok"
"ROTA: Bend Gravity","Harmony Monroe","web_game","itch_tag_page","itch.io","https://harmonymonroe.itch.io/rota","avatar_identity","character-customization","character-customization","2","39","Puzzle","","","unknown_or_free","","","Gravity bends beneath your feet! Move blocks and twist gravity to solve puzzles.","","avatar_or_identity_benchmark_possible","","","2026-05-31T04:45:55.309Z","medium_low","ok"
"RIG Riot","Sage","web_game","itch_tag_page","itch.io","https://sageboatman.itch.io/rig-riot","avatar_identity","character-customization","character-customization","2","41","Action","","","unknown_or_free","","","A third-person mech-action roguelike","","avatar_or_identity_benchmark_possible","","","2026-05-31T04:45:55.309Z","medium_low","ok"
"Sketchy Girl Dress Up Game!","Kathinka","web_game","itch_tag_page","itch.io","https://kathinkapng.itch.io/sketchy-girl-dress-up-game","avatar_identity","character-customization","character-customization","2","43","itch.io game","","","unknown_or_free","","","A dress up game made in RPG Maker","","avatar_or_identity_benchmark_possible","","","2026-05-31T04:45:55.309Z","medium_low","ok"
"Sinners","veswrites","web_game","itch_tag_page","itch.io","https://veswrites.itch.io/sinners","avatar_identity","character-customization","character-customization","2","45","Interactive Fiction","","","unknown_or_free","","","Could you fall for a sinner?","","avatar_or_identity_benchmark_possible","","","2026-05-31T04:45:55.309Z","medium_low","ok"
"Kittys Clawset","Ash K","web_game","itch_tag_page","itch.io","https://ash-k.itch.io/kittys-clawset","avatar_identity","character-customization","character-customization","2","47","itch.io game","","","unknown_or_free","","","dress up a felt kitty!","","avatar_or_identity_benchmark_possible","","","2026-05-31T04:45:55.309Z","medium_low","ok"
"iiMii Maker","Nivium","web_game","itch_tag_page","itch.io","https://nivium.itch.io/iimii-maker","avatar_identity","character-customization","character-customization","2","49","itch.io game","","","unknown_or_free","","","PC/Mobile Mii Maker Remake!","","avatar_or_identity_benchmark_possible","","","2026-05-31T04:45:55.309Z","medium_low","ok"
"Wildermyth","Wildermyth","web_game","itch_tag_page","itch.io","https://wildermyth.itch.io/wildermyth","avatar_identity","character-customization","character-customization","2","51","Role Playing","","","$24.99","","","Defend the Yondering Lands in turn-based combat and grow a band of reluctant farmers into unique legends.","","avatar_or_identity_benchmark_possible","","Visible itch price label: $24.99","2026-05-31T04:45:55.309Z","medium_low","ok"
"Honor Amongst Thieves Standard Issue","LeoneLiterary","web_game","itch_tag_page","itch.io","https://leoneliterary.itch.io/honor-amongst-thieves-standard-issue","avatar_identity","character-customization","character-customization","2","53","Interactive Fiction","","","unknown_or_free","","","","","avatar_or_identity_benchmark_possible","","","2026-05-31T04:45:55.310Z","medium_low","ok"
"Lord of the Wings","MarySueGames","web_game","itch_tag_page","itch.io","https://marysuegames.itch.io/lord-of-the-wings","avatar_identity","character-customization","character-customization","2","55","Visual Novel","","","unknown_or_free","","","Become a glorified ducksitter, wrangle your dumb party and fall in love!","","avatar_or_identity_benchmark_possible","","","2026-05-31T04:45:55.310Z","medium_low","ok"
"The Crossroads","Seraphinite Games","web_game","itch_tag_page","itch.io","https://seraphinite.itch.io/the-crossroads","avatar_identity","character-customization","character-customization","2","57","Visual Novel","","","unknown_or_free","","","Contested ownership barely covers what’s happening at The Crossroads.","","avatar_or_identity_benchmark_possible","","","2026-05-31T04:45:55.310Z","medium_low","ok"
"Lil Tribals","CAJJI","web_game","itch_tag_page","itch.io","https://cajji.itch.io/lil-tribals","avatar_identity","character-customization","character-customization","2","59","Survival","","","unknown_or_free","","","Build your village and recruit a community!","","avatar_or_identity_benchmark_possible","","","2026-05-31T04:45:55.310Z","medium_low","ok"
"GIF","tomboyDrive","web_game","itch_tag_page","itch.io","https://tomboydrive.itch.io/aki-bonbon-sfw","avatar_identity","character-customization","character-customization","2","61","Simulation","","","unknown_or_free","","","","","avatar_or_identity_benchmark_possible","","","2026-05-31T04:45:55.310Z","medium_low","ok"
"GIF","Karmic Punishment","web_game","itch_tag_page","itch.io","https://karmic-punishment.itch.io/blood-and-sherry","avatar_identity","character-customization","character-customization","2","63","Visual Novel","","","unknown_or_free","","","A vampire has kidnapped you as his ""dinner guest""!","","avatar_or_identity_benchmark_possible","","","2026-05-31T04:45:55.310Z","medium_low","ok"
"The Augur: Sci-Fi","Augur Studios","web_game","itch_tag_page","itch.io","https://the-augur.itch.io/theaugur-scifi","avatar_identity","character-customization","character-customization","2","65","Role Playing","","","$24.95In bundle","","","A virtual tabletop for sci-fi solo RPGs","","avatar_or_identity_benchmark_possible","","Visible itch price label: $24.95In bundle","2026-05-31T04:45:55.311Z","medium_low","ok"
"Lucah: Born of a Dream","melessthanthree","web_game","itch_tag_page","itch.io","https://melessthanthree.itch.io/lucah","avatar_identity","character-customization","character-customization","2","67","Action","","","$10","","","Hack, Slash, Ascend","","avatar_or_identity_benchmark_possible","","Visible itch price label: $10","2026-05-31T04:45:55.311Z","medium_low","ok"
"Verdant Skies","HowlingMoonSoftware","web_game","itch_tag_page","itch.io","https://howlingmoonsoftware.itch.io/verdant-skies","avatar_identity","character-customization","character-customization","2","69","Role Playing","","","$19.99","","","Ensure the success of your colony as you make friends and pursue romance with a diverse cast of characters.","","avatar_or_identity_benchmark_possible","","Visible itch price label: $19.99","2026-05-31T04:45:55.311Z","medium_low","ok"
"Wedding! Dress UP","Kathinka","web_game","itch_tag_page","itch.io","https://kathinkapng.itch.io/wedding-dress-up","avatar_identity","character-customization","character-customization","2","71","itch.io game","","","unknown_or_free","","","Dress up two lovely brides!!","","avatar_or_identity_benchmark_possible","","","2026-05-31T04:45:55.311Z","medium_low","ok"
"GIF","Harlevin","web_game","itch_tag_page","itch.io","https://harlevin.itch.io/mnemonic-devices","avatar_identity","character-customization","character-customization","3","1","Visual Novel","","","unknown_or_free","","","Who are you? The voice in your head seems to know. NaNoRenO2019 [GxB,BxB,NBxB]","","avatar_or_identity_benchmark_possible","","","2026-05-31T04:45:55.687Z","medium_low","ok"
"Uroboros","Mistyrious","web_game","itch_tag_page","itch.io","https://mistyriousness.itch.io/uroboros","avatar_identity","character-customization","character-customization","3","3","Interactive Fiction","","","unknown_or_free","","","The struggle between mortals and divinity that may end an age of divine rule.","","avatar_or_identity_benchmark_possible","","","2026-05-31T04:45:55.687Z","medium_low","ok"
"Sokofox","easypeazygames","web_game","itch_tag_page","itch.io","https://easypeazygames.itch.io/sokofox","avatar_identity","character-customization","character-customization","3","5","Puzzle","","","$4In bundle","","","A Furry Dress-Up Sokoban","","avatar_or_identity_benchmark_possible","","Visible itch price label: $4In bundle","2026-05-31T04:45:55.687Z","medium_low","ok"
"As the Ocean Lures","aurelim","web_game","itch_tag_page","itch.io","https://aurelim.itch.io/as-the-ocean-lures","avatar_identity","character-customization","character-customization","3","7","Interactive Fiction","","","unknown_or_free","","","You are a Merfolk and was told all humans are bad. But are they?","","avatar_or_identity_benchmark_possible","","","2026-05-31T04:45:55.687Z","medium_low","ok"
"GIF","Emmy- GhoulKiss","web_game","itch_tag_page","itch.io","https://ghoulkiss.itch.io/monster-girl-maker-2","avatar_identity","character-customization","character-customization","3","9","Role Playing","","","unknown_or_free","","","Character creator themed around cute and creepy monster girls!","","avatar_or_identity_benchmark_possible","","","2026-05-31T04:45:55.687Z","medium_low","ok"
"Living for Plants","shawcat","web_game","itch_tag_page","itch.io","https://shawcat.itch.io/living-for-plants","avatar_identity","character-customization","character-customization","3","11","Simulation","","","unknown_or_free","","","Tend to plants and customize your indoor garden!","","avatar_or_identity_benchmark_possible","","","2026-05-31T04:45:55.687Z","medium_low","ok"
"Garden of Bones","Efflorescence","web_game","itch_tag_page","itch.io","https://crown-of-efflorescence.itch.io/garden-of-bones","avatar_identity","character-customization","character-customization","3","13","Interactive Fiction","","","unknown_or_free","","","Only a mortal can destroy an immortal... will you?","","avatar_or_identity_benchmark_possible","","","2026-05-31T04:45:55.687Z","medium_low","ok"
"Slendergus","lucd","web_game","itch_tag_page","itch.io","https://thpwlucd.itch.io/slendergus","avatar_identity","character-customization","character-customization","3","15","Survival","","","unknown_or_free","","","Collect pages and avoid amogus","","avatar_or_identity_benchmark_possible","","","2026-05-31T04:45:55.688Z","medium_low","ok"
"Arena Circus","Harlevin","web_game","itch_tag_page","itch.io","https://harlevin.itch.io/arenacircus","avatar_identity","character-customization","character-customization","3","17","Visual Novel","","","unknown_or_free","","","A disowned prince and a sickly human who got a second chance at life rebel against a corrupt monarchy.","","avatar_or_identity_benchmark_possible","","","2026-05-31T04:45:55.688Z","medium_low","ok"
"GIF","edmond00","web_game","itch_tag_page","itch.io","https://edmond00.itch.io/jellyfish-egg","avatar_identity","character-customization","character-customization","3","19","Role Playing","","","$4.99","","","A deep RPG set in procedurally generated dark fantasy worlds","","avatar_or_identity_benchmark_possible","","Visible itch price label: $4.99","2026-05-31T04:45:55.688Z","medium_low","ok"
"GIF","SnowHex 🌱","web_game","itch_tag_page","itch.io","https://snowhex.itch.io/hex-character-maker","avatar_identity","character-customization","character-customization","3","21","Simulation","","","unknown_or_free","","","A character customizer (mini game)","","avatar_or_identity_benchmark_possible","","","2026-05-31T04:45:55.688Z","medium_low","ok"
"GIF","rusicariaGAMES","web_game","itch_tag_page","itch.io","https://rusicariagames.itch.io/vivacity","avatar_identity","character-customization","character-customization","3","23","Visual Novel","","","£4.99","","","Chapters 1 & 2 out now! Are you 𝗶𝗻 or 𝗼𝘂𝘁?","","avatar_or_identity_benchmark_possible","","Visible itch price label: £4.99","2026-05-31T04:45:55.688Z","medium_low","ok"
"Stardew Valley Character Creator","Jazzybee","web_game","itch_tag_page","itch.io","https://jazzybee.itch.io/sdvcharactercreator","avatar_identity","character-customization","character-customization","3","25","itch.io game","","","unknown_or_free","","","Make a character (or yourself) in the style of a Stardew Valley character portrait!","","avatar_or_identity_benchmark_possible","","","2026-05-31T04:45:55.688Z","medium_low","ok"
"Cooked with Love","yam harvest games","web_game","itch_tag_page","itch.io","https://yam-harvest.itch.io/cooked-with-love","avatar_identity","character-customization","character-customization","3","27","Visual Novel","","","unknown_or_free","","","the way to the heart is through the stomach! ♥","","avatar_or_identity_benchmark_possible","","","2026-05-31T04:45:55.688Z","medium_low","ok"
"The Ballad of Devil's Creek","MeltingPenguins","web_game","itch_tag_page","itch.io","https://meltingpenguins.itch.io/the-ballad-of-devils-creek","avatar_identity","character-customization","character-customization","3","29","Interactive Fiction","","","unknown_or_free","","","A Weird West Adventure","","avatar_or_identity_benchmark_possible","","","2026-05-31T04:45:55.689Z","medium_low","ok"
"Before The Green Moon","Turnfollow","web_game","itch_tag_page","itch.io","https://turnfollow.itch.io/before-the-green-moon","avatar_identity","character-customization","character-customization","3","31","Simulation","","","$11.99","","","Farming Sim In The Shadow Of The Lift","","avatar_or_identity_benchmark_possible","","Visible itch price label: $11.99","2026-05-31T04:45:55.689Z","medium_low","ok"
"PSX Character Creator","strawbebby228","web_game","itch_tag_page","itch.io","https://strawbebby228.itch.io/psx-character-creator","avatar_identity","character-customization","character-customization","3","33","itch.io game","","","unknown_or_free","","","Create your own character in PSX style!","","avatar_or_identity_benchmark_possible","","","2026-05-31T04:45:55.689Z","medium_low","ok"
"Home is Where the Heart is [Demo]","GlasswingGames","web_game","itch_tag_page","itch.io","https://glasswing-games.itch.io/home-is-where-the-heart-is","avatar_identity","character-customization","character-customization","3","35","Visual Novel","","","unknown_or_free","","","Taking never wanting to leave the house just a little too far...","","avatar_or_identity_benchmark_possible","","","2026-05-31T04:45:55.689Z","medium_low","ok"
"RPG In Another World","DrowsyRui","web_game","itch_tag_page","itch.io","https://drowsyrui.itch.io/rpg-in-another-world","avatar_identity","character-customization","character-customization","3","37","Interactive Fiction","","","unknown_or_free","","","Isekai text based RPG story game","","avatar_or_identity_benchmark_possible","","","2026-05-31T04:45:55.689Z","medium_low","ok"
"Voidspire Tactics","Rad Codex","web_game","itch_tag_page","itch.io","https://radcodex.itch.io/voidspire-tactics","avatar_identity","character-customization","character-customization","3","39","Role Playing","","","$14.99","","","Turn-based TRPG - explore and survive the Spire!","","avatar_or_identity_benchmark_possible","","Visible itch price label: $14.99","2026-05-31T04:45:55.689Z","medium_low","ok"
"Creature Creation Station","Xenon Fossil","web_game","itch_tag_page","itch.io","https://xenonfossil.itch.io/creature-creation-station","avatar_identity","character-customization","character-customization","3","41","itch.io game","","","$12","","","Create your own animal character, or even a monstrosity","","avatar_or_identity_benchmark_possible","","Visible itch price label: $12","2026-05-31T04:45:55.689Z","medium_low","ok"
"[UPDATE!] Sparkle ☆Decor","OTOJANG Games","web_game","itch_tag_page","itch.io","https://otojang.itch.io/sparkle-decor-demo","avatar_identity","character-customization","character-customization","3","43","Visual Novel","","","unknown_or_free","","","Relive the memories of web MMOs while dressing up and decorating your home.","","avatar_or_identity_benchmark_possible","","","2026-05-31T04:45:55.689Z","medium_low","ok"
"GIF","Spelkollektivet","web_game","itch_tag_page","itch.io","https://spelkollektivet.itch.io/dice-gambit","avatar_identity","character-customization","character-customization","3","45","Strategy","","","unknown_or_free","","","Lead your family as they cleanse the city, grow in power and make friends with eccentric nobles to save the city.","","avatar_or_identity_benchmark_possible","","","2026-05-31T04:45:55.689Z","medium_low","ok"
"Creepy Dollmaker 13.0","Miranda Chao","web_game","itch_tag_page","itch.io","https://actual-ghost.itch.io/creepy-dollmaker-130","avatar_identity","character-customization","character-customization","3","47","itch.io game","","","unknown_or_free","","","Renew your old internet nostalgia.","","avatar_or_identity_benchmark_possible","","","2026-05-31T04:45:55.690Z","medium_low","ok"
"GIF","Natali Katz","web_game","itch_tag_page","itch.io","https://natikatz.itch.io/flowerdrops","avatar_identity","character-customization","character-customization","3","49","Puzzle","","","$9.99","","","Grow flowers with bouncy drops of water! The Universe is your garden.","","avatar_or_identity_benchmark_possible","","Visible itch price label: $9.99","2026-05-31T04:45:55.690Z","medium_low","ok"
"Magical Diary: Horse Hall","Hanako GamesVerified Account","web_game","itch_tag_page","itch.io","https://hanakogames.itch.io/magical-diary-horse-hall","avatar_identity","character-customization","character-customization","3","51","Role Playing","","","$15","","","Learn spells at a school for witches","","avatar_or_identity_benchmark_possible","","Visible itch price label: $15","2026-05-31T04:45:55.690Z","medium_low","ok"
"Lucerna Tenebris","Dragon Emperors","web_game","itch_tag_page","itch.io","https://dragonemperors.itch.io/lucernatenebris","avatar_identity","character-customization","character-customization","3","53","Role Playing","","","unknown_or_free","","","Energetic teens, Rex and Regina, are starting out their first adventure, unaware of the fate within the darkness.","","avatar_or_identity_benchmark_possible","","","2026-05-31T04:45:55.690Z","medium_low","ok"
"Mistwinter Bay","Swordlake Entertainment","web_game","itch_tag_page","itch.io","https://swordlake-entertainment.itch.io/mistwinter-bay","avatar_identity","character-customization","character-customization","3","55","Role Playing","","","$29.99","","","Rule a town! Interact with townsfolk and foreign leaders, build, and tackle randomized events that affect the town","","avatar_or_identity_benchmark_possible","","Visible itch price label: $29.99","2026-05-31T04:45:55.690Z","medium_low","ok"
"Sternly Worded Adventures","The-Balthazar","web_game","itch_tag_page","itch.io","https://the-balthazar.itch.io/sternly-worded-adventures","avatar_identity","character-customization","character-customization","3","57","Puzzle","","","$10","","","A rogue-like word-puzzle RPG.","","avatar_or_identity_benchmark_possible","","Visible itch price label: $10","2026-05-31T04:45:55.690Z","medium_low","ok"
"GIF","Team Lazerbeam","web_game","itch_tag_page","itch.io","https://teamlazerbeam.itch.io/wrestling-with-emotions","avatar_identity","character-customization","character-customization","3","59","Simulation","","","$2.70-10%","","","Quest For The Perfect Match","","avatar_or_identity_benchmark_possible","","Visible itch price label: $2.70-10%","2026-05-31T04:45:55.690Z","medium_low","ok"
"Anamnesis, of Renascents and Monsters","Vaccean","web_game","itch_tag_page","itch.io","https://vaccean.itch.io/anamnesis-of-renascents-and-monsters","avatar_identity","character-customization","character-customization","3","61","Simulation","","","unknown_or_free","","","A text-based lovecraftian life simulation RPG.","","avatar_or_identity_benchmark_possible","","","2026-05-31T04:45:55.690Z","medium_low","ok"
"The Spirits of Sabil","whitecrocus","web_game","itch_tag_page","itch.io","https://whitecrocus.itch.io/the-spirits-of-sabil","avatar_identity","character-customization","character-customization","3","63","Visual Novel","","","unknown_or_free","","","Interact with forest spirits","","avatar_or_identity_benchmark_possible","","","2026-05-31T04:45:55.690Z","medium_low","ok"
"Patronichi","cutegamesclub","web_game","itch_tag_page","itch.io","https://cutegamesclub.itch.io/patronichi","avatar_identity","character-customization","character-customization","3","65","Simulation","","","unknown_or_free","","","a tiny kingdom simulator!","","avatar_or_identity_benchmark_possible","","","2026-05-31T04:45:55.690Z","medium_low","ok"
"Venturis: Interactive Fiction","Venturis","web_game","itch_tag_page","itch.io","https://venturis-if.itch.io/venturis-if","avatar_identity","character-customization","character-customization","3","67","Interactive Fiction","","","unknown_or_free","","","A roman-inspired fantasy interactive novel, live as one of the elite within this hierarchal world.","","avatar_or_identity_benchmark_possible","","","2026-05-31T04:45:55.691Z","medium_low","ok"
"Belong","Click","web_game","itch_tag_page","itch.io","https://aflutter.itch.io/belong","avatar_identity","character-customization","character-customization","3","69","Visual Novel","","","unknown_or_free","","","Happiness is knowing where you belong. Otome Visual Novel.","","avatar_or_identity_benchmark_possible","","","2026-05-31T04:45:55.691Z","medium_low","ok"
"GIF","chaotic","web_game","itch_tag_page","itch.io","https://the-chaotic.itch.io/arena","avatar_identity","character-customization","character-customization","3","71","Action","","","unknown_or_free","","","The ultimate arena game! Fight your friends or the AI for dominance, who will be the first to master the arena?","","avatar_or_identity_benchmark_possible","","","2026-05-31T04:45:55.691Z","medium_low","ok"
"GIF","Emmy- GhoulKiss","web_game","itch_tag_page","itch.io","https://ghoulkiss.itch.io/monster-girl-maker","avatar_identity","character-creator","character-creator","1","1","Role Playing","","","unknown_or_free","","","Character creator themed around cute and creepy monster girls!","","avatar_or_identity_benchmark_possible","","","2026-05-31T04:45:56.094Z","medium_low","ok"
"Creature Creation Station","Xenon Fossil","web_game","itch_tag_page","itch.io","https://xenonfossil.itch.io/creature-creation-station","avatar_identity","character-creator","character-creator","1","3","itch.io game","","","$12","","","Create your own animal character, or even a monstrosity","","avatar_or_identity_benchmark_possible","","Visible itch price label: $12","2026-05-31T04:45:56.094Z","medium_low","ok"
"Arclands Character Creator","JonKeller","web_game","itch_tag_page","itch.io","https://jonkeller.itch.io/arclands-character-creator","avatar_identity","character-creator","character-creator","1","5","itch.io game","","","unknown_or_free","","","Stand-alone character creator for the game Arclands. Create and export your wizard portrait!","","avatar_or_identity_benchmark_possible","","","2026-05-31T04:45:56.094Z","medium_low","ok"
"Monster Ladies : Avatar Creator","DeathBiscuitt","web_game","itch_tag_page","itch.io","https://deathbiscuitt.itch.io/monsterladiescreator","avatar_identity","character-creator","character-creator","1","7","itch.io game","","","unknown_or_free","","","A dress-up game for the beautifully unhinged.","","avatar_or_identity_benchmark_possible","","","2026-05-31T04:45:56.094Z","medium_low","ok"
"Mermay24' - Dress Up","DeathBiscuitt","web_game","itch_tag_page","itch.io","https://deathbiscuitt.itch.io/mermay-dressup-24","avatar_identity","character-creator","character-creator","1","9","itch.io game","","","unknown_or_free","","","A Mermaid Character Design Game~!","","avatar_or_identity_benchmark_possible","","","2026-05-31T04:45:56.094Z","medium_low","ok"
"Furry OC Creator","BloopyWoopy","web_game","itch_tag_page","itch.io","https://bloopy-woopy.itch.io/furry-oc-creator","avatar_identity","character-creator","character-creator","1","11","itch.io game","","","unknown_or_free","","","Make a Furry OC!!!","","avatar_or_identity_benchmark_possible","","","2026-05-31T04:45:56.094Z","medium_low","ok"
"Lizard Maker","Thana Orchard","web_game","itch_tag_page","itch.io","https://thanaorchard.itch.io/lizard-maker","avatar_identity","character-creator","character-creator","1","13","itch.io game","","","unknown_or_free","","","create lizard avatars for your characters!","","avatar_or_identity_benchmark_possible","","","2026-05-31T04:45:56.095Z","medium_low","ok"
"GIF","gensuta","web_game","itch_tag_page","itch.io","https://gensuta.itch.io/i-dream-of-ocs","avatar_identity","character-creator","character-creator","1","15","itch.io game","","","unknown_or_free","","","Making an OC is as easy as 1 2 3!","","avatar_or_identity_benchmark_possible","","","2026-05-31T04:45:56.095Z","medium_low","ok"
"NINESQUARE","blake stone / fenced forest","web_game","itch_tag_page","itch.io","https://fencedforest.itch.io/ninesquare","avatar_identity","character-creator","character-creator","1","17","itch.io game","","","unknown_or_free","","","a character creation game","","avatar_or_identity_benchmark_possible","","","2026-05-31T04:45:56.095Z","medium_low","ok"
"iStyle Avatar Maker","BellBlitzKing","web_game","itch_tag_page","itch.io","https://bellblitzking.itch.io/istyleavatarmaker","avatar_identity","character-creator","character-creator","1","19","Educational","","","unknown_or_free","","","The ultimate Avatar maker with hairstyles, accessories, emotions, clothes and color swapping! Download your Avatars too!","","avatar_or_identity_benchmark_possible","","","2026-05-31T04:45:56.095Z","medium_low","ok"
"Wrestler Maker","MadLobotanist","web_game","itch_tag_page","itch.io","https://madlobotanist.itch.io/wrestler-maker","avatar_identity","character-creator","character-creator","1","21","itch.io game","","","unknown_or_free","","","Just a Little Toy for Generating Wrestlers","","avatar_or_identity_benchmark_possible","","","2026-05-31T04:45:56.095Z","medium_low","ok"
"Icon/Character Creator!","Niandra!","web_game","itch_tag_page","itch.io","https://niandra.itch.io/character-creator","avatar_identity","character-creator","character-creator","1","23","itch.io game","","","unknown_or_free","","","A cute and simple character creator!","","avatar_or_identity_benchmark_possible","","","2026-05-31T04:45:56.095Z","medium_low","ok"
"Dead 4 Dress","Yifat Shaik","web_game","itch_tag_page","itch.io","https://yifatshaik.itch.io/dead-4-dress","avatar_identity","character-creator","character-creator","1","25","itch.io game","","","unknown_or_free","","","Make your own Zombie for Halloween!","","avatar_or_identity_benchmark_possible","","","2026-05-31T04:45:56.095Z","medium_low","ok"
"Kawaii Monster Trainer Avatar Maker","kawaiigames","web_game","itch_tag_page","itch.io","https://kawaiigames.itch.io/kawaii-monster-trainer-avatar-maker","avatar_identity","character-creator","character-creator","1","27","itch.io game","","","unknown_or_free","","","","","avatar_or_identity_benchmark_possible","","","2026-05-31T04:45:56.096Z","medium_low","ok"
"a Test on the Beach","AstroSocks","web_game","itch_tag_page","itch.io","https://astrosocks.itch.io/a-test-on-the-beach","avatar_identity","character-creator","character-creator","1","29","Interactive Fiction","","","unknown_or_free","","","discover what your Inner Self looks like!","","avatar_or_identity_benchmark_possible","","","2026-05-31T04:45:56.096Z","medium_low","ok"
"Citizen Goon - Goon City: Troika!","RatGrrrl Games","web_game","itch_tag_page","itch.io","https://ratgrrrl-games.itch.io/citizen-goon-goon-city-troika","avatar_identity","character-creator","character-creator","1","31","Adventure","","","unknown_or_free","","","A Goon City: Troika! Player Citizen Generator","","avatar_or_identity_benchmark_possible","","","2026-05-31T04:45:56.096Z","medium_low","ok"
"Colorful Wolf Inheritance Sim","ominocutherium","web_game","itch_tag_page","itch.io","https://ominocutherium.itch.io/wffw-wolf-maker","avatar_identity","character-creator","character-creator","1","33","Simulation","","","unknown_or_free","","","","","avatar_or_identity_benchmark_possible","","","2026-05-31T04:45:56.096Z","medium_low","ok"
"Kawaii Fairy Dress Up Game","kawaiigames","web_game","itch_tag_page","itch.io","https://kawaiigames.itch.io/kawaii-fairy-dress-up-game","avatar_identity","character-creator","character-creator","1","35","Simulation","","","unknown_or_free","","","Create and dress up the most beautiful fairy in the flower kingdom!","","avatar_or_identity_benchmark_possible","","","2026-05-31T04:45:56.096Z","medium_low","ok"
"Character Roller","CyanDocs","web_game","itch_tag_page","itch.io","https://cyandocs.itch.io/character-roller","avatar_identity","character-creator","character-creator","1","37","itch.io game","","","unknown_or_free","","","Roll A Fantasy Character!","","avatar_or_identity_benchmark_possible","","","2026-05-31T04:45:56.096Z","medium_low","ok"
"Dress Up Game — Demo","Aconitum","web_game","itch_tag_page","itch.io","https://aconitum-napellus.itch.io/dress-up-game-demo","avatar_identity","character-creator","character-creator","1","39","Simulation","","","unknown_or_free","","","Fantasy Dress Up Game !","","avatar_or_identity_benchmark_possible","","","2026-05-31T04:45:56.097Z","medium_low","ok"
"Game Master Assistant","SorceressAraeya","web_game","itch_tag_page","itch.io","https://sorceressaraeya.itch.io/rpg-creator","avatar_identity","character-creator","character-creator","1","41","itch.io game","","","unknown_or_free","","","","","avatar_or_identity_benchmark_possible","","","2026-05-31T04:45:56.097Z","medium_low","ok"
"かわいい彼女を作るよのゲーム","nausiki","web_game","itch_tag_page","itch.io","https://nausiki.itch.io/kawaiikanojowotukuruyonogame","avatar_identity","character-creator","character-creator","1","43","itch.io game","","","unknown_or_free","","","","","avatar_or_identity_benchmark_possible","","","2026-05-31T04:45:56.097Z","medium_low","ok"
"itch:character-creator: no parsed results","","web_game","itch_tag_page","itch.io","https://itch.io/games/tag-character-creator?page=2","avatar_identity","character-creator","character-creator","2","0","collection_note","","","","","","No game cells parsed from itch.io tag page.","","","","","2026-05-31T04:45:56.407Z","low","empty_result"
"itch:character-creator: no parsed results","","web_game","itch_tag_page","itch.io","https://itch.io/games/tag-character-creator?page=3","avatar_identity","character-creator","character-creator","3","0","collection_note","","","","","","No game cells parsed from itch.io tag page.","","","","","2026-05-31T04:45:56.659Z","low","empty_result"
"Interactive Map | Avatar The Last Airbender","iYiyo","web_game","itch_tag_page","itch.io","https://iyiyo.itch.io/avatarlastairbendermap","avatar_identity","avatar","avatar","1","1","itch.io game","","","unknown_or_free","","","Interactive map for the anime Avatar: The Last Airbender","","avatar_or_identity_benchmark_possible","","","2026-05-31T04:45:57.020Z","medium_low","ok"
"Solid Ground","AugmentMyLife","web_game","itch_tag_page","itch.io","https://augmentmylife.itch.io/solidground","avatar_identity","avatar","avatar","1","3","Fighting","","","unknown_or_free","","","Earthbending inspired prototype","","avatar_or_identity_benchmark_possible","","","2026-05-31T04:45:57.020Z","medium_low","ok"
"Avatar The Last Airbender - Fan Game","pixelrogue","web_game","itch_tag_page","itch.io","https://pixelrogue.itch.io/avatar-localmp","avatar_identity","avatar","avatar","1","5","Fighting","","","unknown_or_free","","","Be an Earthbender and fight against your friends on this 1x1 arena!","","avatar_or_identity_benchmark_possible","","","2026-05-31T04:45:57.020Z","medium_low","ok"
"Chibi Outfitter","Haiyoooo | Artist","web_game","itch_tag_page","itch.io","https://haiyoooo.itch.io/chibioutfitter","avatar_identity","avatar","avatar","1","7","Role Playing","","","unknown_or_free","","","Design a character! Mobile-friendly!","","avatar_or_identity_benchmark_possible","","","2026-05-31T04:45:57.020Z","medium_low","ok"
"Stylized Customizable Avatar","sunboxgames","web_game","itch_tag_page","itch.io","https://sunboxgames.itch.io/stylized-customizable-avatar","avatar_identity","avatar","avatar","1","9","itch.io game","","","unknown_or_free","","","","","avatar_or_identity_benchmark_possible","","","2026-05-31T04:45:57.020Z","medium_low","ok"
"Dynamic Dna Avatar - UMA 2","investus.itch.io","web_game","itch_tag_page","itch.io","https://investus.itch.io/dynamicavataruma2","avatar_identity","avatar","avatar","1","11","Educational","","","unknown_or_free","","","15MB Multipurpose Avatar System UMA 2 , u3D F13 addressable-stream opt load","","avatar_or_identity_benchmark_possible","","","2026-05-31T04:45:57.021Z","medium_low","ok"
"Avatar Character Creator","Sporek","web_game","itch_tag_page","itch.io","https://sporek.itch.io/avatar-character-creator","avatar_identity","avatar","avatar","1","13","itch.io game","","","unknown_or_free","","","Create your own Na'vi!","","avatar_or_identity_benchmark_possible","","","2026-05-31T04:45:57.021Z","medium_low","ok"
"Agni Kai Arena","Whitewatt","web_game","itch_tag_page","itch.io","https://whitewatt.itch.io/agni-kai-arena","avatar_identity","avatar","avatar","1","15","Action","","","unknown_or_free","","","A simple ATLA/ATLK fan online TPS beat 'em up game.","","avatar_or_identity_benchmark_possible","","","2026-05-31T04:45:57.021Z","medium_low","ok"
"Bard Builder","kikamack","web_game","itch_tag_page","itch.io","https://kikamack.itch.io/bard-builder","avatar_identity","avatar","avatar","1","17","Adventure","","","unknown_or_free","","","make your own fantasy character!","","avatar_or_identity_benchmark_possible","","","2026-05-31T04:45:57.021Z","medium_low","ok"
"Appa's Legacy","DaanDevDude","web_game","itch_tag_page","itch.io","https://daandevdude.itch.io/appas-legacy","avatar_identity","avatar","avatar","1","19","Adventure","","","unknown_or_free","","","","","avatar_or_identity_benchmark_possible","","","2026-05-31T04:45:57.021Z","medium_low","ok"
"Island Bender Demo","Solocov","web_game","itch_tag_page","itch.io","https://solocov.itch.io/island-bender","avatar_identity","avatar","avatar","1","21","Fighting","","","unknown_or_free","","","Basically, you throw rocks at each other","","avatar_or_identity_benchmark_possible","","","2026-05-31T04:45:57.021Z","medium_low","ok"
"Crea tu avatar expresionista","Toñoraptor","web_game","itch_tag_page","itch.io","https://tono-raptor.itch.io/crea-tu-avatar-expresionista","avatar_identity","avatar","avatar","1","23","Simulation","","","unknown_or_free","","","","","avatar_or_identity_benchmark_possible","","","2026-05-31T04:45:57.021Z","medium_low","ok"
"Elemental","yaakgold","web_game","itch_tag_page","itch.io","https://yaakgold.itch.io/elemental","avatar_identity","avatar","avatar","1","25","Action","","","unknown_or_free","","","","","avatar_or_identity_benchmark_possible","","","2026-05-31T04:45:57.022Z","medium_low","ok"
"Elemental Boi VR (Demo) UPDATED","grebull","web_game","itch_tag_page","itch.io","https://grebull.itch.io/elemental-boi-demo","avatar_identity","avatar","avatar","1","27","Fighting","","","unknown_or_free","","","​Get a taste of what it's like to be an Earth Bender!","","avatar_or_identity_benchmark_possible","","","2026-05-31T04:45:57.022Z","medium_low","ok"
"Jacuzzi's dressroom","jo._n","web_game","itch_tag_page","itch.io","https://jo-n.itch.io/jacuzzi-dressroom","avatar_identity","avatar","avatar","1","29","itch.io game","","","unknown_or_free","","","","","avatar_or_identity_benchmark_possible","","","2026-05-31T04:45:57.022Z","medium_low","ok"
"Avatar Undercover!","thexerox123","web_game","itch_tag_page","itch.io","https://thexerox123.itch.io/avatar-undercover","avatar_identity","avatar","avatar","1","31","Interactive Fiction","","","unknown_or_free","","","A short fan-made Avatar: The Last Airbender CYOA, inspired by the episodes Ember Island Players and The Headband.","","avatar_or_identity_benchmark_possible","","","2026-05-31T04:45:57.022Z","medium_low","ok"
"Stream Buddies","gamesplusjames","web_game","itch_tag_page","itch.io","https://gamesplusjames.itch.io/streambuddies","avatar_identity","avatar","avatar","1","33","itch.io game","","","$5","","","Allow your viewers to appear on screen, customise themselves and become stream champion!","","avatar_or_identity_benchmark_possible","","Visible itch price label: $5","2026-05-31T04:45:57.022Z","medium_low","ok"
"Avatar Undercover! - Web","thexerox123","web_game","itch_tag_page","itch.io","https://thexerox123.itch.io/avatar-undercover-web","avatar_identity","avatar","avatar","1","35","Visual Novel","","","unknown_or_free","","","","","avatar_or_identity_benchmark_possible","","","2026-05-31T04:45:57.022Z","medium_low","ok"
"Avatar POV","MagicDragonOfficial","web_game","itch_tag_page","itch.io","https://magicdragonstudios.itch.io/avatar-pov","avatar_identity","avatar","avatar","1","37","Action","","","unknown_or_free","","","Wield the 4 Elements and defeat the Firebenders!","","avatar_or_identity_benchmark_possible","","","2026-05-31T04:45:57.022Z","medium_low","ok"
"Socks for BellyTech Regulus","Jyinx’s Hunger Shop","web_game","itch_tag_page","itch.io","https://jyinx-fox-hunger-shop.itch.io/socks-for-bellytech-regulus","avatar_identity","avatar","avatar","1","39","itch.io game","","","$5","","","these are socks for the BellyTech Regulus From BlopFry","","avatar_or_identity_benchmark_possible","","Visible itch price label: $5","2026-05-31T04:45:57.023Z","medium_low","ok"
"The Scroll Prototype","SwirlyDev","web_game","itch_tag_page","itch.io","https://swirlydev.itch.io/the-scroll","avatar_identity","avatar","avatar","1","41","Action","","","unknown_or_free","","","You're the guy in the bending scroll (Avatar: The Last Airbender inspired game)","","avatar_or_identity_benchmark_possible","","","2026-05-31T04:45:57.023Z","medium_low","ok"
"Pando v3 PHYSBONES UPDATE - VRChat/Vtuber Avatar","SkibblesPanda","web_game","itch_tag_page","itch.io","https://skibblespanda.itch.io/pando-v3-physbones-update-vrchatvtuber-avatar","avatar_identity","avatar","avatar","1","43","itch.io game","","","$35","","","Pando VRChat/Vtuber model","","avatar_or_identity_benchmark_possible","","Visible itch price label: $35","2026-05-31T04:45:57.023Z","medium_low","ok"
"DRESSUPGAMER","Cipple","web_game","itch_tag_page","itch.io","https://cipple.itch.io/dressupgamer","avatar_identity","avatar","avatar","1","45","itch.io game","","","unknown_or_free","","","Give your streamer cool headsets, microphones, consoles/controllers and anime likely emotes!","","avatar_or_identity_benchmark_possible","","","2026-05-31T04:45:57.023Z","medium_low","ok"
"Салли за своих горой","HiKu2023","web_game","itch_tag_page","itch.io","https://hiku2023.itch.io/sallybehindmountain","avatar_identity","avatar","avatar","1","47","Simulation","","","unknown_or_free","","","Симулятор отца в мире Аватара","","avatar_or_identity_benchmark_possible","","","2026-05-31T04:45:57.023Z","medium_low","ok"
"Spookality avatar ""Vanessa""","Nini_Cookie","web_game","itch_tag_page","itch.io","https://nini-cookie.itch.io/spookality-avatar-vanessa","avatar_identity","avatar","avatar","1","49","itch.io game","","","unknown_or_free","","","","","avatar_or_identity_benchmark_possible","","","2026-05-31T04:45:57.023Z","medium_low","ok"
"Zephyr VR","Teddzyy","web_game","itch_tag_page","itch.io","https://teddzyy.itch.io/zephyr","avatar_identity","avatar","avatar","1","51","Action","","","unknown_or_free","","","We are an airbending VR game in the early stages of development, featuring PvP battles and parkour-based map challenges.","","avatar_or_identity_benchmark_possible","","","2026-05-31T04:45:57.023Z","medium_low","ok"
"Water Bender Alpha","LUKA","web_game","itch_tag_page","itch.io","https://luuuukaaaaaaa7.itch.io/water-bender","avatar_identity","avatar","avatar","1","53","Adventure","","","unknown_or_free","","","Steal cabbages as a water-bending criminal in the Bending realm.","","avatar_or_identity_benchmark_possible","","","2026-05-31T04:45:57.024Z","medium_low","ok"
"Tsaheylu","Infornographie","web_game","itch_tag_page","itch.io","https://infornographie.itch.io/tsaheylu","avatar_identity","avatar","avatar","1","55","Rhythm","","","unknown_or_free","","","A peaceful game based on the Avatar universe.","","avatar_or_identity_benchmark_possible","","","2026-05-31T04:45:57.024Z","medium_low","ok"
"Avatar Maker 1.1","Jellyfox","web_game","itch_tag_page","itch.io","https://jellyfoxgames.itch.io/avatar","avatar_identity","avatar","avatar","1","57","itch.io game","","","unknown_or_free","","","Create your own avatar","","avatar_or_identity_benchmark_possible","","","2026-05-31T04:45:57.024Z","medium_low","ok"
"Tout en Hun 2","StudioHun","web_game","itch_tag_page","itch.io","https://studiohun.itch.io/tout-en-hun-jv","avatar_identity","avatar","avatar","1","59","Platformer","","","unknown_or_free","","","","","avatar_or_identity_benchmark_possible","","","2026-05-31T04:45:57.024Z","medium_low","ok"
"Avatar Escape Room","yonatanyg","web_game","itch_tag_page","itch.io","https://yonatanyg.itch.io/avatar-escape-room","avatar_identity","avatar","avatar","1","61","Puzzle","","","unknown_or_free","","","","","avatar_or_identity_benchmark_possible","","","2026-05-31T04:45:57.024Z","medium_low","ok"
"Avatar Escape","Aragami_delp_","web_game","itch_tag_page","itch.io","https://aragami-delp.itch.io/avatar-game","avatar_identity","avatar","avatar","1","63","Simulation","","","unknown_or_free","","","VR Game were you control a boat and defeat enemies using your air powers","","avatar_or_identity_benchmark_possible","","","2026-05-31T04:45:57.024Z","medium_low","ok"
"The Rise of Melon Lord","czander","web_game","itch_tag_page","itch.io","https://czander.itch.io/the-rise-of-melon-lord","avatar_identity","avatar","avatar","1","65","Action","","","unknown_or_free","","","Fly and firebend!","","avatar_or_identity_benchmark_possible","","","2026-05-31T04:45:57.024Z","medium_low","ok"
"Meelo Madness! (demo)","czander","web_game","itch_tag_page","itch.io","https://czander.itch.io/meelo-madness","avatar_identity","avatar","avatar","1","67","Platformer","","","unknown_or_free","","","","","avatar_or_identity_benchmark_possible","","","2026-05-31T04:45:57.025Z","medium_low","ok"
"Pong Life","Josep Pons","web_game","itch_tag_page","itch.io","https://thewazaa.itch.io/pong-life","avatar_identity","avatar","avatar","1","69","itch.io game","","","unknown_or_free","","","A classic pong game with some interestings twists","","avatar_or_identity_benchmark_possible","","","2026-05-31T04:45:57.025Z","medium_low","ok"
"Avatar Creator","mina","web_game","itch_tag_page","itch.io","https://mina-club.itch.io/avatar-creator","avatar_identity","avatar","avatar","1","71","itch.io game","","","unknown_or_free","","","creating","","avatar_or_identity_benchmark_possible","","","2026-05-31T04:45:57.025Z","medium_low","ok"
"Py - Avatar Battles","Nightooo","web_game","itch_tag_page","itch.io","https://nightooo.itch.io/py-avatar-battles","avatar_identity","avatar","avatar","2","1","Simulation","","","unknown_or_free","","","1v1 Avatar Fights","","avatar_or_identity_benchmark_possible","","","2026-05-31T04:45:57.335Z","medium_low","ok"
"Aang","Pandora","web_game","itch_tag_page","itch.io","https://pandorargentina.itch.io/aang","avatar_identity","avatar","avatar","2","3","Adventure","","","unknown_or_free","","","Aang es el Avatar y debe aprender el dominio de los cuatro elementos para derrotar al Señor de Fuego.","","avatar_or_identity_benchmark_possible","","","2026-05-31T04:45:57.335Z","medium_low","ok"
"Maidens Avatar Dressup Deluxe","Maidens DressUp Games","web_game","itch_tag_page","itch.io","https://maidensdressupgames.itch.io/maidens-avatar-dressup-deluxe","avatar_identity","avatar","avatar","2","5","Simulation","","","$9.99","","","","","avatar_or_identity_benchmark_possible","","Visible itch price label: $9.99","2026-05-31T04:45:57.335Z","medium_low","ok"
"Chibi Maker","deep","web_game","itch_tag_page","itch.io","https://deepv2.itch.io/chibi-maker","avatar_identity","avatar","avatar","2","7","itch.io game","","","unknown_or_free","","","Make a chibi avatar online.","","avatar_or_identity_benchmark_possible","","","2026-05-31T04:45:57.335Z","medium_low","ok"
"Avatar Dress Up","Gh0st0FM1ine","web_game","itch_tag_page","itch.io","https://gh0st0fm1ine.itch.io/avatar-dress-up","avatar_identity","avatar","avatar","2","9","Role Playing","","","unknown_or_free","","","Create your own Navi / Avatar !","","avatar_or_identity_benchmark_possible","","","2026-05-31T04:45:57.335Z","medium_low","ok"
"The Face Place","MashArcade","web_game","itch_tag_page","itch.io","https://masharcade.itch.io/faces","avatar_identity","avatar","avatar","2","11","itch.io game","","","unknown_or_free","","","Make funny faces!","","avatar_or_identity_benchmark_possible","","","2026-05-31T04:45:57.336Z","medium_low","ok"
"Jasmine Dragon","Tatsumiiko","web_game","itch_tag_page","itch.io","https://tatsumiiko.itch.io/jasmine-dragon","avatar_identity","avatar","avatar","2","13","Platformer","","","unknown_or_free","","","Jogo de plataforma com a temática de Avatar.","","avatar_or_identity_benchmark_possible","","","2026-05-31T04:45:57.336Z","medium_low","ok"
"Cyanmaster: Stickman Avatar (itch.io edition)","Yarik141888","web_game","itch_tag_page","itch.io","https://yarik141888.itch.io/cyanmaster-stickman-avatar","avatar_identity","avatar","avatar","2","15","itch.io game","","","unknown_or_free","","","","","avatar_or_identity_benchmark_possible","","","2026-05-31T04:45:57.336Z","medium_low","ok"
"TrueFlow Tournament: Reality War Announcement Prototype","Melvin Sewell","web_game","itch_tag_page","itch.io","https://melvin-sewell.itch.io/httpswwwbibebibebibecommagazine2545509-trueflow-tournament-game-prototype","avatar_identity","avatar","avatar","2","17","Simulation","","","$3","","","Clash in a metaphysical arena where avatars rewrite the rules of reality.","","avatar_or_identity_benchmark_possible","","Visible itch price label: $3","2026-05-31T04:45:57.336Z","medium_low","ok"
"Socks for BellyTech Canis","Jyinx’s Hunger Shop","web_game","itch_tag_page","itch.io","https://jyinx-fox-hunger-shop.itch.io/socks-for-bellytech-canis","avatar_identity","avatar","avatar","2","19","itch.io game","","","$5","","","these are socks for the BellyTech Canis From BlopFry","","avatar_or_identity_benchmark_possible","","Visible itch price label: $5","2026-05-31T04:45:57.336Z","medium_low","ok"
"The Face Place","Learn GameMaker","web_game","itch_tag_page","itch.io","https://learngamemaker.itch.io/the-face-place","avatar_identity","avatar","avatar","2","21","itch.io game","","","unknown_or_free","","","Create a custom avatar!","","avatar_or_identity_benchmark_possible","","","2026-05-31T04:45:57.336Z","medium_low","ok"
"GIF","Jesse Linards","web_game","itch_tag_page","itch.io","https://jlinards.itch.io/character-customizer","avatar_identity","avatar","avatar","2","23","itch.io game","","","unknown_or_free","","","Build your own Character","","avatar_or_identity_benchmark_possible","","","2026-05-31T04:45:57.336Z","medium_low","ok"
"Avatar Match 3 Game","Sujay Chand","web_game","itch_tag_page","itch.io","https://thesujaychand.itch.io/avatar-match-3-game","avatar_identity","avatar","avatar","2","25","itch.io game","","","unknown_or_free","","","An Avatar themed Match 3 game","","avatar_or_identity_benchmark_possible","","","2026-05-31T04:45:57.337Z","medium_low","ok"
"Angoisses","GwenLaine","web_game","itch_tag_page","itch.io","https://gwenlaine.itch.io/angoisses","avatar_identity","avatar","avatar","2","27","Platformer","","","unknown_or_free","","","Jeu sur l'anxiété","","avatar_or_identity_benchmark_possible","","","2026-05-31T04:45:57.337Z","medium_low","ok"
"My RPG Persona","triptych","web_game","itch_tag_page","itch.io","https://triptych.itch.io/my-rpg-persona","avatar_identity","avatar","avatar","2","29","itch.io game","","","unknown_or_free","","","","","avatar_or_identity_benchmark_possible","","","2026-05-31T04:45:57.337Z","medium_low","ok"
"Wan Shi Tong's Library","DieterBoddin","web_game","itch_tag_page","itch.io","https://dieterboddin.itch.io/wanshitongslibrary","avatar_identity","avatar","avatar","2","31","Adventure","","","unknown_or_free","","","Find books and bring them back to Wan Shi Tong.","","avatar_or_identity_benchmark_possible","","","2026-05-31T04:45:57.337Z","medium_low","ok"
"itch:avatar: no parsed results","","web_game","itch_tag_page","itch.io","https://itch.io/games/tag-avatar?page=3","avatar_identity","avatar","avatar","3","0","collection_note","","","","","","No game cells parsed from itch.io tag page.","","","","","2026-05-31T04:45:57.738Z","low","empty_result"
"girlballs","3denemy","web_game","itch_tag_page","itch.io","https://3denemy.itch.io/girlballs","avatar_identity","dress-up","dress-up","1","1","Adventure","","","unknown_or_free","","","its good to be a ball","","avatar_or_identity_benchmark_possible","","","2026-05-31T04:45:58.049Z","medium_low","ok"
"Honey Dress Up","bun_tired","web_game","itch_tag_page","itch.io","https://bun-tired.itch.io/honey-dress-up","avatar_identity","dress-up","dress-up","1","3","itch.io game","","","unknown_or_free","","","Dress up a cute boy!","","avatar_or_identity_benchmark_possible","","","2026-05-31T04:45:58.050Z","medium_low","ok"
"GIF","Celianna","web_game","itch_tag_page","itch.io","https://celianna.itch.io/tailor-tales","avatar_identity","dress-up","dress-up","1","5","Visual Novel","","","unknown_or_free","","","Romance hot guys and create your own clothes.","","avatar_or_identity_benchmark_possible","","","2026-05-31T04:45:58.050Z","medium_low","ok"
"Gacha Life 2","LunimeVerified Account","web_game","itch_tag_page","itch.io","https://lunime.itch.io/gachalife2","avatar_identity","dress-up","dress-up","1","7","Role Playing","","","unknown_or_free","","","Create your own anime characters and dress them up in stylish fashion outfits!","","avatar_or_identity_benchmark_possible","","","2026-05-31T04:45:58.050Z","medium_low","ok"
"Gentleman Dress Up","tsingeli","web_game","itch_tag_page","itch.io","https://tsingeli.itch.io/gonta-dress-up","avatar_identity","dress-up","dress-up","1","9","Simulation","","","unknown_or_free","","","Dress Gonta up for gentlemanly occasions.","","avatar_or_identity_benchmark_possible","","","2026-05-31T04:45:58.050Z","medium_low","ok"
"Gacha Life PC","LunimeVerified Account","web_game","itch_tag_page","itch.io","https://lunime.itch.io/gacha-life","avatar_identity","dress-up","dress-up","1","11","Role Playing","","","unknown_or_free","","","Dress up unique characters, play mini games, and gacha in Gacha Life!","","avatar_or_identity_benchmark_possible","","","2026-05-31T04:45:58.050Z","medium_low","ok"
"Jeff the killer Dressup","Hahadit","web_game","itch_tag_page","itch.io","https://hahadit.itch.io/jeff-the-killer-dressup","avatar_identity","dress-up","dress-up","1","13","Interactive Fiction","","","unknown_or_free","","","Jeff wants a new makeover","","avatar_or_identity_benchmark_possible","","","2026-05-31T04:45:58.051Z","medium_low","ok"
"Fantroll creator","Xamag","web_game","itch_tag_page","itch.io","https://xamag.itch.io/fantroll-creator","avatar_identity","dress-up","dress-up","1","15","itch.io game","","","unknown_or_free","","","A little Homestuck troll thingy for fun","","avatar_or_identity_benchmark_possible","","","2026-05-31T04:45:58.051Z","medium_low","ok"
"IvanTill Dressup","ryartchus","web_game","itch_tag_page","itch.io","https://ryartchus.itch.io/ivantill-dressup","avatar_identity","dress-up","dress-up","1","17","itch.io game","","","unknown_or_free","","","Dress up Ivan and Till!","","avatar_or_identity_benchmark_possible","","","2026-05-31T04:45:58.051Z","medium_low","ok"
"Gacha Club Studio","LunimeVerified Account","web_game","itch_tag_page","itch.io","https://lunime.itch.io/gacha-club","avatar_identity","dress-up","dress-up","1","19","Role Playing","","","unknown_or_free","","","Create your own characters and scenes in Gacha Club Studio!","","avatar_or_identity_benchmark_possible","","","2026-05-31T04:45:58.051Z","medium_low","ok"
"Candy's Closet","cutegamesclub","web_game","itch_tag_page","itch.io","https://cutegamesclub.itch.io/candys-closet","avatar_identity","dress-up","dress-up","1","21","Simulation","","","unknown_or_free","","","a cute dressup game in a seaside town!","","avatar_or_identity_benchmark_possible","","","2026-05-31T04:45:58.051Z","medium_low","ok"
"War of Roses [RELEASED]","owl.","web_game","itch_tag_page","itch.io","https://jellyfishparade.itch.io/war-of-roses","avatar_identity","dress-up","dress-up","1","23","Visual Novel","","","unknown_or_free","","","save a flower shop from a corporation. fall in love. maybe even at the same time.","","avatar_or_identity_benchmark_possible","","","2026-05-31T04:45:58.051Z","medium_low","ok"
"GIF","Emmy- GhoulKiss","web_game","itch_tag_page","itch.io","https://ghoulkiss.itch.io/monster-girl-maker","avatar_identity","dress-up","dress-up","1","25","Role Playing","","","unknown_or_free","","","Character creator themed around cute and creepy monster girls!","","avatar_or_identity_benchmark_possible","","","2026-05-31T04:45:58.051Z","medium_low","ok"
"Gachaverse Studio","LunimeVerified Account","web_game","itch_tag_page","itch.io","https://lunime.itch.io/gachaverse","avatar_identity","dress-up","dress-up","1","27","Role Playing","","","unknown_or_free","","","Dress up and Gacha in Gachaverse Studio!","","avatar_or_identity_benchmark_possible","","","2026-05-31T04:45:58.052Z","medium_low","ok"
"Sketchy Girl Dress Up Game!","Kathinka","web_game","itch_tag_page","itch.io","https://kathinkapng.itch.io/sketchy-girl-dress-up-game","avatar_identity","dress-up","dress-up","1","29","itch.io game","","","unknown_or_free","","","A dress up game made in RPG Maker","","avatar_or_identity_benchmark_possible","","","2026-05-31T04:45:58.052Z","medium_low","ok"
"Darian Dress up Love story","Kawaii mado","web_game","itch_tag_page","itch.io","https://madogames.itch.io/darian-dress-up","avatar_identity","dress-up","dress-up","1","31","Visual Novel","","","unknown_or_free","","","Dressup + otome game","","avatar_or_identity_benchmark_possible","","","2026-05-31T04:45:58.052Z","medium_low","ok"
"Kittys Clawset","Ash K","web_game","itch_tag_page","itch.io","https://ash-k.itch.io/kittys-clawset","avatar_identity","dress-up","dress-up","1","33","itch.io game","","","unknown_or_free","","","dress up a felt kitty!","","avatar_or_identity_benchmark_possible","","","2026-05-31T04:45:58.052Z","medium_low","ok"
"Cottagecore Dress Up","Anna Glin","web_game","itch_tag_page","itch.io","https://annaglin.itch.io/cottagecore-dress-up","avatar_identity","dress-up","dress-up","1","35","Simulation","","","unknown_or_free","","","dress 'em up!","","avatar_or_identity_benchmark_possible","","","2026-05-31T04:45:58.052Z","medium_low","ok"
"Wedding! Dress UP","Kathinka","web_game","itch_tag_page","itch.io","https://kathinkapng.itch.io/wedding-dress-up","avatar_identity","dress-up","dress-up","1","37","itch.io game","","","unknown_or_free","","","Dress up two lovely brides!!","","avatar_or_identity_benchmark_possible","","","2026-05-31T04:45:58.052Z","medium_low","ok"
"Sokofox","easypeazygames","web_game","itch_tag_page","itch.io","https://easypeazygames.itch.io/sokofox","avatar_identity","dress-up","dress-up","1","39","Puzzle","","","$4In bundle","","","A Furry Dress-Up Sokoban","","avatar_or_identity_benchmark_possible","","Visible itch price label: $4In bundle","2026-05-31T04:45:58.053Z","medium_low","ok"
"Dress Me Down","LiminAce","web_game","itch_tag_page","itch.io","https://liminace.itch.io/dress-me-down","avatar_identity","dress-up","dress-up","1","41","Interactive Fiction","","","unknown_or_free","","","Doll her up for the night of her life!!!","","avatar_or_identity_benchmark_possible","","","2026-05-31T04:45:58.053Z","medium_low","ok"
"GIF","Emmy- GhoulKiss","web_game","itch_tag_page","itch.io","https://ghoulkiss.itch.io/monster-girl-maker-2","avatar_identity","dress-up","dress-up","1","43","Role Playing","","","unknown_or_free","","","Character creator themed around cute and creepy monster girls!","","avatar_or_identity_benchmark_possible","","","2026-05-31T04:45:58.053Z","medium_low","ok"
"AlcremieStudio v2","Smearg","web_game","itch_tag_page","itch.io","https://smearg.itch.io/alcremie","avatar_identity","dress-up","dress-up","1","45","itch.io game","","","unknown_or_free","","","Whip up your very own Alcremie!","","avatar_or_identity_benchmark_possible","","","2026-05-31T04:45:58.053Z","medium_low","ok"
"[UPDATE!] Sparkle ☆Decor","OTOJANG Games","web_game","itch_tag_page","itch.io","https://otojang.itch.io/sparkle-decor-demo","avatar_identity","dress-up","dress-up","1","47","Visual Novel","","","unknown_or_free","","","Relive the memories of web MMOs while dressing up and decorating your home.","","avatar_or_identity_benchmark_possible","","","2026-05-31T04:45:58.053Z","medium_low","ok"
"Warrior Cats Creator Game","IcyTea","web_game","itch_tag_page","itch.io","https://certainlysomething.itch.io/warrior-cats-creator-game","avatar_identity","dress-up","dress-up","1","49","itch.io game","","","unknown_or_free","","","Create a Warrior Cat!","","avatar_or_identity_benchmark_possible","","","2026-05-31T04:45:58.053Z","medium_low","ok"
"Rotten Life Retro","N. A. Melamed","web_game","itch_tag_page","itch.io","https://artofnamelamed.itch.io/rotten-life-retro","avatar_identity","dress-up","dress-up","1","51","Simulation","","","unknown_or_free","","","✧･ﾟ: * Queer punk thrifting simulator","","avatar_or_identity_benchmark_possible","","","2026-05-31T04:45:58.053Z","medium_low","ok"
"SweetXheart","Catt Small","web_game","itch_tag_page","itch.io","https://cattsmall.itch.io/sweetxheart","avatar_identity","dress-up","dress-up","1","53","Visual Novel","","","unknown_or_free","","","Spend a week in someone else's shoes.","","avatar_or_identity_benchmark_possible","","","2026-05-31T04:45:58.053Z","medium_low","ok"
"The Juicy Edit","lajbel","web_game","itch_tag_page","itch.io","https://lajbel.itch.io/the-juicy-edit","avatar_identity","dress-up","dress-up","1","55","Role Playing","","","unknown_or_free","","","A cute character creator","","avatar_or_identity_benchmark_possible","","","2026-05-31T04:45:58.054Z","medium_low","ok"
"Dress Code: Human","Ghostbutter","web_game","itch_tag_page","itch.io","https://ghostbutter.itch.io/dress-code-human","avatar_identity","dress-up","dress-up","1","57","Simulation","","","unknown_or_free","","","Two minutes til the party of the millennium - will you be ready?","","avatar_or_identity_benchmark_possible","","","2026-05-31T04:45:58.054Z","medium_low","ok"
"Charlie's Dress UP!","Charlie Boyfriend","web_game","itch_tag_page","itch.io","https://charbf.itch.io/dress-up","avatar_identity","dress-up","dress-up","1","59","itch.io game","","","unknown_or_free","","","Dress UP Silvia and Laurel TODAY","","avatar_or_identity_benchmark_possible","","","2026-05-31T04:45:58.054Z","medium_low","ok"
"GIF","Hatsvin ᔦꙬᔨ","web_game","itch_tag_page","itch.io","https://hatsvin.itch.io/loveless-losers","avatar_identity","dress-up","dress-up","1","61","Role Playing","","","unknown_or_free","","","Dress Serafina up for her high school debut~! ⋆｡°✩","","avatar_or_identity_benchmark_possible","","","2026-05-31T04:45:58.054Z","medium_low","ok"
"Missy's Dress Up Adventure","Finch","web_game","itch_tag_page","itch.io","https://illufinch.itch.io/missys-dress-up-adventure","avatar_identity","dress-up","dress-up","1","63","itch.io game","","","unknown_or_free","","","Cute pixel dress up game","","avatar_or_identity_benchmark_possible","","","2026-05-31T04:45:58.054Z","medium_low","ok"
"RABBITMAIDEN~SOFTBOOK ~special edition~","rabbitmaiden softworks","web_game","itch_tag_page","itch.io","https://yogurt200.itch.io/rabbitmaidensoftbook","avatar_identity","dress-up","dress-up","1","65","Visual Novel","","","unknown_or_free","","","","","avatar_or_identity_benchmark_possible","","","2026-05-31T04:45:58.054Z","medium_low","ok"
"Femme","mayaxlove","web_game","itch_tag_page","itch.io","https://mayaxlove.itch.io/femme","avatar_identity","dress-up","dress-up","1","67","Interactive Fiction","","","unknown_or_free","","","a text based, trans* femme dress-up party!","","avatar_or_identity_benchmark_possible","","","2026-05-31T04:45:58.054Z","medium_low","ok"
"Monster Ladies : Avatar Creator","DeathBiscuitt","web_game","itch_tag_page","itch.io","https://deathbiscuitt.itch.io/monsterladiescreator","avatar_identity","dress-up","dress-up","1","69","itch.io game","","","unknown_or_free","","","A dress-up game for the beautifully unhinged.","","avatar_or_identity_benchmark_possible","","","2026-05-31T04:45:58.055Z","medium_low","ok"
"Gacha Life 2 + Export PNG","MultiHéroes","web_game","itch_tag_page","itch.io","https://multiheroes.itch.io/gl2-export-png","avatar_identity","dress-up","dress-up","1","71","Role Playing","","","unknown_or_free","","","","","avatar_or_identity_benchmark_possible","","","2026-05-31T04:45:58.055Z","medium_low","ok"
"Find Your Familiar","pyxelwyxel","web_game","itch_tag_page","itch.io","https://pyxelwyxel.itch.io/find-your-familiar","avatar_identity","dress-up","dress-up","2","1","itch.io game","","","unknown_or_free","","","Create/find your magical animal familiar!","","avatar_or_identity_benchmark_possible","","","2026-05-31T04:45:58.365Z","medium_low","ok"
"Limbokin","ilyilaice","web_game","itch_tag_page","itch.io","https://ilyilaice.itch.io/limbokin","avatar_identity","dress-up","dress-up","2","3","Visual Novel","","","unknown_or_free","","","Explore the fashion of purgatory's inhabitants.","","avatar_or_identity_benchmark_possible","","","2026-05-31T04:45:58.365Z","medium_low","ok"
"Wicked Aspect","eyelette","web_game","itch_tag_page","itch.io","https://eyelette.itch.io/wickedaspect","avatar_identity","dress-up","dress-up","2","5","itch.io game","","","unknown_or_free","","","Cursed knight dollmaker.","","avatar_or_identity_benchmark_possible","","","2026-05-31T04:45:58.365Z","medium_low","ok"
"Mermay24' - Dress Up","DeathBiscuitt","web_game","itch_tag_page","itch.io","https://deathbiscuitt.itch.io/mermay-dressup-24","avatar_identity","dress-up","dress-up","2","7","itch.io game","","","unknown_or_free","","","A Mermaid Character Design Game~!","","avatar_or_identity_benchmark_possible","","","2026-05-31T04:45:58.365Z","medium_low","ok"
"Malice Boutique","aplove","web_game","itch_tag_page","itch.io","https://aplovestudio.itch.io/malice-boutique","avatar_identity","dress-up","dress-up","2","9","Simulation","","","unknown_or_free","","","dress up game about a ruined earth","","avatar_or_identity_benchmark_possible","","","2026-05-31T04:45:58.366Z","medium_low","ok"
"🔥🍄 ShrooMaker 🍄🔥","Nighten","web_game","itch_tag_page","itch.io","https://nighten.itch.io/shroomaker","avatar_identity","dress-up","dress-up","2","11","itch.io game","","","unknown_or_free","","","Un créateur de personnages champignons✨.","","avatar_or_identity_benchmark_possible","","","2026-05-31T04:45:58.366Z","medium_low","ok"
"Red Tag Rendezvous","Marlowe Dobbe","web_game","itch_tag_page","itch.io","https://marlowedobbe.itch.io/red-tag-rendezvous","avatar_identity","dress-up","dress-up","2","13","Simulation","","","unknown_or_free","","","A short and cute dress up game where you pick an outfit to impress your date!","","avatar_or_identity_benchmark_possible","","","2026-05-31T04:45:58.366Z","medium_low","ok"
"miku season!","ouhkami","web_game","itch_tag_page","itch.io","https://ouhkami.itch.io/miku-season","avatar_identity","dress-up","dress-up","2","15","itch.io game","","","unknown_or_free","","","miku season every season!","","avatar_or_identity_benchmark_possible","","","2026-05-31T04:45:58.366Z","medium_low","ok"
"Weaver's Wardrobe","Lamb","web_game","itch_tag_page","itch.io","https://easybakelamb.itch.io/weavers-wardrobe","avatar_identity","dress-up","dress-up","2","17","itch.io game","","","unknown_or_free","","","A simple dress up game","","avatar_or_identity_benchmark_possible","","","2026-05-31T04:45:58.366Z","medium_low","ok"
"Hawk Dress Up","raveglitch","web_game","itch_tag_page","itch.io","https://raveglitch.itch.io/hawk-dress-up","avatar_identity","dress-up","dress-up","2","19","itch.io game","","","unknown_or_free","","","Dress up Hawk, a silly little guy with an affinity for scene fashion!","","avatar_or_identity_benchmark_possible","","","2026-05-31T04:45:58.366Z","medium_low","ok"
"frankenstyle!","kindanice","web_game","itch_tag_page","itch.io","https://kindanice.itch.io/frankenstyle","avatar_identity","dress-up","dress-up","2","21","Simulation","","","unknown_or_free","","","frankenstein dress-up","","avatar_or_identity_benchmark_possible","","","2026-05-31T04:45:58.366Z","medium_low","ok"
"Paper Doll","Lily Belmira","web_game","itch_tag_page","itch.io","https://lilybelmira.itch.io/paper","avatar_identity","dress-up","dress-up","2","23","Visual Novel","","","unknown_or_free","","","dress-up game + visual novel","","avatar_or_identity_benchmark_possible","","","2026-05-31T04:45:58.367Z","medium_low","ok"
"Monster Dress Up","jborge","web_game","itch_tag_page","itch.io","https://jborge.itch.io/monsterdressup","avatar_identity","dress-up","dress-up","2","25","itch.io game","","","unknown_or_free","","","A cute monster-themed fashion game!","","avatar_or_identity_benchmark_possible","","","2026-05-31T04:45:58.367Z","medium_low","ok"
"YUME NIKKI DRESSUP","Windmills123","web_game","itch_tag_page","itch.io","https://windmills123.itch.io/yume-nikki-dressup","avatar_identity","dress-up","dress-up","2","27","itch.io game","","","unknown_or_free","","","Madotsuki dress-up game!","","avatar_or_identity_benchmark_possible","","","2026-05-31T04:45:58.367Z","medium_low","ok"
"DOLLGAME","flowerstrangle","web_game","itch_tag_page","itch.io","https://flowerstrangle.itch.io/dollgame","avatar_identity","dress-up","dress-up","2","29","Role Playing","","","unknown_or_free","","","Help Doll find her head","","avatar_or_identity_benchmark_possible","","","2026-05-31T04:45:58.367Z","medium_low","ok"
"femmepocalypse +","altopunk","web_game","itch_tag_page","itch.io","https://altopunk.itch.io/femmepocalypseplus","avatar_identity","dress-up","dress-up","2","31","itch.io game","","","unknown_or_free","","","","","avatar_or_identity_benchmark_possible","","","2026-05-31T04:45:58.367Z","medium_low","ok"
"Forest Guardian Dress Up","Dress Up Vault","web_game","itch_tag_page","itch.io","https://dressupvault.itch.io/forest-guardian-dress-up","avatar_identity","dress-up","dress-up","2","33","Role Playing","","","unknown_or_free","","","Design your own Magical Girl!","","avatar_or_identity_benchmark_possible","","","2026-05-31T04:45:58.367Z","medium_low","ok"
"Tiger Tea Party","goblincat","web_game","itch_tag_page","itch.io","https://goblincat.itch.io/tiger-teaparty","avatar_identity","dress-up","dress-up","2","35","itch.io game","","","unknown_or_free","","","An EGL dressup game","","avatar_or_identity_benchmark_possible","","","2026-05-31T04:45:58.367Z","medium_low","ok"
"Spooky Shopping Tour!","Kathinka","web_game","itch_tag_page","itch.io","https://kathinkapng.itch.io/spooky-shopping-trip","avatar_identity","dress-up","dress-up","2","37","Visual Novel","","","unknown_or_free","","","A store dress-up visual novel - Go shopping for Halloween decor with Aya!","","avatar_or_identity_benchmark_possible","","","2026-05-31T04:45:58.368Z","medium_low","ok"
"GIF","CheriBeanArt","web_game","itch_tag_page","itch.io","https://cheribeanart.itch.io/cheri-beans-dress-up","avatar_identity","dress-up","dress-up","2","39","Role Playing","","","unknown_or_free","","","dress up game inspired by 2000's flash games???","","avatar_or_identity_benchmark_possible","","","2026-05-31T04:45:58.368Z","medium_low","ok"
"Cat Maker","Caladence","web_game","itch_tag_page","itch.io","https://caladence.itch.io/cat-maker","avatar_identity","dress-up","dress-up","2","41","itch.io game","","","unknown_or_free","","","Make your own cat with dozens of body features and marking options","","avatar_or_identity_benchmark_possible","","","2026-05-31T04:45:58.368Z","medium_low","ok"
"TonTon's Closet","Lamb","web_game","itch_tag_page","itch.io","https://easybakelamb.itch.io/tontons-closet","avatar_identity","dress-up","dress-up","2","43","itch.io game","","","unknown_or_free","","","Another Simple Dress Up Game","","avatar_or_identity_benchmark_possible","","","2026-05-31T04:45:58.368Z","medium_low","ok"
"Make-A-Scene Workshop","michael murder","web_game","itch_tag_page","itch.io","https://michael-murder.itch.io/make-a-scene","avatar_identity","dress-up","dress-up","2","45","itch.io game","","","unknown_or_free","","","Alternative character maker :D","","avatar_or_identity_benchmark_possible","","","2026-05-31T04:45:58.368Z","medium_low","ok"
"Girlfriend Dress Up","malaika","web_game","itch_tag_page","itch.io","https://ophanimkei.itch.io/girlfriend-dressup","avatar_identity","dress-up","dress-up","2","47","itch.io game","","","unknown_or_free","","","wardrobe of two EGL lifestyling lovers","","avatar_or_identity_benchmark_possible","","","2026-05-31T04:45:58.368Z","medium_low","ok"
"Silent Hill Heather Dress Up","ElisaFS","web_game","itch_tag_page","itch.io","https://elisafs.itch.io/silent-hill-heather-dress-up","avatar_identity","dress-up","dress-up","2","49","itch.io game","","","unknown_or_free","","","Pixel art style dress up game featuring Heather from Silent Hill","","avatar_or_identity_benchmark_possible","","","2026-05-31T04:45:58.368Z","medium_low","ok"
"Possum Dress Up","Bad Pet","web_game","itch_tag_page","itch.io","https://bad-pet.itch.io/possum-dress-up","avatar_identity","dress-up","dress-up","2","51","itch.io game","","","unknown_or_free","","","dress up a possum from toronto","","avatar_or_identity_benchmark_possible","","","2026-05-31T04:45:58.369Z","medium_low","ok"
"Donut Maker!","merlumina","web_game","itch_tag_page","itch.io","https://merlumina.itch.io/donut-maker","avatar_identity","dress-up","dress-up","2","53","itch.io game","","","unknown_or_free","","","Build your dream donut!","","avatar_or_identity_benchmark_possible","","","2026-05-31T04:45:58.369Z","medium_low","ok"
"Kaori's Date Time Dress Up","Melon 3 Studio","web_game","itch_tag_page","itch.io","https://melon-3-studio.itch.io/kaoris-date-time-dress-up","avatar_identity","dress-up","dress-up","2","55","itch.io game","","","unknown_or_free","","","Help Kaori dress up for a date on the town in this little dress up game!","","avatar_or_identity_benchmark_possible","","","2026-05-31T04:45:58.369Z","medium_low","ok"
"Mornings of a Seventeen Year Old-Girl","жш","web_game","itch_tag_page","itch.io","https://mike-mezhenin.itch.io/mornings-of-a-seventeen-year-old-girl","avatar_identity","dress-up","dress-up","2","57","itch.io game","","","unknown_or_free","","","A realistic teenage dress-up game.","","avatar_or_identity_benchmark_possible","","","2026-05-31T04:45:58.369Z","medium_low","ok"
"Fairy Dress Up","Dress Up Vault","web_game","itch_tag_page","itch.io","https://dressupvault.itch.io/fairy-dress-up","avatar_identity","dress-up","dress-up","2","59","Role Playing","","","unknown_or_free","","","Design your own Fairy Character!","","avatar_or_identity_benchmark_possible","","","2026-05-31T04:45:58.369Z","medium_low","ok"
"(try to) Dress Up","Nivetha Kannan","web_game","itch_tag_page","itch.io","https://nivikan.itch.io/try-to-dress-up","avatar_identity","dress-up","dress-up","2","61","itch.io game","","","unknown_or_free","","","An unconventional dress up game about conventional parents","","avatar_or_identity_benchmark_possible","","","2026-05-31T04:45:58.369Z","medium_low","ok"
"Fern Wardrobe","rue","web_game","itch_tag_page","itch.io","https://librarycrow.itch.io/fern-wardrobe","avatar_identity","dress-up","dress-up","2","63","itch.io game","","","unknown_or_free","","","Woodland dress up","","avatar_or_identity_benchmark_possible","","","2026-05-31T04:45:58.369Z","medium_low","ok"
"Pastel Dress Up","Dress Up Vault","web_game","itch_tag_page","itch.io","https://dressupvault.itch.io/pastel-dress-up","avatar_identity","dress-up","dress-up","2","65","Role Playing","","","unknown_or_free","","","Design your own Cute Character!","","avatar_or_identity_benchmark_possible","","","2026-05-31T04:45:58.369Z","medium_low","ok"
"Arcane Inspired Dress Up","Dress Up Vault","web_game","itch_tag_page","itch.io","https://dressupvault.itch.io/arcane-inspired-dress-up","avatar_identity","dress-up","dress-up","2","67","Role Playing","","","unknown_or_free","","","Design your own Steampunk Character!","","avatar_or_identity_benchmark_possible","","","2026-05-31T04:45:58.370Z","medium_low","ok"
"plastic coquina","Zeno","web_game","itch_tag_page","itch.io","https://zeno.itch.io/plastic-coquina","avatar_identity","dress-up","dress-up","2","69","Visual Novel","","","unknown_or_free","","","a narrative dress-up game about reassembling yourself alongside a doll","","avatar_or_identity_benchmark_possible","","","2026-05-31T04:45:58.370Z","medium_low","ok"
"opha girl dollmaker","malaika","web_game","itch_tag_page","itch.io","https://ophanimkei.itch.io/ophagirl","avatar_identity","dress-up","dress-up","2","71","itch.io game","","","unknown_or_free","","","an egl focused dollmaker","","avatar_or_identity_benchmark_possible","","","2026-05-31T04:45:58.370Z","medium_low","ok"
"Kawaii phone case simulator","Kawaii mado","web_game","itch_tag_page","itch.io","https://madogames.itch.io/phone-case-simulator","avatar_identity","dress-up","dress-up","3","1","Simulation","","","unknown_or_free","","","Create the cutest phone case selfie<3","","avatar_or_identity_benchmark_possible","","","2026-05-31T04:45:58.860Z","medium_low","ok"
"Kelly & Wolfe Dress Up","raveglitch","web_game","itch_tag_page","itch.io","https://raveglitch.itch.io/kelly-n-wolfe-dress-up","avatar_identity","dress-up","dress-up","3","3","itch.io game","","","unknown_or_free","","","","","avatar_or_identity_benchmark_possible","","","2026-05-31T04:45:58.860Z","medium_low","ok"
"darling, darling sacrifices","miseri","web_game","itch_tag_page","itch.io","https://miseri-accordion.itch.io/darling-sacrifices","avatar_identity","dress-up","dress-up","3","5","Puzzle","","","unknown_or_free","","","human sacrifices are so last season!","","avatar_or_identity_benchmark_possible","","","2026-05-31T04:45:58.861Z","medium_low","ok"
"Alien Maker","Greynvi","web_game","itch_tag_page","itch.io","https://greynvi.itch.io/alienmaker","avatar_identity","dress-up","dress-up","3","7","itch.io game","","","unknown_or_free","","","Alien dress up????","","avatar_or_identity_benchmark_possible","","","2026-05-31T04:45:58.861Z","medium_low","ok"
"Furry OC Creator","BloopyWoopy","web_game","itch_tag_page","itch.io","https://bloopy-woopy.itch.io/furry-oc-creator","avatar_identity","dress-up","dress-up","3","9","itch.io game","","","unknown_or_free","","","Make a Furry OC!!!","","avatar_or_identity_benchmark_possible","","","2026-05-31T04:45:58.861Z","medium_low","ok"
"Celestial Dress Up","Dress Up Vault","web_game","itch_tag_page","itch.io","https://dressupvault.itch.io/celestial-dress-up","avatar_identity","dress-up","dress-up","3","11","Role Playing","","","unknown_or_free","","","Design your own Magical Girl!","","avatar_or_identity_benchmark_possible","","","2026-05-31T04:45:58.861Z","medium_low","ok"
"GIF","LemonInk","web_game","itch_tag_page","itch.io","https://lemonink.itch.io/killer-couture","avatar_identity","dress-up","dress-up","3","13","Visual Novel","","","unknown_or_free","","","These looks will kill.","","avatar_or_identity_benchmark_possible","","","2026-05-31T04:45:58.861Z","medium_low","ok"
"Operator's Dressing Room","The Changeling Witch","web_game","itch_tag_page","itch.io","https://the-changeling-w.itch.io/operators-dressing-room","avatar_identity","dress-up","dress-up","3","15","itch.io game","","","unknown_or_free","","","","","avatar_or_identity_benchmark_possible","","","2026-05-31T04:45:58.861Z","medium_low","ok"
"Style Dress Up","Druva","web_game","itch_tag_page","itch.io","https://druvagames.itch.io/styledressup","avatar_identity","dress-up","dress-up","3","17","itch.io game","","","unknown_or_free","","","The super stylish dress up game","","avatar_or_identity_benchmark_possible","","","2026-05-31T04:45:58.862Z","medium_low","ok"
"GIF","raveglitch","web_game","itch_tag_page","itch.io","https://raveglitch.itch.io/alien-maker","avatar_identity","dress-up","dress-up","3","19","itch.io game","","","unknown_or_free","","","Drag pieces to create a little alien!","","avatar_or_identity_benchmark_possible","","","2026-05-31T04:45:58.862Z","medium_low","ok"
"FISH HAT","brandonhare","web_game","itch_tag_page","itch.io","https://brandonhare.itch.io/fish-hat","avatar_identity","dress-up","dress-up","3","21","Simulation","","","unknown_or_free","","","WOMEN WANT ME FISH FEAR ME","","avatar_or_identity_benchmark_possible","","","2026-05-31T04:45:58.862Z","medium_low","ok"
"Injury and Cast Generator","Alex und Mathew","web_game","itch_tag_page","itch.io","https://alex-und-mathew.itch.io/injury-and-cast-generator","avatar_identity","dress-up","dress-up","3","23","itch.io game","","","unknown_or_free","","","","","avatar_or_identity_benchmark_possible","","","2026-05-31T04:45:58.862Z","medium_low","ok"
"GIF","npckc","web_game","itch_tag_page","itch.io","https://npckc.itch.io/my-grumpy-hyena","avatar_identity","dress-up","dress-up","3","25","itch.io game","","","unknown_or_free","","","AS SEEN ON TV (*Not actually on TV)","","avatar_or_identity_benchmark_possible","","","2026-05-31T04:45:58.862Z","medium_low","ok"
"Dress me - Nina","Digital Workshop22","web_game","itch_tag_page","itch.io","https://digital-workshop22.itch.io/dress-me-nina","avatar_identity","dress-up","dress-up","3","27","itch.io game","","","unknown_or_free","","","Dress up game","","avatar_or_identity_benchmark_possible","","","2026-05-31T04:45:58.862Z","medium_low","ok"
"Shinobi Daughter Dress Up","Dress Up Vault","web_game","itch_tag_page","itch.io","https://dressupvault.itch.io/shinobi-daughter-dress-up","avatar_identity","dress-up","dress-up","3","29","Role Playing","","","unknown_or_free","","","Design your own Naruto Next Gen Character!","","avatar_or_identity_benchmark_possible","","","2026-05-31T04:45:58.862Z","medium_low","ok"
"GIF","illuminesce","web_game","itch_tag_page","itch.io","https://illuminesce.itch.io/spooky-stylin","avatar_identity","dress-up","dress-up","3","31","itch.io game","","","unknown_or_free","","","An 8-bit dress up game in PICO-8","","avatar_or_identity_benchmark_possible","","","2026-05-31T04:45:58.863Z","medium_low","ok"
"Aqua Stickerbooth","fizzsea","web_game","itch_tag_page","itch.io","https://fizzsea.itch.io/aqua-stickerbooth","avatar_identity","dress-up","dress-up","3","33","itch.io game","","","unknown_or_free","","","Dress for an adorable aquatic adventure!","","avatar_or_identity_benchmark_possible","","","2026-05-31T04:45:58.863Z","medium_low","ok"
"Clover","Rotten Oranges","web_game","itch_tag_page","itch.io","https://rotten-oranges.itch.io/clover","avatar_identity","dress-up","dress-up","3","35","Simulation","","","unknown_or_free","","","A dress-up adventure!","","avatar_or_identity_benchmark_possible","","","2026-05-31T04:45:58.863Z","medium_low","ok"
"Rin Kagamine: Dreamy Dress Up Theatre","guy","web_game","itch_tag_page","itch.io","https://guywhomadegames.itch.io/dreamy","avatar_identity","dress-up","dress-up","3","37","Visual Novel","","","unknown_or_free","","","Dress up in cute outfits as Rin Kagamine!","","avatar_or_identity_benchmark_possible","","","2026-05-31T04:45:58.863Z","medium_low","ok"
"Bloofsona Maker","Bloof","web_game","itch_tag_page","itch.io","https://bloofbloof.itch.io/bloofsona-maker","avatar_identity","dress-up","dress-up","3","39","itch.io game","","","unknown_or_free","","","Become a Bloof with this Blooftacular dress up game!","","avatar_or_identity_benchmark_possible","","","2026-05-31T04:45:58.863Z","medium_low","ok"
"My Hero Academia dress up","Gh0st0FM1ine","web_game","itch_tag_page","itch.io","https://gh0st0fm1ine.itch.io/my-hero-academia","avatar_identity","dress-up","dress-up","3","41","Role Playing","","","unknown_or_free","","","","","avatar_or_identity_benchmark_possible","","","2026-05-31T04:45:58.863Z","medium_low","ok"
"Halloween 2021 Dress Up","Dress Up Vault","web_game","itch_tag_page","itch.io","https://dressupvault.itch.io/witch-dress-up","avatar_identity","dress-up","dress-up","3","43","Role Playing","","","unknown_or_free","","","Gotta Look Good for the Sacrifice!","","avatar_or_identity_benchmark_possible","","","2026-05-31T04:45:58.863Z","medium_low","ok"
"Gogo Dress Up!","Fable Bae","web_game","itch_tag_page","itch.io","https://uberthemeh.itch.io/gogo-dressup","avatar_identity","dress-up","dress-up","3","45","itch.io game","","","unknown_or_free","","","Dress this Vampire girl Up!!!","","avatar_or_identity_benchmark_possible","","","2026-05-31T04:45:58.863Z","medium_low","ok"
"Nepeta Dressup","pumpkinsmut","web_game","itch_tag_page","itch.io","https://pumpkinsmut.itch.io/nepeta-dressup","avatar_identity","dress-up","dress-up","3","47","itch.io game","","","unknown_or_free","","","Homestuck fangame featuring Nepeta","","avatar_or_identity_benchmark_possible","","","2026-05-31T04:45:58.864Z","medium_low","ok"
"Dress Up!!","Celiedhan","web_game","itch_tag_page","itch.io","https://celiedhan.itch.io/dressup-game","avatar_identity","dress-up","dress-up","3","49","itch.io game","","","unknown_or_free","","","A compact dressup game on your browser!","","avatar_or_identity_benchmark_possible","","","2026-05-31T04:45:58.864Z","medium_low","ok"
"GIF","Crystal Game Works","web_game","itch_tag_page","itch.io","https://crystalgameworks.itch.io/melody-dress-up-game","avatar_identity","dress-up","dress-up","3","51","itch.io game","","","unknown_or_free","","","Dress-up game of Melody from Memories on the Shoreline!","","avatar_or_identity_benchmark_possible","","","2026-05-31T04:45:58.864Z","medium_low","ok"
"Fish Creator","Bloo","web_game","itch_tag_page","itch.io","https://bloo-the-fluff.itch.io/fish-maker","avatar_identity","dress-up","dress-up","3","53","itch.io game","","","unknown_or_free","","","Create a fish!","","avatar_or_identity_benchmark_possible","","","2026-05-31T04:45:58.864Z","medium_low","ok"
"sweet wardrobe ♡","awkwardsauce","web_game","itch_tag_page","itch.io","https://awkwardsauce.itch.io/sweet-wardrobe","avatar_identity","dress-up","dress-up","3","55","itch.io game","","","unknown_or_free","","","make a cute little doll!","","avatar_or_identity_benchmark_possible","","","2026-05-31T04:45:58.864Z","medium_low","ok"
"Granny goes outside","CheerfulGoth","web_game","itch_tag_page","itch.io","https://cheerfulgoth.itch.io/granny-goes-outside","avatar_identity","dress-up","dress-up","3","57","itch.io game","","","unknown_or_free","","","[JAM GAME] Hand-drawn dress-up game","","avatar_or_identity_benchmark_possible","","","2026-05-31T04:45:58.864Z","medium_low","ok"
"Foundations Of The Slay","boydivision","web_game","itch_tag_page","itch.io","https://boydivision.itch.io/foundations-of-the-slay","avatar_identity","dress-up","dress-up","3","59","itch.io game","","","unknown_or_free","","","A My Chemical Romance Return Era Dress Up Game","","avatar_or_identity_benchmark_possible","","","2026-05-31T04:45:58.864Z","medium_low","ok"
"Chibi Outfitter","Haiyoooo | Artist","web_game","itch_tag_page","itch.io","https://haiyoooo.itch.io/chibioutfitter","avatar_identity","dress-up","dress-up","3","61","Role Playing","","","unknown_or_free","","","Design a character! Mobile-friendly!","","avatar_or_identity_benchmark_possible","","","2026-05-31T04:45:58.864Z","medium_low","ok"
"Dress Me: Scarle yonaguni","ScarleYonaguni","web_game","itch_tag_page","itch.io","https://scarleyonaguni.itch.io/dress-me-scarle-yonaguni","avatar_identity","dress-up","dress-up","3","63","itch.io game","","","unknown_or_free","","","Dress Up Game","","avatar_or_identity_benchmark_possible","","","2026-05-31T04:45:58.865Z","medium_low","ok"
"Rainbow Chic","Sweetheart Line","web_game","itch_tag_page","itch.io","https://sweetheart-line.itch.io/rainbow-chic","avatar_identity","dress-up","dress-up","3","65","itch.io game","","","unknown_or_free","","","Mix and Match Fashions","","avatar_or_identity_benchmark_possible","","","2026-05-31T04:45:58.865Z","medium_low","ok"
"meatdoll dressup","vvyrmwood","web_game","itch_tag_page","itch.io","https://vvyrmwood.itch.io/meatdoll-dressup","avatar_identity","dress-up","dress-up","3","67","itch.io game","","","unknown_or_free","","","dress up game. we're going to the meat mines","","avatar_or_identity_benchmark_possible","","","2026-05-31T04:45:58.865Z","medium_low","ok"
"MSPAReader: Dress Up Friends!","hareofhrair","web_game","itch_tag_page","itch.io","https://bravelittletoreador.itch.io/mspareader-dress-up-friends","avatar_identity","dress-up","dress-up","3","69","itch.io game","","","unknown_or_free","","","Just a thrown together little dress up game with everyone's favorite mysterious friend-shaped entity!","","avatar_or_identity_benchmark_possible","","","2026-05-31T04:45:58.865Z","medium_low","ok"
"Princess of Hearts: A Kira Jane Dress-up Game","Kirajane","web_game","itch_tag_page","itch.io","https://kirajane.itch.io/princess-of-hearts","avatar_identity","dress-up","dress-up","3","71","itch.io game","","","unknown_or_free","","","A paper doll-style character creator/dress-up game made using hand-drawn and scanned assets.","","avatar_or_identity_benchmark_possible","","","2026-05-31T04:45:58.865Z","medium_low","ok"
"Digital Tamers 2","dragonrod342","web_game","itch_tag_page","itch.io","https://dragonrod342.itch.io/digital-tamers-2","avatar_identity","virtual-pet","virtual-pet","1","1","Fighting","","","unknown_or_free","","","The Digital World is yours to explore! What will you do first?","","avatar_or_identity_benchmark_possible","","","2026-05-31T04:45:59.837Z","medium_low","ok"
"KittyToy","Rakqoi","web_game","itch_tag_page","itch.io","https://rakqoi.itch.io/kittytoy","avatar_identity","virtual-pet","virtual-pet","1","3","Simulation","","","unknown_or_free","","","Kitty Caretaking Simulator","","avatar_or_identity_benchmark_possible","","","2026-05-31T04:45:59.837Z","medium_low","ok"
"Chibi Monster Girls","Croco","web_game","itch_tag_page","itch.io","https://croco-dev.itch.io/chibi-monster-girls","avatar_identity","virtual-pet","virtual-pet","1","5","Simulation","","","$3.99-20%","","","Monster Girl Virtual Pet Desktop game.","","avatar_or_identity_benchmark_possible","","Visible itch price label: $3.99-20%","2026-05-31T04:45:59.837Z","medium_low","ok"
"Tamaweb: Virtual Pet Game","SamanDev","web_game","itch_tag_page","itch.io","https://samandev.itch.io/tamaweb","avatar_identity","virtual-pet","virtual-pet","1","7","Simulation","","","unknown_or_free","","","A Tamagotchi-like Virtual Pet Game","","avatar_or_identity_benchmark_possible","","","2026-05-31T04:45:59.838Z","medium_low","ok"
"Cat Cove Inn","Loaf Labs","web_game","itch_tag_page","itch.io","https://loaflabs.itch.io/cat-cove-inn","avatar_identity","virtual-pet","virtual-pet","1","9","Simulation","","","unknown_or_free","","","Foster cats to help them find their forever homes!","","avatar_or_identity_benchmark_possible","","","2026-05-31T04:45:59.838Z","medium_low","ok"
"Desktop Goose","sampersonVerified Account","web_game","itch_tag_page","itch.io","https://samperson.itch.io/desktop-goose","avatar_identity","virtual-pet","virtual-pet","1","11","itch.io game","","","unknown_or_free","","","I have created a goose that lives on your desktop. He is an asshole.","","avatar_or_identity_benchmark_possible","","","2026-05-31T04:45:59.838Z","medium_low","ok"
"Pocket Bird - Portable Desktop Pet","Idrees","web_game","itch_tag_page","itch.io","https://idreesinc.itch.io/pocket-bird","avatar_identity","virtual-pet","virtual-pet","1","13","itch.io game","","","unknown_or_free","","","A tiny bird that flutters around your web browser!","","avatar_or_identity_benchmark_possible","","","2026-05-31T04:45:59.838Z","medium_low","ok"
"Digital Partner Digimon","Aludeku","web_game","itch_tag_page","itch.io","https://aludeku.itch.io/digital-partner-digimon","avatar_identity","virtual-pet","virtual-pet","1","15","Simulation","","","unknown_or_free","","","A fan-made Digimon pet simulator, made with love","","avatar_or_identity_benchmark_possible","","","2026-05-31T04:45:59.838Z","medium_low","ok"
"Buns and Poops","FLUFFLOP","web_game","itch_tag_page","itch.io","https://flufflop.itch.io/bunsandpoops","avatar_identity","virtual-pet","virtual-pet","1","17","Simulation","","","$5.99","","","Turn your desktop into a bunny playground","","avatar_or_identity_benchmark_possible","","Visible itch price label: $5.99","2026-05-31T04:45:59.838Z","medium_low","ok"
"PetBox: Ultimate Desktop Pet","Kansei Dev","web_game","itch_tag_page","itch.io","https://kansei-dev.itch.io/petbox","avatar_identity","virtual-pet","virtual-pet","1","19","Simulation","","","$2.50","","","A lightweight, customizable desktop pet collection. Watch them climb, sleep, and play on your screen","","avatar_or_identity_benchmark_possible","","Visible itch price label: $2.50","2026-05-31T04:45:59.838Z","medium_low","ok"
"Ruin.exe","MoRing","web_game","itch_tag_page","itch.io","https://momomoring.itch.io/ruinexe","avatar_identity","virtual-pet","virtual-pet","1","21","Visual Novel","","","unknown_or_free","","","[FNAF:SB]DLC:Ruin au fan-game","","avatar_or_identity_benchmark_possible","","","2026-05-31T04:45:59.839Z","medium_low","ok"
"Dog Wash","Tony LindoRock","web_game","itch_tag_page","itch.io","https://tony-lindorock.itch.io/dog-wash","avatar_identity","virtual-pet","virtual-pet","1","23","Simulation","","","unknown_or_free","","","Wash a Doggo!","","avatar_or_identity_benchmark_possible","","","2026-05-31T04:45:59.839Z","medium_low","ok"
"Cheeky Chooks","TrilumStudios","web_game","itch_tag_page","itch.io","https://trilumstudios.itch.io/cheeky-chooks","avatar_identity","virtual-pet","virtual-pet","1","25","Simulation","","","unknown_or_free","","","Let's get chookin!","","avatar_or_identity_benchmark_possible","","","2026-05-31T04:45:59.839Z","medium_low","ok"
"Goodnight Meowmie","DDRKirby(ISQ)","web_game","itch_tag_page","itch.io","https://ddrkirbyisq.itch.io/goodnight-meowmie","avatar_identity","virtual-pet","virtual-pet","1","27","itch.io game","","","unknown_or_free","","","A narrative game combining elements of both the virtual pet and horror genres.","","avatar_or_identity_benchmark_possible","","","2026-05-31T04:45:59.839Z","medium_low","ok"
"Digimon Digivice Project","OmegaBoy","web_game","itch_tag_page","itch.io","https://omegaboy.itch.io/digiviceproject","avatar_identity","virtual-pet","virtual-pet","1","29","Simulation","","","unknown_or_free","","","Personal Digimon Pet","","avatar_or_identity_benchmark_possible","","","2026-05-31T04:45:59.839Z","medium_low","ok"
"Cat Companion","sea salt crackers","web_game","itch_tag_page","itch.io","https://sea-salt-crackers.itch.io/cat-companion","avatar_identity","virtual-pet","virtual-pet","1","31","itch.io game","","","unknown_or_free","","","A virtual pet cat for your desktop!","","avatar_or_identity_benchmark_possible","","","2026-05-31T04:45:59.839Z","medium_low","ok"
"Playtime with Percy","FazieFunbear","web_game","itch_tag_page","itch.io","https://fazie-funbear.itch.io/playtimewithpercy","avatar_identity","virtual-pet","virtual-pet","1","33","Survival","","","unknown_or_free","","","A FNaF inspired horror game with a unique ""Tamagotchi"" twist.","","avatar_or_identity_benchmark_possible","","","2026-05-31T04:45:59.839Z","medium_low","ok"
"Digital Monster: Net Driver","kuhamaven","web_game","itch_tag_page","itch.io","https://kuhamaven.itch.io/dm-net-driver","avatar_identity","virtual-pet","virtual-pet","1","35","itch.io game","","","unknown_or_free","","","Experience V-Pet's final evolution!","","avatar_or_identity_benchmark_possible","","","2026-05-31T04:45:59.840Z","medium_low","ok"
"Desktop Crewmate","itsNemo","web_game","itch_tag_page","itch.io","https://itsnemo.itch.io/desktop-crewmate","avatar_identity","virtual-pet","virtual-pet","1","37","Simulation","","","unknown_or_free","","","Giving your desktop an Among us Crewmate companion","","avatar_or_identity_benchmark_possible","","","2026-05-31T04:45:59.840Z","medium_low","ok"
"PAIcom (furry computer assistant)","Ovidiu Dendrino","web_game","itch_tag_page","itch.io","https://ovidiu-dendrino.itch.io/paicom-premium","avatar_identity","virtual-pet","virtual-pet","1","39","itch.io game","","","$5.99","","","The funniest and best furry (protogen) voice computer assistant there is! (Using your microphone you can talk to him!)","","avatar_or_identity_benchmark_possible","","Visible itch price label: $5.99","2026-05-31T04:45:59.840Z","medium_low","ok"
"GIF","koro.games","web_game","itch_tag_page","itch.io","https://korogames.itch.io/htl","avatar_identity","virtual-pet","virtual-pet","1","41","Simulation","","","unknown_or_free","","","Help your rodent crew reach the ultimate speed!","","avatar_or_identity_benchmark_possible","","","2026-05-31T04:45:59.840Z","medium_low","ok"
"Buddytale","evchang","web_game","itch_tag_page","itch.io","https://evchang.itch.io/buddytale","avatar_identity","virtual-pet","virtual-pet","1","43","itch.io game","","","unknown_or_free","","","","","avatar_or_identity_benchmark_possible","","","2026-05-31T04:45:59.840Z","medium_low","ok"
"Digital Tamers: ReBorn","dragonrod342","web_game","itch_tag_page","itch.io","https://dragonrod342.itch.io/digital-tamers-reborn","avatar_identity","virtual-pet","virtual-pet","1","45","Fighting","","","unknown_or_free","","","Train, Battle, Evolve, and beat the 12 Championships along the year to become the best Tamer!","","avatar_or_identity_benchmark_possible","","","2026-05-31T04:45:59.840Z","medium_low","ok"
"Memochi - Dust","AndyL4nd","web_game","itch_tag_page","itch.io","https://andyl4nd.itch.io/memochi-dust","avatar_identity","virtual-pet","virtual-pet","1","47","itch.io game","","","unknown_or_free","","","100 memories belonging to a digital creature stored inside of an arcade cabinet.","","avatar_or_identity_benchmark_possible","","","2026-05-31T04:45:59.840Z","medium_low","ok"
"PokéPet Desktop","Manolloz","web_game","itch_tag_page","itch.io","https://manolloz.itch.io/pokepet-desktop","avatar_identity","virtual-pet","virtual-pet","1","49","Simulation","","","unknown_or_free","","","","","avatar_or_identity_benchmark_possible","","","2026-05-31T04:45:59.840Z","medium_low","ok"
"Mothkeeper","Moth House","web_game","itch_tag_page","itch.io","https://moth-house.itch.io/mothkeeper","avatar_identity","virtual-pet","virtual-pet","1","51","Simulation","","","unknown_or_free","","","Raise a nursery of moths by farming herbs","","avatar_or_identity_benchmark_possible","","","2026-05-31T04:45:59.841Z","medium_low","ok"
"Pocket Vampire Girl","CurseLabs","web_game","itch_tag_page","itch.io","https://curselabs.itch.io/pocket-vampire-girl","avatar_identity","virtual-pet","virtual-pet","1","53","Simulation","","","unknown_or_free","","","","","avatar_or_identity_benchmark_possible","","","2026-05-31T04:45:59.841Z","medium_low","ok"
"GIF","mellowminx","web_game","itch_tag_page","itch.io","https://mellowminx.itch.io/pocket-kitten","avatar_identity","virtual-pet","virtual-pet","1","55","Simulation","","","$3","","","Take care of kittens, decorate your space, and get lots of love in this cozy virtual pet sim sandbox game.","","avatar_or_identity_benchmark_possible","","Visible itch price label: $3","2026-05-31T04:45:59.841Z","medium_low","ok"
"Homegrown Pet","TrisGhost","web_game","itch_tag_page","itch.io","https://trisghost.itch.io/homegrown-pet","avatar_identity","virtual-pet","virtual-pet","1","57","Simulation","","","unknown_or_free","","","You need to feed your pet quickly in 60 second before the authorities arrives!!","","avatar_or_identity_benchmark_possible","","","2026-05-31T04:45:59.841Z","medium_low","ok"
"Yume Nikki Desktop Pet","Sierpinski Simon","web_game","itch_tag_page","itch.io","https://sierpinski-simon.itch.io/yume-nikki-desktop-pet","avatar_identity","virtual-pet","virtual-pet","1","59","Role Playing","","","unknown_or_free","","","","","avatar_or_identity_benchmark_possible","","","2026-05-31T04:45:59.841Z","medium_low","ok"
"Tenna Desktop Buddy","Nadir","web_game","itch_tag_page","itch.io","https://nadir17.itch.io/tenna-desktop-buddy","avatar_identity","virtual-pet","virtual-pet","1","61","itch.io game","","","unknown_or_free","","","Tenna, a character from Deltarune chapter 3, now as a desktop pet!","","avatar_or_identity_benchmark_possible","","","2026-05-31T04:45:59.841Z","medium_low","ok"
"Desktop Dinosaurs 🦕","Harmonie Games","web_game","itch_tag_page","itch.io","https://harmonie-games.itch.io/desktop-dinosaurs","avatar_identity","virtual-pet","virtual-pet","1","63","Simulation","","","$4.45","","","Tamagotchi with cute dinosaurs living directly on your Windows desktop!","","avatar_or_identity_benchmark_possible","","Visible itch price label: $4.45","2026-05-31T04:45:59.841Z","medium_low","ok"
"GIF","bludgeonsoft","web_game","itch_tag_page","itch.io","https://bludgeonsoft.itch.io/vilmonic","avatar_identity","virtual-pet","virtual-pet","1","65","Simulation","","","$14.99","","","Artificial life and genetics evolution simulator sandbox game.","","avatar_or_identity_benchmark_possible","","Visible itch price label: $14.99","2026-05-31T04:45:59.842Z","medium_low","ok"
"Growing My Grandpa!","Yames","web_game","itch_tag_page","itch.io","https://pantagruel.itch.io/growing-my-grandpa","avatar_identity","virtual-pet","virtual-pet","1","67","Adventure","","","$5","","","","","avatar_or_identity_benchmark_possible","","Visible itch price label: $5","2026-05-31T04:45:59.842Z","medium_low","ok"
"GIF","Ash K","web_game","itch_tag_page","itch.io","https://ash-k.itch.io/radiobubble","avatar_identity","virtual-pet","virtual-pet","1","69","itch.io game","","","unknown_or_free","","","scream into the void and listen","","avatar_or_identity_benchmark_possible","","","2026-05-31T04:45:59.842Z","medium_low","ok"
"Fantastic Fetus","Thomas Feichtmeir ""Cyangmou""","web_game","itch_tag_page","itch.io","https://cyangmou.itch.io/fantastic-fetus","avatar_identity","virtual-pet","virtual-pet","1","71","itch.io game","","","unknown_or_free","","","tamagotchi with a pregnant woman, in which you create your unique dream fetus.","","avatar_or_identity_benchmark_possible","","","2026-05-31T04:45:59.842Z","medium_low","ok"
"GIF","Lorraine 🍬 Devaux","web_game","itch_tag_page","itch.io","https://trasevol-dog.itch.io/disctop","avatar_identity","virtual-pet","virtual-pet","2","1","Action","","","unknown_or_free","","","Dangerous desktop pets","","avatar_or_identity_benchmark_possible","","","2026-05-31T04:46:00.294Z","medium_low","ok"
"Pocket Pets!","SquidGod","web_game","itch_tag_page","itch.io","https://squidgod.itch.io/pocket-pets","avatar_identity","virtual-pet","virtual-pet","2","3","itch.io game","","","$4","","","A virtual pet game for the Playdate","","avatar_or_identity_benchmark_possible","","Visible itch price label: $4","2026-05-31T04:46:00.294Z","medium_low","ok"
"Piropa","sg","web_game","itch_tag_page","itch.io","https://zenzoa.itch.io/piropa","avatar_identity","virtual-pet","virtual-pet","2","5","Simulation","","","unknown_or_free","","","A virtual pet frog for your Game Boy","","avatar_or_identity_benchmark_possible","","","2026-05-31T04:46:00.294Z","medium_low","ok"
"GIF","FervirVerified Account","web_game","itch_tag_page","itch.io","https://fervir.itch.io/creature-keeper","avatar_identity","virtual-pet","virtual-pet","2","7","Adventure","","","unknown_or_free","","","Befriend, raise, and fight alongside creatures in this Action Adventure RPG","","avatar_or_identity_benchmark_possible","","","2026-05-31T04:46:00.294Z","medium_low","ok"
"PETRI","Sintel","web_game","itch_tag_page","itch.io","https://sintel.itch.io/petri","avatar_identity","virtual-pet","virtual-pet","2","9","Simulation","","","unknown_or_free","","","Your favorite colony of bacteria","","avatar_or_identity_benchmark_possible","","","2026-05-31T04:46:00.294Z","medium_low","ok"
"HUMAN EXPENDITURE PROGRAM","SHROOMYCHRIST","web_game","itch_tag_page","itch.io","https://shroomychrist-studios.itch.io/human-expenditure-program","avatar_identity","virtual-pet","virtual-pet","2","11","Visual Novel","","","unknown_or_free","","","His life in your hands.","","avatar_or_identity_benchmark_possible","","","2026-05-31T04:46:00.295Z","medium_low","ok"
"Tail & Trails","Mojiken Studio","web_game","itch_tag_page","itch.io","https://mojiken.itch.io/tailandtrails","avatar_identity","virtual-pet","virtual-pet","2","13","itch.io game","","","unknown_or_free","","","Take your pet for a walk to Sunset Peak.","","avatar_or_identity_benchmark_possible","","","2026-05-31T04:46:00.295Z","medium_low","ok"
"MyRobot (WINTER UPDATE DEMO)","sgthale","web_game","itch_tag_page","itch.io","https://sgthale.itch.io/myrobot","avatar_identity","virtual-pet","virtual-pet","2","15","Adventure","","","unknown_or_free","","","Build your own Robot Companion!","","avatar_or_identity_benchmark_possible","","","2026-05-31T04:46:00.295Z","medium_low","ok"
"GIF","smitleu","web_game","itch_tag_page","itch.io","https://smitleu.itch.io/pigeon-game","avatar_identity","virtual-pet","virtual-pet","2","17","Simulation","","","unknown_or_free","","","Fulfil your lifelong dream of holding pigeons","","avatar_or_identity_benchmark_possible","","","2026-05-31T04:46:00.295Z","medium_low","ok"
"Mountain 2.0","DavidVerified Account","web_game","itch_tag_page","itch.io","https://davidoreilly.itch.io/mountain","avatar_identity","virtual-pet","virtual-pet","2","19","Simulation","","","$1","","","Existential Nature Simulation","","avatar_or_identity_benchmark_possible","","Visible itch price label: $1","2026-05-31T04:46:00.295Z","medium_low","ok"
"GIF","PUNKCAKE Délicieux 🥞","web_game","itch_tag_page","itch.io","https://punkcake.itch.io/shroomchitect","avatar_identity","virtual-pet","virtual-pet","2","21","Simulation","","","$6In bundle","","","Cute & Relaxing Mushroom Settler","","avatar_or_identity_benchmark_possible","","Visible itch price label: $6In bundle","2026-05-31T04:46:00.295Z","medium_low","ok"
"GIF","sg","web_game","itch_tag_page","itch.io","https://zenzoa.itch.io/bunbons","avatar_identity","virtual-pet","virtual-pet","2","23","Simulation","","","unknown_or_free","","","","","avatar_or_identity_benchmark_possible","","","2026-05-31T04:46:00.295Z","medium_low","ok"
"Taskbar Buddy","Orange_boy_0","web_game","itch_tag_page","itch.io","https://orange-boy-0.itch.io/taskbar-buddy","avatar_identity","virtual-pet","virtual-pet","2","25","itch.io game","","","$1.99","","","Make Your Own Pet From Anything","","avatar_or_identity_benchmark_possible","","Visible itch price label: $1.99","2026-05-31T04:46:00.296Z","medium_low","ok"
"Desktop Modeus - A virtual pet fan game","Amarillo","web_game","itch_tag_page","itch.io","https://amarilloarts.itch.io/desktop-modeus","avatar_identity","virtual-pet","virtual-pet","2","27","itch.io game","","","unknown_or_free","","","Lil waifu that judges you with her big ol' crazy eyes","","avatar_or_identity_benchmark_possible","","","2026-05-31T04:46:00.296Z","medium_low","ok"
"Mini Monsters","Kryptoid98","web_game","itch_tag_page","itch.io","https://kryptoid98.itch.io/mini-monsters","avatar_identity","virtual-pet","virtual-pet","2","29","Simulation","","","$4","","","Relive the pet games of old with Mini Monsters for the Playdate","","avatar_or_identity_benchmark_possible","","Visible itch price label: $4","2026-05-31T04:46:00.296Z","medium_low","ok"
"Blop, Your Virtual Buddy","TenTibor","web_game","itch_tag_page","itch.io","https://tentibor.itch.io/blop","avatar_identity","virtual-pet","virtual-pet","2","31","Simulation","","","$5","","","Nurture the Little Companion in Your Pocket","","avatar_or_identity_benchmark_possible","","Visible itch price label: $5","2026-05-31T04:46:00.296Z","medium_low","ok"
"Monstrosity","Saibibi","web_game","itch_tag_page","itch.io","https://saibibi.itch.io/monstrosity","avatar_identity","virtual-pet","virtual-pet","2","33","Simulation","","","unknown_or_free","","","It's a brand new day and you're in charge of the facilities new monstrosity!","","avatar_or_identity_benchmark_possible","","","2026-05-31T04:46:00.296Z","medium_low","ok"
"GIF","npckc","web_game","itch_tag_page","itch.io","https://npckc.itch.io/ghostfriend","avatar_identity","virtual-pet","virtual-pet","2","35","Simulation","","","unknown_or_free","","","help your ghost friend leave this realm. virtual pet.","","avatar_or_identity_benchmark_possible","","","2026-05-31T04:46:00.296Z","medium_low","ok"
"Desktop Neru, Miku and Teto","AurataPrime","web_game","itch_tag_page","itch.io","https://aurataprime.itch.io/desktop-neru-miku-and-teto","avatar_identity","virtual-pet","virtual-pet","2","37","Simulation","","","unknown_or_free","","","Simple Desktop Pets that make sounds when interacted with.","","avatar_or_identity_benchmark_possible","","","2026-05-31T04:46:00.296Z","medium_low","ok"
"Desktop Frieren - Virtual Pet Elf","Amarillo","web_game","itch_tag_page","itch.io","https://amarilloarts.itch.io/desktop-frieren","avatar_identity","virtual-pet","virtual-pet","2","39","Simulation","","","$5","","","The perfect mix between Bonzi Buddy and Clumsy Ninja","","avatar_or_identity_benchmark_possible","","Visible itch price label: $5","2026-05-31T04:46:00.297Z","medium_low","ok"
"Mon-cuties for All","Reine WorksVerified Account","web_game","itch_tag_page","itch.io","https://reineworks.itch.io/moncuties-for-all","avatar_identity","virtual-pet","virtual-pet","2","41","Simulation","","","$1","","","Starting a new chapter in your life, you move to a farm and enter the world of monster farming!","","avatar_or_identity_benchmark_possible","","Visible itch price label: $1","2026-05-31T04:46:00.297Z","medium_low","ok"
"GIF","Ahmet Kamil Keleş","web_game","itch_tag_page","itch.io","https://aslangames.itch.io/play-with-me","avatar_identity","virtual-pet","virtual-pet","2","43","Action","","","unknown_or_free","","","Totally innocent virtual pets","","avatar_or_identity_benchmark_possible","","","2026-05-31T04:46:00.297Z","medium_low","ok"
"Taming.io","LapaMauve","web_game","itch_tag_page","itch.io","https://lapamauve.itch.io/tamingio","avatar_identity","virtual-pet","virtual-pet","2","45","Survival","","","unknown_or_free","","","The online survival game with pets. Gotta Catch 'Em All!","","avatar_or_identity_benchmark_possible","","","2026-05-31T04:46:00.297Z","medium_low","ok"
"Pocket Chao Garden","BillehBawb","web_game","itch_tag_page","itch.io","https://billehbawb.itch.io/pocket-chao-garden","avatar_identity","virtual-pet","virtual-pet","2","47","itch.io game","","","unknown_or_free","","","A mobile Chao Garden game!","","avatar_or_identity_benchmark_possible","","","2026-05-31T04:46:00.297Z","medium_low","ok"
"GIF","Jon Topielski","web_game","itch_tag_page","itch.io","https://jontopielski.itch.io/desktop-daemon","avatar_identity","virtual-pet","virtual-pet","2","49","itch.io game","","","unknown_or_free","","","A daemonic virtual pet for your desktop","","avatar_or_identity_benchmark_possible","","","2026-05-31T04:46:00.297Z","medium_low","ok"
"Tap Tap Froggy!","Pinky Promise Studios","web_game","itch_tag_page","itch.io","https://pinkypromisegamestudios.itch.io/tap-tap-froggy","avatar_identity","virtual-pet","virtual-pet","2","51","itch.io game","","","unknown_or_free","","","Adopt an adorable virtual froggy!","","avatar_or_identity_benchmark_possible","","","2026-05-31T04:46:00.298Z","medium_low","ok"
"Smug Ally (voice assistant)","Ovidiu Dendrino","web_game","itch_tag_page","itch.io","https://ovidiu-dendrino.itch.io/smug-ally","avatar_identity","virtual-pet","virtual-pet","2","53","itch.io game","","","$2.99-40%","","","The funniest computer assistant there is! (Using your microphone you can talk to her!)","","avatar_or_identity_benchmark_possible","","Visible itch price label: $2.99-40%","2026-05-31T04:46:00.298Z","medium_low","ok"
"Boykisser Companion","x-Kiwi-x","web_game","itch_tag_page","itch.io","https://x-kiwi-x.itch.io/boykisser-companion","avatar_identity","virtual-pet","virtual-pet","2","55","itch.io game","","","unknown_or_free","","","A stay on top window to be funny with for a while","","avatar_or_identity_benchmark_possible","","","2026-05-31T04:46:00.298Z","medium_low","ok"
"S-Mate Demo","CuteLibrarian","web_game","itch_tag_page","itch.io","https://cutelibrarian.itch.io/s-mate","avatar_identity","virtual-pet","virtual-pet","2","57","Simulation","","","unknown_or_free","","","A desktop pet","","avatar_or_identity_benchmark_possible","","","2026-05-31T04:46:00.298Z","medium_low","ok"
"Tomodachi 8in1","illuminesce","web_game","itch_tag_page","itch.io","https://illuminesce.itch.io/tomodachi-8in1","avatar_identity","virtual-pet","virtual-pet","2","59","Interactive Fiction","","","$3","","","8 retro experimental games in PICO-8","","avatar_or_identity_benchmark_possible","","Visible itch price label: $3","2026-05-31T04:46:00.298Z","medium_low","ok"
"Tiny House","judie_thai","web_game","itch_tag_page","itch.io","https://judie-thai.itch.io/tiny-house","avatar_identity","virtual-pet","virtual-pet","2","61","Simulation","","","unknown_or_free","","","Pet foster care simulator","","avatar_or_identity_benchmark_possible","","","2026-05-31T04:46:00.298Z","medium_low","ok"
"_sandbox","Ethan Zarov","web_game","itch_tag_page","itch.io","https://ethanz.itch.io/sandbox","avatar_identity","virtual-pet","virtual-pet","2","63","Simulation","","","unknown_or_free","","","A nice trip to the beach.","","avatar_or_identity_benchmark_possible","","","2026-05-31T04:46:00.298Z","medium_low","ok"
"Bouncy Pork Simulator","cutegamesclub","web_game","itch_tag_page","itch.io","https://cutegamesclub.itch.io/bouncy-pork-simulator","avatar_identity","virtual-pet","virtual-pet","2","65","Survival","","","unknown_or_free","","","protect her at all costs!","","avatar_or_identity_benchmark_possible","","","2026-05-31T04:46:00.299Z","medium_low","ok"
"Yolk Heroes: A Long Tamago","PixelWestern","web_game","itch_tag_page","itch.io","https://pixelwestern.itch.io/yolk-heroes","avatar_identity","virtual-pet","virtual-pet","2","67","Role Playing","","","$7.99","","","Raise a digital hero from an egg and take them out on adventures!","","avatar_or_identity_benchmark_possible","","Visible itch price label: $7.99","2026-05-31T04:46:00.299Z","medium_low","ok"
"Clowning Around!","Ham","web_game","itch_tag_page","itch.io","https://zombieham.itch.io/clowning-around","avatar_identity","virtual-pet","virtual-pet","2","69","itch.io game","","","unknown_or_free","","","Take care of your new monstrosity!","","avatar_or_identity_benchmark_possible","","","2026-05-31T04:46:00.299Z","medium_low","ok"
"GIF","Sabresnout","web_game","itch_tag_page","itch.io","https://sabresnout.itch.io/dotami-vrm","avatar_identity","virtual-pet","virtual-pet","2","71","itch.io game","","","$6.99","","","(Free Demo!) Desktop pet with vrm models, self-help, minigames and customization","","avatar_or_identity_benchmark_possible","","Visible itch price label: $6.99","2026-05-31T04:46:00.299Z","medium_low","ok"
"EGG BABY","splendidland","web_game","itch_tag_page","itch.io","https://splendidland.itch.io/egg-baby","avatar_identity","virtual-pet","virtual-pet","3","1","Interactive Fiction","","","unknown_or_free","","","hatch a baby from an egg","","avatar_or_identity_benchmark_possible","","","2026-05-31T04:46:00.704Z","medium_low","ok"
"Flurpies","Gumboot","web_game","itch_tag_page","itch.io","https://gumboot.itch.io/flurpies","avatar_identity","virtual-pet","virtual-pet","3","3","Simulation","","","unknown_or_free","","","A charming virtual pet adventure game!","","avatar_or_identity_benchmark_possible","","","2026-05-31T04:46:00.705Z","medium_low","ok"
"VPET emulator windows/android Original V1-6","k0as7","web_game","itch_tag_page","itch.io","https://k0as7.itch.io/vpet-emulator-windowsandroid-original-v1-6","avatar_identity","virtual-pet","virtual-pet","3","5","Simulation","","","unknown_or_free","","","VPET emulator windows/android Original V1-6","","avatar_or_identity_benchmark_possible","","","2026-05-31T04:46:00.705Z","medium_low","ok"
"Tiny Chao Garden DX","domobot","web_game","itch_tag_page","itch.io","https://domobot.itch.io/tiny-chao-garden-dx","avatar_identity","virtual-pet","virtual-pet","3","7","itch.io game","","","unknown_or_free","","","A recreation of the Tiny Chao Garden on the GBA!","","avatar_or_identity_benchmark_possible","","","2026-05-31T04:46:00.705Z","medium_low","ok"
"Desktop Bird","RachelfTech","web_game","itch_tag_page","itch.io","https://rachelftech.itch.io/desktop-bird","avatar_identity","virtual-pet","virtual-pet","3","9","itch.io game","","","unknown_or_free","","","A desktop pet bird that will keep you company while you work","","avatar_or_identity_benchmark_possible","","","2026-05-31T04:46:00.705Z","medium_low","ok"
"HATCHING","Airdorf","web_game","itch_tag_page","itch.io","https://airdorf.itch.io/hatching","avatar_identity","virtual-pet","virtual-pet","3","11","itch.io game","","","unknown_or_free","","","Your very own virtual EGG.","","avatar_or_identity_benchmark_possible","","","2026-05-31T04:46:00.705Z","medium_low","ok"
"WinMon","2OO2","web_game","itch_tag_page","itch.io","https://2oo2.itch.io/winmon","avatar_identity","virtual-pet","virtual-pet","3","13","Simulation","","","unknown_or_free","","","Raise, feed, and farm your cute little monster—right on your desktop!","","avatar_or_identity_benchmark_possible","","","2026-05-31T04:46:00.705Z","medium_low","ok"
"Orphanegg","Willowblade","web_game","itch_tag_page","itch.io","https://willowblade.itch.io/orphanegg","avatar_identity","virtual-pet","virtual-pet","3","15","itch.io game","","","unknown_or_free","","","Take care of orphaned eggs, and unlock all creatures!","","avatar_or_identity_benchmark_possible","","","2026-05-31T04:46:00.706Z","medium_low","ok"
"Productivity Desktop Pet","glitchedinorbit","web_game","itch_tag_page","itch.io","https://glitchedinorbit.itch.io/desktop-pet","avatar_identity","virtual-pet","virtual-pet","3","17","itch.io game","","","unknown_or_free","","","A little kitty (or other pet) for your desktop to help out while you work or chill!","","avatar_or_identity_benchmark_possible","","","2026-05-31T04:46:00.706Z","medium_low","ok"
"DELTARUNE Desktop Pet","Immortal Bean","web_game","itch_tag_page","itch.io","https://immortalbean.itch.io/dr-virtual-pet","avatar_identity","virtual-pet","virtual-pet","3","19","itch.io game","","","unknown_or_free","","","A game accurate DELTARUNE desktop pet.","","avatar_or_identity_benchmark_possible","","","2026-05-31T04:46:00.706Z","medium_low","ok"
"Pocket Aquarium","Creative Name Studios","web_game","itch_tag_page","itch.io","https://creativenamegames.itch.io/pocket-aquarium","avatar_identity","virtual-pet","virtual-pet","3","21","Simulation","","","$3.99","","","A virtual pet sim for GB/GBC!","","avatar_or_identity_benchmark_possible","","Visible itch price label: $3.99","2026-05-31T04:46:00.706Z","medium_low","ok"
"Desktop chibi","DewaOwl","web_game","itch_tag_page","itch.io","https://dewaowl.itch.io/desktop-awoo","avatar_identity","virtual-pet","virtual-pet","3","23","Simulation","","","unknown_or_free","","","Interactive chibi designed to be on your desktop","","avatar_or_identity_benchmark_possible","","","2026-05-31T04:46:00.706Z","medium_low","ok"
"Desktop Spamton","pros899","web_game","itch_tag_page","itch.io","https://pros899.itch.io/desktop-spamton","avatar_identity","virtual-pet","virtual-pet","3","25","itch.io game","","","unknown_or_free","","","NOW ITS YOUR CHANCE TO BE A BIG SHOT!!1!","","avatar_or_identity_benchmark_possible","","","2026-05-31T04:46:00.706Z","medium_low","ok"
"Glimby","thecatamites","web_game","itch_tag_page","itch.io","https://thecatamites.itch.io/glimby","avatar_identity","virtual-pet","virtual-pet","3","27","itch.io game","","","unknown_or_free","","","Fabulous talkable animal","","avatar_or_identity_benchmark_possible","","","2026-05-31T04:46:00.706Z","medium_low","ok"
"GIF","Lunoland","web_game","itch_tag_page","itch.io","https://lunoland.itch.io/picoecho","avatar_identity","virtual-pet","virtual-pet","3","29","Simulation","","","unknown_or_free","","","A cute, tamagotchi-style toy where you take care of Echo the Cockatiel","","avatar_or_identity_benchmark_possible","","","2026-05-31T04:46:00.707Z","medium_low","ok"
"GIF","pixel-boyVerified Account","web_game","itch_tag_page","itch.io","https://pixel-boy.itch.io/meditation-forest","avatar_identity","virtual-pet","virtual-pet","3","31","itch.io game","","","unknown_or_free","","","","","avatar_or_identity_benchmark_possible","","","2026-05-31T04:46:00.707Z","medium_low","ok"
"Worst Wifey (ワル嫁)","Worst Event Games","web_game","itch_tag_page","itch.io","https://worsteventgames.itch.io/worst-wifey","avatar_identity","virtual-pet","virtual-pet","3","33","Simulation","","","$1","","","Desktop Companion + Physics","","avatar_or_identity_benchmark_possible","","Visible itch price label: $1","2026-05-31T04:46:00.707Z","medium_low","ok"
"GARDEN FOR GATO","SKY HOUR WORKS","web_game","itch_tag_page","itch.io","https://skyhour.itch.io/garden-for-gato","avatar_identity","virtual-pet","virtual-pet","3","35","Role Playing","","","unknown_or_free","","","A PET-SIM X BULLET-HELL Hybrid by SKY HOUR WORKS!","","avatar_or_identity_benchmark_possible","","","2026-05-31T04:46:00.707Z","medium_low","ok"
"Tama-Get-Out!","Sleepy Fish Games","web_game","itch_tag_page","itch.io","https://sleepyfish-games.itch.io/tama-get-out","avatar_identity","virtual-pet","virtual-pet","3","37","Puzzle","","","unknown_or_free","","","You are the pocket pet!","","avatar_or_identity_benchmark_possible","","","2026-05-31T04:46:00.707Z","medium_low","ok"
"[VN] Murong Yi's Celestial Pet Zone","LinXueLian","web_game","itch_tag_page","itch.io","https://linxuelian.itch.io/xianxia-pet-zone","avatar_identity","virtual-pet","virtual-pet","3","39","Simulation","","","unknown_or_free","","","Raise up to three different spiritual pets from eggs and release them into the wild again!","","avatar_or_identity_benchmark_possible","","","2026-05-31T04:46:00.707Z","medium_low","ok"
"Stegosaurs","William Anderson","web_game","itch_tag_page","itch.io","https://thewilliamanderson.itch.io/stegosaurs","avatar_identity","virtual-pet","virtual-pet","3","41","itch.io game","","","unknown_or_free","","","A game about collecting hearts and unlocking pixel stegosauruses. :)","","avatar_or_identity_benchmark_possible","","","2026-05-31T04:46:00.707Z","medium_low","ok"
"Virtual Pets","chiropteram","web_game","itch_tag_page","itch.io","https://chiropteram.itch.io/virtual-pets","avatar_identity","virtual-pet","virtual-pet","3","43","Simulation","","","unknown_or_free","","","just an old, broken tamagotchi","","avatar_or_identity_benchmark_possible","","","2026-05-31T04:46:00.707Z","medium_low","ok"
"Potted Pets","Planter's Box","web_game","itch_tag_page","itch.io","https://planters-box.itch.io/potted-pets","avatar_identity","virtual-pet","virtual-pet","3","45","Simulation","","","unknown_or_free","","","Where your garden REALLY comes alive!","","avatar_or_identity_benchmark_possible","","","2026-05-31T04:46:00.708Z","medium_low","ok"
"Pocket Vampire Girl (Web Ver.)","CurseLabs","web_game","itch_tag_page","itch.io","https://curselabs.itch.io/pocket-vampire-girl-web","avatar_identity","virtual-pet","virtual-pet","3","47","Simulation","","","unknown_or_free","","","","","avatar_or_identity_benchmark_possible","","","2026-05-31T04:46:00.708Z","medium_low","ok"
"GIF","voidfishing","web_game","itch_tag_page","itch.io","https://voidfishing.itch.io/my-pet-ghost","avatar_identity","virtual-pet","virtual-pet","3","49","Simulation","","","unknown_or_free","","","idle game about raising pet ghosts!","","avatar_or_identity_benchmark_possible","","","2026-05-31T04:46:00.708Z","medium_low","ok"
"Feed Me","Flaming Moka","web_game","itch_tag_page","itch.io","https://flaming-moka.itch.io/feed-me","avatar_identity","virtual-pet","virtual-pet","3","51","Simulation","","","unknown_or_free","","","Ever heard of a dark-tamagotchi-ish game? Well, now you can try one!","","avatar_or_identity_benchmark_possible","","","2026-05-31T04:46:00.708Z","medium_low","ok"
"Fantastic Fetus: Prebirth","FantasticHumans","web_game","itch_tag_page","itch.io","https://fantastichumans.itch.io/fantastic-fetus-pre-birth","avatar_identity","virtual-pet","virtual-pet","3","53","itch.io game","","","$3","","","tamagotchi with a pregnant woman, in which you create your unique dream fetus.","","avatar_or_identity_benchmark_possible","","Visible itch price label: $3","2026-05-31T04:46:00.708Z","medium_low","ok"
"Stupid Rat Desktop Pet (Pizza Tower)","HatInInternet","web_game","itch_tag_page","itch.io","https://hatininternet.itch.io/stupid-rat-desktop-pet","avatar_identity","virtual-pet","virtual-pet","3","55","itch.io game","","","unknown_or_free","","","Wanted a Stupid Rat on your computer? Wandering around and doing some stuff? Well now you can!","","avatar_or_identity_benchmark_possible","","","2026-05-31T04:46:00.708Z","medium_low","ok"
"jelliskul","meltknuckles","web_game","itch_tag_page","itch.io","https://meltknuckles.itch.io/jelliskul","avatar_identity","virtual-pet","virtual-pet","3","57","Simulation","","","unknown_or_free","","","silly slime simulator","","avatar_or_identity_benchmark_possible","","","2026-05-31T04:46:00.708Z","medium_low","ok"
"Metal Gear Solid: Pettable Ops","P n S","web_game","itch_tag_page","itch.io","https://sillykittennation.itch.io/metal-gear-solid-pettable-ops","avatar_identity","virtual-pet","virtual-pet","3","59","itch.io game","","","unknown_or_free","","","Tactical Espionage Walkies","","avatar_or_identity_benchmark_possible","","","2026-05-31T04:46:00.708Z","medium_low","ok"
"Forever Home","Annette Liv","web_game","itch_tag_page","itch.io","https://awarathe.itch.io/forever-home-a-cat-fostering-journey","avatar_identity","virtual-pet","virtual-pet","3","61","Simulation","","","unknown_or_free","","","A Cat Fostering Journey","","avatar_or_identity_benchmark_possible","","","2026-05-31T04:46:00.709Z","medium_low","ok"
"Hamster Simulator","Ruthie Edwards","web_game","itch_tag_page","itch.io","https://ruthie.itch.io/hamster-simulator","avatar_identity","virtual-pet","virtual-pet","3","63","Simulation","","","unknown_or_free","","","A virtual pet-like toy where you can simulate all the exciting things a hamster does","","avatar_or_identity_benchmark_possible","","","2026-05-31T04:46:00.709Z","medium_low","ok"
"Pet Furball","DDRKirby(ISQ)","web_game","itch_tag_page","itch.io","https://ddrkirbyisq.itch.io/pet-furball","avatar_identity","virtual-pet","virtual-pet","3","65","itch.io game","","","unknown_or_free","","","A cute virtual pet that you can play with in various ways.","","avatar_or_identity_benchmark_possible","","","2026-05-31T04:46:00.709Z","medium_low","ok"
"GIF","cnnmon","web_game","itch_tag_page","itch.io","https://cnnmon.itch.io/principal","avatar_identity","virtual-pet","virtual-pet","3","67","Simulation","","","unknown_or_free","","","raise a virtual pet with moral dilemmas","","avatar_or_identity_benchmark_possible","","","2026-05-31T04:46:00.709Z","medium_low","ok"
"GIF","mellowminx","web_game","itch_tag_page","itch.io","https://mellowminx.itch.io/itsy-bitsy-fishy","avatar_identity","virtual-pet","virtual-pet","3","69","Simulation","","","unknown_or_free","","","a tiny cozy desktop pet goldfish","","avatar_or_identity_benchmark_possible","","","2026-05-31T04:46:00.709Z","medium_low","ok"
"Desktop Darkness - A virtual pet Konosuba fan game","Amarillo","web_game","itch_tag_page","itch.io","https://amarilloarts.itch.io/desktop-darkness","avatar_identity","virtual-pet","virtual-pet","3","71","Simulation","","","unknown_or_free","","","Little waifu desktop pet","","avatar_or_identity_benchmark_possible","","","2026-05-31T04:46:00.709Z","medium_low","ok"