niche,package_id,app_name,developer,genre,score,ratings,reviews,installs,min_installs,max_installs,free,price,price_text,currency,offers_iap,iap_range,ad_supported,play_pass,pricing_model,developer_website,privacy_policy,source_url,collection_status,collected_at
"gaming","com.mobile.legends","com.mobile.legends","","","","","","","","","","","","","","","","","lookup_failed","","","https://play.google.com/store/apps/details?id=com.mobile.legends","error:App not found (404)","2026-05-31T02:52:24.086Z"
"gaming","com.epicgames.fortnite","Fortnite","Epic Games, Inc","Action","3.8300385","426389","32173","10,000,000+","10000000","28840116","yes","0","Free","USD","yes","$0.99 - $89.99 per item","no","no","free_download|offers_iap","https://www.epicgames.com/help","https://www.epicgames.com/privacypolicy?mode=game","https://play.google.com/store/apps/details?id=com.epicgames.fortnite&hl=en&gl=us","ok","2026-05-31T02:52:24.392Z"
"gaming","com.tencent.ig","PUBG MOBILE","Level Infinite","Action","4.315734","48277436","859293","1,000,000,000+","1000000000","1084433290","yes","0","Free","USD","yes","$0.29 - $199.99 per item","yes","no","free_download|offers_iap|ad_supported","https://www.pubgmobile.com/","http://pubgmobile.proximabeta.com/privacy.html","https://play.google.com/store/apps/details?id=com.tencent.ig&hl=en&gl=us","ok","2026-05-31T02:52:24.817Z"
"gaming","com.catdaddy.nba2km","NBA 2K Mobile Basketball Game","2K, Inc. - a Take-Two Interactive affiliate","Sports","4.722744","554643","32589","10,000,000+","10000000","25934678","yes","0","Free","USD","yes","$0.49 - $199.99 per item","yes","no","free_download|offers_iap|ad_supported","https://nba2kmobile.com","https://www.take2games.com/privacy/en-US","https://play.google.com/store/apps/details?id=com.catdaddy.nba2km&hl=en&gl=us","ok","2026-05-31T02:52:25.080Z"
"gaming","com.igg.android.lordsmobile","Lords Mobile: Kingdom Wars","IGG.COM","Strategy","4.4948087","9149529","180825","500,000,000+","500000000","620810061","yes","0","Free","USD","yes","$0.99 - $299.99 per item","no","no","free_download|offers_iap","https://igg.com/","https://policies.igg.com/privacy_policy","https://play.google.com/store/apps/details?id=com.igg.android.lordsmobile&hl=en&gl=us","ok","2026-05-31T02:52:25.517Z"
"gaming","com.innersloth.spacemafia","Among Us","Innersloth LLC","Action","3.907573","13605801","527971","500,000,000+","500000000","777551644","yes","0","Free","USD","yes","$0.99 - $24.99 per item","yes","no","free_download|offers_iap|ad_supported","https://www.innersloth.com","https://www.innersloth.com/privacy.php","https://play.google.com/store/apps/details?id=com.innersloth.spacemafia&hl=en&gl=us","ok","2026-05-31T02:52:25.751Z"
"gaming","com.ubisoft.rainbowsixmobile.r6.fps.pvp.shooter","Rainbow Six Mobile","Ubisoft Nova","Action","4.4125385","117765","3976","10,000,000+","10000000","13234974","yes","0","Free","USD","yes","$0.69 - $179.99 per item","yes","no","free_download|offers_iap|ad_supported","https://ubisoft-mobile.helpshift.com/hc/app/45-rainbow-six-mobile/","https://legal.ubi.com/privacypolicy/","https://play.google.com/store/apps/details?id=com.ubisoft.rainbowsixmobile.r6.fps.pvp.shooter&hl=en&gl=us","ok","2026-05-31T02:52:26.140Z"
"gaming","com.ea.gp.maddennfl21mobile","Madden NFL 26 Mobile Football","ELECTRONIC ARTS","Sports","4.4633565","253700","82714","10,000,000+","10000000","21952017","yes","0","Free","USD","yes","$0.29 - $99.99 per item","yes","no","free_download|offers_iap|ad_supported","https://help.ea.com/en/help-top-issues/?product=madden-nfl-25-mobile","http://privacy.ea.com/en","https://play.google.com/store/apps/details?id=com.ea.gp.maddennfl21mobile&hl=en&gl=us","ok","2026-05-31T02:52:26.385Z"
"gaming","com.gameloft.android.ANMP.GloftM5HM","Modern Combat 5: mobile FPS","Gameloft SE","Action","4.5734363","4255525","109131","100,000,000+","100000000","206655792","yes","0","Free","USD","yes","$0.99 - $99.99 per item","yes","no","free_download|offers_iap|ad_supported","http://www.gameloft.com/","http://www.gameloft.com/privacy-notice/","https://play.google.com/store/apps/details?id=com.gameloft.android.ANMP.GloftM5HM&hl=en&gl=us","ok","2026-05-31T02:52:26.915Z"
"gaming","com.kitkagames.fallbuddies","Stumble Guys","Scopely","Action","4.600571","6691625","72767","100,000,000+","100000000","468511945","yes","0","Free","USD","yes","$0.99 - $149.99 per item","yes","no","free_download|offers_iap|ad_supported","https://www.scopely.com/","https://www.scopely.com/en/legal?id=privacy","https://play.google.com/store/apps/details?id=com.kitkagames.fallbuddies&hl=en&gl=us","ok","2026-05-31T02:52:27.409Z"
"gaming","com.panzerdog.tacticool","Tacticool: PvP Action Shooter","Panzerdog","Action","4.611722","748164","27684","10,000,000+","10000000","24233152","yes","0","Free","USD","yes","$0.99 - $99.99 per item","yes","no","free_download|offers_iap|ad_supported","https://www.tacticool.game","https://documentation.my.games/terms/mygames_privacy","https://play.google.com/store/apps/details?id=com.panzerdog.tacticool&hl=en&gl=us","ok","2026-05-31T02:52:27.710Z"
"gaming","com.critical.strike2","Critical Strike CS: Online FPS","VERTIGO GAMES","Action","4.674577","1082502","10347","100,000,000+","100000000","105424414","yes","0","Free","USD","yes","$0.49 - $209.99 per item","yes","no","free_download|offers_iap|ad_supported","https://www.vertigogames.co","http://www.vertigogames.co/privacy-policy","https://play.google.com/store/apps/details?id=com.critical.strike2&hl=en&gl=us","ok","2026-05-31T02:52:27.976Z"
"gaming","com.tfgco.games.sports.free.tennis.clash","Tennis Clash: Multiplayer Game","Wildlife Studios","Sports","4.621737","2251739","33625","100,000,000+","100000000","165409081","yes","0","Free","USD","yes","$0.49 - $149.99 per item","yes","no","free_download|offers_iap|ad_supported","https://www.wildlifestudios.com/","https://www.wildlifestudios.com/privacy-policy/","https://play.google.com/store/apps/details?id=com.tfgco.games.sports.free.tennis.clash&hl=en&gl=us","ok","2026-05-31T02:52:28.254Z"
"gaming","com.supercell.clashofclans","Clash of Clans","Supercell","Strategy","4.49231","61507012","1974587","500,000,000+","500000000","870745954","yes","0","Free","USD","yes","$0.29 - $239.99 per item","no","no","free_download|offers_iap","https://help.supercellsupport.com/clash-of-clans/en/","https://supercell.com/en/privacy-policy/","https://play.google.com/store/apps/details?id=com.supercell.clashofclans&hl=en&gl=us","ok","2026-05-31T02:52:28.519Z"
"gaming","com.ludia.jurassicworld","Jurassic World™: The Game","Ludia Games Inc.","Simulation","4.2864194","1907721","151924","100,000,000+","100000000","107146034","yes","0","Free","USD","yes","$0.99 - $499.99 per item","yes","no","free_download|offers_iap|ad_supported","https://www.ludia.com/","https://ludia.com/privacy-policy","https://play.google.com/store/apps/details?id=com.ludia.jurassicworld&hl=en&gl=us","ok","2026-05-31T02:52:28.802Z"
"gaming","com.supercell.brawlstars","Brawl Stars","Supercell","Action","4.19797","25848733","323558","500,000,000+","500000000","536434696","yes","0","Free","USD","yes","$0.29 - $239.99 per item","no","no","free_download|offers_iap","https://help.supercellsupport.com/brawl-stars/en/","https://supercell.com/en/privacy-policy/","https://play.google.com/store/apps/details?id=com.supercell.brawlstars&hl=en&gl=us","ok","2026-05-31T02:52:29.060Z"
"gaming","com.nekki.shadowfightarena","Shadow Fight 4: Arena","NEKKI","Role Playing","4.6882596","1821019","14088","50,000,000+","50000000","89627685","yes","0","Free","USD","yes","$0.49 - $149.99 per item","yes","no","free_download|offers_iap|ad_supported","http://www.nekki.com","http://nekki.ru/privacy.php","https://play.google.com/store/apps/details?id=com.nekki.shadowfightarena&hl=en&gl=us","ok","2026-05-31T02:52:29.452Z"
"gaming","com.nintendo.zaka","Mario Kart Tour","Nintendo Co., Ltd.","Action","4.3164988","2174906","219146","100,000,000+","100000000","163968866","yes","0","Free","USD","yes","$1.99 - $69.99 per item","no","no","free_download|offers_iap","https://mariokarttour.com/","https://support.mariokarttour.com/application_privacy_policy","https://play.google.com/store/apps/details?id=com.nintendo.zaka&hl=en&gl=us","ok","2026-05-31T02:52:29.701Z"
"gaming","com.kiloo.subwaysurf","Subway Surfers","SYBO Games","Arcade","4.552645","41702546","1763838","1,000,000,000+","1000000000","2883638704","yes","0","Free","USD","yes","$0.99 - $99.99 per item","yes","no","free_download|offers_iap|ad_supported","https://sybogames.com/","https://sybogames.com/privacy-policy/","https://play.google.com/store/apps/details?id=com.kiloo.subwaysurf&hl=en&gl=us","ok","2026-05-31T02:52:30.071Z"
"gaming","com.miniclip.carrom","Carrom Pool: Disc Game","Miniclip.com","Sports","4.484171","7631214","7994","500,000,000+","500000000","617517417","yes","0","Free","USD","yes","$0.10 - $99.99 per item","yes","no","free_download|offers_iap|ad_supported","https://www.miniclip.com","https://www.miniclip.com/privacy-policy","https://play.google.com/store/apps/details?id=com.miniclip.carrom&hl=en&gl=us","ok","2026-05-31T02:52:30.321Z"
"gaming","com.dts.freefiremax","Free Fire MAX","GARENA INTERNATIONAL I","Action","4.4404488","30698433","68422","500,000,000+","500000000","900179572","yes","0","Free","USD","yes","$0.09 - $144.99 per item","no","no","free_download|offers_iap","","https://content.garena.com/legal/pp/pp_en.html","https://play.google.com/store/apps/details?id=com.dts.freefiremax&hl=en&gl=us","ok","2026-05-31T02:52:30.555Z"
"gaming","com.miniclip.realsniper","Pure Sniper: Gun Shooter Games","Miniclip.com","Action","4.8235564","3540259","33803","100,000,000+","100000000","145417529","yes","0","Free","USD","yes","$0.99 - $99.99 per item","yes","no","free_download|offers_iap|ad_supported","https://www.miniclip.com/","https://www.miniclip.com/privacy-policy","https://play.google.com/store/apps/details?id=com.miniclip.realsniper&hl=en&gl=us","ok","2026-05-31T02:52:30.878Z"
"gaming","com.tgc.sky.android","Sky: Children of the Light","thatgamecompany inc","Role Playing","4.543015","1153103","33488","10,000,000+","10000000","40748823","yes","0","Free","USD","yes","$0.99 - $49.99 per item","no","no","free_download|offers_iap","http://thatskygame.com/","https://thatgamecompany.helpshift.com/a/sky-children-of-the-light/?s=legal&f=privacy-policy&l=en","https://play.google.com/store/apps/details?id=com.tgc.sky.android&hl=en&gl=us","ok","2026-05-31T02:52:31.146Z"
"gaming","com.geargames.aow","Art of War 3:RTS strategy game","Gear Games Global","Strategy","4.64888","465572","6401","10,000,000+","10000000","45199864","yes","0","Free","USD","yes","$0.99 - $399.99 per item","yes","no","free_download|offers_iap|ad_supported","https://geargames.org/","http://gear-games.com/privacy/","https://play.google.com/store/apps/details?id=com.geargames.aow&hl=en&gl=us","ok","2026-05-31T02:52:31.428Z"
"gaming","com.mobilechess.gp","com.mobilechess.gp","","","","","","","","","","","","","","","","","lookup_failed","","","https://play.google.com/store/apps/details?id=com.mobilechess.gp","error:App not found (404)","2026-05-31T02:52:31.610Z"
"gaming","com.vincentb.MobControl","Mob Control","VOODOO","Arcade","4.3428354","902309","40235","100,000,000+","100000000","256150797","yes","0","Free","USD","yes","$0.84 - $399.99 per item","no","no","free_download|offers_iap","https://www.voodoo.io/","https://www.voodoo.io/privacy","https://play.google.com/store/apps/details?id=com.vincentb.MobControl&hl=en&gl=us","ok","2026-05-31T02:52:31.862Z"
"gaming","com.ea.games.simsfreeplay_row","The Sims™ FreePlay","ELECTRONIC ARTS","Simulation","4.6220474","5790715","65761","100,000,000+","100000000","237610117","yes","0","Free","USD","yes","$0.99 - $99.99 per item","yes","no","free_download|offers_iap|ad_supported","http://www.ea.com/android","http://privacy.ea.com/en","https://play.google.com/store/apps/details?id=com.ea.games.simsfreeplay_row&hl=en&gl=us","ok","2026-05-31T02:52:32.188Z"
"gaming","com.bandainamcoent.opbrww","ONE PIECE Bounty Rush","Bandai Namco Entertainment Inc.","Action","4.271208","935101","27650","50,000,000+","50000000","60608510","yes","0","Free","USD","yes","$0.99 - $79.99 per item","no","no","free_download|offers_iap","https://www.bandainamcoent.co.jp/english/","https://legal.bandainamcoent.co.jp/privacy/","https://play.google.com/store/apps/details?id=com.bandainamcoent.opbrww&hl=en&gl=us","ok","2026-05-31T02:52:32.462Z"
"gaming","com.nekki.shadowfight3","Shadow Fight 3 - RPG fighting","NEKKI","Role Playing","4.5902076","4479343","75287","100,000,000+","100000000","207549817","yes","0","Free","USD","yes","$0.99 - $249.99 per item","yes","no","free_download|offers_iap|ad_supported","http://www.nekki.com","http://nekki.ru/privacy.php","https://play.google.com/store/apps/details?id=com.nekki.shadowfight3&hl=en&gl=us","ok","2026-05-31T02:52:32.759Z"
"gaming","com.reliancegames.wwemayhem","WWE Mayhem","Reliance Games","Action","4.2804084","794856","22552","10,000,000+","10000000","47975310","yes","0","Free","USD","yes","$0.49 - $399.99 per item","yes","no","free_download|offers_iap|ad_supported","https://www.reliancegames.com","https://www.reliancegames.com/privacy-policy/","https://play.google.com/store/apps/details?id=com.reliancegames.wwemayhem&hl=en&gl=us","ok","2026-05-31T02:52:33.047Z"
"gaming","com.roblox.client","Roblox","Roblox Corporation","Adventure","4.1923833","48687894","3637035","1,000,000,000+","1000000000","1602432661","yes","0","Free","USD","yes","$0.50 - $199.99 per item","no","no","free_download|offers_iap","http://www.roblox.com","https://www.roblox.com/info/privacy","https://play.google.com/store/apps/details?id=com.roblox.client&hl=en&gl=us","ok","2026-05-31T02:52:33.427Z"
"gaming","com.dts.freefireth","Free Fire: Undersea Mystery","GARENA INTERNATIONAL I","Action","4.3054767","128081376","651321","1,000,000,000+","1000000000","2093178465","yes","0","Free","USD","yes","$0.09 - $99.99 per item","no","no","free_download|offers_iap","","https://content.garena.com/legal/pp/pp_en.html","https://play.google.com/store/apps/details?id=com.dts.freefireth&hl=en&gl=us","ok","2026-05-31T02:52:33.647Z"
"gaming","com.herogames.gplay.crisisactionsa","Crisis Action: 7th Anniversary","HK Hero Entertainment Co., Limited","Action","3.442478","845260","656","10,000,000+","10000000","21393878","yes","0","Free","USD","yes","$0.99 - $99.99 per item","no","no","free_download|offers_iap","https://herogame.com/","https://www.herogame.com/account/PrivacyPolicy.html","https://play.google.com/store/apps/details?id=com.herogames.gplay.crisisactionsa&hl=en&gl=us","ok","2026-05-31T02:52:33.909Z"
"gaming","com.gamedevltd.modernstrike","Modern Strike Online: War FPS","Azur Interactive Games Limited","Action","4.5526195","2133077","45132","100,000,000+","100000000","145522716","yes","0","Free","USD","yes","$0.99 - $368.99 per item","yes","no","free_download|offers_iap|ad_supported","https://azurgames.com/","https://azurgames.com/privacy-policy/","https://play.google.com/store/apps/details?id=com.gamedevltd.modernstrike&hl=en&gl=us","ok","2026-05-31T02:52:34.198Z"
"gaming","com.sybogames.subway.surfers.game","Subway Surfers City","SYBO Games","Action","4.675632","296159","7214","10,000,000+","10000000","30269703","yes","0","Free","USD","yes","$0.99 - $99.99 per item","yes","no","free_download|offers_iap|ad_supported","https://sybogames.com/","https://sybogames.com/privacy-policy/","https://play.google.com/store/apps/details?id=com.sybogames.subway.surfers.game&hl=en&gl=us","ok","2026-05-31T02:52:34.475Z"
"gaming","com.ubisoft.the.division.mobile.combat.shooting.open.world.rpg","The Division Resurgence","Ubisoft Entertainment","Action","4.49004","84353","3035","1,000,000+","1000000","3447553","yes","0","Free","USD","yes","$0.49 - $99.99 per item","no","no","free_download|offers_iap","https://www.ubisoft.com","https://legal.ubi.com/privacypolicy/","https://play.google.com/store/apps/details?id=com.ubisoft.the.division.mobile.combat.shooting.open.world.rpg&hl=en&gl=us","ok","2026-05-31T02:52:34.761Z"
"gaming","zombie.survival.craft.z","Last Day on Earth: Survival","KEFIR","Action","4.3556314","4747583","177147","100,000,000+","100000000","138594632","yes","0","Free","USD","yes","$0.49 - $199.99 per item","yes","no","free_download|offers_iap|ad_supported","https://www.kefircyprus.com/","https://www.kefircyprus.com/privacy-policy","https://play.google.com/store/apps/details?id=zombie.survival.craft.z&hl=en&gl=us","ok","2026-05-31T02:52:35.384Z"
"gaming","com.ta.strike.ops","FPS Strike Ops : Modern Arena","FPS Shooter & Action Game","Adventure","4.5723615","300109","1736","100,000,000+","100000000","144292799","yes","0","Free","USD","yes","$0.99 - $99.99 per item","yes","no","free_download|offers_iap|ad_supported","https://j14d00d8.app-ads-txt.com","https://alllfreegames.blogspot.com/2020/12/privacypolicy.html","https://play.google.com/store/apps/details?id=com.ta.strike.ops&hl=en&gl=us","ok","2026-05-31T02:52:35.632Z"
"gaming","com.plarium.mechlegion","Mech Arena - Shooting Game","Plarium Global Ltd","Action","4.2082124","595795","27114","50,000,000+","50000000","67251560","yes","0","Free","USD","yes","$0.72 - $299.99 per item","yes","no","free_download|offers_iap|ad_supported","https://plarium.com/en/game/mech-arena-robot-showdown/","https://plarium.com/en/legal/privacy-and-cookie-policy/","https://play.google.com/store/apps/details?id=com.plarium.mechlegion&hl=en&gl=us","ok","2026-05-31T02:52:35.876Z"
"gaming","com.madfingergames.legends","Shadowgun Legends: Online FPS","Deca_Games","Action","4.3597393","368673","19777","10,000,000+","10000000","19525658","yes","0","Free","USD","yes","$1.99 - $99.99 per item","yes","no","free_download|offers_iap|ad_supported","https://decagames.com","https://support.decagames.com/hc/en-us/articles/10111144284445-Privacy-Policy","https://play.google.com/store/apps/details?id=com.madfingergames.legends&hl=en&gl=us","ok","2026-05-31T02:52:36.426Z"
"gaming","com.firsttouchgames.dls7","Dream League Soccer 2026","First Touch Games Ltd.","Sports","4.4455214","13953754","90541","100,000,000+","100000000","428816733","yes","0","Free","USD","yes","$0.99 - $99.99 per item","yes","no","free_download|offers_iap|ad_supported","http://www.ftgames.com","https://www.ftgames.com/privacy-policy","https://play.google.com/store/apps/details?id=com.firsttouchgames.dls7&hl=en&gl=us","ok","2026-05-31T02:52:36.795Z"
"gaming","com.generagames.resistance","Cover Fire: Offline Shooting","Viva Games Studios","Action","4.6198726","2568129","50411","100,000,000+","100000000","175700451","yes","0","Free","USD","yes","$0.99 - $84.99 per item","yes","no","free_download|offers_iap|ad_supported","https://vivastudios.com/","http://vivastudios.com/privacy-policy/","https://play.google.com/store/apps/details?id=com.generagames.resistance&hl=en&gl=us","ok","2026-05-31T02:52:37.086Z"
"gaming","com.gamedevltd.wwh","World War Heroes — WW2 PvP FPS","Azur Interactive Games Limited","Action","4.4684243","3370397","71555","100,000,000+","100000000","155553116","yes","0","Free","USD","yes","$0.49 - $104.99 per item","yes","no","free_download|offers_iap|ad_supported","https://azurgames.com/","https://azurgames.com/privacy-policy/","https://play.google.com/store/apps/details?id=com.gamedevltd.wwh&hl=en&gl=us","ok","2026-05-31T02:52:37.444Z"
"gaming","com.nianticlabs.pokemongo","Pokémon GO","Niantic, Inc.","Adventure","3.8124666","15379830","996348","500,000,000+","500000000","555515181","yes","0","Free","USD","yes","$0.99 - $99.99 per item","no","no","free_download|offers_iap","http://pokemongo.nianticlabs.com/","https://nianticlabs.com/privacy/pokemongo/en","https://play.google.com/store/apps/details?id=com.nianticlabs.pokemongo&hl=en&gl=us","ok","2026-05-31T02:52:37.719Z"
"gaming","com.halfbrick.fruitninjax","Fruit Ninja 2 Fun Action Games","Halfbrick Studios","Action","4.1389647","63409","2234","10,000,000+","10000000","21646501","yes","0","Free","USD","yes","$0.99 - $99.99 per item","yes","no","free_download|offers_iap|ad_supported","http://www.halfbrick.com","http://docs.halfbrick.com/PrivacyPolicy.htm","https://play.google.com/store/apps/details?id=com.halfbrick.fruitninjax&hl=en&gl=us","ok","2026-05-31T02:52:37.974Z"
"gaming","com.madfingergames.unkilled","UNKILLED - FPS Zombie Games","Deca_Games","Action","4.442179","748327","18684","10,000,000+","10000000","40185121","yes","0","Free","USD","yes","$1.99 - $99.99 per item","yes","no","free_download|offers_iap|ad_supported","https://decagames.com","https://support.decagames.com/hc/en-us/articles/10111104743965-Privacy-Policy","https://play.google.com/store/apps/details?id=com.madfingergames.unkilled&hl=en&gl=us","ok","2026-05-31T02:52:38.271Z"
"gaming","com.garena.game.codm","Call of Duty®: Mobile - Garena","Garena Mobile Private","Action","4.1179247","3914209","875","50,000,000+","50000000","95094261","yes","0","Free","USD","yes","$0.99 - $104.99 per item","no","no","free_download|offers_iap","https://codm.garena.tw/","https://terms.support.garena.com/","https://play.google.com/store/apps/details?id=com.garena.game.codm&hl=en&gl=us","ok","2026-05-31T02:52:38.581Z"
"gaming","com.survival.last","Dawn of Zombies: Survival Game","Royal Ark","Action","4.3402505","339774","8720","10,000,000+","10000000","13591624","yes","0","Free","USD","yes","$0.99 - $279.99 per item","yes","no","free_download|offers_iap|ad_supported","https://dozsurvival.com","http://dozsurvival.com/license-agreement.html","https://play.google.com/store/apps/details?id=com.survival.last&hl=en&gl=us","ok","2026-05-31T02:52:38.878Z"
"gaming","com.blizzard.diablo.immortal","Diablo Immortal","Blizzard Entertainment, Inc.","Role Playing","4.7109966","2031296","67171","10,000,000+","10000000","23050078","yes","0","Free","USD","yes","$0.29 - $199.99 per item","no","no","free_download|offers_iap","https://battle.net/support/help/games/immortal","https://www.blizzard.com/privacy","https://play.google.com/store/apps/details?id=com.blizzard.diablo.immortal&hl=en&gl=us","ok","2026-05-31T02:52:39.132Z"
"gaming","com.playagames.mobile.dungeon.team.battle.rpg","Mobile Dungeon: RPG Crawler","Playa Games","Role Playing","4.5212264","26315","600","500,000+","500000","739724","yes","0","Free","USD","yes","$1.99 - $124.99 per item","no","no","free_download|offers_iap","https://www.playa-games.com","https://cdn.playa-games.com/res/md/legal/html/privacy_en.html","https://play.google.com/store/apps/details?id=com.playagames.mobile.dungeon.team.battle.rpg&hl=en&gl=us","ok","2026-05-31T02:52:39.452Z"
"astrology_esoterics","com.astroid.yodha","Yodha My Astrology & Horoscope","Yodha","Lifestyle","4.7053347","161856","7133","1,000,000+","1000000","3347258","yes","0","Free","USD","yes","$0.99 - $100.00 per item","no","no","free_download|offers_iap","https://yodha.app","https://yodha.app/privacy/","https://play.google.com/store/apps/details?id=com.astroid.yodha&hl=en&gl=us","ok","2026-05-31T02:52:39.691Z"
"astrology_esoterics","com.costarastrology","Co–Star Personalized Astrology","Co–Star Astrology Society","Lifestyle","4.567493","95633","15927","5,000,000+","5000000","8298562","yes","0","Free","USD","yes","$0.99 - $74.99 per item","no","no","free_download|offers_iap","https://www.costarastrology.com/","https://www.costarastrology.com/privacy","https://play.google.com/store/apps/details?id=com.costarastrology&hl=en&gl=us","ok","2026-05-31T02:52:39.955Z"
"astrology_esoterics","com.vedicrishiastro.kundli","Kundli - Astrology & Horoscope","Vedic Rishi Astro","Lifestyle","3.97","28598","132","1,000,000+","1000000","4619074","yes","0","Free","USD","no","","no","no","free_download","https://vedicrishi.in","https://vedicrishi.in/privacy-policy","https://play.google.com/store/apps/details?id=com.vedicrishiastro.kundli&hl=en&gl=us","ok","2026-05-31T02:52:40.204Z"
"astrology_esoterics","com.ndyuiklui","Astro: Astrology & Horoscope","Talentin","Lifestyle","4.46","15517","77","1,000,000+","1000000","1499022","yes","0","Free","USD","yes","$5.99 - $49.99 per item","yes","no","free_download|offers_iap|ad_supported","https://appastro.co","https://appastro.co/privacy-policy","https://play.google.com/store/apps/details?id=com.ndyuiklui&hl=en&gl=us","ok","2026-05-31T02:52:40.462Z"
"astrology_esoterics","com.astroid.yodha.pro","Yodha My Astrology Horoscope","Yodha","Lifestyle","4.7196884","142585","3877","5,000,000+","5000000","6000359","yes","0","Free","USD","yes","$0.99 - $100.00 per item","no","no","free_download|offers_iap","https://yodha.app","https://yodha.app/privacy/","https://play.google.com/store/apps/details?id=com.astroid.yodha.pro&hl=en&gl=us","ok","2026-05-31T02:52:40.717Z"
"astrology_esoterics","com.astrology.master","Astrology Master","SISTEMKOD BILISIM","Lifestyle","4.3816795","8296","541","500,000+","500000","682383","yes","0","Free","USD","yes","$1.49 - $42.99 per item","yes","no","free_download|offers_iap|ad_supported","https://astrologymaster.app","https://astrologymaster.sistemkod.com/privacy-policy","https://play.google.com/store/apps/details?id=com.astrology.master&hl=en&gl=us","ok","2026-05-31T02:52:41.005Z"
"astrology_esoterics","com.netway.phone.advice","Astroyogi - Astrology & Tarot","Astroyogi.com","Lifestyle","4","152807","234","10,000,000+","10000000","19009533","yes","0","Free","USD","no","","no","no","free_download","https://www.astroyogi.com","https://www.astroyogi.com/policy.aspx","https://play.google.com/store/apps/details?id=com.netway.phone.advice&hl=en&gl=us","ok","2026-05-31T02:52:41.283Z"
"astrology_esoterics","com.vedicrishiastro.upastrology","Up Astrology - Astrology Coach","Vedic Rishi Astro","Lifestyle","4.361062","18184","851","1,000,000+","1000000","1399664","yes","0","Free","USD","yes","$4.99 - $164.99 per item","no","no","free_download|offers_iap","https://upastrology.com","https://upastrology.com/privacy-policy/","https://play.google.com/store/apps/details?id=com.vedicrishiastro.upastrology&hl=en&gl=us","ok","2026-05-31T02:52:41.566Z"
"astrology_esoterics","com.astrotalk","Astrotalk - Talk to Astrologer","Astrology & Horoscope","Lifestyle","4.7609076","1518297","1871","50,000,000+","50000000","98051220","yes","0","Free","USD","no","","no","no","free_download","https://astrotalk.com","https://astrotalk.com/privacy-policies","https://play.google.com/store/apps/details?id=com.astrotalk&hl=en&gl=us","ok","2026-05-31T02:52:41.829Z"
"astrology_esoterics","com.improvs.inura","Inura: Astrology & Horoscope","Okeksandr","Entertainment","3.2475247","3068","381","100,000+","100000","226418","yes","0","Free","USD","yes","$1.99 - $29.99 per item","no","no","free_download|offers_iap","https://www.inura-app.com","https://www.inura-app.com/privacy","https://play.google.com/store/apps/details?id=com.improvs.inura&hl=en&gl=us","ok","2026-05-31T02:52:42.138Z"
"astrology_esoterics","com.ojassoft.astrosage","AstroSage Kundli: AI Astrology","Ojas Softech Pvt Ltd","Lifestyle","4.638478","1027060","4634","50,000,000+","50000000","71530421","yes","0","Free","USD","yes","$0.99 - $139.99 per item","yes","no","free_download|offers_iap|ad_supported","https://www.astrosage.com","https://www.astrosage.com/privacy-policy.asp","https://play.google.com/store/apps/details?id=com.ojassoft.astrosage&hl=en&gl=us","ok","2026-05-31T02:52:42.402Z"
"astrology_esoterics","com.thepattern.app","The Pattern: Astrology","Pattern Home, Inc.","Lifestyle","3.8301888","25043","6806","1,000,000+","1000000","4138496","yes","0","Free","USD","yes","$8.99 - $83.99 per item","no","no","free_download|offers_iap","https://thepattern.com","https://www.thepattern.com/privacy-policy","https://play.google.com/store/apps/details?id=com.thepattern.app&hl=en&gl=us","ok","2026-05-31T02:52:42.648Z"
"astrology_esoterics","com.feelweel.astro","Astroscope: Astrology Guide","Astroscope App","Lifestyle","4.38","5042","194","500,000+","500000","579641","yes","0","Free","USD","yes","$5.99 - $49.99 per item","no","no","free_download|offers_iap","https://astroscope-app.com/","https://astroscope-app.com/privacy-policy/","https://play.google.com/store/apps/details?id=com.feelweel.astro&hl=en&gl=us","ok","2026-05-31T02:52:42.887Z"
"astrology_esoterics","genesis.nebula","Nebula: Spiritual Guidance","OBRIO","Lifestyle","4.3490353","79304","14720","5,000,000+","5000000","8163986","yes","0","Free","USD","yes","$0.99 - $299.99 per item","no","no","free_download|offers_iap","https://www.asknebula.com/","https://asknebula.com/app/privacy","https://play.google.com/store/apps/details?id=genesis.nebula&hl=en&gl=us","ok","2026-05-31T02:52:43.135Z"
"astrology_esoterics","com.astrology.birthchart","Birth Chart - Astrology","WebAppDev","Lifestyle","4.6868134","9206","585","100,000+","100000","477543","yes","0","Free","USD","yes","$5.49 per item","yes","no","free_download|offers_iap|ad_supported","https://tiradadetarot.top/","https://tiradadetarot.top/birth-chart-privacy-policy/","https://play.google.com/store/apps/details?id=com.astrology.birthchart&hl=en&gl=us","ok","2026-05-31T02:52:43.394Z"
"astrology_esoterics","com.astrograph.timepassages","TimePassages Astrology","AstroGraph Software","Lifestyle","4.658281","8222","1760","500,000+","500000","944111","yes","0","Free","USD","yes","$0.99 - $99.99 per item","no","no","free_download|offers_iap","https://www.astrograph.com","https://www.astrograph.com/company/policies.php","https://play.google.com/store/apps/details?id=com.astrograph.timepassages&hl=en&gl=us","ok","2026-05-31T02:52:43.682Z"
"astrology_esoterics","com.un7qi3.forceteller","포스텔러 - 신년운세, 사주, 타로, 궁합, 점성술","Team UN7QI3","Entertainment","4.506329","19460","22","1,000,000+","1000000","3953229","yes","0","Free","USD","yes","$1.99 - $40.99 per item","yes","no","free_download|offers_iap|ad_supported","https://forceteller.com/","https://forceteller.com/page/privacy","https://play.google.com/store/apps/details?id=com.un7qi3.forceteller&hl=en&gl=us","ok","2026-05-31T02:52:44.063Z"
"astrology_esoterics","com.lilalabs.lila.android","Lila: Astrology for Grown Ups","LilaLabs","Lifestyle","4.173913","65","29","5,000+","5000","7571","yes","0","Free","USD","yes","$0.99 - $89.99 per item","no","no","free_download|offers_iap","https://www.lilaverse.app/","https://www.lilaverse.app/privacy-policy-lila","https://play.google.com/store/apps/details?id=com.lilalabs.lila.android&hl=en&gl=us","ok","2026-05-31T02:52:44.326Z"
"astrology_esoterics","de.indiworx.astroworx","Horoscopes Astrology AstroWorx","Indiworx OHG","Lifestyle","3","256","14","5,000+","5000","9274","no","13.99","$13.99","USD","yes","$7.99 - $59.99 per item","no","no","paid_download|offers_iap","http://astroworx.de","https://astroworx.de/datenschutz/","https://play.google.com/store/apps/details?id=de.indiworx.astroworx&hl=en&gl=us","ok","2026-05-31T02:52:44.593Z"
"astrology_esoterics","com.astrostar.app","Horoscope & Daily Astrology","BLOOMDA","Lifestyle","0","0","0","500+","500","942","yes","0","Free","USD","yes","$1.99 - $79.99 per item","no","no","free_download|offers_iap","https://astrostar.cn/","https://astrostar.cn/privacy-policy","https://play.google.com/store/apps/details?id=com.astrostar.app&hl=en&gl=us","ok","2026-05-31T02:52:45.070Z"
"astrology_esoterics","com.astopia.app","Astopia: Astrology & Horoscope","ASTOPIA","Lifestyle","4.0811687","15653","304","500,000+","500000","550638","yes","0","Free","USD","yes","$0.99 - $114.99 per item","yes","no","free_download|offers_iap|ad_supported","https://astopia.com/","https://astopia.com/privacy-policy/","https://play.google.com/store/apps/details?id=com.astopia.app&hl=en&gl=us","ok","2026-05-31T02:52:45.342Z"
"astrology_esoterics","com.celestis.stellium","Stellium: AI Powered Astrology","Celestis Mobile Labs","Lifestyle","4.4444447","761","13","10,000+","10000","42605","yes","0","Free","USD","yes","$0.99 - $24.99 per item","no","no","free_download|offers_iap","https://stelliumapp.co","https://www.celestis.co/privacy-policy-tr","https://play.google.com/store/apps/details?id=com.celestis.stellium&hl=en&gl=us","ok","2026-05-31T02:52:45.576Z"
"astrology_esoterics","com.moonphaseapps.astro","AstroBella Astrology & Healing","Moonphase Apps GmbH","Entertainment","4.6634145","4674","188","100,000+","100000","134105","yes","0","Free","USD","yes","$0.99 - $99.99 per item","no","no","free_download|offers_iap","https://astrobella.app","https://astrobella.com/privacy","https://play.google.com/store/apps/details?id=com.moonphaseapps.astro&hl=en&gl=us","ok","2026-05-31T02:52:45.812Z"
"astrology_esoterics","com.astroarunpandit.horocosmo","Horocosmo - Talk To Astrologer","AstroArunPandit","Lifestyle","2.9767442","10578","28","1,000,000+","1000000","2290794","yes","0","Free","USD","yes","$2.49 - $22.99 per item","no","no","free_download|offers_iap","https://www.horocosmo.com/","https://astroarunpandit.org/privacy-policy/","https://play.google.com/store/apps/details?id=com.astroarunpandit.horocosmo&hl=en&gl=us","ok","2026-05-31T02:52:46.047Z"
"astrology_esoterics","com.instaastro.onlineastrology","InstaAstro: Talk to Astrologer","Astrology, Tarot & Horoscope by InstaAstro","Lifestyle","4.14","85514","62","10,000,000+","10000000","10002889","yes","0","Free","USD","no","","no","no","free_download","https://www.instaastro.com/","https://instaastro.com/privacy-policies/","https://play.google.com/store/apps/details?id=com.instaastro.onlineastrology&hl=en&gl=us","ok","2026-05-31T02:52:46.336Z"
"astrology_esoterics","co.stellarapp.stellar","easyStars - Astrology & Tarot","Easystars Limited","Lifestyle","3.691358","4459","20","100,000+","100000","317690","yes","0","Free","USD","yes","$4.99 - $26.99 per item","no","no","free_download|offers_iap","https://easystars.ai","https://easystars.ai/easystars-privacy-policy.html","https://play.google.com/store/apps/details?id=co.stellarapp.stellar&hl=en&gl=us","ok","2026-05-31T02:52:46.612Z"
"astrology_esoterics","com.astrobook","AstroBook: Astrology Universe","Reatility Media","Lifestyle","4.83","285","45","10,000+","10000","28566","yes","0","Free","USD","no","","no","no","free_download","https://reatility.com/","https://reatility.com/privacy","https://play.google.com/store/apps/details?id=com.astrobook&hl=en&gl=us","ok","2026-05-31T02:52:47.214Z"
"astrology_esoterics","com.chani_nicholas_inc.chani","CHANI: Your Astrology Guide","Chani Nicholas Inc","Lifestyle","4.8778877","4295","648","100,000+","100000","243315","yes","0","Free","USD","yes","$11.99 - $107.99 per item","no","no","free_download|offers_iap","http://www.Chani.com","https://chaninicholas.com/privacy-policy/","https://play.google.com/store/apps/details?id=com.chani_nicholas_inc.chani&hl=en&gl=us","ok","2026-05-31T02:52:47.504Z"
"astrology_esoterics","en.un7qi3.forceteller","FORCETELLER Astrology & Zodiac","Team UN7QI3","Lifestyle","4.573604","9538","1465","1,000,000+","1000000","2428275","yes","0","Free","USD","yes","$1.99 - $29.99 per item","yes","no","free_download|offers_iap|ad_supported","https://en.forceteller.com","https://en.forceteller.com/page/privacy","https://play.google.com/store/apps/details?id=en.un7qi3.forceteller&hl=en&gl=us","ok","2026-05-31T02:52:47.809Z"
"astrology_esoterics","com.dailyinsights","align27 Vedic Astrology Guide","Gman Labs","Lifestyle","3.66","1400","131","100,000+","100000","296642","yes","0","Free","USD","yes","$4.99 - $499.99 per item","no","no","free_download|offers_iap","http://align27.com","http://align27.com/privacy-policy","https://play.google.com/store/apps/details?id=com.dailyinsights&hl=en&gl=us","ok","2026-05-31T02:52:48.148Z"
"astrology_esoterics","info.androidz.horoscope","Daily Horoscope","Horoscope by Comitic","Lifestyle","4.788231","460361","93513","10,000,000+","10000000","20456489","yes","0","Free","USD","yes","$0.99 - $24.99 per item","yes","no","free_download|offers_iap|ad_supported","http://comitic.com/dailyhoroscope/","http://www.comitic.com/privacy","https://play.google.com/store/apps/details?id=info.androidz.horoscope&hl=en&gl=us","ok","2026-05-31T02:52:48.423Z"
"astrology_esoterics","com.astrolis.Horoscope","Horoscopes & Tarot","Astrolis Horoscopes","Lifestyle","4.7297297","34339","5438","1,000,000+","1000000","2396763","yes","0","Free","USD","yes","$1.49 - $39.99 per item","yes","no","free_download|offers_iap|ad_supported","https://www.astrolis.com","http://www.astrolis.com/privacy.php","https://play.google.com/store/apps/details?id=com.astrolis.Horoscope&hl=en&gl=us","ok","2026-05-31T02:52:48.903Z"
"astrology_esoterics","com.shughen85.astroialunar","Lunation - Moon & Astrology","shughen","Lifestyle","","","","5,000+","5000","5924","yes","0","Free","USD","yes","$4.99 - $29.99 per item","no","no","free_download|offers_iap","https://lunation.axisapps.app","https://lunation-api.onrender.com/privacy-policy","https://play.google.com/store/apps/details?id=com.shughen85.astroialunar&hl=en&gl=us","ok","2026-05-31T02:52:49.292Z"
"astrology_esoterics","com.didilabs.kaavefali","Kaave: Tarot, Angel, Horoscope","Didilabs BV","Entertainment","4.6702013","1271374","3641","10,000,000+","10000000","40229427","yes","0","Free","USD","yes","$0.80 - $249.99 per item","yes","no","free_download|offers_iap|ad_supported","https://www.kaaveapp.com","https://www.kaaveapp.com/privacy","https://play.google.com/store/apps/details?id=com.didilabs.kaavefali&hl=en&gl=us","ok","2026-05-31T02:52:49.674Z"
"astrology_esoterics","com.dafftin.android.moon_phase","Daff Moon Phase","Evgeni Fedorishchenko","Education","4.871851","57469","4091","1,000,000+","1000000","2797207","yes","0","Free","USD","yes","$0.99 - $99.99 per item","yes","no","free_download|offers_iap|ad_supported","https://www.dafftin.com","https://sites.google.com/view/daffmoon/home","https://play.google.com/store/apps/details?id=com.dafftin.android.moon_phase&hl=en&gl=us","ok","2026-05-31T02:52:49.962Z"
"astrology_esoterics","com.daerhou.constellation","Magic Horoscope & Zodiac Signs","Horoscope365","Lifestyle","4.58","8202","58","500,000+","500000","661769","yes","0","Free","USD","yes","$1.99 - $32.00 per item","yes","no","free_download|offers_iap|ad_supported","https://www.quhou123.com/","https://astro2.quhou123.com/UseInfo/privacyPolicy","https://play.google.com/store/apps/details?id=com.daerhou.constellation&hl=en&gl=us","ok","2026-05-31T02:52:50.252Z"
"astrology_esoterics","fr.zodiaque.app","Zodiaque : Horoscope du jour","ADN CONTENTS","Lifestyle","","","","1,000+","1000","3685","yes","0","Free","USD","yes","$5.99 - $29.99 per item","no","no","free_download|offers_iap","https://zodiaque.fr","https://zodiaque.fr/privacy","https://play.google.com/store/apps/details?id=fr.zodiaque.app&hl=en&gl=us","ok","2026-05-31T02:52:50.510Z"
"astrology_esoterics","com.astrovision.horoscope","LifeSign ME Lite: Astrology","Astro-Vision Futuretech Pvt.Ltd.","Lifestyle","3.125","541","1","100,000+","100000","225493","yes","0","Free","USD","yes","$8.99 - $99.99 per item","no","no","free_download|offers_iap","https://www.indianastrologysoftware.com/","http://lifesign.clickastro.com/Privacy_Policy.html","https://play.google.com/store/apps/details?id=com.astrovision.horoscope&hl=en&gl=us","ok","2026-05-31T02:52:50.745Z"
"astrology_esoterics","com.horos.horos","Horos - Birth Chart","Vinicius B Vieira","Lifestyle","3.6","10105","291","1,000,000+","1000000","3817759","yes","0","Free","USD","yes","$19.90 per item","yes","no","free_download|offers_iap|ad_supported","https://geekfy.io","https://horosapp.com/privacy-policy.html","https://play.google.com/store/apps/details?id=com.horos.horos&hl=en&gl=us","ok","2026-05-31T02:52:50.992Z"
"astrology_esoterics","com.dt.vfo","Tarot Card Reading and Meaning","DEN TSMO","Lifestyle","4.866397","6177","860","100,000+","100000","223782","yes","0","Free","USD","yes","$0.99 - $59.99 per item","yes","no","free_download|offers_iap|ad_supported","https://sybiloji.com","https://sybiloji.com/policies.html","https://play.google.com/store/apps/details?id=com.dt.vfo&hl=en&gl=us","ok","2026-05-31T02:52:51.460Z"
"astrology_esoterics","x.oranox","Oranox: Astrology & Horoscopes","CelestiaApps","Lifestyle","3.6","17","2","1,000+","1000","3099","yes","0","Free","USD","yes","$0.99 - $29.99 per item","no","no","free_download|offers_iap","https://oranox-astrology.blogspot.com/","https://www.termsfeed.com/live/35f855a8-abdb-4e00-ae0c-8a8c25476b92","https://play.google.com/store/apps/details?id=x.oranox&hl=en&gl=us","ok","2026-05-31T02:52:51.718Z"
"astrology_esoterics","com.yodhaapp.dailyhoroscope","Yodha My Daily Horoscope","Yodha","Lifestyle","4.819853","23624","1061","500,000+","500000","678341","yes","0","Free","USD","no","","no","no","free_download","https://yodha.app","https://yodha.app/privacy/","https://play.google.com/store/apps/details?id=com.yodhaapp.dailyhoroscope&hl=en&gl=us","ok","2026-05-31T02:52:51.996Z"
"astrology_esoterics","com.orum.psiquicos.tarot.horoscopo.orum","Orum Tarot - Chat","Orum","Lifestyle","4.5555553","240","7","10,000+","10000","24211","yes","0","Free","USD","yes","$4.99 - $49.99 per item","no","no","free_download|offers_iap","http://orum.app","https://drive.google.com/file/d/1qW5x0lZ0KWzvuyBqMVMHlhXh65My6Ney/view?usp=drivesdk","https://play.google.com/store/apps/details?id=com.orum.psiquicos.tarot.horoscopo.orum&hl=en&gl=us","ok","2026-05-31T02:52:52.292Z"
"astrology_esoterics","com.app.pendora","Pendora: Love Horoscope & AI","Intellminds.Inc","Lifestyle","","","","5,000+","5000","7567","yes","0","Free","USD","yes","$1.49 - $89.99 per item","no","no","free_download|offers_iap","https://pendora.app","https://www.termsfeed.com/live/b3f56af4-91c2-4548-a037-6313c5e6ea13","https://play.google.com/store/apps/details?id=com.app.pendora&hl=en&gl=us","ok","2026-05-31T02:52:52.643Z"
"astrology_esoterics","com.gaaradevelopment.mon_horoscope","My horoscope","42 72 79 61 6E","Lifestyle","3.967742","152","4","50,000+","50000","55949","yes","0","Free","USD","no","","no","no","free_download","","https://doc-hosting.flycricket.io/mon-horoscope-privacy-policy/15a99eb2-ae47-4a0c-a26b-ff81423dfc43/privacy","https://play.google.com/store/apps/details?id=com.gaaradevelopment.mon_horoscope&hl=en&gl=us","ok","2026-05-31T02:52:52.891Z"
"astrology_esoterics","handasoft.mobile.divination_pro","2026 점신PRO : 관상, 신년운세, 사주, 상담","Techlabs Corp.","Lifestyle","4.4358974","3753","23","10,000+","10000","42154","no","64.99","$64.99","USD","yes","$2.99 - $27.99 per item","no","no","paid_download|offers_iap","http://www.jeomsin.co.kr","https://www.jeomsin.co.kr/policy/","https://play.google.com/store/apps/details?id=handasoft.mobile.divination_pro&hl=en&gl=us","ok","2026-05-31T02:52:53.337Z"
"astrology_esoterics","com.labyrinthos.app","Labyrinthos Tarot Cards","Labyrinthos Academy","Entertainment","4.7423806","42594","6085","1,000,000+","1000000","2250406","yes","0","Free","USD","yes","$0.99 - $89.99 per item","no","no","free_download|offers_iap","http://labyrinthos.co","https://labyrinthos.co/pages/privacy-policy","https://play.google.com/store/apps/details?id=com.labyrinthos.app&hl=en&gl=us","ok","2026-05-31T02:52:53.604Z"
"astrology_esoterics","com.app.tarotoo","Tarot Card Reading - Tarotoo","Yaroslav Kyrychenko","Lifestyle","4.470588","887","54","10,000+","10000","19128","yes","0","Free","USD","yes","$7.99 - $59.99 per item","no","no","free_download|offers_iap","https://tarotoo.com/","https://tarotoo.com/privacy-policy","https://play.google.com/store/apps/details?id=com.app.tarotoo&hl=en&gl=us","ok","2026-05-31T02:52:54.172Z"
"astrology_esoterics","app.sagu.innersight","Inner Sight - Tarot Reading","Sagas","Lifestyle","0","0","0","1,000+","1000","2275","yes","0","Free","USD","yes","$1.99 - $24.99 per item","no","no","free_download|offers_iap","https://innersightapp.blogspot.com/","https://sites.google.com/view/innersightapppolicy","https://play.google.com/store/apps/details?id=app.sagu.innersight&hl=en&gl=us","ok","2026-05-31T02:52:54.441Z"
"astrology_esoterics","com.trustedtarot.app","Trusted Tarot","Grow Media Limited","Entertainment","4.753247","7011","1217","100,000+","100000","463668","yes","0","Free","USD","yes","$1.99 - $84.99 per item","yes","no","free_download|offers_iap|ad_supported","https://www.trustedtarot.com","https://www.trustedtarot.com/terms/","https://play.google.com/store/apps/details?id=com.trustedtarot.app&hl=en&gl=us","ok","2026-05-31T02:52:54.697Z"
"avatar_identity","com.pazugames.avatarmaker","Avatar Maker Dress up for kids","Pazu Games","Educational","3.0517528","118637","2536","50,000,000+","50000000","53557037","yes","0","Free","USD","yes","$6.49 - $59.99 per item","no","no","free_download|offers_iap","http://pazugames.com","https://www.pazugames.com/privacy-policy","https://play.google.com/store/apps/details?id=com.pazugames.avatarmaker&hl=en&gl=us","ok","2026-05-31T02:52:54.976Z"
"avatar_identity","com.game.SuperMii","SuperMe - Avatar Maker Creator","THE.DEMON","Entertainment","3.594203","55555","690","10,000,000+","10000000","17611538","yes","0","Free","USD","yes","$0.99 - $44.99 per item","yes","no","free_download|offers_iap|ad_supported","https://www.supermii.cn","https://supermii.cn/policy.html","https://play.google.com/store/apps/details?id=com.game.SuperMii&hl=en&gl=us","ok","2026-05-31T02:52:55.336Z"
"avatar_identity","com.pazugames.avatarworld","Avatar World ®","Pazu Games","Role Playing","4.7166185","5978472","69065","100,000,000+","100000000","247389979","yes","0","Free","USD","yes","$0.99 - $59.99 per item","no","no","free_download|offers_iap","http://pazugames.com","https://www.pazugames.com/privacy-policy/","https://play.google.com/store/apps/details?id=com.pazugames.avatarworld&hl=en&gl=us","ok","2026-05-31T02:52:55.565Z"
"avatar_identity","kallossoft.avatar","Avatarro: AI Avatar Maker","Kallossoft","Photography","4.25","19291","214","1,000,000+","1000000","1291165","yes","0","Free","USD","yes","$0.99 - $59.99 per item","no","no","free_download|offers_iap","https://kallossoft.com/","https://kallossoft.com/avatar-privacy-policy","https://play.google.com/store/apps/details?id=kallossoft.avatar&hl=en&gl=us","ok","2026-05-31T02:52:56.204Z"
"avatar_identity","com.dressup.doll.vlinder.avatar.maker","Vlinder Avatar Maker: dress up","31 Dress up Games","Simulation","4.8722863","193634","19625","10,000,000+","10000000","11151983","yes","0","Free","USD","no","","no","no","free_download","http://www.31gamestudio.com/","https://www.31gamestudio.com/privacy-policy.html","https://play.google.com/store/apps/details?id=com.dressup.doll.vlinder.avatar.maker&hl=en&gl=us","ok","2026-05-31T02:52:56.444Z"
"avatar_identity","me.zepeto.main","ZEPETO: Avatar, Connect & Live","Naver Z Corporation","Entertainment","4.596675","3026845","56836","100,000,000+","100000000","239620285","yes","0","Free","USD","yes","$0.29 - $409.99 per item","yes","no","free_download|offers_iap|ad_supported","https://zepeto.me/","https://support.zepeto.me/hc/articles/360050411493-Privacy-Policy","https://play.google.com/store/apps/details?id=me.zepeto.main&hl=en&gl=us","ok","2026-05-31T02:52:56.974Z"
"avatar_identity","com.tophopstudio.chibimakeover","Chibi Avatar Maker Game","TopHopStudio LTD","Casual","4.3","146","2","50,000+","50000","50348","yes","0","Free","USD","yes","$4.99 - $39.99 per item","no","no","free_download|offers_iap","http://tophopstudio.com","https://tophopstudio.com/privacy.html","https://play.google.com/store/apps/details?id=com.tophopstudio.chibimakeover&hl=en&gl=us","ok","2026-05-31T02:52:57.222Z"
"avatar_identity","ai.avatar.generator.maker","AI Avatar Maker: Create Avatar","Rstream Labs","Art & Design","4.2475247","3021","37","100,000+","100000","103294","yes","0","Free","USD","yes","$5.49 - $49.99 per item","no","no","free_download|offers_iap","https://www.ria.rocks","https://thecookbk.com/privacy.php?appname=AI%20Avatar%20Maker","https://play.google.com/store/apps/details?id=ai.avatar.generator.maker&hl=en&gl=us","ok","2026-05-31T02:52:57.511Z"
"avatar_identity","dress.up.yoyo.dollify.monster.girl.maker2","YoYa: Doll Avatar Maker","YoYa World","Casual","4.3480177","47137","3039","10,000,000+","10000000","16335067","yes","0","Free","USD","yes","$0.99 - $9.99 per item","yes","no","free_download|offers_iap|ad_supported","https://www.yoyaworld.com/","https://www.yoyaworld.com/dressup/privacy_policy.html","https://play.google.com/store/apps/details?id=dress.up.yoyo.dollify.monster.girl.maker2&hl=en&gl=us","ok","2026-05-31T02:52:57.786Z"
"avatar_identity","com.melemoe.avatarmake","Anime Avatar Maker 2","Kitten Doll HK","Casual","4.4155407","29194","1091","5,000,000+","5000000","6854565","yes","0","Free","USD","yes","$1.99 - $26.99 per item","yes","no","free_download|offers_iap|ad_supported","https://moedressup.com","https://push.obs.cn-east-3.myhuaweicloud.com:443/haiwai.html","https://play.google.com/store/apps/details?id=com.melemoe.avatarmake&hl=en&gl=us","ok","2026-05-31T02:52:58.377Z"
"avatar_identity","com.dressup.vlinder.monster.doll.avatar.maker","Magic Elves: Anime OC Avatar","31 Dress up Games","Casual","4.2","654","50","100,000+","100000","259172","yes","0","Free","USD","no","","no","no","free_download","http://www.31gamestudio.com/","https://www.31gamestudio.com/privacy-policy.html","https://play.google.com/store/apps/details?id=com.dressup.vlinder.monster.doll.avatar.maker&hl=en&gl=us","ok","2026-05-31T02:52:58.619Z"
"avatar_identity","gsize.Avatar","in3D: Avatar Creator Pro","in3D","Entertainment","4.08","2920","29","100,000+","100000","333740","yes","0","Free","USD","yes","$9.99 - $179.99 per item","no","no","free_download|offers_iap","https://in3d.io/","https://in3d.io/docs/privacy-policy/","https://play.google.com/store/apps/details?id=gsize.Avatar&hl=en&gl=us","ok","2026-05-31T02:52:58.874Z"
"avatar_identity","com.madoGames.roxiegirl","Roxie Girl anime avatar maker","MADO Games","Casual","3.73","3489","176","500,000+","500000","965712","yes","0","Free","USD","yes","$1.60 per item","yes","no","free_download|offers_iap|ad_supported","https://www.playmadogames.com/","https://www.playmadogames.com/privacy-policy-roxiegirl","https://play.google.com/store/apps/details?id=com.madoGames.roxiegirl&hl=en&gl=us","ok","2026-05-31T02:52:59.146Z"
"avatar_identity","com.melemoe.aidomake","Anime Avatar Maker Creator","Kitten Doll HK","Casual","4.072727","15785","579","5,000,000+","5000000","6695795","yes","0","Free","USD","yes","$1.99 - $4.99 per item","yes","no","free_download|offers_iap|ad_supported","https://moedressup.com","https://dressdiary-outsea-1254205301.file.myqcloud.com/KittenDollHK.html","https://play.google.com/store/apps/details?id=com.melemoe.aidomake&hl=en&gl=us","ok","2026-05-31T02:52:59.418Z"
"avatar_identity","face.cartoon.picture.editor.emoji","Avatoon® - Avatar Maker","IdeaLabs.","Entertainment","4.684484","1101245","35668","50,000,000+","50000000","56445135","yes","0","Free","USD","yes","$0.99 - $59.99 per item","yes","no","free_download|offers_iap|ad_supported","https://www.avatoon.me","https://idealabs.mobi/privacy-policy","https://play.google.com/store/apps/details?id=face.cartoon.picture.editor.emoji&hl=en&gl=us","ok","2026-05-31T02:53:00.000Z"
"avatar_identity","com.mirrorai.app","Mirror: Emoji maker, Stickers","Mirror AI","Personalization","4.2541227","175780","5602","10,000,000+","10000000","21649104","yes","0","Free","USD","yes","$3.99 - $44.99 per item","yes","no","free_download|offers_iap|ad_supported","https://mirror-ai.com","https://www.mirror-ai.com/privacy","https://play.google.com/store/apps/details?id=com.mirrorai.app&hl=en&gl=us","ok","2026-05-31T02:53:00.297Z"
"avatar_identity","com.teatime.Lovetoon","LoveToon: Avatar Dress Up Game","TEATIME","Simulation","4.55","2148","32","100,000+","100000","136202","yes","0","Free","USD","yes","$0.99 - $15.99 per item","yes","no","free_download|offers_iap|ad_supported","https://teatimestart.github.io/","https://docs.google.com/document/d/1GTlwgus7MozUkRQicQFFf00GjJEA43KH71p4jIO4P2Y/edit?usp=sharing","https://play.google.com/store/apps/details?id=com.teatime.Lovetoon&hl=en&gl=us","ok","2026-05-31T02:53:00.528Z"
"avatar_identity","com.everskies.app","Everskies: Virtual Dress up","Pocket Worlds","Role Playing","4.471827","167939","4162","10,000,000+","10000000","10473115","yes","0","Free","USD","yes","$0.99 - $99.99 per item","yes","no","free_download|offers_iap|ad_supported","https://everskies.com","https://everskies.com/page/privacy-policy","https://play.google.com/store/apps/details?id=com.everskies.app&hl=en&gl=us","ok","2026-05-31T02:53:00.799Z"
"avatar_identity","com.oneup.avatar.maker.dressup.anime.makeup.game","Avatar Maker : Dress Up Girl","Oneup IT Solution","Casual","0","0","0","10,000+","10000","10849","yes","0","Free","USD","yes","$0.99 - $1.99 per item","yes","no","free_download|offers_iap|ad_supported","https://oneupapps.oneupitsolution.com/avatarmaker","https://oneupapps.oneupitsolution.com/avatarmaker/privacy-policy.html","https://play.google.com/store/apps/details?id=com.oneup.avatar.maker.dressup.anime.makeup.game&hl=en&gl=us","ok","2026-05-31T02:53:01.060Z"
"avatar_identity","com.MoonArtGlitch.CuteAvatarMaker","Cute Avatar Maker","MoonArtGlitch","Simulation","3.1666667","27","3","5,000+","5000","6547","yes","0","Free","USD","no","","yes","no","free_download|ad_supported","https://moonartglitch.com/","https://moonartglitch.com/politica-de-privacidad/","https://play.google.com/store/apps/details?id=com.MoonArtGlitch.CuteAvatarMaker&hl=en&gl=us","ok","2026-05-31T02:53:01.737Z"
"avatar_identity","net.wrightflyer.le.reality","REALITY-Become an Anime Avatar","REALITY, Inc.","Social","3.633479","105646","7708","10,000,000+","10000000","12596176","yes","0","Free","USD","yes","$0.29 - $99.99 per item","yes","no","free_download|offers_iap|ad_supported","https://reality.app/","https://reality.app/legal/privacy_policy_android.html","https://play.google.com/store/apps/details?id=net.wrightflyer.le.reality&hl=en&gl=us","ok","2026-05-31T02:53:01.987Z"
"avatar_identity","com.avatar.maker.anime.style.creator","Anime Couple & Avatar Maker","Funny Plays","Entertainment","","","","1,000,000+","1000000","1025786","yes","0","Free","USD","no","","yes","no","free_download|ad_supported","http://funnystore.pro.vn/","http://funnystore.pro.vn/privacy-policy.html?app=Avatar%20Maker:%20Anime%20Style&store=Funny%20Plays","https://play.google.com/store/apps/details?id=com.avatar.maker.anime.style.creator&hl=en&gl=us","ok","2026-05-31T02:53:02.224Z"
"avatar_identity","com.nftmaker.nftcreator.artmaker.pixelart","Bored Ape Creator Avatar Maker","Coloring For All","Casual","4.6764708","295","5","50,000+","50000","67605","yes","0","Free","USD","yes","$2.99 - $4.99 per item","yes","no","free_download|offers_iap|ad_supported","https://coloringforall.herokuapp.com/","https://docs.google.com/document/d/1x--y6zXbxt4ZnSHrw4E8GKZgd7_WEjlPxkGWXDB_Zxk/edit","https://play.google.com/store/apps/details?id=com.nftmaker.nftcreator.artmaker.pixelart&hl=en&gl=us","ok","2026-05-31T02:53:02.543Z"
"avatar_identity","com.oc.pony.ponymaker.create","Pony OC: Avatar Maker","Image Manufactory","Casual","","","","500,000+","500000","675010","yes","0","Free","USD","no","","yes","no","free_download|ad_supported","https://manufactory-app.blogspot.com/","https://sites.google.com/view/pony-maker-magic-pony-creator","https://play.google.com/store/apps/details?id=com.oc.pony.ponymaker.create&hl=en&gl=us","ok","2026-05-31T02:53:02.906Z"
"avatar_identity","com.arumgames.wishavatardressup","Wish: Avatar Dress Up","Arumgames","Simulation","3.5365853","953","17","100,000+","100000","105745","yes","0","Free","USD","yes","$0.49 - $104.99 per item","yes","no","free_download|offers_iap|ad_supported","https://arumgames.com/","https://arumgames.com/info.html","https://play.google.com/store/apps/details?id=com.arumgames.wishavatardressup&hl=en&gl=us","ok","2026-05-31T02:53:03.403Z"
"avatar_identity","com.bitstrips.imoji","Bitmoji","Bitmoji","Entertainment","4.473264","3639749","404603","100,000,000+","100000000","313090125","yes","0","Free","USD","no","","no","no","free_download","https://www.bitmoji.com","https://www.snap.com/privacy/privacy-policy/","https://play.google.com/store/apps/details?id=com.bitstrips.imoji&hl=en&gl=us","ok","2026-05-31T02:53:03.679Z"
"avatar_identity","jp.gugenka.makeavatar","MakeAvatar","Gugenka Inc.","Entertainment","2.44","381","75","100,000+","100000","112182","yes","0","Free","USD","yes","$0.49 - $249.99 per item","no","no","free_download|offers_iap","https://gugenka.jp/","https://gugenka.jp/sitepolicy","https://play.google.com/store/apps/details?id=jp.gugenka.makeavatar&hl=en&gl=us","ok","2026-05-31T02:53:03.966Z"
"avatar_identity","air.com.inline.blacklollipop","Black Lollipop: Avatar Maker","Inline planning Co., Ltd.","Simulation","4.26","3418","221","500,000+","500000","722778","yes","0","Free","USD","no","","yes","no","free_download|ad_supported","https://inline.co.jp/","https://inline.co.jp/privacy/","https://play.google.com/store/apps/details?id=air.com.inline.blacklollipop&hl=en&gl=us","ok","2026-05-31T02:53:04.243Z"
"avatar_identity","com.artsaistudio.aiavatar","ArtMe - AI Avatar Maker","AI Art Studio SZ","Art & Design","3","51","12","5,000+","5000","5998","yes","0","Free","USD","yes","$0.99 - $2.99 per item","no","no","free_download|offers_iap","","https://arts-aiavatar.web.app/privacy.html","https://play.google.com/store/apps/details?id=com.artsaistudio.aiavatar&hl=en&gl=us","ok","2026-05-31T02:53:04.515Z"
"avatar_identity","com.skinmaker.avatarmaker.creator.custom","Avatar Maker: Skin Creator","Sekhmet Flame","Entertainment","0","0","0","5,000+","5000","5533","yes","0","Free","USD","no","","yes","no","free_download|ad_supported","https://ibestpdf.com","https://ibestpdf.com/privacy-policy.html?app=Avatar%20Maker:%20Skin%20Creator&store=SEKHMET%20FLAME","https://play.google.com/store/apps/details?id=com.skinmaker.avatarmaker.creator.custom&hl=en&gl=us","ok","2026-05-31T02:53:04.753Z"
"avatar_identity","com.tc.picrew.me","Picrew PFP & OC Maker","TETRACHROMA INC.","Art & Design","4.337152","38066","1347","1,000,000+","1000000","2346538","yes","0","Free","USD","yes","$1.99 - $39.99 per item","yes","no","free_download|offers_iap|ad_supported","https://picrew.me/","https://picrew.me/privacy/","https://play.google.com/store/apps/details?id=com.tc.picrew.me&hl=en&gl=us","ok","2026-05-31T02:53:05.022Z"
"avatar_identity","com.frikapps.FatumCards","Fatum Character Creator Deck","frikapps","Entertainment","4.59375","96","16","1,000+","1000","1582","no","2.99","$2.99","USD","yes","$1.49 - $7.99 per item","no","no","paid_download|offers_iap","https://www.frikapps.com/","https://www.frikapps.com/fatum-privacy-policy","https://play.google.com/store/apps/details?id=com.frikapps.FatumCards&hl=en&gl=us","ok","2026-05-31T02:53:05.312Z"
"avatar_identity","com.OOZOOGORAE.CharacterMaker","Character Maker: Dress-up Game","OOZOOGORAE","Casual","4.335172","80294","3631","10,000,000+","10000000","11492421","yes","0","Free","USD","yes","$0.99 - $15.99 per item","yes","no","free_download|offers_iap|ad_supported","http://oozoogorae.blogspot.com","https://blog.naver.com/oozoogorae/222016154151","https://play.google.com/store/apps/details?id=com.OOZOOGORAE.CharacterMaker&hl=en&gl=us","ok","2026-05-31T02:53:05.576Z"
"avatar_identity","com.charactercraft.renanmgs","Character Craft 5.5e","MGS_Studios","Entertainment","4.037736","124","39","10,000+","10000","16766","yes","0","Free","USD","yes","$2.99 - $5.00 per item","no","no","free_download|offers_iap","https://renanmgs.github.io/CharacterCraft_5.5e_Public/","https://renanmgs.github.io/CharacterCraft_5.5e_Public/privacy-policy.html","https://play.google.com/store/apps/details?id=com.charactercraft.renanmgs&hl=en&gl=us","ok","2026-05-31T02:53:05.817Z"
"avatar_identity","com.stickermobi.avatarmaker","Neku: OC character creator","Neku Avatar Studio","Entertainment","4.688655","389615","11116","10,000,000+","10000000","22564490","yes","0","Free","USD","yes","$0.99 - $45.99 per item","yes","no","free_download|offers_iap|ad_supported","https://avatar.zthd.io","https://avatar.zthd.io/Privacy-Terms/","https://play.google.com/store/apps/details?id=com.stickermobi.avatarmaker&hl=en&gl=us","ok","2026-05-31T02:53:06.111Z"
"avatar_identity","ai.character.app","Character AI: Chat, Talk, Text","Character.AI","Entertainment","1.9995672","2314023","78808","50,000,000+","50000000","66260332","yes","0","Free","USD","yes","$0.99 - $94.99 per item","yes","no","free_download|offers_iap|ad_supported","https://character.ai/","https://policies.character.ai/privacy","https://play.google.com/store/apps/details?id=ai.character.app&hl=en&gl=us","ok","2026-05-31T02:53:06.609Z"
"avatar_identity","com.plotgen.rramirez.plotgenerator","Auctor: Character Generator","AuctorApp","Books & Reference","4.2151165","33899","2442","1,000,000+","1000000","2002862","yes","0","Free","USD","no","","yes","no","free_download|ad_supported","https://appforwriters.com/","https://privacypolicies.com/privacy/view/117660b2a46c1e5f969bee4277e6c180","https://play.google.com/store/apps/details?id=com.plotgen.rramirez.plotgenerator&hl=en&gl=us","ok","2026-05-31T02:53:06.882Z"
"avatar_identity","air.com.lunime.gachalife2","Gacha Life 2","Lunime","Casual","4.177419","271005","14602","10,000,000+","10000000","34576292","yes","0","Free","USD","no","","yes","no","free_download|ad_supported","https://www.Lunime.com","https://lunime.com/privacypolicy/","https://play.google.com/store/apps/details?id=air.com.lunime.gachalife2&hl=en&gl=us","ok","2026-05-31T02:53:07.157Z"
"avatar_identity","com.live.avatar","Avatar Character: Girl Creator","Anime Dress Up Games","Casual","4.3465347","2935","71","500,000+","500000","887634","yes","0","Free","USD","no","","yes","no","free_download|ad_supported","https://anime.girls.co.com","https://anime.girls.co.com/privacy-policy.html","https://play.google.com/store/apps/details?id=com.live.avatar&hl=en&gl=us","ok","2026-05-31T02:53:07.444Z"
"avatar_identity","com.Ghoulkiss.MonsterGirlMaker2","Monster Girl Maker 2","GHOULKISS","Casual","4.346843","37697","3735","5,000,000+","5000000","5616837","yes","0","Free","USD","yes","$2.49 per item","no","no","free_download|offers_iap","https://ghoulkiss.com/","https://www.privacypolicies.com/privacy/view/929ca7252b201c6be1e29b268bc9c1e1","https://play.google.com/store/apps/details?id=com.Ghoulkiss.MonsterGirlMaker2&hl=en&gl=us","ok","2026-05-31T02:53:07.731Z"
"avatar_identity","com.wgkammerer.testgui.basiccharactersheet.app","Fifth Edition Character Sheet","Walter Kammerer","Role Playing","4.470076","38342","9788","1,000,000+","1000000","2645971","yes","0","Free","USD","yes","$2.99 per item","yes","no","free_download|offers_iap|ad_supported","http://kammerersoftware.com","http://kammerersoftware.com/privacy.html","https://play.google.com/store/apps/details?id=com.wgkammerer.testgui.basiccharactersheet.app&hl=en&gl=us","ok","2026-05-31T02:53:08.022Z"
"avatar_identity","com.Ghoulkiss.MonsterGirlMaker","Monster Girl Maker","GHOULKISS","Casual","4.304386","49565","4959","5,000,000+","5000000","6385135","yes","0","Free","USD","yes","$2.49 per item","no","no","free_download|offers_iap","http://ghoulkiss.com","https://privacypolicies.com/privacy/view/f91c8ac18ea099bfa33ff9eac0abbc9f","https://play.google.com/store/apps/details?id=com.Ghoulkiss.MonsterGirlMaker&hl=en&gl=us","ok","2026-05-31T02:53:08.281Z"
"avatar_identity","com.oc.maker.create.avatar2","OC Maker: Avatar Maker V2","DigiRush Tech","Casual","","","","100,000+","100000","276300","yes","0","Free","USD","no","","yes","no","free_download|ad_supported","https://maberikopazeny.blogspot.com/","https://sites.google.com/view/oc-maker-avatar-maker2/","https://play.google.com/store/apps/details?id=com.oc.maker.create.avatar2&hl=en&gl=us","ok","2026-05-31T02:53:08.566Z"
"avatar_identity","com.fpe.student.teacher.oc.maker","FPE Character Creator","SIN PHU DEV","Art & Design","3.4202898","408","28","500,000+","500000","836996","yes","0","Free","USD","no","","yes","no","free_download|ad_supported","https://phutrongsin.blogspot.com/","https://sites.google.com/view/fpe-character-creator/","https://play.google.com/store/apps/details?id=com.fpe.student.teacher.oc.maker&hl=en&gl=us","ok","2026-05-31T02:53:08.801Z"
"avatar_identity","de.lilac.vampire_v5_character_creator","Vampire v5 Characters","Anne Bullert","Tools","4.74","750","114","50,000+","50000","74050","yes","0","Free","USD","no","","no","no","free_download","","https://docs.google.com/document/d/18Oxys8GVzScGvRbTCPwmh5_gTJAc5e5n7d0X9x41EGM","https://play.google.com/store/apps/details?id=de.lilac.vampire_v5_character_creator&hl=en&gl=us","ok","2026-05-31T02:53:09.108Z"
"avatar_identity","com.seyeonsoft.style","Lily Style : Dress Up Game","SeyeonSoft","Casual","4.267327","9205","132","1,000,000+","1000000","4589410","yes","0","Free","USD","yes","$1.49 - $3.99 per item","yes","no","free_download|offers_iap|ad_supported","http://www.seyeonsoft.kr","http://www.seyeonsoft.kr/notice/?uid=2&mod=document&pageid=1","https://play.google.com/store/apps/details?id=com.seyeonsoft.style&hl=en&gl=us","ok","2026-05-31T02:53:09.459Z"
"avatar_identity","com.denchi.vtubestudio","VTube Studio","Denchi","Entertainment","3.27","10274","431","1,000,000+","1000000","3243699","yes","0","Free","USD","yes","$12.99 - $13.99 per item","no","no","free_download|offers_iap","https://denchisoft.com/","https://github.com/DenchiSoft/VTubeStudio","https://play.google.com/store/apps/details?id=com.denchi.vtubestudio&hl=en&gl=us","ok","2026-05-31T02:53:09.738Z"
"avatar_identity","jp.customcast.cc2","CUSTOM CAST","Custom Cast, Inc.","Entertainment","3.3834746","38821","2791","5,000,000+","5000000","5880538","yes","0","Free","USD","yes","$0.99 - $84.99 per item","yes","no","free_download|offers_iap|ad_supported","http://customcast.jp/","https://customcast.jp/privacy/en/","https://play.google.com/store/apps/details?id=jp.customcast.cc2&hl=en&gl=us","ok","2026-05-31T02:53:09.986Z"
"avatar_identity","com.prism.live","PRISM Live Studio: Games & IRL","NAVER Corp.","Video Players & Editors","4.3945146","114302","1520","10,000,000+","10000000","10732048","yes","0","Free","USD","yes","$9.99 - $79.99 per item","no","no","free_download|offers_iap","http://prismlive.com","https://prismlive.com/en_us/policy/privacy_content.html","https://play.google.com/store/apps/details?id=com.prism.live&hl=en&gl=us","ok","2026-05-31T02:53:10.293Z"
"avatar_identity","net.ftg.vbeat","Vbeat -VTuber Rhythm game-","幻想テクノロギア","Music","4.3333335","141","9","10,000+","10000","23751","yes","0","Free","USD","yes","$4.99 - $5.49 per item","yes","no","free_download|offers_iap|ad_supported","https://f-tg.net","https://f-tg.net/vbeat/privacy/","https://play.google.com/store/apps/details?id=net.ftg.vbeat&hl=en&gl=us","ok","2026-05-31T02:53:10.551Z"
"coaching","com.spark.sparkApp","Spark: Life Coaching For All","Mindpurpose","Business","0","0","0","100+","100","191","yes","0","Free","USD","yes","$4.99 - $54.99 per item","no","no","free_download|offers_iap","https://sparkapp.in/","https://sparkapp.in/privacypolicy","https://play.google.com/store/apps/details?id=com.spark.sparkApp&hl=en&gl=us","ok","2026-05-31T02:53:10.799Z"
"coaching","com.lifecoachhub.app","Life Coach Hub Coaching App","Life Coach Hub","Productivity","","","","500+","500","592","yes","0","Free","USD","no","","no","no","free_download","https://lifecoachhub.com","https://lifecoachhub.com/privacy-policy","https://play.google.com/store/apps/details?id=com.lifecoachhub.app&hl=en&gl=us","ok","2026-05-31T02:53:11.047Z"
"coaching","com.mobizion.coach","AI Life Coach & Goal Tracker","Mobizion Games","Productivity","0","0","0","500+","500","543","yes","0","Free","USD","no","","no","no","free_download","https://lifecoachingapp.com","https://lifecoachingapp.com/privacy-policy/","https://play.google.com/store/apps/details?id=com.mobizion.coach&hl=en&gl=us","ok","2026-05-31T02:53:11.387Z"
"coaching","au.thelifecoachingcollege.tlcc","The Life Coaching College","The Life Coaching College","Education","","","","100+","100","409","yes","0","Free","USD","no","","no","no","free_download","https://thelifecoachingcollege.com.au/","https://thelifecoachingcollege.com.au/privacy-policy/","https://play.google.com/store/apps/details?id=au.thelifecoachingcollege.tlcc&hl=en&gl=us","ok","2026-05-31T02:53:11.627Z"
"coaching","com.bemylifecoach.userapp","Be My Life Coach","BMLC","Lifestyle","","","","100+","100","252","yes","0","Free","USD","no","","no","no","free_download","https://app.bemylifecoach.com","https://app.bemylifecoach.com/api/privacy","https://play.google.com/store/apps/details?id=com.bemylifecoach.userapp&hl=en&gl=us","ok","2026-05-31T02:53:11.886Z"
"coaching","com.way4app.successwizard","Success Coach - Life Planner","Success Wizard","Productivity","4.39","777","65","100,000+","100000","133773","yes","0","Free","USD","yes","$5.99 - $59.99 per item","no","no","free_download|offers_iap","https://SuccessWizard.com","https://successwizard.com/privacy","https://play.google.com/store/apps/details?id=com.way4app.successwizard&hl=en&gl=us","ok","2026-05-31T02:53:12.162Z"
"coaching","air.com.intuitivelifecoachingwithkelly.coaching","Intuitive Life Coaching Oracle","Indie Goes Software","Lifestyle","4.58","3746","796","100,000+","100000","172095","yes","0","Free","USD","yes","$9.99 per item","no","no","free_download|offers_iap","http://www.indie-goes.com","https://www.indie-goes.com/privacy-policy/","https://play.google.com/store/apps/details?id=air.com.intuitivelifecoachingwithkelly.coaching&hl=en&gl=us","ok","2026-05-31T02:53:12.549Z"
"coaching","com.coachbit.mobile","Coachbit: Life & Study Skills","Coachbit, Inc.","Education","3.75","77","25","10,000+","10000","10851","yes","0","Free","USD","no","","no","no","free_download","https://coachbit.com/","https://coachbit.com/privacy-policy","https://play.google.com/store/apps/details?id=com.coachbit.mobile&hl=en&gl=us","ok","2026-05-31T02:53:12.774Z"
"coaching","com.edufii","CoachNow: Sports Coaching App","Golf Genius Mobile","Sports","4.49","1726","219","100,000+","100000","251892","yes","0","Free","USD","yes","$0.99 - $499.99 per item","no","no","free_download|offers_iap","https://coachnow.io/","https://coachnow.io/privacy-policy","https://play.google.com/store/apps/details?id=com.edufii&hl=en&gl=us","ok","2026-05-31T02:53:13.078Z"
"coaching","com.bsport_721__5713","STRONGER.LIFE COACHING","Stronger.Life Coaching","Health & Fitness","","","","10+","10","10","yes","0","Free","USD","no","","no","no","free_download","","https://backoffice.bsport.io/privacy-policy/2698","https://play.google.com/store/apps/details?id=com.bsport_721__5713&hl=en&gl=us","ok","2026-05-31T02:53:13.322Z"
"coaching","com.app.selfpause","Selfpause: AI Life Coach","Selfpause LLC","Health & Fitness","4.019802","1331","104","100,000+","100000","114120","yes","0","Free","USD","yes","$6.49 - $399.99 per item","no","no","free_download|offers_iap","https://selfpause.com","https://selfpause.com/privacy-policy/","https://play.google.com/store/apps/details?id=com.app.selfpause&hl=en&gl=us","ok","2026-05-31T02:53:13.586Z"
"coaching","com.coachforlife.courses","Coach For Life","Coach For Life","Education","0","0","0","10,000+","10000","25698","yes","0","Free","USD","no","","no","no","free_download","https://learn.coachforlife.in/","https://learn.coachforlife.in/privacypolicy","https://play.google.com/store/apps/details?id=com.coachforlife.courses&hl=en&gl=us","ok","2026-05-31T02:53:13.824Z"
"coaching","com.hapday.healthy.solutions.hapday","Hapday - AI Life Coach","HAPDAY","Health & Fitness","4","124","4","10,000+","10000","18390","yes","0","Free","USD","yes","$1.99 - $69.99 per item","no","no","free_download|offers_iap","https://hapday.app","https://hapday.app/hapday-privacy-policy/","https://play.google.com/store/apps/details?id=com.hapday.healthy.solutions.hapday&hl=en&gl=us","ok","2026-05-31T02:53:14.101Z"
"coaching","app.clarivia.coaching_log","Coaching Log (ICF Coaches)","Clarivia Inc.","Business","","","","100+","100","470","yes","0","Free","USD","yes","$4.99 - $49.99 per item","no","no","free_download|offers_iap","https://www.clarivia.com/apps/coaching-log","https://www.clarivia.app/privacy","https://play.google.com/store/apps/details?id=app.clarivia.coaching_log&hl=en&gl=us","ok","2026-05-31T02:53:14.340Z"
"coaching","com.vamapps.thecoach","The Coach: Men’s Health & Life","VAM APPS Co","Health & Fitness","4.69","2776","197","100,000+","100000","319424","yes","0","Free","USD","yes","$9.99 - $49.99 per item","no","no","free_download|offers_iap","https://the.coach","https://the.coach/privacy_policy","https://play.google.com/store/apps/details?id=com.vamapps.thecoach&hl=en&gl=us","ok","2026-05-31T02:53:14.962Z"
"coaching","com.pozopic4nmlm.p2h0n4pq2app","VO Life Coach","Rider VO","Education","","","","100+","100","197","yes","0","Free","USD","no","","no","no","free_download","","https://volifecoach.passion.io/privacy-policy","https://play.google.com/store/apps/details?id=com.pozopic4nmlm.p2h0n4pq2app&hl=en&gl=us","ok","2026-05-31T02:53:15.190Z"
"coaching","com.trainerize.weddyshreddy1","Fit For Life Coaching","CBA-Pro1","Health & Fitness","0","0","0","50+","50","51","yes","0","Free","USD","no","","no","no","free_download","http://weddyshreddy.trainerize.com/","https://www.trainerize.com/privacy/","https://play.google.com/store/apps/details?id=com.trainerize.weddyshreddy1&hl=en&gl=us","ok","2026-05-31T02:53:15.538Z"
"coaching","com.turskyi.lifecoach","Life-Coaching AI","Dmytro Turskyi","Productivity","0","0","0","100+","100","316","yes","0","Free","USD","no","","no","no","free_download","https://lifecoaching-ai.com","https://lifecoaching-ai.com/privacy-android","https://play.google.com/store/apps/details?id=com.turskyi.lifecoach&hl=en&gl=us","ok","2026-05-31T02:53:15.833Z"
"coaching","com.slftok.sixthousandthoughts","6000 thoughts | AI Life Coach","6000thoughts","Health & Fitness","3.9","430","71","50,000+","50000","72360","yes","0","Free","USD","no","","no","no","free_download","https://6000thoughts.com","https://6000thoughts.notion.site/6000thoughts/Privacy-Policy-33cae87c8147440598df96618e140eac","https://play.google.com/store/apps/details?id=com.slftok.sixthousandthoughts&hl=en&gl=us","ok","2026-05-31T02:53:16.075Z"
"coaching","com.habit.development.ReadyApp","ADY AI Life Coach, Habit Share","Ready Apps LLC","Productivity","0","0","0","500+","500","902","yes","0","Free","USD","yes","$4.99 - $99.99 per item","no","no","free_download|offers_iap","https://www.theready.app/","https://www.theready.app/privacy","https://play.google.com/store/apps/details?id=com.habit.development.ReadyApp&hl=en&gl=us","ok","2026-05-31T02:53:16.385Z"
"coaching","az.tribe.lifeplanner","Life Planner: AI Coach","Tribe Apps","Lifestyle","","","","100+","100","128","yes","0","Free","USD","no","","no","no","free_download","","https://lifeplanner.tribe.az/privacy-policy","https://play.google.com/store/apps/details?id=az.tribe.lifeplanner&hl=en&gl=us","ok","2026-05-31T02:53:16.655Z"
"coaching","com.elcoach.me","ElCoach - Workout & Meal plans","ElCoach, Inc","Health & Fitness","4.13","13447","106","1,000,000+","1000000","1973274","yes","0","Free","USD","yes","$0.49 - $79.99 per item","no","no","free_download|offers_iap","https://elcoach.me","https://elcoach.me/privacy","https://play.google.com/store/apps/details?id=com.elcoach.me&hl=en&gl=us","ok","2026-05-31T02:53:16.946Z"
"coaching","com.mightybell.coachforlife","Coach for Life","Mighty Networks","Sports","","","","10+","10","24","yes","0","Free","USD","no","","no","no","free_download","https://game-changers-c4l.mn.co/","https://www.mightynetworks.com/privacy-policy","https://play.google.com/store/apps/details?id=com.mightybell.coachforlife&hl=en&gl=us","ok","2026-05-31T02:53:17.214Z"
"coaching","com.tagmango.rvlifecoaching","RV Life Coaching","TagMango, Inc","Education","","","","1,000+","1000","4558","yes","0","Free","USD","no","","no","no","free_download","","https://magic.rajithavanga.com/privacy","https://play.google.com/store/apps/details?id=com.tagmango.rvlifecoaching&hl=en&gl=us","ok","2026-05-31T02:53:17.546Z"
"coaching","com.lifesgoodcoaching.app","Life’s Good Coaching","Life's Good Coaching","Health & Fitness","","","","100+","100","194","yes","0","Free","USD","no","","no","no","free_download","https://members.lifesgoodcoaching.com","https://members.lifesgoodcoaching.com/privacy-policy/","https://play.google.com/store/apps/details?id=com.lifesgoodcoaching.app&hl=en&gl=us","ok","2026-05-31T02:53:17.783Z"
"coaching","com.shaybetter","HerPocket Coach™:AI Love Coach","Shay Better, LLC","Lifestyle","3.9807692","59","20","10,000+","10000","24602","yes","0","Free","USD","yes","$9.99 - $499.99 per item","no","no","free_download|offers_iap","https://shayyourlovediva.com/","https://shayyourlovediva.com/privacy-policy/","https://play.google.com/store/apps/details?id=com.shaybetter&hl=en&gl=us","ok","2026-05-31T02:53:18.448Z"
"coaching","com.kahunas.io.LiftYourLifeCoaching","Lift Your Life Coaching","Kahunasio","Health & Fitness","","","","10+","10","37","yes","0","Free","USD","no","","no","no","free_download","","https://kahunas.io/privacy/758b0cbd-74d3-4bdc-bc7a-48b1498904f1","https://play.google.com/store/apps/details?id=com.kahunas.io.LiftYourLifeCoaching&hl=en&gl=us","ok","2026-05-31T02:53:18.717Z"
"coaching","pl.biokod.goodcoach","Good Coach App","Biokod Lab Sp. z o.o.","Health & Fitness","0","0","0","10,000+","10000","10233","yes","0","Free","USD","no","","no","no","free_download","https://goodcoach.app","https://goodcoach.app/privacy_en.html","https://play.google.com/store/apps/details?id=pl.biokod.goodcoach&hl=en&gl=us","ok","2026-05-31T02:53:18.980Z"
"coaching","com.gymbros.app","Liftoff - Ranked Gym Workouts","GymBros Inc.","Health & Fitness","4.762022","48498","837","1,000,000+","1000000","1301592","yes","0","Free","USD","yes","$0.99 - $99.99 per item","no","no","free_download|offers_iap","https://getgymbros.com","https://info.getgymbros.com/en/privacy","https://play.google.com/store/apps/details?id=com.gymbros.app&hl=en&gl=us","ok","2026-05-31T02:53:19.247Z"
"coaching","com.lyfta","Lyfta: Gym Log Workout Tracker","Lyfta Gym Workout Tracker","Health & Fitness","4.8256226","56384","269","1,000,000+","1000000","3509210","yes","0","Free","USD","yes","$5.00 - $79.99 per item","no","no","free_download|offers_iap","https://www.lyfta.app/","https://www.lyfta.app/general-5","https://play.google.com/store/apps/details?id=com.lyfta&hl=en&gl=us","ok","2026-05-31T02:53:19.639Z"
"coaching","com.coach360.foot","Coach 360 - Football","Coach 360","Sports","0","0","0","10,000+","10000","10951","yes","0","Free","USD","yes","$3.99 - $94.99 per item","no","no","free_download|offers_iap","https://football.coach-360.com","https://football.coach-360.com/politique-de-confidentialite/","https://play.google.com/store/apps/details?id=com.coach360.foot&hl=en&gl=us","ok","2026-05-31T02:53:19.907Z"
"coaching","ai.rocky.app","Executive Ready AI Coach Rocky","Rocky.ai","Business","3.99","410","37","100,000+","100000","140464","yes","0","Free","USD","yes","$0.99 - $99.00 per item","no","no","free_download|offers_iap","https://www.rocky.ai","https://www.rocky.ai/privacy-policy","https://play.google.com/store/apps/details?id=ai.rocky.app&hl=en&gl=us","ok","2026-05-31T02:53:20.549Z"
"coaching","com.coachkai.app","Coach Kai: AI Nutrition Coach","Infinite Token Labs","Health & Fitness","0","0","0","500+","500","572","yes","0","Free","USD","yes","$4.99 - $47.99 per item","no","no","free_download|offers_iap","https://www.coachkai.life/","https://www.coachkai.life/privacy","https://play.google.com/store/apps/details?id=com.coachkai.app&hl=en&gl=us","ok","2026-05-31T02:53:20.814Z"
"coaching","com.thecoachingrecord.app","The Coaching Record","The Coaching Record","Health & Fitness","","","","10+","10","15","yes","0","Free","USD","yes","$9.99 - $99.99 per item","no","no","free_download|offers_iap","https://thecoachingrecord.com/","https://thecoachingrecord.com/privacy/","https://play.google.com/store/apps/details?id=com.thecoachingrecord.app&hl=en&gl=us","ok","2026-05-31T02:53:21.053Z"
"coaching","com.visuelife.app","Visualife AI","Xeragus Technologies","Productivity","","","","10+","10","45","yes","0","Free","USD","yes","$4.99 - $29.99 per item","no","no","free_download|offers_iap","https://visuelife.com/","https://visualife.ai/privacy-and-security","https://play.google.com/store/apps/details?id=com.visuelife.app&hl=en&gl=us","ok","2026-05-31T02:53:21.341Z"
"coaching","co.tarly.onzco","Life Coach","Education Books Media","Education","","","","500+","500","694","yes","0","Free","USD","no","","no","no","free_download","https://classplusapp.com/privacy.html","https://privacy-policy.courses.store/onzco?defaultLanguage=EN","https://play.google.com/store/apps/details?id=co.tarly.onzco&hl=en&gl=us","ok","2026-05-31T02:53:21.636Z"
"coaching","com.p5l76tcxgcj9.pt3dq65sapp1","Virtual Voice Coach","Virtual Voice Coach","Education","3.3333333","17","3","5,000+","5000","7545","yes","0","Free","USD","yes","$0.49 - $400.00 per item","no","no","free_download|offers_iap","https://www.virtualvoice.coach","https://passion.io/privacy-policy","https://play.google.com/store/apps/details?id=com.p5l76tcxgcj9.pt3dq65sapp1&hl=en&gl=us","ok","2026-05-31T02:53:21.886Z"
"coaching","soccer.tutor.reader","Coach Viewer","SoccerTutor.com - The Soccer Coaching Specialists","Sports","3.5","594","7","100,000+","100000","112920","yes","0","Free","USD","no","","no","no","free_download","http://www.soccertutor.com","https://www.soccertutor.com/pages/privacy-policy","https://play.google.com/store/apps/details?id=soccer.tutor.reader&hl=en&gl=us","ok","2026-05-31T02:53:22.155Z"
"coaching","com.thelastingchange.app","Lasting Change: Mindset Coach","Health Score","Health & Fitness","4.27","592","79","10,000+","10000","19455","yes","0","Free","USD","no","","no","no","free_download","","https://thelastingchange.com/privacy","https://play.google.com/store/apps/details?id=com.thelastingchange.app&hl=en&gl=us","ok","2026-05-31T02:53:22.497Z"
"coaching","de.myfitcoach.tim.mfc","MyFitCoach - Workout Planner","MyFitCoach","Health & Fitness","4.4113474","7444","208","500,000+","500000","822843","yes","0","Free","USD","yes","$9.99 - $334.99 per item","no","no","free_download|offers_iap","https://www.myfitcoach.app","https://www.myfitcoach.app/privacy","https://play.google.com/store/apps/details?id=de.myfitcoach.tim.mfc&hl=en&gl=us","ok","2026-05-31T02:53:24.499Z"
"coaching","com.aumio.ally.study","Coaching App Studie","Aumio","Health & Fitness","","","","100+","100","270","yes","0","Free","USD","no","","no","no","free_download","https://www.ally.aumio.com/","https://www.ally.aumio.com/datenschutzerklaerung","https://play.google.com/store/apps/details?id=com.aumio.ally.study&hl=en&gl=us","ok","2026-05-31T02:53:24.775Z"
"coaching","com.app.turniniglifecoaching.turniniglifecoachingappn","TURNINIG LIFE COACHING","Orphosys Education Private Limited","Education","","","","100+","100","243","yes","0","Free","USD","no","","no","no","free_download","https://rajputcoachingacademy.com/","https://rajputcoachingacademy.com/static/media/android-wl-privacy-policy.html?digest=WyJUVVJOSU5JRyBMSUZFIENPQUNISU5HIiwgIlRlc3QtU2VyaWVzIl0=","https://play.google.com/store/apps/details?id=com.app.turniniglifecoaching.turniniglifecoachingappn&hl=en&gl=us","ok","2026-05-31T02:53:25.077Z"
"coaching","com.tuinfoapps.lifecoach","Life Coach App","yourinfoapps","Lifestyle","","","","100+","100","208","yes","0","Free","USD","no","","yes","no","free_download|ad_supported","","https://tuinfoapps1.blogspot.com","https://play.google.com/store/apps/details?id=com.tuinfoapps.lifecoach&hl=en&gl=us","ok","2026-05-31T02:53:25.322Z"
"coaching","com.hevy","Hevy - Gym Log Workout Tracker","Hevy Gym Workout Tracker","Health & Fitness","4.857669","224040","6131","5,000,000+","5000000","7078486","yes","0","Free","USD","yes","$2.99 - $74.99 per item","no","no","free_download|offers_iap","https://www.hevyapp.com","https://www.iubenda.com/privacy-policy/75379905","https://play.google.com/store/apps/details?id=com.hevy&hl=en&gl=us","ok","2026-05-31T02:53:25.560Z"
"coaching","com.unlimits.app","Unlimits AI Life coach & Goals","UNLIMITS FZ LLC","Lifestyle","","","","5,000+","5000","7804","yes","0","Free","USD","yes","$2.99 - $89.99 per item","no","no","free_download|offers_iap","https://unlimits.ai/","https://unlimits.com/privacypolicy/","https://play.google.com/store/apps/details?id=com.unlimits.app&hl=en&gl=us","ok","2026-05-31T02:53:25.866Z"
"coaching","com.alphalifestyle.app","One Life Coaching","","","","","","","","","","","","","","","","","lookup_failed","","","https://play.google.com/store/apps/details?id=com.alphalifestyle.app","error:App not found (404)","2026-05-31T02:53:26.066Z"
"coaching","com.gen.workoutme","BetterMe: Health Coaching","BetterMe Limited","Health & Fitness","4.463054","651366","38260","10,000,000+","10000000","45141510","yes","0","Free","USD","yes","$0.99 - $179.99 per item","no","no","free_download|offers_iap","https://betterme.world","https://betterme.world/privacy-policy","https://play.google.com/store/apps/details?id=com.gen.workoutme&hl=en&gl=us","ok","2026-05-31T02:53:26.343Z"
"coaching","com.maxworkoutcoach.workouttrainer.workouttrainer","Personal Training Coach","MaxTrainingTech","Health & Fitness","4.47","1452","261","100,000+","100000","238713","yes","0","Free","USD","yes","$0.99 - $34.99 per item","no","no","free_download|offers_iap","https://personaltrainingcoach.app","https://docs.google.com/document/d/e/2PACX-1vQr3wDG6L0Uv5znyoENuN_Gi_FadhPXcs5oD6qQ8_SMUXwG9U2FfFhEFwWg33LReEIUbGy52UhY7r2s/pub","https://play.google.com/store/apps/details?id=com.maxworkoutcoach.workouttrainer.workouttrainer&hl=en&gl=us","ok","2026-05-31T02:53:26.957Z"
"coaching","com.achijones.profootballcoach","Pro Football Coach","Coach Apps","Sports","4.12","1360","428","100,000+","100000","126639","yes","0","Free","USD","no","","no","no","free_download","https://www.reddit.com/r/FootballCoach/","http://coachapps.io/privacy.html","https://play.google.com/store/apps/details?id=com.achijones.profootballcoach&hl=en&gl=us","ok","2026-05-31T02:53:27.216Z"
"coaching","com.urbighosh.learners","Life Coach Urbi Ghosh","Urbi Ghosh","Education","","","","50+","50","58","yes","0","Free","USD","no","","no","no","free_download","https://urbighosh.graphy.com/","https://urbighosh.graphy.com/privacypolicy","https://play.google.com/store/apps/details?id=com.urbighosh.learners&hl=en&gl=us","ok","2026-05-31T02:53:27.480Z"
"mindfulness","com.spotlightsix.zentimerlite2","Insight Timer - Meditation App","Insight Network Inc","Health & Fitness","4.7080603","257831","20498","10,000,000+","10000000","11495667","yes","0","Free","USD","yes","$1.99 - $199.99 per item","no","no","free_download|offers_iap","https://insighttimer.com","https://insighttimer.com/privacypolicy","https://play.google.com/store/apps/details?id=com.spotlightsix.zentimerlite2&hl=en&gl=us","ok","2026-05-31T02:53:28.000Z"
"mindfulness","com.simplehabit.simplehabitapp","Simple Habit: Meditation","Ingenio, LLC","Health & Fitness","4.5883574","45186","4870","1,000,000+","1000000","2065945","yes","0","Free","USD","yes","$4.99 - $131.99 per item","no","no","free_download|offers_iap","https://www.simplehabit.com","https://www.simplehabit.com/privacy","https://play.google.com/store/apps/details?id=com.simplehabit.simplehabitapp&hl=en&gl=us","ok","2026-05-31T02:53:28.286Z"
"mindfulness","com.elevatelabs.geonosis","Balance: Meditation & Sleep","The Mind Company","Health & Fitness","4.643774","48149","3286","1,000,000+","1000000","3615455","yes","0","Free","USD","yes","$4.99 - $399.99 per item","no","no","free_download|offers_iap","https://themindcompany.com/apps/balance","http://www.balanceapp.com/balance-privacy.html","https://play.google.com/store/apps/details?id=com.elevatelabs.geonosis&hl=en&gl=us","ok","2026-05-31T02:53:28.592Z"
"mindfulness","meditofoundation.medito","Medito: Meditation & Sleep","Medito for Mindfulness, Meditation and Sleep","Health & Fitness","4.829099","40350","2171","1,000,000+","1000000","2708350","yes","0","Free","USD","no","","no","no","free_download","http://meditofoundation.org","https://meditofoundation.org/privacy","https://play.google.com/store/apps/details?id=meditofoundation.medito&hl=en&gl=us","ok","2026-05-31T02:53:28.939Z"
"mindfulness","uk.co.serenity.guided.meditation","Serenity: Guided Meditation","Olson Meditation and Mindfulness Apps","Health & Fitness","4.8537736","54666","2957","1,000,000+","1000000","2476417","yes","0","Free","USD","yes","$2.99 - $149.99 per item","no","no","free_download|offers_iap","https://serenitymeditations.co.uk","https://serenitymeditations.co.uk/privacy","https://play.google.com/store/apps/details?id=uk.co.serenity.guided.meditation&hl=en&gl=us","ok","2026-05-31T02:53:30.868Z"
"mindfulness","com.downdogapp.meditation","Meditation | Down Dog","Yoga Buddhi Co.","Health & Fitness","4.893773","58389","545","1,000,000+","1000000","1056681","yes","0","Free","USD","yes","$3.99 - $119.99 per item","no","no","free_download|offers_iap","https://meditation.downdogapp.com","https://www.downdogapp.com/privacy","https://play.google.com/store/apps/details?id=com.downdogapp.meditation&hl=en&gl=us","ok","2026-05-31T02:53:31.179Z"
"mindfulness","com.getsomeheadspace.android","Headspace: Sleep & Meditate","Headspace for Meditation, Mindfulness and Sleep","Health & Fitness","4.277583","339828","31722","10,000,000+","10000000","42097880","yes","0","Free","USD","yes","$4.99 - $119.99 per item","no","no","free_download|offers_iap","http://headspace.com","https://www.headspace.com/privacy-policy","https://play.google.com/store/apps/details?id=com.getsomeheadspace.android&hl=en&gl=us","ok","2026-05-31T02:53:31.625Z"
"mindfulness","com.calm.android","Calm - Sleep, Meditate, Relax","Calm.com, Inc.","Health & Fitness","4.465291","611569","63705","50,000,000+","50000000","69506706","yes","0","Free","USD","yes","$0.99 - $399.99 per item","no","no","free_download|offers_iap","http://www.calm.com","https://www.calm.com/privacy","https://play.google.com/store/apps/details?id=com.calm.android&hl=en&gl=us","ok","2026-05-31T02:53:31.918Z"
"mindfulness","com.subconscious.thrive","Atom: Meditation for Beginners","Atom : Being Present","Health & Fitness","4.7286654","42897","2313","1,000,000+","1000000","1184316","yes","0","Free","USD","yes","$3.00 - $120.00 per item","no","no","free_download|offers_iap","https://www.atomei.app/?utm_source=playstore","https://www.atomei.app/privacy-policy?utm_source=playstore","https://play.google.com/store/apps/details?id=com.subconscious.thrive&hl=en&gl=us","ok","2026-05-31T02:53:32.242Z"
"mindfulness","org.wakingup.android","Waking Up: Meditation & Wisdom","Waking Up LLC","Health & Fitness","4.6187344","41572","5380","1,000,000+","1000000","2104053","yes","0","Free","USD","yes","$7.99 - $209.99 per item","no","no","free_download|offers_iap","https://wakingup.com","https://samharris.org/privacy-policy/","https://play.google.com/store/apps/details?id=org.wakingup.android&hl=en&gl=us","ok","2026-05-31T02:53:33.144Z"
"mindfulness","com.nidraapp.yoga.sleep","Nidra : Sleep, Meditate, Relax","Habuild","Health & Fitness","0","0","0","5,000+","5000","5846","yes","0","Free","USD","no","","no","no","free_download","","https://doc-hosting.flycricket.io/nidra-sleep-meditate-relax/75e3aa8a-1046-4061-b348-bfca7b7e6147/privacy","https://play.google.com/store/apps/details?id=com.nidraapp.yoga.sleep&hl=en&gl=us","ok","2026-05-31T02:53:33.552Z"
"mindfulness","com.meditationmoments.meditationmoments","Meditation Moments","Meditation Moments B.V.","Health & Fitness","4.37","20214","114","1,000,000+","1000000","1310676","yes","0","Free","USD","yes","$5.99 - $56.99 per item","no","no","free_download|offers_iap","https://www.meditationmoments.com","https://meditationmoments.com/privacy-policy-page","https://play.google.com/store/apps/details?id=com.meditationmoments.meditationmoments&hl=en&gl=us","ok","2026-05-31T02:53:33.958Z"
"mindfulness","epixler.de.hypnobox_android","HypnoBox: Self Hypnosis, Sleep","HypnoBox GmbH","Health & Fitness","3.93","1893","193","100,000+","100000","287426","yes","0","Free","USD","yes","$0.99 - $69.99 per item","no","no","free_download|offers_iap","http://www.hypnobox.com","https://www.hypnobox.com/app-privacy/","https://play.google.com/store/apps/details?id=epixler.de.hypnobox_android&hl=en&gl=us","ok","2026-05-31T02:53:34.532Z"
"mindfulness","com.mindfulminuut.mindfulminuut","Mindful Minuut","Mindful Minuut","Health & Fitness","","","","1,000+","1000","2202","yes","0","Free","USD","no","","no","no","free_download","https://www.mindfulminuut.nl/app","https://app.mindfulminuut.nl/privacy","https://play.google.com/store/apps/details?id=com.mindfulminuut.mindfulminuut&hl=en&gl=us","ok","2026-05-31T02:53:34.796Z"
"mindfulness","com.meditation.elevenminute","Let's Meditate: Relax & Sleep","Let's Meditate Team","Health & Fitness","4.741062","68311","8173","1,000,000+","1000000","2416762","yes","0","Free","USD","yes","$2.49 - $100.00 per item","no","no","free_download|offers_iap","https://twitter.com/LetsMeditateApp","https://letsmeditate.co/terms","https://play.google.com/store/apps/details?id=com.meditation.elevenminute&hl=en&gl=us","ok","2026-05-31T02:53:35.043Z"
"mindfulness","com.petitbambou","Mindfulness with Petit BamBou","FeelVeryBien SAS","Health & Fitness","4.66","144632","286","10,000,000+","10000000","11787229","yes","0","Free","USD","yes","$9.99 - $79.99 per item","no","no","free_download|offers_iap","https://www.petitbambou.com","https://www.petitbambou.com/vie-privee","https://play.google.com/store/apps/details?id=com.petitbambou&hl=en&gl=us","ok","2026-05-31T02:53:35.381Z"
"mindfulness","app.meditasyon","Meditopia: Sleep & Meditation","Meditopia","Health & Fitness","4.484787","279932","1700","10,000,000+","10000000","22931358","yes","0","Free","USD","yes","$1.99 - $199.99 per item","no","no","free_download|offers_iap","http://meditopia.com","https://meditopia.com/en/privacy-policy/","https://play.google.com/store/apps/details?id=app.meditasyon&hl=en&gl=us","ok","2026-05-31T02:53:35.797Z"
"mindfulness","com.emdigital.jillianmichaels","Jillian Michaels | Fitness App","EM Digital LLC","Health & Fitness","4.4267783","5866","1055","500,000+","500000","909152","yes","0","Free","USD","yes","$3.99 - $149.99 per item","no","no","free_download|offers_iap","https://www.jillianmichaels.com","https://www.jillianmichaels.com/policies/privacy","https://play.google.com/store/apps/details?id=com.emdigital.jillianmichaels&hl=en&gl=us","ok","2026-05-31T02:53:36.100Z"
"mindfulness","com.ishafoundation.app","Sadhguru - Yoga & Meditation","Isha Foundation","Health & Fitness","4.8887095","155992","1618","5,000,000+","5000000","7863682","yes","0","Free","USD","yes","$6.00 - $60.00 per item","no","no","free_download|offers_iap","https://isha.sadhguru.org/","https://isha.sadhguru.org/privacy","https://play.google.com/store/apps/details?id=com.ishafoundation.app&hl=en&gl=us","ok","2026-05-31T02:53:36.352Z"
"mindfulness","app.hallow.android","Hallow: Prayer & Meditation","Hallow, Inc.","Books & Reference","4.5706472","123181","7160","10,000,000+","10000000","13135246","yes","0","Free","USD","yes","$0.99 - $199.99 per item","no","no","free_download|offers_iap","https://hallow.com","https://hallow.app/privacy-policy","https://play.google.com/store/apps/details?id=app.hallow.android&hl=en&gl=us","ok","2026-05-31T02:53:36.870Z"
"mindfulness","ipnossoft.rma.free","BetterSleep: Sleep tracker","BetterSleep Health","Health & Fitness","4.3800554","396843","49231","10,000,000+","10000000","24883209","yes","0","Free","USD","yes","$1.00 - $299.99 per item","no","no","free_download|offers_iap","http://www.bettersleep.com","https://www.bettersleep.com/legal/privacy-policy/","https://play.google.com/store/apps/details?id=ipnossoft.rma.free&hl=en&gl=us","ok","2026-05-31T02:53:37.131Z"
"mindfulness","com.yiqi.chakra.meditation.bowls","Chakra Healing & Meditation","TOPYD LLC","Health & Fitness","4.747573","13542","225","100,000+","100000","228400","yes","0","Free","USD","yes","$9.99 - $69.99 per item","no","no","free_download|offers_iap","","https://sites.google.com/view/topd-studio","https://play.google.com/store/apps/details?id=com.yiqi.chakra.meditation.bowls&hl=en&gl=us","ok","2026-05-31T02:53:37.424Z"
"mindfulness","com.ttn.idanim","Idanim・Meditation, Mindfulness","Idanim: A Free Meditation, Mindfulness, Sleep App","Health & Fitness","4.76","23987","25","1,000,000+","1000000","1317126","yes","0","Free","USD","no","","no","no","free_download","https://www.idanim.com/","https://www.idanim.com/privacy-policy","https://play.google.com/store/apps/details?id=com.ttn.idanim&hl=en&gl=us","ok","2026-05-31T02:53:37.690Z"
"mindfulness","com.fantech.yogaraga","Yogaraga: Music & Meditation","Ayurhealth d.o.o.","Health & Fitness","0","0","0","1,000+","1000","4372","yes","0","Free","USD","yes","$15.99 per item","no","no","free_download|offers_iap","https://yogaraga.net","https://yogaraga.net/terms/","https://play.google.com/store/apps/details?id=com.fantech.yogaraga&hl=en&gl=us","ok","2026-05-31T02:53:38.517Z"
"mindfulness","com.bzn.christian.meditation","Gracify - Christian Meditation","Verselingo Communications Limited","Health & Fitness","4.73","559","63","10,000+","10000","23944","yes","0","Free","USD","yes","$5.99 - $19.99 per item","no","no","free_download|offers_iap","https://verselingoapps.com","https://verselingoapps.com/gracify-terms.php","https://play.google.com/store/apps/details?id=com.bzn.christian.meditation&hl=en&gl=us","ok","2026-05-31T02:53:38.779Z"
"mindfulness","org.sadhguru.miracleofmind","Miracle of Mind - Sadhguru","Isha Mobile","Health & Fitness","4.88862","129031","826","1,000,000+","1000000","2795487","yes","0","Free","USD","no","","no","no","free_download","","https://isha.sadhguru.org/miracle-of-mind/privacy-policy","https://play.google.com/store/apps/details?id=org.sadhguru.miracleofmind&hl=en&gl=us","ok","2026-05-31T02:53:39.432Z"
"mindfulness","com.biquettestudio.neotravelyourmind","Calm with Neo Travel Your Mind","Biquette Studio Inc.","Health & Fitness","4.4455447","872","90","100,000+","100000","158369","yes","0","Free","USD","yes","$0.99 - $6.99 per item","no","no","free_download|offers_iap","https://www.neomeditation.com/en","https://www.neomeditation.com/en/privacypolicy","https://play.google.com/store/apps/details?id=com.biquettestudio.neotravelyourmind&hl=en&gl=us","ok","2026-05-31T02:53:40.043Z"
"mindfulness","com.avillalva.meditia","Meditia: Meditation with AI","Alexis Villalva","Health & Fitness","0","0","0","500+","500","950","yes","0","Free","USD","yes","$9.99 - $59.99 per item","no","no","free_download|offers_iap","https://meditia.vercel.app","https://meditia.vercel.app/privacy","https://play.google.com/store/apps/details?id=com.avillalva.meditia&hl=en&gl=us","ok","2026-05-31T02:53:40.299Z"
"mindfulness","com.samsung.android.wear.shealth","Samsung Health","Samsung Electronics Co., Ltd.","Health & Fitness","3.8347108","10685","200","50,000,000+","50000000","66782584","yes","0","Free","USD","no","","no","no","free_download","","https://samsunghealth.com/privacy","https://play.google.com/store/apps/details?id=com.samsung.android.wear.shealth&hl=en&gl=us","ok","2026-05-31T02:53:40.605Z"
"mindfulness","com.relax.change.create.andrew.johnson","Relax Change Create Meditation","Universal Relaxation","Lifestyle","4.0416665","123","9","10,000+","10000","39391","yes","0","Free","USD","yes","$9.99 - $239.99 per item","no","no","free_download|offers_iap","http://www.andrewjohnson.co.uk","https://firebasestorage.googleapis.com/v0/b/soundwise-a8e6f.appspot.com/o/privacy-policy%2FRelax-Change-Create-Meditation.html?alt=media&token=a7dc1ea6-1caf-4ca0-be61-4747fdf82644","https://play.google.com/store/apps/details?id=com.relax.change.create.andrew.johnson&hl=en&gl=us","ok","2026-05-31T02:53:40.899Z"
"mindfulness","com.mindfulness.android","Mindfulness.com Meditation App","Mindfulness.com","Health & Fitness","4.654088","4396","842","500,000+","500000","751429","yes","0","Free","USD","yes","$14.99 - $399.00 per item","no","no","free_download|offers_iap","https://www.mindfulness.com","https://www.mindfulness.com/privacy-policy","https://play.google.com/store/apps/details?id=com.mindfulness.android&hl=en&gl=us","ok","2026-05-31T02:53:41.200Z"
"mindfulness","se.lichtenstein.mind.en","The Mindfulness App","Reflective Technologies","Health & Fitness","4.238318","20726","916","1,000,000+","1000000","2627653","yes","0","Free","USD","yes","$4.99 - $299.99 per item","no","no","free_download|offers_iap","https://themindfulnessapp.com","https://themindfulnessapp.com/privacy-policy/","https://play.google.com/store/apps/details?id=se.lichtenstein.mind.en&hl=en&gl=us","ok","2026-05-31T02:53:41.478Z"
"mindfulness","org.plumvillageapp","Plum Village: Mindfulness","Centre for Applied Ethics","Health & Fitness","4.9601593","9027","801","100,000+","100000","403490","yes","0","Free","USD","no","","no","no","free_download","https://plumvillage.app/","https://plumvillage.app/privacy","https://play.google.com/store/apps/details?id=org.plumvillageapp&hl=en&gl=us","ok","2026-05-31T02:53:41.731Z"
"mindfulness","gov.va.mobilehealth.ncptsd.mindfulnesscoach","Mindfulness Coach","US Department of Veterans Affairs (VA)","Health & Fitness","4.7983017","8613","1978","500,000+","500000","588411","yes","0","Free","USD","no","","no","no","free_download","https://www.ptsd.va.gov/appvid/mobile/","https://www.ptsd.va.gov/appvid/mobile/","https://play.google.com/store/apps/details?id=gov.va.mobilehealth.ncptsd.mindfulnesscoach&hl=en&gl=us","ok","2026-05-31T02:53:42.012Z"
"mindfulness","com.smilingmind.app","Smiling Mind: Mental Wellbeing","Smiling Mind","Health & Fitness","4.1592355","9207","505","1,000,000+","1000000","1708994","yes","0","Free","USD","no","","no","no","free_download","http://www.smilingmind.com.au","https://www.smilingmind.com.au/privacy-and-terms","https://play.google.com/store/apps/details?id=com.smilingmind.app&hl=en&gl=us","ok","2026-05-31T02:53:42.369Z"
"mindfulness","com.omf.android","Oxford Mindfulness","Oxford Mindfulness","Health & Fitness","0","0","0","1,000+","1000","4886","yes","0","Free","USD","yes","$7.99 - $79.99 per item","no","no","free_download|offers_iap","https://www.oxfordmindfulness.org","https://stage.app.oxfordmindfulness.org/privacy-policy","https://play.google.com/store/apps/details?id=com.omf.android&hl=en&gl=us","ok","2026-05-31T02:53:42.609Z"
"mindfulness","com.missingcorner.calmkids","Calm Kids: Mindfulness & Yoga","Missing Corner, Inc","Health & Fitness","2.375","89","3","10,000+","10000","33751","yes","0","Free","USD","yes","$11.99 - $349.99 per item","no","no","free_download|offers_iap","https://www.calm-kids.com/","https://www.calm-kids.com/privacy-policy","https://play.google.com/store/apps/details?id=com.missingcorner.calmkids&hl=en&gl=us","ok","2026-05-31T02:53:42.901Z"
"mindfulness","com.anbean.app","Mindoor : Mindfulness App","Anbean Bilişim Teknolojileri ve Eğitim Akademi","Health & Fitness","0","0","0","10,000+","10000","10419","yes","0","Free","USD","yes","$3.99 per item","no","no","free_download|offers_iap","http://www.mindoorapp.com/","https://www.mindoorapp.com/iletisim/kullanici-sozlesmesi","https://play.google.com/store/apps/details?id=com.anbean.app&hl=en&gl=us","ok","2026-05-31T02:53:43.196Z"
"mindfulness","relax.sleep.relaxation.sleepingsounds","Sleep Sounds - relaxing sounds","Craftsman Spirit","Health & Fitness","4.8290243","211027","23204","5,000,000+","5000000","9571092","yes","0","Free","USD","yes","$0.99 - $14.99 per item","yes","no","free_download|offers_iap|ad_supported","http://www.sleepsoundsapp.xyz","https://www.sleepsoundsapp.xyz/privacy_policy.html","https://play.google.com/store/apps/details?id=relax.sleep.relaxation.sleepingsounds&hl=en&gl=us","ok","2026-05-31T02:53:43.508Z"
"mindfulness","sleepsounds.relaxandsleep.whitenoise","Sleep Sounds - Relax Music","Leap Fitness Group","Health & Fitness","4.7450476","113210","3952","5,000,000+","5000000","8780792","yes","0","Free","USD","yes","$3.99 - $9.99 per item","yes","no","free_download|offers_iap|ad_supported","https://z.leap.app","https://leap.app/privacypolicy.html?pkg=sleepsounds.relaxandsleep.whitenoise","https://play.google.com/store/apps/details?id=sleepsounds.relaxandsleep.whitenoise&hl=en&gl=us","ok","2026-05-31T02:53:43.756Z"
"mindfulness","it.mm.android.relaxrain","Relax Rain: sleep sounds","mikdroid","Lifestyle","4.68059","171152","21665","5,000,000+","5000000","9139899","yes","0","Free","USD","yes","$1.19 - $9.99 per item","yes","yes","free_download|offers_iap|ad_supported|play_pass","http://mikdroidapps.com","https://www.mikdroidapps.com/privacy/relax_rain.html","https://play.google.com/store/apps/details?id=it.mm.android.relaxrain&hl=en&gl=us","ok","2026-05-31T02:53:44.042Z"
"mindfulness","fm.slumber.sleep.meditation.stories","Slumber－Stories to Fall Asleep","Slumber Studios","Health & Fitness","4.452","4556","526","100,000+","100000","399595","yes","0","Free","USD","yes","$1.49 - $319.99 per item","no","no","free_download|offers_iap","https://slumberstudios.com/slumber/","https://slumber.fm/privacy","https://play.google.com/store/apps/details?id=fm.slumber.sleep.meditation.stories&hl=en&gl=us","ok","2026-05-31T02:53:44.304Z"
"mindfulness","com.northcube.sleepcycle","Sleep Cycle: Sleep Tracker","Sleep Cycle AB","Health & Fitness","4.333454","216271","10156","10,000,000+","10000000","18853767","yes","0","Free","USD","yes","$0.99 - $59.99 per item","no","no","free_download|offers_iap","http://www.sleepcycle.com","https://www.sleepcycle.com/privacy-policy/","https://play.google.com/store/apps/details?id=com.northcube.sleepcycle&hl=en&gl=us","ok","2026-05-31T02:53:44.589Z"
"mindfulness","com.tarahonich.relaxsleepsounds","Sleep Sounds: White Noise","Beforest Apps","Health & Fitness","4.7113705","19730","1157","1,000,000+","1000000","1026163","yes","0","Free","USD","yes","$7.99 - $9.99 per item","yes","no","free_download|offers_iap|ad_supported","https://beforestapps.com/","https://beforestapps.com/privacy.html","https://play.google.com/store/apps/details?id=com.tarahonich.relaxsleepsounds&hl=en&gl=us","ok","2026-05-31T02:53:44.868Z"
"mindfulness","it.mm.android.ambience","Ambience: sleep sounds","mikdroid","Lifestyle","4.6243386","55303","7636","1,000,000+","1000000","2343382","yes","0","Free","USD","yes","$1.19 - $9.99 per item","yes","yes","free_download|offers_iap|ad_supported|play_pass","http://mikdroidapps.com","http://mikdroidapps.com/privacy/privacy_policy_ambience.html","https://play.google.com/store/apps/details?id=it.mm.android.ambience&hl=en&gl=us","ok","2026-05-31T02:53:45.167Z"
"mindfulness","app.doze","Doze - Sleep Sounds & Stories","Rockwell Ventures","Health & Fitness","3.1764705","88","23","10,000+","10000","22126","yes","0","Free","USD","yes","$2.99 - $39.99 per item","no","no","free_download|offers_iap","https://dozeapp.com/","https://dozeapp.com/terms","https://play.google.com/store/apps/details?id=app.doze&hl=en&gl=us","ok","2026-05-31T02:53:45.425Z"
"mindfulness","com.hatchbaby.rest","Hatch Sleep","Hatch Sleep","Lifestyle","3.9527209","24658","6506","1,000,000+","1000000","1194608","yes","0","Free","USD","yes","$4.99 - $99.99 per item","no","no","free_download|offers_iap","https://www.hatch.co","https://www.hatch.co/privacy-policy","https://play.google.com/store/apps/details?id=com.hatchbaby.rest&hl=en&gl=us","ok","2026-05-31T02:53:45.720Z"
"mindfulness","com.urbandroid.sleep","Sleep as Android: Smart alarm","Petr Nálevka (Urbandroid)","Lifestyle","4.598358","390412","17609","10,000,000+","10000000","24241799","yes","0","Free","USD","yes","$0.99 - $75.00 per item","yes","no","free_download|offers_iap|ad_supported","http://sleep.urbandroid.org","https://urbandroid.static.domains/policy.html","https://play.google.com/store/apps/details?id=com.urbandroid.sleep&hl=en&gl=us","ok","2026-05-31T02:53:45.998Z"
"mindfulness","sensity.sounds.sleep","Sleep Sounds & Noise Maker","INSP MOBILE LIMITED","Health & Fitness","4.25","26","1","1,000+","1000","1053","yes","0","Free","USD","no","","no","no","free_download","","https://sites.google.com/view/sleep-app-privacy-policy/","https://play.google.com/store/apps/details?id=sensity.sounds.sleep&hl=en&gl=us","ok","2026-05-31T02:53:46.241Z"
"mindfulness","com.anonymous.WhiteNoiseRN","Softly: Sleep & Relax Sounds","Lucentix Limited","Health & Fitness","0","0","0","500+","500","853","yes","0","Free","USD","yes","$9.99 per item","no","no","free_download|offers_iap","https://lucentix.net","https://lucentix.net/privacy.html","https://play.google.com/store/apps/details?id=com.anonymous.WhiteNoiseRN&hl=en&gl=us","ok","2026-05-31T02:53:46.496Z"