niche,package_id,app_name,developer,offers_iap,google_play_iap_range,min_installs,domain,requested_url,final_url,http_status,fetch_status,page_title,signal_tags,price_points_detected,price_point_count,paywall_signal_strength,text_excerpt,collected_at
"gaming","com.tencent.ig","PUBG MOBILE","Level Infinite","yes","$0.29 - $199.99 per item","1000000000","https://pubgmobile.com","https://www.pubgmobile.com/","https://www.pubgmobile.com/","200","ok","","no_pricing_signal","","0","low","","2026-05-31T03:15:49.717Z"
"gaming","com.tencent.ig","PUBG MOBILE","Level Infinite","yes","$0.29 - $199.99 per item","1000000000","https://pubgmobile.com","https://www.pubgmobile.com","https://www.pubgmobile.com/","200","ok","","no_pricing_signal","","0","low","","2026-05-31T03:15:49.823Z"
"gaming","com.tencent.ig","PUBG MOBILE","Level Infinite","yes","$0.29 - $199.99 per item","1000000000","https://pubgmobile.com","https://www.pubgmobile.com/pricing","https://www.pubgmobile.com/pricing","404","error:http_404","404 Not Found","no_pricing_signal","","0","low","404 Not Found 404 Not Found nginx","2026-05-31T03:15:50.027Z"
"gaming","com.tencent.ig","PUBG MOBILE","Level Infinite","yes","$0.29 - $199.99 per item","1000000000","https://pubgmobile.com","https://www.pubgmobile.com/plans","https://www.pubgmobile.com/plans","404","error:http_404","404 Not Found","no_pricing_signal","","0","low","404 Not Found 404 Not Found nginx","2026-05-31T03:15:50.222Z"
"gaming","com.tencent.ig","PUBG MOBILE","Level Infinite","yes","$0.29 - $199.99 per item","1000000000","https://pubgmobile.com","https://www.pubgmobile.com/premium","https://www.pubgmobile.com/premium","404","error:http_404","404 Not Found","no_pricing_signal","","0","low","404 Not Found 404 Not Found nginx","2026-05-31T03:15:50.676Z"
"gaming","com.tencent.ig","PUBG MOBILE","Level Infinite","yes","$0.29 - $199.99 per item","1000000000","https://pubgmobile.com","https://www.pubgmobile.com/subscribe","https://www.pubgmobile.com/subscribe","404","error:http_404","404 Not Found","no_pricing_signal","","0","low","404 Not Found 404 Not Found nginx","2026-05-31T03:15:50.873Z"
"gaming","com.tencent.ig","PUBG MOBILE","Level Infinite","yes","$0.29 - $199.99 per item","1000000000","https://pubgmobile.com","https://www.pubgmobile.com/subscription","https://www.pubgmobile.com/subscription","404","error:http_404","404 Not Found","no_pricing_signal","","0","low","404 Not Found 404 Not Found nginx","2026-05-31T03:15:51.351Z"
"gaming","com.tencent.ig","PUBG MOBILE","Level Infinite","yes","$0.29 - $199.99 per item","1000000000","https://pubgmobile.com","https://www.pubgmobile.com/upgrade","https://www.pubgmobile.com/upgrade","404","error:http_404","404 Not Found","no_pricing_signal","","0","low","404 Not Found 404 Not Found nginx","2026-05-31T03:15:51.807Z"
"gaming","com.kiloo.subwaysurf","Subway Surfers","SYBO Games","yes","$0.99 - $99.99 per item","1000000000","https://sybogames.com","https://sybogames.com/","https://sybogames.com/","200","ok","SYBO - Home","no_pricing_signal","","0","low","SYBO - Home A mobile game company in Copenhagen striving to craft meaningful experiences that can be played by everyone. We're a mobile games studio in Copenhagen striving to craft meaningful experiences that can be enjoyed by everyoneWe're a mobile games Studio in Copenhagen striving to craft meaningful experiences that can be played by everyoneNEW GAME!Subway Surfers CitySubway Surfers City offers players an entirely new way to experience the game. It’s a fresh chapter in the game’s universe,","2026-05-31T03:15:52.367Z"
"gaming","com.kiloo.subwaysurf","Subway Surfers","SYBO Games","yes","$0.99 - $99.99 per item","1000000000","https://sybogames.com","https://sybogames.com","https://sybogames.com/","200","ok","SYBO - Home","no_pricing_signal","","0","low","SYBO - Home A mobile game company in Copenhagen striving to craft meaningful experiences that can be played by everyone. We're a mobile games studio in Copenhagen striving to craft meaningful experiences that can be enjoyed by everyoneWe're a mobile games Studio in Copenhagen striving to craft meaningful experiences that can be played by everyoneNEW GAME!Subway Surfers CitySubway Surfers City offers players an entirely new way to experience the game. It’s a fresh chapter in the game’s universe,","2026-05-31T03:15:52.695Z"
"gaming","com.kiloo.subwaysurf","Subway Surfers","SYBO Games","yes","$0.99 - $99.99 per item","1000000000","https://sybogames.com","https://sybogames.com/pricing","https://sybogames.com/pricing","404","error:http_404","","no_pricing_signal","","0","low","The resource you are looking for has been removed, had its name changed, or is temporarily unavailable.","2026-05-31T03:15:53.019Z"
"gaming","com.kiloo.subwaysurf","Subway Surfers","SYBO Games","yes","$0.99 - $99.99 per item","1000000000","https://sybogames.com","https://sybogames.com/plans","https://sybogames.com/plans","404","error:http_404","","no_pricing_signal","","0","low","The resource you are looking for has been removed, had its name changed, or is temporarily unavailable.","2026-05-31T03:15:53.397Z"
"gaming","com.kiloo.subwaysurf","Subway Surfers","SYBO Games","yes","$0.99 - $99.99 per item","1000000000","https://sybogames.com","https://sybogames.com/premium","https://sybogames.com/premium","404","error:http_404","","no_pricing_signal","","0","low","The resource you are looking for has been removed, had its name changed, or is temporarily unavailable.","2026-05-31T03:15:53.722Z"
"gaming","com.kiloo.subwaysurf","Subway Surfers","SYBO Games","yes","$0.99 - $99.99 per item","1000000000","https://sybogames.com","https://sybogames.com/subscribe","https://sybogames.com/subscribe","404","error:http_404","","no_pricing_signal","","0","low","The resource you are looking for has been removed, had its name changed, or is temporarily unavailable.","2026-05-31T03:15:54.043Z"
"gaming","com.kiloo.subwaysurf","Subway Surfers","SYBO Games","yes","$0.99 - $99.99 per item","1000000000","https://sybogames.com","https://sybogames.com/subscription","https://sybogames.com/subscription","404","error:http_404","","no_pricing_signal","","0","low","The resource you are looking for has been removed, had its name changed, or is temporarily unavailable.","2026-05-31T03:15:54.423Z"
"gaming","com.kiloo.subwaysurf","Subway Surfers","SYBO Games","yes","$0.99 - $99.99 per item","1000000000","https://sybogames.com","https://sybogames.com/upgrade","https://sybogames.com/upgrade","404","error:http_404","","no_pricing_signal","","0","low","The resource you are looking for has been removed, had its name changed, or is temporarily unavailable.","2026-05-31T03:15:54.753Z"
"gaming","com.roblox.client","Roblox","Roblox Corporation","yes","$0.50 - $199.99 per item","1000000000","http://roblox.com","http://www.roblox.com/","https://www.roblox.com/","200","ok","Roblox","no_pricing_signal","","0","low","Roblox Roblox is the ultimate virtual universe that lets you create, share experiences with friends, and be anything you can imagine. Join millions of people and discover an infinite variety of immersive experiences created by a global community!","2026-05-31T03:15:55.900Z"
"gaming","com.roblox.client","Roblox","Roblox Corporation","yes","$0.50 - $199.99 per item","1000000000","http://roblox.com","http://www.roblox.com","https://www.roblox.com/","200","ok","Roblox","no_pricing_signal","","0","low","Roblox Roblox is the ultimate virtual universe that lets you create, share experiences with friends, and be anything you can imagine. Join millions of people and discover an infinite variety of immersive experiences created by a global community!","2026-05-31T03:15:56.398Z"
"gaming","com.roblox.client","Roblox","Roblox Corporation","yes","$0.50 - $199.99 per item","1000000000","http://roblox.com","http://www.roblox.com/pricing","https://www.roblox.com/pricing","404","error:http_404","Roblox","no_pricing_signal","","0","low","Roblox Roblox is a global platform that brings people together through play. Charts Marketplace Create Charts Marketplace Create Something went wrong 404|Page Not found Back Home Close","2026-05-31T03:15:57.695Z"
"gaming","com.roblox.client","Roblox","Roblox Corporation","yes","$0.50 - $199.99 per item","1000000000","http://roblox.com","http://www.roblox.com/plans","https://www.roblox.com/plans","404","error:http_404","Roblox","no_pricing_signal","","0","low","Roblox Roblox is a global platform that brings people together through play. Charts Marketplace Create Charts Marketplace Create Something went wrong 404|Page Not found Back Home Close","2026-05-31T03:15:58.359Z"
"gaming","com.roblox.client","Roblox","Roblox Corporation","yes","$0.50 - $199.99 per item","1000000000","http://roblox.com","http://www.roblox.com/premium","https://www.roblox.com/premium","404","error:http_404","Roblox","no_pricing_signal","","0","low","Roblox Roblox is a global platform that brings people together through play. Charts Marketplace Create Charts Marketplace Create Something went wrong 404|Page Not found Back Home Close","2026-05-31T03:15:58.981Z"
"gaming","com.roblox.client","Roblox","Roblox Corporation","yes","$0.50 - $199.99 per item","1000000000","http://roblox.com","http://www.roblox.com/subscribe","https://www.roblox.com/subscribe","404","error:http_404","Roblox","no_pricing_signal","","0","low","Roblox Roblox is a global platform that brings people together through play. Charts Marketplace Create Charts Marketplace Create Something went wrong 404|Page Not found Back Home Close","2026-05-31T03:15:59.625Z"
"gaming","com.roblox.client","Roblox","Roblox Corporation","yes","$0.50 - $199.99 per item","1000000000","http://roblox.com","http://www.roblox.com/subscription","https://www.roblox.com/subscription","404","error:http_404","Roblox","no_pricing_signal","","0","low","Roblox Roblox is a global platform that brings people together through play. Charts Marketplace Create Charts Marketplace Create Something went wrong 404|Page Not found Back Home Close","2026-05-31T03:16:00.201Z"
"gaming","com.roblox.client","Roblox","Roblox Corporation","yes","$0.50 - $199.99 per item","1000000000","http://roblox.com","http://www.roblox.com/upgrade","https://www.roblox.com/upgrade","404","error:http_404","Roblox","no_pricing_signal","","0","low","Roblox Roblox is a global platform that brings people together through play. Charts Marketplace Create Charts Marketplace Create Something went wrong 404|Page Not found Back Home Close","2026-05-31T03:16:00.982Z"
"gaming","com.igg.android.lordsmobile","Lords Mobile: Kingdom Wars","IGG.COM","yes","$0.99 - $299.99 per item","500000000","https://igg.com","https://igg.com/","https://www.igg.com/","200","ok","GAMERS AT HEART - Global Free Online Games Portal","paywall_language","","0","medium","GAMERS AT HEART - Global Free Online Games Portal Your portal to IGG's games. Sign In | Register | Logout HOME| GAMES| Mobile Games PC Games PAY| STORE| CAREERS| SUPPORT| CHARITY| IGG's hottest MMO War Strategy RPG! PLAY Become the strongest Commander, lead the survivors, and rebuild civilization! PLAY Race against other players to explore, build, and conquer Midgard! PLAY Beyond Just Surviving the Cold PLAY Realistic 3D dress-up game! Dress up and choose your destiny! PLAY Now with even more ex","2026-05-31T03:16:02.039Z"
"gaming","com.igg.android.lordsmobile","Lords Mobile: Kingdom Wars","IGG.COM","yes","$0.99 - $299.99 per item","500000000","https://igg.com","https://igg.com","https://www.igg.com/","200","ok","GAMERS AT HEART - Global Free Online Games Portal","paywall_language","","0","medium","GAMERS AT HEART - Global Free Online Games Portal Your portal to IGG's games. Sign In | Register | Logout HOME| GAMES| Mobile Games PC Games PAY| STORE| CAREERS| SUPPORT| CHARITY| IGG's hottest MMO War Strategy RPG! PLAY Become the strongest Commander, lead the survivors, and rebuild civilization! PLAY Race against other players to explore, build, and conquer Midgard! PLAY Beyond Just Surviving the Cold PLAY Realistic 3D dress-up game! Dress up and choose your destiny! PLAY Now with even more ex","2026-05-31T03:16:02.476Z"
"gaming","com.igg.android.lordsmobile","Lords Mobile: Kingdom Wars","IGG.COM","yes","$0.99 - $299.99 per item","500000000","https://igg.com","https://igg.com/pricing","https://www.igg.com/pricing","404","error:http_404","IGG - Error 404: Page not found","no_pricing_signal","","0","low","IGG - Error 404: Page not found www.igg.com Sorry, Page not found You may have typed the web address incorrectly. Please check the address and spelling ensuring that it does not contain capital letters or spaces. It is possible that the page you were looking for may have been moved, updated or deleted. Return to igg.com Home Page. If you still encounter problems then please Contact us.","2026-05-31T03:16:02.810Z"
"gaming","com.igg.android.lordsmobile","Lords Mobile: Kingdom Wars","IGG.COM","yes","$0.99 - $299.99 per item","500000000","https://igg.com","https://igg.com/plans","https://www.igg.com/plans","404","error:http_404","IGG - Error 404: Page not found","no_pricing_signal","","0","low","IGG - Error 404: Page not found www.igg.com Sorry, Page not found You may have typed the web address incorrectly. Please check the address and spelling ensuring that it does not contain capital letters or spaces. It is possible that the page you were looking for may have been moved, updated or deleted. Return to igg.com Home Page. If you still encounter problems then please Contact us.","2026-05-31T03:16:03.145Z"
"gaming","com.igg.android.lordsmobile","Lords Mobile: Kingdom Wars","IGG.COM","yes","$0.99 - $299.99 per item","500000000","https://igg.com","https://igg.com/premium","https://www.igg.com/premium","404","error:http_404","IGG - Error 404: Page not found","no_pricing_signal","","0","low","IGG - Error 404: Page not found www.igg.com Sorry, Page not found You may have typed the web address incorrectly. Please check the address and spelling ensuring that it does not contain capital letters or spaces. It is possible that the page you were looking for may have been moved, updated or deleted. Return to igg.com Home Page. If you still encounter problems then please Contact us.","2026-05-31T03:16:03.478Z"
"gaming","com.igg.android.lordsmobile","Lords Mobile: Kingdom Wars","IGG.COM","yes","$0.99 - $299.99 per item","500000000","https://igg.com","https://igg.com/subscribe","https://www.igg.com/subscribe","404","error:http_404","IGG - Error 404: Page not found","no_pricing_signal","","0","low","IGG - Error 404: Page not found www.igg.com Sorry, Page not found You may have typed the web address incorrectly. Please check the address and spelling ensuring that it does not contain capital letters or spaces. It is possible that the page you were looking for may have been moved, updated or deleted. Return to igg.com Home Page. If you still encounter problems then please Contact us.","2026-05-31T03:16:03.811Z"
"gaming","com.igg.android.lordsmobile","Lords Mobile: Kingdom Wars","IGG.COM","yes","$0.99 - $299.99 per item","500000000","https://igg.com","https://igg.com/subscription","https://www.igg.com/subscription","404","error:http_404","IGG - Error 404: Page not found","no_pricing_signal","","0","low","IGG - Error 404: Page not found www.igg.com Sorry, Page not found You may have typed the web address incorrectly. Please check the address and spelling ensuring that it does not contain capital letters or spaces. It is possible that the page you were looking for may have been moved, updated or deleted. Return to igg.com Home Page. If you still encounter problems then please Contact us.","2026-05-31T03:16:04.145Z"
"gaming","com.igg.android.lordsmobile","Lords Mobile: Kingdom Wars","IGG.COM","yes","$0.99 - $299.99 per item","500000000","https://igg.com","https://igg.com/upgrade","https://www.igg.com/upgrade","404","error:http_404","IGG - Error 404: Page not found","no_pricing_signal","","0","low","IGG - Error 404: Page not found www.igg.com Sorry, Page not found You may have typed the web address incorrectly. Please check the address and spelling ensuring that it does not contain capital letters or spaces. It is possible that the page you were looking for may have been moved, updated or deleted. Return to igg.com Home Page. If you still encounter problems then please Contact us.","2026-05-31T03:16:04.480Z"
"gaming","com.innersloth.spacemafia","Among Us","Innersloth LLC","yes","$0.99 - $24.99 per item","500000000","https://innersloth.com","https://www.innersloth.com/","https://www.innersloth.com/","200","ok","Home | Innersloth - Creators of Among Us and The Henry Stickmin Collection!","no_pricing_signal","","0","low","Home | Innersloth - Creators of Among Us and The Henry Stickmin Collection! An indie game company currently working on Among Us and The Henry Stickmin Collection GamesAmong UsAmong Us VRHenry StickminDig2ChinaMoreAmong Us ShowOuterslothNewsAboutInside InnerslothSupport & FAQContact UsPress KitMerch Mobile Update v17.3.1 Out Now! 📱Read More Latest NewsMore News Among Us Patch Notes dev log April 8, 2026 Mobile Update – v17.3.1 Among Us dev log April 1, 2026 Nostalgia Mode arrives for April Fool’","2026-05-31T03:16:06.344Z"
"gaming","com.innersloth.spacemafia","Among Us","Innersloth LLC","yes","$0.99 - $24.99 per item","500000000","https://innersloth.com","https://www.innersloth.com","https://www.innersloth.com/","200","ok","Home | Innersloth - Creators of Among Us and The Henry Stickmin Collection!","no_pricing_signal","","0","low","Home | Innersloth - Creators of Among Us and The Henry Stickmin Collection! An indie game company currently working on Among Us and The Henry Stickmin Collection GamesAmong UsAmong Us VRHenry StickminDig2ChinaMoreAmong Us ShowOuterslothNewsAboutInside InnerslothSupport & FAQContact UsPress KitMerch Mobile Update v17.3.1 Out Now! 📱Read More Latest NewsMore News Among Us Patch Notes dev log April 8, 2026 Mobile Update – v17.3.1 Among Us dev log April 1, 2026 Nostalgia Mode arrives for April Fool’","2026-05-31T03:16:06.745Z"
"gaming","com.innersloth.spacemafia","Among Us","Innersloth LLC","yes","$0.99 - $24.99 per item","500000000","https://innersloth.com","https://www.innersloth.com/pricing","https://www.innersloth.com/pricing","404","error:http_404","Page Not Found | Innersloth - Creators of Among Us and The Henry Stickmin Collection!","no_pricing_signal","","0","low","Page Not Found | Innersloth - Creators of Among Us and The Henry Stickmin Collection! GamesAmong UsAmong Us VRHenry StickminDig2ChinaMoreAmong Us ShowOuterslothNewsAboutInside InnerslothSupport & FAQContact UsPress KitMerch Error 404 - Page not found!The page you trying to reach does not exist, or has been moved. Please use the menus or the search box to find what you are looking for. Have a question about Innersloth, merch, or fan art?See FAQs Be the first one to know when we launch new stuff.E","2026-05-31T03:16:07.143Z"
"gaming","com.innersloth.spacemafia","Among Us","Innersloth LLC","yes","$0.99 - $24.99 per item","500000000","https://innersloth.com","https://www.innersloth.com/plans","https://www.innersloth.com/plans","404","error:http_404","Page Not Found | Innersloth - Creators of Among Us and The Henry Stickmin Collection!","no_pricing_signal","","0","low","Page Not Found | Innersloth - Creators of Among Us and The Henry Stickmin Collection! GamesAmong UsAmong Us VRHenry StickminDig2ChinaMoreAmong Us ShowOuterslothNewsAboutInside InnerslothSupport & FAQContact UsPress KitMerch Error 404 - Page not found!The page you trying to reach does not exist, or has been moved. Please use the menus or the search box to find what you are looking for. Have a question about Innersloth, merch, or fan art?See FAQs Be the first one to know when we launch new stuff.E","2026-05-31T03:16:07.548Z"
"gaming","com.innersloth.spacemafia","Among Us","Innersloth LLC","yes","$0.99 - $24.99 per item","500000000","https://innersloth.com","https://www.innersloth.com/premium","https://www.innersloth.com/premium","404","error:http_404","Page Not Found | Innersloth - Creators of Among Us and The Henry Stickmin Collection!","no_pricing_signal","","0","low","Page Not Found | Innersloth - Creators of Among Us and The Henry Stickmin Collection! GamesAmong UsAmong Us VRHenry StickminDig2ChinaMoreAmong Us ShowOuterslothNewsAboutInside InnerslothSupport & FAQContact UsPress KitMerch Error 404 - Page not found!The page you trying to reach does not exist, or has been moved. Please use the menus or the search box to find what you are looking for. Have a question about Innersloth, merch, or fan art?See FAQs Be the first one to know when we launch new stuff.E","2026-05-31T03:16:08.047Z"
"gaming","com.innersloth.spacemafia","Among Us","Innersloth LLC","yes","$0.99 - $24.99 per item","500000000","https://innersloth.com","https://www.innersloth.com/subscribe","https://www.innersloth.com/subscribe","404","error:http_404","Page Not Found | Innersloth - Creators of Among Us and The Henry Stickmin Collection!","no_pricing_signal","","0","low","Page Not Found | Innersloth - Creators of Among Us and The Henry Stickmin Collection! GamesAmong UsAmong Us VRHenry StickminDig2ChinaMoreAmong Us ShowOuterslothNewsAboutInside InnerslothSupport & FAQContact UsPress KitMerch Error 404 - Page not found!The page you trying to reach does not exist, or has been moved. Please use the menus or the search box to find what you are looking for. Have a question about Innersloth, merch, or fan art?See FAQs Be the first one to know when we launch new stuff.E","2026-05-31T03:16:08.444Z"
"gaming","com.innersloth.spacemafia","Among Us","Innersloth LLC","yes","$0.99 - $24.99 per item","500000000","https://innersloth.com","https://www.innersloth.com/subscription","https://www.innersloth.com/subscription","404","error:http_404","Page Not Found | Innersloth - Creators of Among Us and The Henry Stickmin Collection!","no_pricing_signal","","0","low","Page Not Found | Innersloth - Creators of Among Us and The Henry Stickmin Collection! GamesAmong UsAmong Us VRHenry StickminDig2ChinaMoreAmong Us ShowOuterslothNewsAboutInside InnerslothSupport & FAQContact UsPress KitMerch Error 404 - Page not found!The page you trying to reach does not exist, or has been moved. Please use the menus or the search box to find what you are looking for. Have a question about Innersloth, merch, or fan art?See FAQs Be the first one to know when we launch new stuff.E","2026-05-31T03:16:08.868Z"
"gaming","com.innersloth.spacemafia","Among Us","Innersloth LLC","yes","$0.99 - $24.99 per item","500000000","https://innersloth.com","https://www.innersloth.com/upgrade","https://www.innersloth.com/upgrade","404","error:http_404","Page Not Found | Innersloth - Creators of Among Us and The Henry Stickmin Collection!","no_pricing_signal","","0","low","Page Not Found | Innersloth - Creators of Among Us and The Henry Stickmin Collection! GamesAmong UsAmong Us VRHenry StickminDig2ChinaMoreAmong Us ShowOuterslothNewsAboutInside InnerslothSupport & FAQContact UsPress KitMerch Error 404 - Page not found!The page you trying to reach does not exist, or has been moved. Please use the menus or the search box to find what you are looking for. Have a question about Innersloth, merch, or fan art?See FAQs Be the first one to know when we launch new stuff.E","2026-05-31T03:16:09.271Z"
"gaming","com.supercell.clashofclans","Clash of Clans","Supercell","yes","$0.29 - $239.99 per item","500000000","https://help.supercellsupport.com","https://help.supercellsupport.com/clash-of-clans/en","https://support.supercell.com/clash-of-clans/en/","200","ok","Clash of Clans | Supercell Support Portal","no_pricing_signal","","0","low","Clash of Clans | Supercell Support Portal We try to answer common questions with our FAQs, so please take a moment to browse these helpful articles. The easiest way is to search by keyword, or browse by category.","2026-05-31T03:16:09.919Z"
"gaming","com.supercell.clashofclans","Clash of Clans","Supercell","yes","$0.29 - $239.99 per item","500000000","https://help.supercellsupport.com","https://help.supercellsupport.com","https://support.supercell.com/en/index.html","200","ok","Supercell Support Portal","no_pricing_signal","","0","low","Supercell Support Portal We try to answer common questions with our FAQs, so please take a moment to browse these helpful articles. The easiest way is to search by keyword, or browse by category.","2026-05-31T03:16:10.585Z"
"gaming","com.supercell.clashofclans","Clash of Clans","Supercell","yes","$0.29 - $239.99 per item","500000000","https://help.supercellsupport.com","https://help.supercellsupport.com/pricing","https://support.supercell.com/en/index.html","200","ok","Supercell Support Portal","pricing_page","","0","medium","Supercell Support Portal We try to answer common questions with our FAQs, so please take a moment to browse these helpful articles. The easiest way is to search by keyword, or browse by category.","2026-05-31T03:16:11.003Z"
"gaming","com.supercell.clashofclans","Clash of Clans","Supercell","yes","$0.29 - $239.99 per item","500000000","https://help.supercellsupport.com","https://help.supercellsupport.com/plans","https://support.supercell.com/en/index.html","200","ok","Supercell Support Portal","pricing_page","","0","medium","Supercell Support Portal We try to answer common questions with our FAQs, so please take a moment to browse these helpful articles. The easiest way is to search by keyword, or browse by category.","2026-05-31T03:16:11.733Z"
"gaming","com.supercell.clashofclans","Clash of Clans","Supercell","yes","$0.29 - $239.99 per item","500000000","https://help.supercellsupport.com","https://help.supercellsupport.com/premium","https://support.supercell.com/en/index.html","200","ok","Supercell Support Portal","pricing_page","","0","medium","Supercell Support Portal We try to answer common questions with our FAQs, so please take a moment to browse these helpful articles. The easiest way is to search by keyword, or browse by category.","2026-05-31T03:16:12.242Z"
"gaming","com.supercell.clashofclans","Clash of Clans","Supercell","yes","$0.29 - $239.99 per item","500000000","https://help.supercellsupport.com","https://help.supercellsupport.com/subscribe","https://support.supercell.com/en/index.html","200","ok","Supercell Support Portal","pricing_page","","0","medium","Supercell Support Portal We try to answer common questions with our FAQs, so please take a moment to browse these helpful articles. The easiest way is to search by keyword, or browse by category.","2026-05-31T03:16:12.753Z"
"gaming","com.supercell.clashofclans","Clash of Clans","Supercell","yes","$0.29 - $239.99 per item","500000000","https://help.supercellsupport.com","https://help.supercellsupport.com/subscription","https://support.supercell.com/en/index.html","200","ok","Supercell Support Portal","pricing_page","","0","medium","Supercell Support Portal We try to answer common questions with our FAQs, so please take a moment to browse these helpful articles. The easiest way is to search by keyword, or browse by category.","2026-05-31T03:16:13.267Z"
"gaming","com.supercell.clashofclans","Clash of Clans","Supercell","yes","$0.29 - $239.99 per item","500000000","https://help.supercellsupport.com","https://help.supercellsupport.com/upgrade","https://support.supercell.com/en/index.html","200","ok","Supercell Support Portal","pricing_page","","0","medium","Supercell Support Portal We try to answer common questions with our FAQs, so please take a moment to browse these helpful articles. The easiest way is to search by keyword, or browse by category.","2026-05-31T03:16:14.092Z"
"gaming","com.miniclip.carrom","Carrom Pool: Disc Game","Miniclip.com","yes","$0.10 - $99.99 per item","500000000","https://miniclip.com","https://www.miniclip.com/","https://www.miniclip.com/","200","ok","Miniclip","no_pricing_signal","","0","low","Miniclip Unleash the gamer in everyone Toggle Menu Publishing Our Story Games Web Games Careers Support My account Play our most popular games now! Play Now1234 We are Miniclip An international digital games and entertainment company. We develop, publish and distribute multiplayer mobile games. We reach over 400 million players each month, and our audience keeps growing. Know More Our purpose… “unleash the gamer in everyone” Know More What's New Lessmore joins Miniclip Innovative game concepts a","2026-05-31T03:16:14.390Z"
"gaming","com.miniclip.carrom","Carrom Pool: Disc Game","Miniclip.com","yes","$0.10 - $99.99 per item","500000000","https://miniclip.com","https://www.miniclip.com","https://www.miniclip.com/","200","ok","Miniclip","no_pricing_signal","","0","low","Miniclip Unleash the gamer in everyone Toggle Menu Publishing Our Story Games Web Games Careers Support My account Play our most popular games now! Play Now1234 We are Miniclip An international digital games and entertainment company. We develop, publish and distribute multiplayer mobile games. We reach over 400 million players each month, and our audience keeps growing. Know More Our purpose… “unleash the gamer in everyone” Know More What's New Lessmore joins Miniclip Innovative game concepts a","2026-05-31T03:16:14.547Z"
"gaming","com.miniclip.carrom","Carrom Pool: Disc Game","Miniclip.com","yes","$0.10 - $99.99 per item","500000000","https://miniclip.com","https://www.miniclip.com/pricing","https://www.miniclip.com/pricing","200","ok","Miniclip","pricing_page","","0","medium","Miniclip Unleash the gamer in everyone Toggle Menu Publishing Our Story Games Web Games Careers Support My account Play our most popular games now! Play Now1234 We are Miniclip An international digital games and entertainment company. We develop, publish and distribute multiplayer mobile games. We reach over 400 million players each month, and our audience keeps growing. Know More Our purpose… “unleash the gamer in everyone” Know More What's New Lessmore joins Miniclip Innovative game concepts a","2026-05-31T03:16:16.143Z"
"gaming","com.miniclip.carrom","Carrom Pool: Disc Game","Miniclip.com","yes","$0.10 - $99.99 per item","500000000","https://miniclip.com","https://www.miniclip.com/plans","https://www.miniclip.com/plans","200","ok","Miniclip","pricing_page","","0","medium","Miniclip Unleash the gamer in everyone Toggle Menu Publishing Our Story Games Web Games Careers Support My account Play our most popular games now! Play Now1234 We are Miniclip An international digital games and entertainment company. We develop, publish and distribute multiplayer mobile games. We reach over 400 million players each month, and our audience keeps growing. Know More Our purpose… “unleash the gamer in everyone” Know More What's New Lessmore joins Miniclip Innovative game concepts a","2026-05-31T03:16:17.087Z"
"gaming","com.miniclip.carrom","Carrom Pool: Disc Game","Miniclip.com","yes","$0.10 - $99.99 per item","500000000","https://miniclip.com","https://www.miniclip.com/premium","https://www.miniclip.com/premium","200","ok","Miniclip","pricing_page","","0","medium","Miniclip Unleash the gamer in everyone Toggle Menu Publishing Our Story Games Web Games Careers Support My account Play our most popular games now! Play Now1234 We are Miniclip An international digital games and entertainment company. We develop, publish and distribute multiplayer mobile games. We reach over 400 million players each month, and our audience keeps growing. Know More Our purpose… “unleash the gamer in everyone” Know More What's New Lessmore joins Miniclip Innovative game concepts a","2026-05-31T03:16:17.883Z"
"gaming","com.miniclip.carrom","Carrom Pool: Disc Game","Miniclip.com","yes","$0.10 - $99.99 per item","500000000","https://miniclip.com","https://www.miniclip.com/subscribe","https://www.miniclip.com/subscribe","200","ok","Miniclip","pricing_page","","0","medium","Miniclip Unleash the gamer in everyone Toggle Menu Publishing Our Story Games Web Games Careers Support My account Play our most popular games now! Play Now1234 We are Miniclip An international digital games and entertainment company. We develop, publish and distribute multiplayer mobile games. We reach over 400 million players each month, and our audience keeps growing. Know More Our purpose… “unleash the gamer in everyone” Know More What's New Lessmore joins Miniclip Innovative game concepts a","2026-05-31T03:16:18.704Z"
"gaming","com.miniclip.carrom","Carrom Pool: Disc Game","Miniclip.com","yes","$0.10 - $99.99 per item","500000000","https://miniclip.com","https://www.miniclip.com/subscription","https://www.miniclip.com/subscription","200","ok","Miniclip","pricing_page","","0","medium","Miniclip Unleash the gamer in everyone Toggle Menu Publishing Our Story Games Web Games Careers Support My account Play our most popular games now! Play Now1234 We are Miniclip An international digital games and entertainment company. We develop, publish and distribute multiplayer mobile games. We reach over 400 million players each month, and our audience keeps growing. Know More Our purpose… “unleash the gamer in everyone” Know More What's New Lessmore joins Miniclip Innovative game concepts a","2026-05-31T03:16:19.626Z"
"gaming","com.miniclip.carrom","Carrom Pool: Disc Game","Miniclip.com","yes","$0.10 - $99.99 per item","500000000","https://miniclip.com","https://www.miniclip.com/upgrade","https://www.miniclip.com/upgrade","200","ok","Miniclip","pricing_page","","0","medium","Miniclip Unleash the gamer in everyone Toggle Menu Publishing Our Story Games Web Games Careers Support My account Play our most popular games now! Play Now1234 We are Miniclip An international digital games and entertainment company. We develop, publish and distribute multiplayer mobile games. We reach over 400 million players each month, and our audience keeps growing. Know More Our purpose… “unleash the gamer in everyone” Know More What's New Lessmore joins Miniclip Innovative game concepts a","2026-05-31T03:16:20.443Z"
"gaming","com.nianticlabs.pokemongo","Pokémon GO","Niantic, Inc.","yes","$0.99 - $99.99 per item","500000000","http://pokemongo.nianticlabs.com","http://pokemongo.nianticlabs.com/","https://pokemongo.com/","200","ok","Pokémon GO","pricing_page|app_store_redirect","","0","medium","Pokémon GO Join Trainers around the world and play Pokémon GO together in new and exciting ways. Overcome challenges, catch more Pokémon, and forge friendships through incredible shared experiences. GO FestNewsSeasonsEventsAll EventsFeatured In-Person EventsMapCommunityLEADERBOARDShopWeb StoreIn-Person TicketsCode RedemptionReward RoadNewsSeasonsEventsAll EventsFeatured In-Person EventsMapCommunityLEADERBOARDMore...Sign InLatest NewsMore NewsCatch PokémonFind your buddy!Catching Pokémon is one w","2026-05-31T03:16:22.353Z"
"gaming","com.nianticlabs.pokemongo","Pokémon GO","Niantic, Inc.","yes","$0.99 - $99.99 per item","500000000","http://pokemongo.nianticlabs.com","http://pokemongo.nianticlabs.com","https://pokemongo.com/","200","ok","Pokémon GO","pricing_page|app_store_redirect","","0","medium","Pokémon GO Join Trainers around the world and play Pokémon GO together in new and exciting ways. Overcome challenges, catch more Pokémon, and forge friendships through incredible shared experiences. GO FestNewsSeasonsEventsAll EventsFeatured In-Person EventsMapCommunityLEADERBOARDShopWeb StoreIn-Person TicketsCode RedemptionReward RoadNewsSeasonsEventsAll EventsFeatured In-Person EventsMapCommunityLEADERBOARDMore...Sign InLatest NewsMore NewsCatch PokémonFind your buddy!Catching Pokémon is one w","2026-05-31T03:16:23.674Z"
"gaming","com.nianticlabs.pokemongo","Pokémon GO","Niantic, Inc.","yes","$0.99 - $99.99 per item","500000000","http://pokemongo.nianticlabs.com","http://pokemongo.nianticlabs.com/pricing","https://pokemongo.com/pricing","404","error:http_404","404 NOT FOUND – Pokémon GO","no_pricing_signal","","0","low","404 NOT FOUND – Pokémon GO GO Wild Area News Seasons EVENTS Community LEADERBOARD Shop Event Ticketing GO Wild Area News Seasons EVENTS Community LEADERBOARD Shop Event Ticketing Deutsch English Español Español (México) Français हिन्दी Bahasa Indonesia Italiano 日本語 한국어 polski Português Русский ไทย Türkçe 繁體中文 404 NOT FOUND The page you're looking for doesn't exist. Please verify the URL you've input is correct or return to the homepage. News Seasons EVENTS Community Day Map LEADERBOARD SUPPORT D","2026-05-31T03:16:25.352Z"
"gaming","com.nianticlabs.pokemongo","Pokémon GO","Niantic, Inc.","yes","$0.99 - $99.99 per item","500000000","http://pokemongo.nianticlabs.com","http://pokemongo.nianticlabs.com/plans","https://pokemongo.com/plans","404","error:http_404","404 NOT FOUND – Pokémon GO","no_pricing_signal","","0","low","404 NOT FOUND – Pokémon GO GO Wild Area News Seasons EVENTS Community LEADERBOARD Shop Event Ticketing GO Wild Area News Seasons EVENTS Community LEADERBOARD Shop Event Ticketing Deutsch English Español Español (México) Français हिन्दी Bahasa Indonesia Italiano 日本語 한국어 polski Português Русский ไทย Türkçe 繁體中文 404 NOT FOUND The page you're looking for doesn't exist. Please verify the URL you've input is correct or return to the homepage. News Seasons EVENTS Community Day Map LEADERBOARD SUPPORT D","2026-05-31T03:16:26.695Z"
"gaming","com.nianticlabs.pokemongo","Pokémon GO","Niantic, Inc.","yes","$0.99 - $99.99 per item","500000000","http://pokemongo.nianticlabs.com","http://pokemongo.nianticlabs.com/premium","https://pokemongo.com/premium","404","error:http_404","404 NOT FOUND – Pokémon GO","no_pricing_signal","","0","low","404 NOT FOUND – Pokémon GO GO Wild Area News Seasons EVENTS Community LEADERBOARD Shop Event Ticketing GO Wild Area News Seasons EVENTS Community LEADERBOARD Shop Event Ticketing Deutsch English Español Español (México) Français हिन्दी Bahasa Indonesia Italiano 日本語 한국어 polski Português Русский ไทย Türkçe 繁體中文 404 NOT FOUND The page you're looking for doesn't exist. Please verify the URL you've input is correct or return to the homepage. News Seasons EVENTS Community Day Map LEADERBOARD SUPPORT D","2026-05-31T03:16:28.219Z"
"gaming","com.nianticlabs.pokemongo","Pokémon GO","Niantic, Inc.","yes","$0.99 - $99.99 per item","500000000","http://pokemongo.nianticlabs.com","http://pokemongo.nianticlabs.com/subscribe","https://pokemongo.com/subscribe","404","error:http_404","404 NOT FOUND – Pokémon GO","no_pricing_signal","","0","low","404 NOT FOUND – Pokémon GO GO Wild Area News Seasons EVENTS Community LEADERBOARD Shop Event Ticketing GO Wild Area News Seasons EVENTS Community LEADERBOARD Shop Event Ticketing Deutsch English Español Español (México) Français हिन्दी Bahasa Indonesia Italiano 日本語 한국어 polski Português Русский ไทย Türkçe 繁體中文 404 NOT FOUND The page you're looking for doesn't exist. Please verify the URL you've input is correct or return to the homepage. News Seasons EVENTS Community Day Map LEADERBOARD SUPPORT D","2026-05-31T03:16:29.753Z"
"gaming","com.nianticlabs.pokemongo","Pokémon GO","Niantic, Inc.","yes","$0.99 - $99.99 per item","500000000","http://pokemongo.nianticlabs.com","http://pokemongo.nianticlabs.com/subscription","https://pokemongo.com/subscription","404","error:http_404","404 NOT FOUND – Pokémon GO","no_pricing_signal","","0","low","404 NOT FOUND – Pokémon GO GO Wild Area News Seasons EVENTS Community LEADERBOARD Shop Event Ticketing GO Wild Area News Seasons EVENTS Community LEADERBOARD Shop Event Ticketing Deutsch English Español Español (México) Français हिन्दी Bahasa Indonesia Italiano 日本語 한국어 polski Português Русский ไทย Türkçe 繁體中文 404 NOT FOUND The page you're looking for doesn't exist. Please verify the URL you've input is correct or return to the homepage. News Seasons EVENTS Community Day Map LEADERBOARD SUPPORT D","2026-05-31T03:16:31.221Z"
"gaming","com.nianticlabs.pokemongo","Pokémon GO","Niantic, Inc.","yes","$0.99 - $99.99 per item","500000000","http://pokemongo.nianticlabs.com","http://pokemongo.nianticlabs.com/upgrade","https://pokemongo.com/upgrade","404","error:http_404","404 NOT FOUND – Pokémon GO","no_pricing_signal","","0","low","404 NOT FOUND – Pokémon GO GO Wild Area News Seasons EVENTS Community LEADERBOARD Shop Event Ticketing GO Wild Area News Seasons EVENTS Community LEADERBOARD Shop Event Ticketing Deutsch English Español Español (México) Français हिन्दी Bahasa Indonesia Italiano 日本語 한국어 polski Português Русский ไทย Türkçe 繁體中文 404 NOT FOUND The page you're looking for doesn't exist. Please verify the URL you've input is correct or return to the homepage. News Seasons EVENTS Community Day Map LEADERBOARD SUPPORT D","2026-05-31T03:16:32.825Z"
"gaming","com.gameloft.android.ANMP.GloftM5HM","Modern Combat 5: mobile FPS","Gameloft SE","yes","$0.99 - $99.99 per item","100000000","http://gameloft.com","http://www.gameloft.com/","https://www.gameloft.com/","200","ok","Gameloft Official: We create gaming experiences","no_pricing_signal","","0","low","Gameloft Official: We create gaming experiences Gameloft welcomes you to amazing gaming experiences, with hits like Asphalt Legends Unite and Disney Dreamlight Valley. Discover our 25-year legacy in PC, console and mobile gaming! Gameloft Official - #1 Mobile Video Games DeveloperAbout UsGames for EveryoneGaming for BusinessesOur StudiosBarcelonaBrisbaneBucharestHanoiMontrealParisSaigonSofiaUkraineYogyakartaMoreBlogsNewsroomCareersRedeemLicensing OutGameloft ChangePlay the Good Game SubscribeHom","2026-05-31T03:16:35.559Z"
"gaming","com.gameloft.android.ANMP.GloftM5HM","Modern Combat 5: mobile FPS","Gameloft SE","yes","$0.99 - $99.99 per item","100000000","http://gameloft.com","http://www.gameloft.com","https://www.gameloft.com/","200","ok","Gameloft Official: We create gaming experiences","no_pricing_signal","","0","low","Gameloft Official: We create gaming experiences Gameloft welcomes you to amazing gaming experiences, with hits like Asphalt Legends Unite and Disney Dreamlight Valley. Discover our 25-year legacy in PC, console and mobile gaming! Gameloft Official - #1 Mobile Video Games DeveloperAbout UsGames for EveryoneGaming for BusinessesOur StudiosBarcelonaBrisbaneBucharestHanoiMontrealParisSaigonSofiaUkraineYogyakartaMoreBlogsNewsroomCareersRedeemLicensing OutGameloft ChangePlay the Good Game SubscribeHom","2026-05-31T03:16:36.758Z"
"gaming","com.gameloft.android.ANMP.GloftM5HM","Modern Combat 5: mobile FPS","Gameloft SE","yes","$0.99 - $99.99 per item","100000000","http://gameloft.com","http://www.gameloft.com/pricing","https://www.gameloft.com/en/not-found/","404","error:http_404","404 - Gameloft","no_pricing_signal","","0","low","404 - Gameloft Gameloft Showcase Error 404 Where do you think You’re going?! Back to Homepage","2026-05-31T03:16:38.045Z"
"gaming","com.gameloft.android.ANMP.GloftM5HM","Modern Combat 5: mobile FPS","Gameloft SE","yes","$0.99 - $99.99 per item","100000000","http://gameloft.com","http://www.gameloft.com/plans","https://www.gameloft.com/en/not-found/","404","error:http_404","404 - Gameloft","no_pricing_signal","","0","low","404 - Gameloft Gameloft Showcase Error 404 Where do you think You’re going?! Back to Homepage","2026-05-31T03:16:39.172Z"
"gaming","com.gameloft.android.ANMP.GloftM5HM","Modern Combat 5: mobile FPS","Gameloft SE","yes","$0.99 - $99.99 per item","100000000","http://gameloft.com","http://www.gameloft.com/premium","https://www.gameloft.com/en/not-found/","404","error:http_404","404 - Gameloft","no_pricing_signal","","0","low","404 - Gameloft Gameloft Showcase Error 404 Where do you think You’re going?! Back to Homepage","2026-05-31T03:16:40.160Z"
"gaming","com.gameloft.android.ANMP.GloftM5HM","Modern Combat 5: mobile FPS","Gameloft SE","yes","$0.99 - $99.99 per item","100000000","http://gameloft.com","http://www.gameloft.com/subscribe","https://www.gameloft.com/en/not-found/","404","error:http_404","404 - Gameloft","no_pricing_signal","","0","low","404 - Gameloft Gameloft Showcase Error 404 Where do you think You’re going?! Back to Homepage","2026-05-31T03:16:41.220Z"
"gaming","com.gameloft.android.ANMP.GloftM5HM","Modern Combat 5: mobile FPS","Gameloft SE","yes","$0.99 - $99.99 per item","100000000","http://gameloft.com","http://www.gameloft.com/subscription","https://www.gameloft.com/en/not-found/","404","error:http_404","404 - Gameloft","no_pricing_signal","","0","low","404 - Gameloft Gameloft Showcase Error 404 Where do you think You’re going?! Back to Homepage","2026-05-31T03:16:42.244Z"
"gaming","com.gameloft.android.ANMP.GloftM5HM","Modern Combat 5: mobile FPS","Gameloft SE","yes","$0.99 - $99.99 per item","100000000","http://gameloft.com","http://www.gameloft.com/upgrade","https://www.gameloft.com/en/not-found/","404","error:http_404","404 - Gameloft","no_pricing_signal","","0","low","404 - Gameloft Gameloft Showcase Error 404 Where do you think You’re going?! Back to Homepage","2026-05-31T03:16:43.370Z"
"gaming","com.kitkagames.fallbuddies","Stumble Guys","Scopely","yes","$0.99 - $149.99 per item","100000000","https://scopely.com","https://www.scopely.com/","https://www.scopely.com/","200","ok","Scopely | Global interactive Mobile-first video game company","no_pricing_signal","","0","low","Scopely | Global interactive Mobile-first video game company Scopely is expanding the possibilities of play through game experiences that aim to inspire community, connection and competition. Inspire play, every day. About usOur gamesLife at ScopelyNewsJoin usCreatorsPlease accept cookies to view this video content. Manage cookiesScopely is expanding the possibilities of play through game experiences that aim to inspire community, connection, competition and PLAY, EVERY DAY.Read moreOur gamesAbo","2026-05-31T03:16:44.424Z"
"gaming","com.kitkagames.fallbuddies","Stumble Guys","Scopely","yes","$0.99 - $149.99 per item","100000000","https://scopely.com","https://www.scopely.com","https://www.scopely.com/","200","ok","Scopely | Global interactive Mobile-first video game company","no_pricing_signal","","0","low","Scopely | Global interactive Mobile-first video game company Scopely is expanding the possibilities of play through game experiences that aim to inspire community, connection and competition. Inspire play, every day. About usOur gamesLife at ScopelyNewsJoin usCreatorsPlease accept cookies to view this video content. Manage cookiesScopely is expanding the possibilities of play through game experiences that aim to inspire community, connection, competition and PLAY, EVERY DAY.Read moreOur gamesAbo","2026-05-31T03:16:45.525Z"
"gaming","com.kitkagames.fallbuddies","Stumble Guys","Scopely","yes","$0.99 - $149.99 per item","100000000","https://scopely.com","https://www.scopely.com/pricing","https://www.scopely.com/pricing","404","error:http_404","404: This page could not be found","no_pricing_signal","","0","low","404: This page could not be found 404This page could not be found.","2026-05-31T03:16:45.693Z"
"gaming","com.kitkagames.fallbuddies","Stumble Guys","Scopely","yes","$0.99 - $149.99 per item","100000000","https://scopely.com","https://www.scopely.com/plans","https://www.scopely.com/plans","404","error:http_404","404: This page could not be found","no_pricing_signal","","0","low","404: This page could not be found 404This page could not be found.","2026-05-31T03:16:45.863Z"
"gaming","com.kitkagames.fallbuddies","Stumble Guys","Scopely","yes","$0.99 - $149.99 per item","100000000","https://scopely.com","https://www.scopely.com/premium","https://www.scopely.com/premium","404","error:http_404","404: This page could not be found","no_pricing_signal","","0","low","404: This page could not be found 404This page could not be found.","2026-05-31T03:16:46.035Z"
"gaming","com.kitkagames.fallbuddies","Stumble Guys","Scopely","yes","$0.99 - $149.99 per item","100000000","https://scopely.com","https://www.scopely.com/subscribe","https://www.scopely.com/subscribe","404","error:http_404","404: This page could not be found","no_pricing_signal","","0","low","404: This page could not be found 404This page could not be found.","2026-05-31T03:16:46.217Z"
"gaming","com.kitkagames.fallbuddies","Stumble Guys","Scopely","yes","$0.99 - $149.99 per item","100000000","https://scopely.com","https://www.scopely.com/subscription","https://www.scopely.com/subscription","404","error:http_404","404: This page could not be found","no_pricing_signal","","0","low","404: This page could not be found 404This page could not be found.","2026-05-31T03:16:46.392Z"
"gaming","com.kitkagames.fallbuddies","Stumble Guys","Scopely","yes","$0.99 - $149.99 per item","100000000","https://scopely.com","https://www.scopely.com/upgrade","https://www.scopely.com/upgrade","404","error:http_404","404: This page could not be found","no_pricing_signal","","0","low","404: This page could not be found 404This page could not be found.","2026-05-31T03:16:46.562Z"
"gaming","com.critical.strike2","Critical Strike CS: Online FPS","VERTIGO GAMES","yes","$0.49 - $209.99 per item","100000000","https://vertigogames.co","https://www.vertigogames.co/","https://vertigogames.co/","200","ok","Vertigo Games – Mobile game development & publishing studio of midcore real-time social multiplayer games","no_pricing_signal","","0","low","Vertigo Games – Mobile game development & publishing studio of midcore real-time social multiplayer games Skip to content Vertigo Games Mobile game development & publishing studio of midcore real-time social multiplayer games Home Jobs Critical Strike Polygun Arena Terms of Use Privacy Policy Search… Vertigo Games Mobile game development & publishing studio of midcore real-time social multiplayer games Search… Home Jobs Critical Strike Polygun Arena Terms of Use Privacy Policy Search… Who we are","2026-05-31T03:16:47.032Z"
"gaming","com.critical.strike2","Critical Strike CS: Online FPS","VERTIGO GAMES","yes","$0.49 - $209.99 per item","100000000","https://vertigogames.co","https://www.vertigogames.co","https://vertigogames.co/","200","ok","Vertigo Games – Mobile game development & publishing studio of midcore real-time social multiplayer games","no_pricing_signal","","0","low","Vertigo Games – Mobile game development & publishing studio of midcore real-time social multiplayer games Skip to content Vertigo Games Mobile game development & publishing studio of midcore real-time social multiplayer games Home Jobs Critical Strike Polygun Arena Terms of Use Privacy Policy Search… Vertigo Games Mobile game development & publishing studio of midcore real-time social multiplayer games Search… Home Jobs Critical Strike Polygun Arena Terms of Use Privacy Policy Search… Who we are","2026-05-31T03:16:47.228Z"
"gaming","com.critical.strike2","Critical Strike CS: Online FPS","VERTIGO GAMES","yes","$0.49 - $209.99 per item","100000000","https://vertigogames.co","https://www.vertigogames.co/pricing","https://vertigogames.co/pricing","404","error:http_404","Page not found – Vertigo Games","no_pricing_signal","","0","low","Page not found – Vertigo Games Skip to content Vertigo Games Mobile game development & publishing studio of midcore real-time social multiplayer games Home Jobs Critical Strike Polygun Arena Terms of Use Privacy Policy Search… Vertigo Games Mobile game development & publishing studio of midcore real-time social multiplayer games Search… Home Jobs Critical Strike Polygun Arena Terms of Use Privacy Policy Search… Oops! That page can’t be found. It looks like nothing was found at this location. May","2026-05-31T03:16:47.800Z"
"gaming","com.critical.strike2","Critical Strike CS: Online FPS","VERTIGO GAMES","yes","$0.49 - $209.99 per item","100000000","https://vertigogames.co","https://www.vertigogames.co/plans","https://vertigogames.co/plans","404","error:http_404","Page not found – Vertigo Games","no_pricing_signal","","0","low","Page not found – Vertigo Games Skip to content Vertigo Games Mobile game development & publishing studio of midcore real-time social multiplayer games Home Jobs Critical Strike Polygun Arena Terms of Use Privacy Policy Search… Vertigo Games Mobile game development & publishing studio of midcore real-time social multiplayer games Search… Home Jobs Critical Strike Polygun Arena Terms of Use Privacy Policy Search… Oops! That page can’t be found. It looks like nothing was found at this location. May","2026-05-31T03:16:49.160Z"
"gaming","com.critical.strike2","Critical Strike CS: Online FPS","VERTIGO GAMES","yes","$0.49 - $209.99 per item","100000000","https://vertigogames.co","https://www.vertigogames.co/premium","https://vertigogames.co/premium","404","error:http_404","Page not found – Vertigo Games","no_pricing_signal","","0","low","Page not found – Vertigo Games Skip to content Vertigo Games Mobile game development & publishing studio of midcore real-time social multiplayer games Home Jobs Critical Strike Polygun Arena Terms of Use Privacy Policy Search… Vertigo Games Mobile game development & publishing studio of midcore real-time social multiplayer games Search… Home Jobs Critical Strike Polygun Arena Terms of Use Privacy Policy Search… Oops! That page can’t be found. It looks like nothing was found at this location. May","2026-05-31T03:16:49.735Z"
"gaming","com.critical.strike2","Critical Strike CS: Online FPS","VERTIGO GAMES","yes","$0.49 - $209.99 per item","100000000","https://vertigogames.co","https://www.vertigogames.co/subscribe","https://vertigogames.co/subscribe","404","error:http_404","Page not found – Vertigo Games","no_pricing_signal","","0","low","Page not found – Vertigo Games Skip to content Vertigo Games Mobile game development & publishing studio of midcore real-time social multiplayer games Home Jobs Critical Strike Polygun Arena Terms of Use Privacy Policy Search… Vertigo Games Mobile game development & publishing studio of midcore real-time social multiplayer games Search… Home Jobs Critical Strike Polygun Arena Terms of Use Privacy Policy Search… Oops! That page can’t be found. It looks like nothing was found at this location. May","2026-05-31T03:16:50.348Z"
"gaming","com.critical.strike2","Critical Strike CS: Online FPS","VERTIGO GAMES","yes","$0.49 - $209.99 per item","100000000","https://vertigogames.co","https://www.vertigogames.co/subscription","https://vertigogames.co/subscription","404","error:http_404","Page not found – Vertigo Games","no_pricing_signal","","0","low","Page not found – Vertigo Games Skip to content Vertigo Games Mobile game development & publishing studio of midcore real-time social multiplayer games Home Jobs Critical Strike Polygun Arena Terms of Use Privacy Policy Search… Vertigo Games Mobile game development & publishing studio of midcore real-time social multiplayer games Search… Home Jobs Critical Strike Polygun Arena Terms of Use Privacy Policy Search… Oops! That page can’t be found. It looks like nothing was found at this location. May","2026-05-31T03:16:51.875Z"
"gaming","com.critical.strike2","Critical Strike CS: Online FPS","VERTIGO GAMES","yes","$0.49 - $209.99 per item","100000000","https://vertigogames.co","https://www.vertigogames.co/upgrade","https://vertigogames.co/upgrade","404","error:http_404","Page not found – Vertigo Games","no_pricing_signal","","0","low","Page not found – Vertigo Games Skip to content Vertigo Games Mobile game development & publishing studio of midcore real-time social multiplayer games Home Jobs Critical Strike Polygun Arena Terms of Use Privacy Policy Search… Vertigo Games Mobile game development & publishing studio of midcore real-time social multiplayer games Search… Home Jobs Critical Strike Polygun Arena Terms of Use Privacy Policy Search… Oops! That page can’t be found. It looks like nothing was found at this location. May","2026-05-31T03:16:52.789Z"
"gaming","com.tfgco.games.sports.free.tennis.clash","Tennis Clash: Multiplayer Game","Wildlife Studios","yes","$0.49 - $149.99 per item","100000000","https://wildlifestudios.com","https://www.wildlifestudios.com/","https://wildlifestudios.com/","200","ok","Wildlife","pricing_page|subscription_terms","","0","medium","Wildlife ""Play Tennis Clash for an exciting game of tennis! Try Zooba for a unique Battle Royale experience. Join Wildlife Studios for a career in game development."" Games Publishing Newsroom Careers Who We Are Leadership Português Games Newsroom Blog Careers Who We Are Search Jobs and keywords It's always a good day to play Tennis Clash! Go to Tennis Clash Battle Royale meets MOBA. Play Zooba! Go to Zooba Unleash your potential and work on games Go to careers News Check out our latest news News","2026-05-31T03:16:55.970Z"
"gaming","com.tfgco.games.sports.free.tennis.clash","Tennis Clash: Multiplayer Game","Wildlife Studios","yes","$0.49 - $149.99 per item","100000000","https://wildlifestudios.com","https://www.wildlifestudios.com","https://wildlifestudios.com/","200","ok","Wildlife","pricing_page|subscription_terms","","0","medium","Wildlife ""Play Tennis Clash for an exciting game of tennis! Try Zooba for a unique Battle Royale experience. Join Wildlife Studios for a career in game development."" Games Publishing Newsroom Careers Who We Are Leadership Português Games Newsroom Blog Careers Who We Are Search Jobs and keywords It's always a good day to play Tennis Clash! Go to Tennis Clash Battle Royale meets MOBA. Play Zooba! Go to Zooba Unleash your potential and work on games Go to careers News Check out our latest news News","2026-05-31T03:16:56.690Z"
"gaming","com.tfgco.games.sports.free.tennis.clash","Tennis Clash: Multiplayer Game","Wildlife Studios","yes","$0.49 - $149.99 per item","100000000","https://wildlifestudios.com","https://www.wildlifestudios.com/pricing","https://wildlifestudios.com/pricing/","404","error:http_404","Error: Page not Found | Wildlife","no_pricing_signal","","0","low","Error: Page not Found | Wildlife Games Publishing Newsroom Careers Who We Are Leadership Português Games Newsroom Blog Careers Who We Are Search Jobs and keywords Something went wrong. The page you tried to access does not exist or is being maintained, but stay calm. How about trying to put the puzzle together? Congratulations 00:00:00 Don't miss Wildlife's news! Subscribe to our newsletter. Email ok I have read and accepted the Read the Privacy Policy. Unleash your potential and explore the fut","2026-05-31T03:16:59.346Z"
"gaming","com.tfgco.games.sports.free.tennis.clash","Tennis Clash: Multiplayer Game","Wildlife Studios","yes","$0.49 - $149.99 per item","100000000","https://wildlifestudios.com","https://www.wildlifestudios.com/plans","https://wildlifestudios.com/plans/","404","error:http_404","Error: Page not Found | Wildlife","no_pricing_signal","","0","low","Error: Page not Found | Wildlife Games Publishing Newsroom Careers Who We Are Leadership Português Games Newsroom Blog Careers Who We Are Search Jobs and keywords Something went wrong. The page you tried to access does not exist or is being maintained, but stay calm. How about trying to put the puzzle together? Congratulations 00:00:00 Don't miss Wildlife's news! Subscribe to our newsletter. Email ok I have read and accepted the Read the Privacy Policy. Unleash your potential and explore the fut","2026-05-31T03:17:00.646Z"
"gaming","com.tfgco.games.sports.free.tennis.clash","Tennis Clash: Multiplayer Game","Wildlife Studios","yes","$0.49 - $149.99 per item","100000000","https://wildlifestudios.com","https://www.wildlifestudios.com/premium","https://wildlifestudios.com/premium/","404","error:http_404","Error: Page not Found | Wildlife","no_pricing_signal","","0","low","Error: Page not Found | Wildlife Games Publishing Newsroom Careers Who We Are Leadership Português Games Newsroom Blog Careers Who We Are Search Jobs and keywords Something went wrong. The page you tried to access does not exist or is being maintained, but stay calm. How about trying to put the puzzle together? Congratulations 00:00:00 Don't miss Wildlife's news! Subscribe to our newsletter. Email ok I have read and accepted the Read the Privacy Policy. Unleash your potential and explore the fut","2026-05-31T03:17:01.917Z"
"gaming","com.tfgco.games.sports.free.tennis.clash","Tennis Clash: Multiplayer Game","Wildlife Studios","yes","$0.49 - $149.99 per item","100000000","https://wildlifestudios.com","https://www.wildlifestudios.com/subscribe","https://wildlifestudios.com/subscribe/","404","error:http_404","Error: Page not Found | Wildlife","no_pricing_signal","","0","low","Error: Page not Found | Wildlife Games Publishing Newsroom Careers Who We Are Leadership Português Games Newsroom Blog Careers Who We Are Search Jobs and keywords Something went wrong. The page you tried to access does not exist or is being maintained, but stay calm. How about trying to put the puzzle together? Congratulations 00:00:00 Don't miss Wildlife's news! Subscribe to our newsletter. Email ok I have read and accepted the Read the Privacy Policy. Unleash your potential and explore the fut","2026-05-31T03:17:03.307Z"
"gaming","com.tfgco.games.sports.free.tennis.clash","Tennis Clash: Multiplayer Game","Wildlife Studios","yes","$0.49 - $149.99 per item","100000000","https://wildlifestudios.com","https://www.wildlifestudios.com/subscription","https://wildlifestudios.com/subscription/","404","error:http_404","Error: Page not Found | Wildlife","no_pricing_signal","","0","low","Error: Page not Found | Wildlife Games Publishing Newsroom Careers Who We Are Leadership Português Games Newsroom Blog Careers Who We Are Search Jobs and keywords Something went wrong. The page you tried to access does not exist or is being maintained, but stay calm. How about trying to put the puzzle together? Congratulations 00:00:00 Don't miss Wildlife's news! Subscribe to our newsletter. Email ok I have read and accepted the Read the Privacy Policy. Unleash your potential and explore the fut","2026-05-31T03:17:04.568Z"
"gaming","com.tfgco.games.sports.free.tennis.clash","Tennis Clash: Multiplayer Game","Wildlife Studios","yes","$0.49 - $149.99 per item","100000000","https://wildlifestudios.com","https://www.wildlifestudios.com/upgrade","https://wildlifestudios.com/upgrade/","404","error:http_404","Error: Page not Found | Wildlife","no_pricing_signal","","0","low","Error: Page not Found | Wildlife Games Publishing Newsroom Careers Who We Are Leadership Português Games Newsroom Blog Careers Who We Are Search Jobs and keywords Something went wrong. The page you tried to access does not exist or is being maintained, but stay calm. How about trying to put the puzzle together? Congratulations 00:00:00 Don't miss Wildlife's news! Subscribe to our newsletter. Email ok I have read and accepted the Read the Privacy Policy. Unleash your potential and explore the fut","2026-05-31T03:17:05.902Z"
"gaming","com.ludia.jurassicworld","Jurassic World™: The Game","Ludia Games Inc.","yes","$0.99 - $499.99 per item","100000000","https://ludia.com","https://www.ludia.com/","https://www.ludia.com/","200","ok","Home | Ludia Montreal","no_pricing_signal","","0","low","Home | Ludia Montreal Ludia is a leading mobile gaming company based in Montreal. top of pageABOUT USGAMESCAREERCONTACTMENU CONTACTCAREERGAMESSAINSTAGRAM LINKEDIN FACEBOOK BUOTUSAdd Add CLOSE ABOUT USGAMESCAREERCONTACT Create the best of mobile gamingscroll to discover our universe about usSpanning across nearly two decades, Montreal-based Ludia designs, creates and distributes award-winning cross-platform digital games. Our high-quality product portfolio consists of original and world-recognize","2026-05-31T03:17:06.783Z"
"gaming","com.ludia.jurassicworld","Jurassic World™: The Game","Ludia Games Inc.","yes","$0.99 - $499.99 per item","100000000","https://ludia.com","https://www.ludia.com","https://www.ludia.com/","200","ok","Home | Ludia Montreal","no_pricing_signal","","0","low","Home | Ludia Montreal Ludia is a leading mobile gaming company based in Montreal. top of pageABOUT USGAMESCAREERCONTACTMENU CONTACTCAREERGAMESSAINSTAGRAM LINKEDIN FACEBOOK BUOTUSAdd Add CLOSE ABOUT USGAMESCAREERCONTACT Create the best of mobile gamingscroll to discover our universe about usSpanning across nearly two decades, Montreal-based Ludia designs, creates and distributes award-winning cross-platform digital games. Our high-quality product portfolio consists of original and world-recognize","2026-05-31T03:17:07.334Z"
"gaming","com.ludia.jurassicworld","Jurassic World™: The Game","Ludia Games Inc.","yes","$0.99 - $499.99 per item","100000000","https://ludia.com","https://www.ludia.com/pricing","https://www.ludia.com/pricing","404","error:http_404","404 Error: Page Not Found","no_pricing_signal","","0","low","404 Error: Page Not Found","2026-05-31T03:17:07.686Z"
"gaming","com.ludia.jurassicworld","Jurassic World™: The Game","Ludia Games Inc.","yes","$0.99 - $499.99 per item","100000000","https://ludia.com","https://www.ludia.com/plans","https://www.ludia.com/plans","404","error:http_404","404 Error: Page Not Found","no_pricing_signal","","0","low","404 Error: Page Not Found","2026-05-31T03:17:08.049Z"
"gaming","com.ludia.jurassicworld","Jurassic World™: The Game","Ludia Games Inc.","yes","$0.99 - $499.99 per item","100000000","https://ludia.com","https://www.ludia.com/premium","https://www.ludia.com/premium","404","error:http_404","404 Error: Page Not Found","no_pricing_signal","","0","low","404 Error: Page Not Found","2026-05-31T03:17:08.456Z"
"gaming","com.ludia.jurassicworld","Jurassic World™: The Game","Ludia Games Inc.","yes","$0.99 - $499.99 per item","100000000","https://ludia.com","https://www.ludia.com/subscribe","https://www.ludia.com/subscribe","404","error:http_404","404 Error: Page Not Found","no_pricing_signal","","0","low","404 Error: Page Not Found","2026-05-31T03:17:08.780Z"
"gaming","com.ludia.jurassicworld","Jurassic World™: The Game","Ludia Games Inc.","yes","$0.99 - $499.99 per item","100000000","https://ludia.com","https://www.ludia.com/subscription","https://www.ludia.com/subscription","404","error:http_404","404 Error: Page Not Found","no_pricing_signal","","0","low","404 Error: Page Not Found","2026-05-31T03:17:09.110Z"
"gaming","com.ludia.jurassicworld","Jurassic World™: The Game","Ludia Games Inc.","yes","$0.99 - $499.99 per item","100000000","https://ludia.com","https://www.ludia.com/upgrade","https://www.ludia.com/upgrade","404","error:http_404","404 Error: Page Not Found","no_pricing_signal","","0","low","404 Error: Page Not Found","2026-05-31T03:17:09.424Z"
"gaming","com.nintendo.zaka","Mario Kart Tour","Nintendo Co., Ltd.","yes","$1.99 - $69.99 per item","100000000","https://mariokarttour.com","https://mariokarttour.com/","https://mariokarttour.com/","200","ok","","no_pricing_signal","","0","low","","2026-05-31T03:17:09.925Z"
"gaming","com.nintendo.zaka","Mario Kart Tour","Nintendo Co., Ltd.","yes","$1.99 - $69.99 per item","100000000","https://mariokarttour.com","https://mariokarttour.com","https://mariokarttour.com/","200","ok","","no_pricing_signal","","0","low","","2026-05-31T03:17:10.123Z"
"gaming","com.nintendo.zaka","Mario Kart Tour","Nintendo Co., Ltd.","yes","$1.99 - $69.99 per item","100000000","https://mariokarttour.com","https://mariokarttour.com/pricing","https://mariokarttour.com/pricing","404","error:http_404","","no_pricing_signal","","0","low","Loading...","2026-05-31T03:17:10.362Z"
"gaming","com.nintendo.zaka","Mario Kart Tour","Nintendo Co., Ltd.","yes","$1.99 - $69.99 per item","100000000","https://mariokarttour.com","https://mariokarttour.com/plans","https://mariokarttour.com/plans","404","error:http_404","","no_pricing_signal","","0","low","Loading...","2026-05-31T03:17:10.913Z"
"gaming","com.nintendo.zaka","Mario Kart Tour","Nintendo Co., Ltd.","yes","$1.99 - $69.99 per item","100000000","https://mariokarttour.com","https://mariokarttour.com/premium","https://mariokarttour.com/premium","404","error:http_404","","no_pricing_signal","","0","low","Loading...","2026-05-31T03:17:11.151Z"
"gaming","com.nintendo.zaka","Mario Kart Tour","Nintendo Co., Ltd.","yes","$1.99 - $69.99 per item","100000000","https://mariokarttour.com","https://mariokarttour.com/subscribe","https://mariokarttour.com/subscribe","404","error:http_404","","no_pricing_signal","","0","low","Loading...","2026-05-31T03:17:11.430Z"
"gaming","com.nintendo.zaka","Mario Kart Tour","Nintendo Co., Ltd.","yes","$1.99 - $69.99 per item","100000000","https://mariokarttour.com","https://mariokarttour.com/subscription","https://mariokarttour.com/subscription","404","error:http_404","","no_pricing_signal","","0","low","Loading...","2026-05-31T03:17:11.671Z"
"gaming","com.nintendo.zaka","Mario Kart Tour","Nintendo Co., Ltd.","yes","$1.99 - $69.99 per item","100000000","https://mariokarttour.com","https://mariokarttour.com/upgrade","https://mariokarttour.com/upgrade","404","error:http_404","","no_pricing_signal","","0","low","Loading...","2026-05-31T03:17:11.927Z"
"gaming","com.vincentb.MobControl","Mob Control","VOODOO","yes","$0.84 - $399.99 per item","100000000","https://voodoo.io","https://www.voodoo.io/","https://voodoo.io/","200","ok","Voodoo | Entertain the world","price_points_detected","$670","1","medium","Voodoo | Entertain the world We entertain the world with iconic apps and games. CompanyPublishingCareersNewsCompanyPublishingCareersNewsCompanyPublishingCareersNewsCompanyPublishingCareersNewsThe always fresh, oddly satisfying strategy game where anyone can feel skilled and powerful.An endlessly engaging puzzle that’s easy to pick up but hard to put down. Sharpen your mind with each block you place.A classic and timeless board game. Immerse yourself in a world of strategy where your mind is your","2026-05-31T03:17:12.506Z"
"gaming","com.vincentb.MobControl","Mob Control","VOODOO","yes","$0.84 - $399.99 per item","100000000","https://voodoo.io","https://www.voodoo.io","https://voodoo.io/","200","ok","Voodoo | Entertain the world","price_points_detected","$670","1","medium","Voodoo | Entertain the world We entertain the world with iconic apps and games. CompanyPublishingCareersNewsCompanyPublishingCareersNewsCompanyPublishingCareersNewsCompanyPublishingCareersNewsThe always fresh, oddly satisfying strategy game where anyone can feel skilled and powerful.An endlessly engaging puzzle that’s easy to pick up but hard to put down. Sharpen your mind with each block you place.A classic and timeless board game. Immerse yourself in a world of strategy where your mind is your","2026-05-31T03:17:12.723Z"
"gaming","com.vincentb.MobControl","Mob Control","VOODOO","yes","$0.84 - $399.99 per item","100000000","https://voodoo.io","https://www.voodoo.io/pricing","https://voodoo.io/pricing","404","error:http_404","404 | Voodoo","no_pricing_signal","","0","low","404 | Voodoo We entertain the world with iconic apps and games. CompanyPublishingCareersNewsCompanyPublishingCareersNewsCompanyPublishingCareersNewsCompanyPublishingCareersNewsPage not foundWe're sorry but the page you requested can't be found. The URL may be misspelled or the page is no longer available.Back to homeEntertain the world© 2026 VoodooServicesPublishingAcademyAdsAbout usCompanyCareersNewsPressLegalTerms of servicePrivacyLegalCookie PolicyCookie SettingsEntertain the world© 2026 Vood","2026-05-31T03:17:12.918Z"
"gaming","com.vincentb.MobControl","Mob Control","VOODOO","yes","$0.84 - $399.99 per item","100000000","https://voodoo.io","https://www.voodoo.io/plans","https://voodoo.io/plans","404","error:http_404","404 | Voodoo","no_pricing_signal","","0","low","404 | Voodoo We entertain the world with iconic apps and games. CompanyPublishingCareersNewsCompanyPublishingCareersNewsCompanyPublishingCareersNewsCompanyPublishingCareersNewsPage not foundWe're sorry but the page you requested can't be found. The URL may be misspelled or the page is no longer available.Back to homeEntertain the world© 2026 VoodooServicesPublishingAcademyAdsAbout usCompanyCareersNewsPressLegalTerms of servicePrivacyLegalCookie PolicyCookie SettingsEntertain the world© 2026 Vood","2026-05-31T03:17:13.109Z"
"gaming","com.vincentb.MobControl","Mob Control","VOODOO","yes","$0.84 - $399.99 per item","100000000","https://voodoo.io","https://www.voodoo.io/premium","https://voodoo.io/premium","404","error:http_404","404 | Voodoo","no_pricing_signal","","0","low","404 | Voodoo We entertain the world with iconic apps and games. CompanyPublishingCareersNewsCompanyPublishingCareersNewsCompanyPublishingCareersNewsCompanyPublishingCareersNewsPage not foundWe're sorry but the page you requested can't be found. The URL may be misspelled or the page is no longer available.Back to homeEntertain the world© 2026 VoodooServicesPublishingAcademyAdsAbout usCompanyCareersNewsPressLegalTerms of servicePrivacyLegalCookie PolicyCookie SettingsEntertain the world© 2026 Vood","2026-05-31T03:17:13.300Z"
"gaming","com.vincentb.MobControl","Mob Control","VOODOO","yes","$0.84 - $399.99 per item","100000000","https://voodoo.io","https://www.voodoo.io/subscribe","https://voodoo.io/subscribe","404","error:http_404","404 | Voodoo","no_pricing_signal","","0","low","404 | Voodoo We entertain the world with iconic apps and games. CompanyPublishingCareersNewsCompanyPublishingCareersNewsCompanyPublishingCareersNewsCompanyPublishingCareersNewsPage not foundWe're sorry but the page you requested can't be found. The URL may be misspelled or the page is no longer available.Back to homeEntertain the world© 2026 VoodooServicesPublishingAcademyAdsAbout usCompanyCareersNewsPressLegalTerms of servicePrivacyLegalCookie PolicyCookie SettingsEntertain the world© 2026 Vood","2026-05-31T03:17:13.490Z"
"gaming","com.vincentb.MobControl","Mob Control","VOODOO","yes","$0.84 - $399.99 per item","100000000","https://voodoo.io","https://www.voodoo.io/subscription","https://voodoo.io/subscription","404","error:http_404","404 | Voodoo","no_pricing_signal","","0","low","404 | Voodoo We entertain the world with iconic apps and games. CompanyPublishingCareersNewsCompanyPublishingCareersNewsCompanyPublishingCareersNewsCompanyPublishingCareersNewsPage not foundWe're sorry but the page you requested can't be found. The URL may be misspelled or the page is no longer available.Back to homeEntertain the world© 2026 VoodooServicesPublishingAcademyAdsAbout usCompanyCareersNewsPressLegalTerms of servicePrivacyLegalCookie PolicyCookie SettingsEntertain the world© 2026 Vood","2026-05-31T03:17:13.679Z"
"gaming","com.vincentb.MobControl","Mob Control","VOODOO","yes","$0.84 - $399.99 per item","100000000","https://voodoo.io","https://www.voodoo.io/upgrade","https://voodoo.io/upgrade","404","error:http_404","404 | Voodoo","no_pricing_signal","","0","low","404 | Voodoo We entertain the world with iconic apps and games. CompanyPublishingCareersNewsCompanyPublishingCareersNewsCompanyPublishingCareersNewsCompanyPublishingCareersNewsPage not foundWe're sorry but the page you requested can't be found. The URL may be misspelled or the page is no longer available.Back to homeEntertain the world© 2026 VoodooServicesPublishingAcademyAdsAbout usCompanyCareersNewsPressLegalTerms of servicePrivacyLegalCookie PolicyCookie SettingsEntertain the world© 2026 Vood","2026-05-31T03:17:13.872Z"
"gaming","com.ea.games.simsfreeplay_row","The Sims™ FreePlay","ELECTRONIC ARTS","yes","$0.99 - $99.99 per item","100000000","http://ea.com","http://www.ea.com/android","https://www.ea.com/games/library/mobile","200","ok","EA Mobile Games Library - Electronic Arts","pricing_page|subscription_terms","","0","medium","EA Mobile Games Library - Electronic Arts Enter a world of endless entertainment that fits right in your pocket! From thrilling action to mind-bending puzzles, EA mobile games offer a vast variety of experiences anytime, anywhere. EA Play FIFA 23 F1™ 22 Madden NFL 23 Apex Legends Battlefield™ 2042 The Sims 4 Electronic Arts Home Latest Games Coming Soon Free-To-Play EA SPORTS EA Originals Games Library EA app Deals PC PlayStation Xbox Nintendo Switch Mobile Pogo The EA app EA Play Playtesting Co","2026-05-31T03:17:14.716Z"
"gaming","com.ea.games.simsfreeplay_row","The Sims™ FreePlay","ELECTRONIC ARTS","yes","$0.99 - $99.99 per item","100000000","http://ea.com","http://www.ea.com","https://www.ea.com/","200","ok","Electronic Arts Home Page - Official EA Site","pricing_page|subscription_terms|paywall_language","","0","medium","Electronic Arts Home Page - Official EA Site We exist to inspire the world through Play. Electronic Arts is a leading publisher of games on Console, PC and Mobile. EA Play FIFA 23 F1™ 22 Madden NFL 23 Apex Legends Battlefield™ 2042 The Sims 4 Electronic Arts Home Latest Games Coming Soon Free-To-Play EA SPORTS EA Originals Games Library EA app Deals PC PlayStation Xbox Nintendo Switch Mobile Pogo The EA app EA Play Playtesting Company Careers News Technology EA Studios EA Partners Our Commitment","2026-05-31T03:17:15.421Z"
"gaming","com.ea.games.simsfreeplay_row","The Sims™ FreePlay","ELECTRONIC ARTS","yes","$0.99 - $99.99 per item","100000000","http://ea.com","http://www.ea.com/pricing","https://www.ea.com/pricing","404","error:http_404","404 - Official EA Site","no_pricing_signal","","0","low","404 - Official EA Site EA Play FIFA 23 F1™ 22 Madden NFL 23 Apex Legends Battlefield™ 2042 The Sims 4 Electronic Arts Home Latest Games Coming Soon Free-To-Play EA SPORTS EA Originals Games Library EA app Deals PC PlayStation Xbox Nintendo Switch Mobile Pogo The EA app EA Play Playtesting Company Careers News Technology EA Studios EA Partners Our Commitments Positive Play People & Inclusive Culture Social Impact Environment Help EA Community Forums Player and Parental Tools Accessibility Press I","2026-05-31T03:17:15.890Z"
"gaming","com.ea.games.simsfreeplay_row","The Sims™ FreePlay","ELECTRONIC ARTS","yes","$0.99 - $99.99 per item","100000000","http://ea.com","http://www.ea.com/plans","https://www.ea.com/plans","404","error:http_404","404 - Official EA Site","no_pricing_signal","","0","low","404 - Official EA Site EA Play FIFA 23 F1™ 22 Madden NFL 23 Apex Legends Battlefield™ 2042 The Sims 4 Electronic Arts Home Latest Games Coming Soon Free-To-Play EA SPORTS EA Originals Games Library EA app Deals PC PlayStation Xbox Nintendo Switch Mobile Pogo The EA app EA Play Playtesting Company Careers News Technology EA Studios EA Partners Our Commitments Positive Play People & Inclusive Culture Social Impact Environment Help EA Community Forums Player and Parental Tools Accessibility Press I","2026-05-31T03:17:17.494Z"
"gaming","com.ea.games.simsfreeplay_row","The Sims™ FreePlay","ELECTRONIC ARTS","yes","$0.99 - $99.99 per item","100000000","http://ea.com","http://www.ea.com/premium","https://www.ea.com/premium","404","error:http_404","404 - Official EA Site","no_pricing_signal","","0","low","404 - Official EA Site EA Play FIFA 23 F1™ 22 Madden NFL 23 Apex Legends Battlefield™ 2042 The Sims 4 Electronic Arts Home Latest Games Coming Soon Free-To-Play EA SPORTS EA Originals Games Library EA app Deals PC PlayStation Xbox Nintendo Switch Mobile Pogo The EA app EA Play Playtesting Company Careers News Technology EA Studios EA Partners Our Commitments Positive Play People & Inclusive Culture Social Impact Environment Help EA Community Forums Player and Parental Tools Accessibility Press I","2026-05-31T03:17:18.837Z"
"gaming","com.ea.games.simsfreeplay_row","The Sims™ FreePlay","ELECTRONIC ARTS","yes","$0.99 - $99.99 per item","100000000","http://ea.com","http://www.ea.com/subscribe","https://www.ea.com/ea-play","200","ok","EA Play Membership - Official EA Site","pricing_page|subscription_terms|paywall_language|checkout_language|price_points_detected","$5.99|$39.99|$16.99|$119.99","4","high","EA Play Membership - Official EA Site Unlock the world of EA. Experience unlimited access to a collection of top EA titles, trials of select new games, and more with an EA Play membership. EA Play Games Member Benefits News Newsletter FAQ Games Member Benefits News Newsletter FAQ Unlock a world of thrill Experience unlimited access to a collection of EA titles, trials of select new games and more. Join Now EA Play Member Benefits The Play List Unlimited access to an unrivaled collection of EA’s","2026-05-31T03:17:19.661Z"
"gaming","com.ea.games.simsfreeplay_row","The Sims™ FreePlay","ELECTRONIC ARTS","yes","$0.99 - $99.99 per item","100000000","http://ea.com","http://www.ea.com/subscription","https://www.ea.com/subscription","404","error:http_404","404 - Official EA Site","no_pricing_signal","","0","low","404 - Official EA Site EA Play FIFA 23 F1™ 22 Madden NFL 23 Apex Legends Battlefield™ 2042 The Sims 4 Electronic Arts Home Latest Games Coming Soon Free-To-Play EA SPORTS EA Originals Games Library EA app Deals PC PlayStation Xbox Nintendo Switch Mobile Pogo The EA app EA Play Playtesting Company Careers News Technology EA Studios EA Partners Our Commitments Positive Play People & Inclusive Culture Social Impact Environment Help EA Community Forums Player and Parental Tools Accessibility Press I","2026-05-31T03:17:20.259Z"
"gaming","com.ea.games.simsfreeplay_row","The Sims™ FreePlay","ELECTRONIC ARTS","yes","$0.99 - $99.99 per item","100000000","http://ea.com","http://www.ea.com/upgrade","https://www.ea.com/upgrade","404","error:http_404","404 - Official EA Site","no_pricing_signal","","0","low","404 - Official EA Site EA Play FIFA 23 F1™ 22 Madden NFL 23 Apex Legends Battlefield™ 2042 The Sims 4 Electronic Arts Home Latest Games Coming Soon Free-To-Play EA SPORTS EA Originals Games Library EA app Deals PC PlayStation Xbox Nintendo Switch Mobile Pogo The EA app EA Play Playtesting Company Careers News Technology EA Studios EA Partners Our Commitments Positive Play People & Inclusive Culture Social Impact Environment Help EA Community Forums Player and Parental Tools Accessibility Press I","2026-05-31T03:17:21.587Z"
"gaming","com.nekki.shadowfight3","Shadow Fight 3 - RPG fighting","NEKKI","yes","$0.99 - $249.99 per item","100000000","http://nekki.com","http://www.nekki.com/","https://nekki.com/","200","ok","Main - Nekki - game developer and publisher","no_pricing_signal","","0","low","Main - Nekki - game developer and publisher Games Spine Shadow Fight 4 Shadow Fight 3 Shadow Fight 2 Fight Me! Vector Shades Careers Contacts Support We create emotions worth sharing Since 2002, our games have been downloaded over a billion times. Let’s go for the next billion together! Join Nekki Our games spine.game SPINE SPINE is a single-player story rich action game focused on intense close-quarters gun fights with aesthetics of Gun Fu movies. Made with UE5 and Cascadeur, SPINE kicks off ou","2026-05-31T03:17:23.813Z"
"gaming","com.nekki.shadowfight3","Shadow Fight 3 - RPG fighting","NEKKI","yes","$0.99 - $249.99 per item","100000000","http://nekki.com","http://www.nekki.com","https://nekki.com/","200","ok","Main - Nekki - game developer and publisher","no_pricing_signal","","0","low","Main - Nekki - game developer and publisher Games Spine Shadow Fight 4 Shadow Fight 3 Shadow Fight 2 Fight Me! Vector Shades Careers Contacts Support We create emotions worth sharing Since 2002, our games have been downloaded over a billion times. Let’s go for the next billion together! Join Nekki Our games spine.game SPINE SPINE is a single-player story rich action game focused on intense close-quarters gun fights with aesthetics of Gun Fu movies. Made with UE5 and Cascadeur, SPINE kicks off ou","2026-05-31T03:17:25.013Z"
"gaming","com.nekki.shadowfight3","Shadow Fight 3 - RPG fighting","NEKKI","yes","$0.99 - $249.99 per item","100000000","http://nekki.com","http://www.nekki.com/pricing","https://nekki.com/pricing","404","error:http_404","Страница не найдена - Nekki - game developer and publisher","no_pricing_signal","","0","low","Страница не найдена - Nekki - game developer and publisher Games Spine Shadow Fight 4 Shadow Fight 3 Shadow Fight 2 Fight Me! Vector Shades Careers Contacts Support 404 Oops, this vacancy doesn’t exist anymore. You can check the current list below. We’re hiring All 11 Art 2 Game design 4 Marketing 2 Programming 1 QA 2 Creative Producer, Remote QA Engineer (UE5, PC/Console), Remote QA engineer (Unity, Mobile), Remote Technical Game Designer (2D mobile game), Remote Encounter Game Designer (PC/Con","2026-05-31T03:17:25.727Z"
"gaming","com.nekki.shadowfight3","Shadow Fight 3 - RPG fighting","NEKKI","yes","$0.99 - $249.99 per item","100000000","http://nekki.com","http://www.nekki.com/plans","https://nekki.com/plans","404","error:http_404","Страница не найдена - Nekki - game developer and publisher","no_pricing_signal","","0","low","Страница не найдена - Nekki - game developer and publisher Games Spine Shadow Fight 4 Shadow Fight 3 Shadow Fight 2 Fight Me! Vector Shades Careers Contacts Support 404 Oops, this vacancy doesn’t exist anymore. You can check the current list below. We’re hiring All 11 Art 2 Game design 4 Marketing 2 Programming 1 QA 2 Creative Producer, Remote QA Engineer (UE5, PC/Console), Remote QA engineer (Unity, Mobile), Remote Technical Game Designer (2D mobile game), Remote Encounter Game Designer (PC/Con","2026-05-31T03:17:28.228Z"
"gaming","com.nekki.shadowfight3","Shadow Fight 3 - RPG fighting","NEKKI","yes","$0.99 - $249.99 per item","100000000","http://nekki.com","http://www.nekki.com/premium","https://nekki.com/premium","404","error:http_404","Страница не найдена - Nekki - game developer and publisher","no_pricing_signal","","0","low","Страница не найдена - Nekki - game developer and publisher Games Spine Shadow Fight 4 Shadow Fight 3 Shadow Fight 2 Fight Me! Vector Shades Careers Contacts Support 404 Oops, this vacancy doesn’t exist anymore. You can check the current list below. We’re hiring All 11 Art 2 Game design 4 Marketing 2 Programming 1 QA 2 Creative Producer, Remote QA Engineer (UE5, PC/Console), Remote QA engineer (Unity, Mobile), Remote Technical Game Designer (2D mobile game), Remote Encounter Game Designer (PC/Con","2026-05-31T03:17:29.351Z"
"gaming","com.nekki.shadowfight3","Shadow Fight 3 - RPG fighting","NEKKI","yes","$0.99 - $249.99 per item","100000000","http://nekki.com","http://www.nekki.com/subscribe","https://nekki.com/subscribe","404","error:http_404","Страница не найдена - Nekki - game developer and publisher","no_pricing_signal","","0","low","Страница не найдена - Nekki - game developer and publisher Games Spine Shadow Fight 4 Shadow Fight 3 Shadow Fight 2 Fight Me! Vector Shades Careers Contacts Support 404 Oops, this vacancy doesn’t exist anymore. You can check the current list below. We’re hiring All 11 Art 2 Game design 4 Marketing 2 Programming 1 QA 2 Creative Producer, Remote QA Engineer (UE5, PC/Console), Remote QA engineer (Unity, Mobile), Remote Technical Game Designer (2D mobile game), Remote Encounter Game Designer (PC/Con","2026-05-31T03:17:30.379Z"
"gaming","com.nekki.shadowfight3","Shadow Fight 3 - RPG fighting","NEKKI","yes","$0.99 - $249.99 per item","100000000","http://nekki.com","http://www.nekki.com/subscription","https://nekki.com/subscription","404","error:http_404","Страница не найдена - Nekki - game developer and publisher","no_pricing_signal","","0","low","Страница не найдена - Nekki - game developer and publisher Games Spine Shadow Fight 4 Shadow Fight 3 Shadow Fight 2 Fight Me! Vector Shades Careers Contacts Support 404 Oops, this vacancy doesn’t exist anymore. You can check the current list below. We’re hiring All 11 Art 2 Game design 4 Marketing 2 Programming 1 QA 2 Creative Producer, Remote QA Engineer (UE5, PC/Console), Remote QA engineer (Unity, Mobile), Remote Technical Game Designer (2D mobile game), Remote Encounter Game Designer (PC/Con","2026-05-31T03:17:31.369Z"
"gaming","com.nekki.shadowfight3","Shadow Fight 3 - RPG fighting","NEKKI","yes","$0.99 - $249.99 per item","100000000","http://nekki.com","http://www.nekki.com/upgrade","https://nekki.com/upgrade","404","error:http_404","Страница не найдена - Nekki - game developer and publisher","no_pricing_signal","","0","low","Страница не найдена - Nekki - game developer and publisher Games Spine Shadow Fight 4 Shadow Fight 3 Shadow Fight 2 Fight Me! Vector Shades Careers Contacts Support 404 Oops, this vacancy doesn’t exist anymore. You can check the current list below. We’re hiring All 11 Art 2 Game design 4 Marketing 2 Programming 1 QA 2 Creative Producer, Remote QA Engineer (UE5, PC/Console), Remote QA engineer (Unity, Mobile), Remote Technical Game Designer (2D mobile game), Remote Encounter Game Designer (PC/Con","2026-05-31T03:17:32.426Z"
"gaming","com.gamedevltd.modernstrike","Modern Strike Online: War FPS","Azur Interactive Games Limited","yes","$0.99 - $368.99 per item","100000000","https://azurgames.com","https://azurgames.com/","https://azurgames.com/","200","ok","AZUR GAMES - Play, Publish, Work, Grow with Us!","subscription_terms|app_store_redirect","","0","medium","AZUR GAMES - Play, Publish, Work, Grow with Us! AZUR GAMES is a top 5 international mobile games developer and publisher. About us Games Publishing Blog All Case Studies GameDev News Interviews Submit game Game Submission Form Contact information Full name E-mail Game information Game title Gameplay video link Is your game live on the App Store/Google Play store? YesNo APK download link Please enter the app URL Tell us more about your game Team Studio name Website (optional) Location Portfolio l","2026-05-31T03:17:34.583Z"
"gaming","com.gamedevltd.modernstrike","Modern Strike Online: War FPS","Azur Interactive Games Limited","yes","$0.99 - $368.99 per item","100000000","https://azurgames.com","https://azurgames.com","https://azurgames.com/","200","ok","AZUR GAMES - Play, Publish, Work, Grow with Us!","subscription_terms|app_store_redirect","","0","medium","AZUR GAMES - Play, Publish, Work, Grow with Us! AZUR GAMES is a top 5 international mobile games developer and publisher. About us Games Publishing Blog All Case Studies GameDev News Interviews Submit game Game Submission Form Contact information Full name E-mail Game information Game title Gameplay video link Is your game live on the App Store/Google Play store? YesNo APK download link Please enter the app URL Tell us more about your game Team Studio name Website (optional) Location Portfolio l","2026-05-31T03:17:35.486Z"
"gaming","com.gamedevltd.modernstrike","Modern Strike Online: War FPS","Azur Interactive Games Limited","yes","$0.99 - $368.99 per item","100000000","https://azurgames.com","https://azurgames.com/pricing","https://azurgames.com/pricing","404","error:http_404","404","no_pricing_signal","","0","low","404 Oh no! Page can't be found Quick! Let's get you... Back home","2026-05-31T03:17:36.001Z"
"gaming","com.gamedevltd.modernstrike","Modern Strike Online: War FPS","Azur Interactive Games Limited","yes","$0.99 - $368.99 per item","100000000","https://azurgames.com","https://azurgames.com/plans","https://azurgames.com/plans","404","error:http_404","404","no_pricing_signal","","0","low","404 Oh no! Page can't be found Quick! Let's get you... Back home","2026-05-31T03:17:36.490Z"
"gaming","com.gamedevltd.modernstrike","Modern Strike Online: War FPS","Azur Interactive Games Limited","yes","$0.99 - $368.99 per item","100000000","https://azurgames.com","https://azurgames.com/premium","https://azurgames.com/premium","404","error:http_404","404","no_pricing_signal","","0","low","404 Oh no! Page can't be found Quick! Let's get you... Back home","2026-05-31T03:17:36.957Z"
"gaming","com.gamedevltd.modernstrike","Modern Strike Online: War FPS","Azur Interactive Games Limited","yes","$0.99 - $368.99 per item","100000000","https://azurgames.com","https://azurgames.com/subscribe","https://azurgames.com/subscribe","404","error:http_404","404","no_pricing_signal","","0","low","404 Oh no! Page can't be found Quick! Let's get you... Back home","2026-05-31T03:17:37.449Z"
"gaming","com.gamedevltd.modernstrike","Modern Strike Online: War FPS","Azur Interactive Games Limited","yes","$0.99 - $368.99 per item","100000000","https://azurgames.com","https://azurgames.com/subscription","https://azurgames.com/subscription","404","error:http_404","404","no_pricing_signal","","0","low","404 Oh no! Page can't be found Quick! Let's get you... Back home","2026-05-31T03:17:37.921Z"
"gaming","com.gamedevltd.modernstrike","Modern Strike Online: War FPS","Azur Interactive Games Limited","yes","$0.99 - $368.99 per item","100000000","https://azurgames.com","https://azurgames.com/upgrade","https://azurgames.com/upgrade","404","error:http_404","404","no_pricing_signal","","0","low","404 Oh no! Page can't be found Quick! Let's get you... Back home","2026-05-31T03:17:38.446Z"
"gaming","zombie.survival.craft.z","Last Day on Earth: Survival","KEFIR","yes","$0.49 - $199.99 per item","100000000","https://kefircyprus.com","https://www.kefircyprus.com/","https://kefirgames.com/","200","ok","Kefir","no_pricing_signal","","0","low","Kefir We are Kefir and we make games AboutCareersPartnershipCreatorsGamesSupportenWe make gamesTeamwork makes the dream workWe have assembled a team of people who are really passionate about games and game development! We love to fantasize, invent, and set the most ambitious goals for ourselves. And our team is as passionate as it is diverse, for it includes people from all over the world.JoinCareersWe make games that bring joy to millions of players from all over the world. And we share the fee","2026-05-31T03:17:39.854Z"
"gaming","zombie.survival.craft.z","Last Day on Earth: Survival","KEFIR","yes","$0.49 - $199.99 per item","100000000","https://kefircyprus.com","https://www.kefircyprus.com","https://kefirgames.com/","200","ok","Kefir","no_pricing_signal","","0","low","Kefir We are Kefir and we make games AboutCareersPartnershipCreatorsGamesSupportenWe make gamesTeamwork makes the dream workWe have assembled a team of people who are really passionate about games and game development! We love to fantasize, invent, and set the most ambitious goals for ourselves. And our team is as passionate as it is diverse, for it includes people from all over the world.JoinCareersWe make games that bring joy to millions of players from all over the world. And we share the fee","2026-05-31T03:17:41.215Z"
"gaming","zombie.survival.craft.z","Last Day on Earth: Survival","KEFIR","yes","$0.49 - $199.99 per item","100000000","https://kefircyprus.com","https://www.kefircyprus.com/pricing","https://kefirgames.com/pricing","404","error:http_404","Kefir","no_pricing_signal","","0","low","Kefir We are Kefir and we make games","2026-05-31T03:17:42.139Z"
"gaming","zombie.survival.craft.z","Last Day on Earth: Survival","KEFIR","yes","$0.49 - $199.99 per item","100000000","https://kefircyprus.com","https://www.kefircyprus.com/plans","https://kefirgames.com/plans","404","error:http_404","Kefir","no_pricing_signal","","0","low","Kefir We are Kefir and we make games","2026-05-31T03:17:43.075Z"
"gaming","zombie.survival.craft.z","Last Day on Earth: Survival","KEFIR","yes","$0.49 - $199.99 per item","100000000","https://kefircyprus.com","https://www.kefircyprus.com/premium","https://kefirgames.com/premium","404","error:http_404","Kefir","no_pricing_signal","","0","low","Kefir We are Kefir and we make games","2026-05-31T03:17:43.996Z"
"gaming","zombie.survival.craft.z","Last Day on Earth: Survival","KEFIR","yes","$0.49 - $199.99 per item","100000000","https://kefircyprus.com","https://www.kefircyprus.com/subscribe","https://kefirgames.com/subscribe","404","error:http_404","Kefir","no_pricing_signal","","0","low","Kefir We are Kefir and we make games","2026-05-31T03:17:45.024Z"
"gaming","zombie.survival.craft.z","Last Day on Earth: Survival","KEFIR","yes","$0.49 - $199.99 per item","100000000","https://kefircyprus.com","https://www.kefircyprus.com/subscription","https://kefirgames.com/subscription","404","error:http_404","Kefir","no_pricing_signal","","0","low","Kefir We are Kefir and we make games","2026-05-31T03:17:45.941Z"
"gaming","zombie.survival.craft.z","Last Day on Earth: Survival","KEFIR","yes","$0.49 - $199.99 per item","100000000","https://kefircyprus.com","https://www.kefircyprus.com/upgrade","https://kefirgames.com/upgrade","404","error:http_404","Kefir","no_pricing_signal","","0","low","Kefir We are Kefir and we make games","2026-05-31T03:17:46.793Z"
"gaming","com.ta.strike.ops","FPS Strike Ops : Modern Arena","FPS Shooter & Action Game","yes","$0.99 - $99.99 per item","100000000","https://j14d00d8.app-ads-txt.com","https://j14d00d8.app-ads-txt.com/","https://j14d00d8.app-ads-txt.com/","200","ok","app-ads-txt.com","no_pricing_signal","","0","low","app-ads-txt.com Redirecting in seconds.","2026-05-31T03:17:48.156Z"
"gaming","com.ta.strike.ops","FPS Strike Ops : Modern Arena","FPS Shooter & Action Game","yes","$0.99 - $99.99 per item","100000000","https://j14d00d8.app-ads-txt.com","https://j14d00d8.app-ads-txt.com","https://j14d00d8.app-ads-txt.com/","200","ok","app-ads-txt.com","no_pricing_signal","","0","low","app-ads-txt.com Redirecting in seconds.","2026-05-31T03:17:48.602Z"
"gaming","com.ta.strike.ops","FPS Strike Ops : Modern Arena","FPS Shooter & Action Game","yes","$0.99 - $99.99 per item","100000000","https://j14d00d8.app-ads-txt.com","https://j14d00d8.app-ads-txt.com/pricing","https://j14d00d8.app-ads-txt.com/pricing","404","error:http_404","Not Found","no_pricing_signal","","0","low","Not Found 404 Not Found","2026-05-31T03:17:49.026Z"
"gaming","com.ta.strike.ops","FPS Strike Ops : Modern Arena","FPS Shooter & Action Game","yes","$0.99 - $99.99 per item","100000000","https://j14d00d8.app-ads-txt.com","https://j14d00d8.app-ads-txt.com/plans","https://j14d00d8.app-ads-txt.com/plans","404","error:http_404","Not Found","no_pricing_signal","","0","low","Not Found 404 Not Found","2026-05-31T03:17:49.370Z"
"gaming","com.ta.strike.ops","FPS Strike Ops : Modern Arena","FPS Shooter & Action Game","yes","$0.99 - $99.99 per item","100000000","https://j14d00d8.app-ads-txt.com","https://j14d00d8.app-ads-txt.com/premium","https://j14d00d8.app-ads-txt.com/premium","404","error:http_404","Not Found","no_pricing_signal","","0","low","Not Found 404 Not Found","2026-05-31T03:17:49.826Z"
"gaming","com.ta.strike.ops","FPS Strike Ops : Modern Arena","FPS Shooter & Action Game","yes","$0.99 - $99.99 per item","100000000","https://j14d00d8.app-ads-txt.com","https://j14d00d8.app-ads-txt.com/subscribe","https://j14d00d8.app-ads-txt.com/subscribe","404","error:http_404","Not Found","no_pricing_signal","","0","low","Not Found 404 Not Found","2026-05-31T03:17:50.236Z"
"gaming","com.ta.strike.ops","FPS Strike Ops : Modern Arena","FPS Shooter & Action Game","yes","$0.99 - $99.99 per item","100000000","https://j14d00d8.app-ads-txt.com","https://j14d00d8.app-ads-txt.com/subscription","https://j14d00d8.app-ads-txt.com/subscription","","error:This operation was aborted","","no_pricing_signal","","0","low","","2026-05-31T03:17:59.320Z"
"gaming","com.ta.strike.ops","FPS Strike Ops : Modern Arena","FPS Shooter & Action Game","yes","$0.99 - $99.99 per item","100000000","https://j14d00d8.app-ads-txt.com","https://j14d00d8.app-ads-txt.com/upgrade","https://j14d00d8.app-ads-txt.com/upgrade","","error:This operation was aborted","","no_pricing_signal","","0","low","","2026-05-31T03:18:08.405Z"
"gaming","com.firsttouchgames.dls7","Dream League Soccer 2026","First Touch Games Ltd.","yes","$0.99 - $99.99 per item","100000000","http://ftgames.com","http://www.ftgames.com/","https://www.ftgames.com/","200","ok","First Touch Games","app_store_redirect","","0","low","First Touch Games Toggle Navigation Home about games support careers we are first touch games about us We are an award-winning independent studio established in 2011, developing sports games across digital download platforms. With over 1 billion downloads of our games to date, and multiple number one spots throughout App Store Charts. DREAM LEAGUE SOCCER Can you build the ultimate squad. Millions of players attempt it everyday. Play for free today! View Now SCORE! HERO BE THE HERO! The award win","2026-05-31T03:18:09.486Z"
"gaming","com.firsttouchgames.dls7","Dream League Soccer 2026","First Touch Games Ltd.","yes","$0.99 - $99.99 per item","100000000","http://ftgames.com","http://www.ftgames.com","https://www.ftgames.com/","200","ok","First Touch Games","app_store_redirect","","0","low","First Touch Games Toggle Navigation Home about games support careers we are first touch games about us We are an award-winning independent studio established in 2011, developing sports games across digital download platforms. With over 1 billion downloads of our games to date, and multiple number one spots throughout App Store Charts. DREAM LEAGUE SOCCER Can you build the ultimate squad. Millions of players attempt it everyday. Play for free today! View Now SCORE! HERO BE THE HERO! The award win","2026-05-31T03:18:09.965Z"
"gaming","com.firsttouchgames.dls7","Dream League Soccer 2026","First Touch Games Ltd.","yes","$0.99 - $99.99 per item","100000000","http://ftgames.com","http://www.ftgames.com/pricing","https://www.ftgames.com/pricing","404","error:http_404","404 Not Found","no_pricing_signal","","0","low","404 Not Found 404 Not Found Code: NoSuchKey Message: The specified key does not exist. Key: release/pricing RequestId: DZH6GP6BHXVTJMPH HostId: yzNmB1VKpGIyAZeu+71E1T9OuDDcXByP3dneeoeMN/zJErTHjVpznZlm1mRkdOn+KQQFQ6jt2sY=","2026-05-31T03:18:10.518Z"
"gaming","com.firsttouchgames.dls7","Dream League Soccer 2026","First Touch Games Ltd.","yes","$0.99 - $99.99 per item","100000000","http://ftgames.com","http://www.ftgames.com/plans","https://www.ftgames.com/plans","404","error:http_404","404 Not Found","no_pricing_signal","","0","low","404 Not Found 404 Not Found Code: NoSuchKey Message: The specified key does not exist. Key: release/plans RequestId: NVMFSNVWAHN9ZRV9 HostId: amZ6Pc/PiWyR4J/aKsXXM7y/jqKkfXasQ/l3mkSIUIFGJNXxk3JfLFcEF61gTgr7aK+8fTgxotJvGJopebgHa/nbEzLCPj82","2026-05-31T03:18:11.142Z"
"gaming","com.firsttouchgames.dls7","Dream League Soccer 2026","First Touch Games Ltd.","yes","$0.99 - $99.99 per item","100000000","http://ftgames.com","http://www.ftgames.com/premium","https://www.ftgames.com/premium","404","error:http_404","404 Not Found","no_pricing_signal","","0","low","404 Not Found 404 Not Found Code: NoSuchKey Message: The specified key does not exist. Key: release/premium RequestId: NVMD2EMSH06FD03E HostId: VLJjANiScU+okRDMpPmLRH+J+WjwdQcFOdbxJ5OXywZrvwfODz7ts5QXrs6g2LSFnCS9SN0ksss=","2026-05-31T03:18:11.702Z"
"gaming","com.firsttouchgames.dls7","Dream League Soccer 2026","First Touch Games Ltd.","yes","$0.99 - $99.99 per item","100000000","http://ftgames.com","http://www.ftgames.com/subscribe","https://www.ftgames.com/subscribe","404","error:http_404","404 Not Found","no_pricing_signal","","0","low","404 Not Found 404 Not Found Code: NoSuchKey Message: The specified key does not exist. Key: release/subscribe RequestId: PJZ8TP1GAC0Y8H0Z HostId: GFeWrQAZFJg8qsUPjOiJ0Pi/2/fE5/ok7ih+zAOhsWg9EQ1riWCafSd+V89MD6mQlxoncqAcXl76Y8C8wsXZrExxnNz1pzOt","2026-05-31T03:18:12.262Z"
"gaming","com.firsttouchgames.dls7","Dream League Soccer 2026","First Touch Games Ltd.","yes","$0.99 - $99.99 per item","100000000","http://ftgames.com","http://www.ftgames.com/subscription","https://www.ftgames.com/subscription","404","error:http_404","404 Not Found","no_pricing_signal","","0","low","404 Not Found 404 Not Found Code: NoSuchKey Message: The specified key does not exist. Key: release/subscription RequestId: PJZ8W7X5M2N6P31T HostId: kotBSp3BQU9O7vQVkLT8ZNrXeUhIp+VHhXA9docg07QwWCk8Y9febeseek28mvDEjM0pKyNjDEA=","2026-05-31T03:18:12.818Z"
"gaming","com.firsttouchgames.dls7","Dream League Soccer 2026","First Touch Games Ltd.","yes","$0.99 - $99.99 per item","100000000","http://ftgames.com","http://www.ftgames.com/upgrade","https://www.ftgames.com/upgrade","404","error:http_404","404 Not Found","no_pricing_signal","","0","low","404 Not Found 404 Not Found Code: NoSuchKey Message: The specified key does not exist. Key: release/upgrade RequestId: G9E1K9V75G0C9DHQ HostId: c6rnsQfmpPYdOHwXMM6xZzM0buQW+TARZjWuQshbK210AYKzCrBazMLmZyVLo0PkZWrjTwX66rdrMytqX1zRBbf4e4REp09v","2026-05-31T03:18:13.450Z"
"gaming","com.generagames.resistance","Cover Fire: Offline Shooting","Viva Games Studios","yes","$0.99 - $84.99 per item","100000000","https://vivastudios.com","https://vivastudios.com/","https://www.vivastudios.com/","200","ok","Mobile Gaming Company | Viva Games Studios","app_store_redirect","","0","low","Mobile Gaming Company | Viva Games Studios Mobile gaming company that empowers visionary creators and publishes global hits. Boost reach, revenue, and game success. Skip to content About Us Games Google Play Apple Store Publishing Careers About Us Games Google Play Apple Store Publishing Careers Contact We empower great ideas. We publish successful hits Submit your game End-to-End Development Support From concept to launch. User Acquisition & Ads To maximize your game's reach. Monetization Strat","2026-05-31T03:18:16.603Z"
"gaming","com.generagames.resistance","Cover Fire: Offline Shooting","Viva Games Studios","yes","$0.99 - $84.99 per item","100000000","https://vivastudios.com","https://vivastudios.com","https://www.vivastudios.com/","200","ok","Mobile Gaming Company | Viva Games Studios","app_store_redirect","","0","low","Mobile Gaming Company | Viva Games Studios Mobile gaming company that empowers visionary creators and publishes global hits. Boost reach, revenue, and game success. Skip to content About Us Games Google Play Apple Store Publishing Careers About Us Games Google Play Apple Store Publishing Careers Contact We empower great ideas. We publish successful hits Submit your game End-to-End Development Support From concept to launch. User Acquisition & Ads To maximize your game's reach. Monetization Strat","2026-05-31T03:18:18.002Z"
"gaming","com.generagames.resistance","Cover Fire: Offline Shooting","Viva Games Studios","yes","$0.99 - $84.99 per item","100000000","https://vivastudios.com","https://vivastudios.com/pricing","https://www.vivastudios.com/pricing","404","error:http_404","Page Not Found - Viva Games Studios","no_pricing_signal","","0","low","Page Not Found - Viva Games Studios Skip to content About Us Games Google Play Apple Store Publishing Careers About Us Games Google Play Apple Store Publishing Careers Contact This page doesn't seem to exist. It looks like the link pointing here was faulty. Maybe try searching? Search for: Search Empowering developers and bringing great mobile games to a global audience Linkedin-in Youtube Google-play Apple hello@vivastudios.com About VIVA Sucess Case Games Publishing Careers About VIVA Sucess C","2026-05-31T03:18:19.668Z"
"gaming","com.generagames.resistance","Cover Fire: Offline Shooting","Viva Games Studios","yes","$0.99 - $84.99 per item","100000000","https://vivastudios.com","https://vivastudios.com/plans","https://www.vivastudios.com/plans","404","error:http_404","Page Not Found - Viva Games Studios","no_pricing_signal","","0","low","Page Not Found - Viva Games Studios Skip to content About Us Games Google Play Apple Store Publishing Careers About Us Games Google Play Apple Store Publishing Careers Contact This page doesn't seem to exist. It looks like the link pointing here was faulty. Maybe try searching? Search for: Search Empowering developers and bringing great mobile games to a global audience Linkedin-in Youtube Google-play Apple hello@vivastudios.com About VIVA Sucess Case Games Publishing Careers About VIVA Sucess C","2026-05-31T03:18:21.383Z"
"gaming","com.generagames.resistance","Cover Fire: Offline Shooting","Viva Games Studios","yes","$0.99 - $84.99 per item","100000000","https://vivastudios.com","https://vivastudios.com/premium","https://www.vivastudios.com/premium","404","error:http_404","Page Not Found - Viva Games Studios","no_pricing_signal","","0","low","Page Not Found - Viva Games Studios Skip to content About Us Games Google Play Apple Store Publishing Careers About Us Games Google Play Apple Store Publishing Careers Contact This page doesn't seem to exist. It looks like the link pointing here was faulty. Maybe try searching? Search for: Search Empowering developers and bringing great mobile games to a global audience Linkedin-in Youtube Google-play Apple hello@vivastudios.com About VIVA Sucess Case Games Publishing Careers About VIVA Sucess C","2026-05-31T03:18:23.128Z"
"gaming","com.generagames.resistance","Cover Fire: Offline Shooting","Viva Games Studios","yes","$0.99 - $84.99 per item","100000000","https://vivastudios.com","https://vivastudios.com/subscribe","https://www.vivastudios.com/subscribe","404","error:http_404","Page Not Found - Viva Games Studios","no_pricing_signal","","0","low","Page Not Found - Viva Games Studios Skip to content About Us Games Google Play Apple Store Publishing Careers About Us Games Google Play Apple Store Publishing Careers Contact This page doesn't seem to exist. It looks like the link pointing here was faulty. Maybe try searching? Search for: Search Empowering developers and bringing great mobile games to a global audience Linkedin-in Youtube Google-play Apple hello@vivastudios.com About VIVA Sucess Case Games Publishing Careers About VIVA Sucess C","2026-05-31T03:18:24.785Z"
"gaming","com.generagames.resistance","Cover Fire: Offline Shooting","Viva Games Studios","yes","$0.99 - $84.99 per item","100000000","https://vivastudios.com","https://vivastudios.com/subscription","https://www.vivastudios.com/subscription","404","error:http_404","Page Not Found - Viva Games Studios","no_pricing_signal","","0","low","Page Not Found - Viva Games Studios Skip to content About Us Games Google Play Apple Store Publishing Careers About Us Games Google Play Apple Store Publishing Careers Contact This page doesn't seem to exist. It looks like the link pointing here was faulty. Maybe try searching? Search for: Search Empowering developers and bringing great mobile games to a global audience Linkedin-in Youtube Google-play Apple hello@vivastudios.com About VIVA Sucess Case Games Publishing Careers About VIVA Sucess C","2026-05-31T03:18:26.500Z"
"gaming","com.generagames.resistance","Cover Fire: Offline Shooting","Viva Games Studios","yes","$0.99 - $84.99 per item","100000000","https://vivastudios.com","https://vivastudios.com/upgrade","https://www.vivastudios.com/upgrade","404","error:http_404","Page Not Found - Viva Games Studios","no_pricing_signal","","0","low","Page Not Found - Viva Games Studios Skip to content About Us Games Google Play Apple Store Publishing Careers About Us Games Google Play Apple Store Publishing Careers Contact This page doesn't seem to exist. It looks like the link pointing here was faulty. Maybe try searching? Search for: Search Empowering developers and bringing great mobile games to a global audience Linkedin-in Youtube Google-play Apple hello@vivastudios.com About VIVA Sucess Case Games Publishing Careers About VIVA Sucess C","2026-05-31T03:18:28.238Z"
"avatar_identity","com.pazugames.avatarworld","Avatar World ®","Pazu Games","yes","$0.99 - $59.99 per item","100000000","http://pazugames.com","http://pazugames.com/","https://pazugames.com/","200","ok","PAZU World","pricing_page|subscription_terms|paywall_language|checkout_language","","0","medium","PAZU World Pazu is the creator and publisher of successful mobile games for kids. Our games are loved and trusted by over 100 million kids and parents worldwide. Careers Games Support Business opportunity About us Sign in Try for free Careers Games Support Business opportunity About us Sign in Try for free A better place to play Explore Our Games Our Games Avatar World is full of fun adventures and mysteries. A magical place to fulfill and recreate any story that comes to your mind! Learn more M","2026-05-31T03:18:28.471Z"
"avatar_identity","com.pazugames.avatarworld","Avatar World ®","Pazu Games","yes","$0.99 - $59.99 per item","100000000","http://pazugames.com","http://pazugames.com","https://pazugames.com/","200","ok","PAZU World","pricing_page|subscription_terms|paywall_language|checkout_language","","0","medium","PAZU World Pazu is the creator and publisher of successful mobile games for kids. Our games are loved and trusted by over 100 million kids and parents worldwide. Careers Games Support Business opportunity About us Sign in Try for free Careers Games Support Business opportunity About us Sign in Try for free A better place to play Explore Our Games Our Games Avatar World is full of fun adventures and mysteries. A magical place to fulfill and recreate any story that comes to your mind! Learn more M","2026-05-31T03:18:28.603Z"
"avatar_identity","com.pazugames.avatarworld","Avatar World ®","Pazu Games","yes","$0.99 - $59.99 per item","100000000","http://pazugames.com","http://pazugames.com/pricing","https://pazugames.com/pricing","404","error:http_404","PAZU World","no_pricing_signal","","0","low","PAZU World Pazu is the creator and publisher of successful mobile games for kids. Our games are loved and trusted by over 100 million kids and parents worldwide. Careers Games Support Business opportunity About us Sign in Try for free Careers Games Support Business opportunity About us Sign in Try for free 404 Page Not Found Oops! We can't seem to find the page you are looking for. Go home Our Games About Careers Contact Business opportunity Privacy Policy Terms of Service","2026-05-31T03:18:30.173Z"
"avatar_identity","com.pazugames.avatarworld","Avatar World ®","Pazu Games","yes","$0.99 - $59.99 per item","100000000","http://pazugames.com","http://pazugames.com/plans","https://pazugames.com/plans","404","error:http_404","PAZU World","no_pricing_signal","","0","low","PAZU World Pazu is the creator and publisher of successful mobile games for kids. Our games are loved and trusted by over 100 million kids and parents worldwide. Careers Games Support Business opportunity About us Sign in Try for free Careers Games Support Business opportunity About us Sign in Try for free 404 Page Not Found Oops! We can't seem to find the page you are looking for. Go home Our Games About Careers Contact Business opportunity Privacy Policy Terms of Service","2026-05-31T03:18:31.715Z"
"avatar_identity","com.pazugames.avatarworld","Avatar World ®","Pazu Games","yes","$0.99 - $59.99 per item","100000000","http://pazugames.com","http://pazugames.com/premium","https://pazugames.com/premium","404","error:http_404","PAZU World","no_pricing_signal","","0","low","PAZU World Pazu is the creator and publisher of successful mobile games for kids. Our games are loved and trusted by over 100 million kids and parents worldwide. Careers Games Support Business opportunity About us Sign in Try for free Careers Games Support Business opportunity About us Sign in Try for free 404 Page Not Found Oops! We can't seem to find the page you are looking for. Go home Our Games About Careers Contact Business opportunity Privacy Policy Terms of Service","2026-05-31T03:18:33.210Z"
"avatar_identity","com.pazugames.avatarworld","Avatar World ®","Pazu Games","yes","$0.99 - $59.99 per item","100000000","http://pazugames.com","http://pazugames.com/subscribe","https://pazugames.com/subscribe","404","error:http_404","PAZU World","no_pricing_signal","","0","low","PAZU World Pazu is the creator and publisher of successful mobile games for kids. Our games are loved and trusted by over 100 million kids and parents worldwide. Careers Games Support Business opportunity About us Sign in Try for free Careers Games Support Business opportunity About us Sign in Try for free 404 Page Not Found Oops! We can't seem to find the page you are looking for. Go home Our Games About Careers Contact Business opportunity Privacy Policy Terms of Service","2026-05-31T03:18:34.786Z"
"avatar_identity","com.pazugames.avatarworld","Avatar World ®","Pazu Games","yes","$0.99 - $59.99 per item","100000000","http://pazugames.com","http://pazugames.com/subscription","https://pazugames.com/subscription","404","error:http_404","PAZU World","no_pricing_signal","","0","low","PAZU World Pazu is the creator and publisher of successful mobile games for kids. Our games are loved and trusted by over 100 million kids and parents worldwide. Careers Games Support Business opportunity About us Sign in Try for free Careers Games Support Business opportunity About us Sign in Try for free 404 Page Not Found Oops! We can't seem to find the page you are looking for. Go home Our Games About Careers Contact Business opportunity Privacy Policy Terms of Service","2026-05-31T03:18:36.422Z"
"avatar_identity","com.pazugames.avatarworld","Avatar World ®","Pazu Games","yes","$0.99 - $59.99 per item","100000000","http://pazugames.com","http://pazugames.com/upgrade","https://pazugames.com/upgrade","404","error:http_404","PAZU World","no_pricing_signal","","0","low","PAZU World Pazu is the creator and publisher of successful mobile games for kids. Our games are loved and trusted by over 100 million kids and parents worldwide. Careers Games Support Business opportunity About us Sign in Try for free Careers Games Support Business opportunity About us Sign in Try for free 404 Page Not Found Oops! We can't seem to find the page you are looking for. Go home Our Games About Careers Contact Business opportunity Privacy Policy Terms of Service","2026-05-31T03:18:37.928Z"
"avatar_identity","me.zepeto.main","ZEPETO: Avatar, Connect & Live","Naver Z Corporation","yes","$0.29 - $409.99 per item","100000000","https://zepeto.me","https://zepeto.me/","https://web.zepeto.me/en","200","ok","ZEPETO","no_pricing_signal","","0","low","ZEPETO Another me in another universe","2026-05-31T03:18:39.545Z"
"avatar_identity","me.zepeto.main","ZEPETO: Avatar, Connect & Live","Naver Z Corporation","yes","$0.29 - $409.99 per item","100000000","https://zepeto.me","https://zepeto.me","https://web.zepeto.me/en","200","ok","ZEPETO","no_pricing_signal","","0","low","ZEPETO Another me in another universe","2026-05-31T03:18:40.329Z"
"avatar_identity","me.zepeto.main","ZEPETO: Avatar, Connect & Live","Naver Z Corporation","yes","$0.29 - $409.99 per item","100000000","https://zepeto.me","https://zepeto.me/pricing","https://zepeto.me/pricing","404","error:non_text:","","no_pricing_signal","","0","low","","2026-05-31T03:18:40.543Z"
"avatar_identity","me.zepeto.main","ZEPETO: Avatar, Connect & Live","Naver Z Corporation","yes","$0.29 - $409.99 per item","100000000","https://zepeto.me","https://zepeto.me/plans","https://zepeto.me/plans","404","error:non_text:","","no_pricing_signal","","0","low","","2026-05-31T03:18:40.759Z"
"avatar_identity","me.zepeto.main","ZEPETO: Avatar, Connect & Live","Naver Z Corporation","yes","$0.29 - $409.99 per item","100000000","https://zepeto.me","https://zepeto.me/premium","https://zepeto.me/premium","404","error:non_text:","","no_pricing_signal","","0","low","","2026-05-31T03:18:40.973Z"
"avatar_identity","me.zepeto.main","ZEPETO: Avatar, Connect & Live","Naver Z Corporation","yes","$0.29 - $409.99 per item","100000000","https://zepeto.me","https://zepeto.me/subscribe","https://zepeto.me/subscribe","404","error:non_text:","","no_pricing_signal","","0","low","","2026-05-31T03:18:41.188Z"
"avatar_identity","me.zepeto.main","ZEPETO: Avatar, Connect & Live","Naver Z Corporation","yes","$0.29 - $409.99 per item","100000000","https://zepeto.me","https://zepeto.me/subscription","https://zepeto.me/subscription","404","error:non_text:","","no_pricing_signal","","0","low","","2026-05-31T03:18:41.406Z"
"avatar_identity","me.zepeto.main","ZEPETO: Avatar, Connect & Live","Naver Z Corporation","yes","$0.29 - $409.99 per item","100000000","https://zepeto.me","https://zepeto.me/upgrade","https://zepeto.me/upgrade","404","error:non_text:","","no_pricing_signal","","0","low","","2026-05-31T03:18:41.620Z"
"gaming","com.bandainamcoent.opbrww","ONE PIECE Bounty Rush","Bandai Namco Entertainment Inc.","yes","$0.99 - $79.99 per item","50000000","https://bandainamcoent.co.jp","https://www.bandainamcoent.co.jp/english","https://www.bandainamcoent.co.jp/english","200","ok","Bandai Namco Entertainment Inc.","no_pricing_signal","","0","low","Bandai Namco Entertainment Inc. It is an official site of Bandai Namco Entertainment Inc. Bandai Namco will continue to provide Dreams, Fun and Inspiration to people around the world, based on our boundless creativity and enthusiasm. Home About us Corporate Info Bandai Namco’s Purpose What We Do International Offices Press CEO Message Organization History Bandai Namco Group Corporate Profile Close Sustainability Contact us Japanese Bandai Namco’s Purpose Bandai Namco exists to share dreams, fun","2026-05-31T03:18:42.451Z"
"gaming","com.bandainamcoent.opbrww","ONE PIECE Bounty Rush","Bandai Namco Entertainment Inc.","yes","$0.99 - $79.99 per item","50000000","https://bandainamcoent.co.jp","https://www.bandainamcoent.co.jp","https://www.bandainamcoent.co.jp/","200","ok","バンダイナムコエンターテインメント公式サイト","no_pricing_signal","","0","low","バンダイナムコエンターテインメント公式サイト バンダイナムコエンターテインメントの公式サイトです。スマートフォン向けゲームアプリや家庭用ゲーム、ライブ、イベントなど、多彩なエンターテインメントをお届けしています。 製品・サービス情報 カテゴリー ネットワークコンテンツ 家庭用ゲーム アミューズメント ライブ・イベント グッズ・コラボ ECサイト ゲームアイテムストア キャラクター {{ Character.name }} 閉じる 企業情報 企業情報トップ Bandai Namco’s Purpose 事業内容 主な事業拠点 お知らせ CEOメッセージ 会社概要/組織図 ヒストリー 法定公告 バンダイナムコグループ 会社案内PDF 閉じる ライセンスビジネス サステナビリティ 採用情報 お問い合わせ English 検索キーワード 検索 調べたいキーワードを入力してください 閉じる 重要なお知らせ {{ formatDate(Notice.publishStartAt) }}更新 {{ Notice.title }} {{ Promotion.mouseoverText1 }} {{ P","2026-05-31T03:18:42.917Z"
"gaming","com.bandainamcoent.opbrww","ONE PIECE Bounty Rush","Bandai Namco Entertainment Inc.","yes","$0.99 - $79.99 per item","50000000","https://bandainamcoent.co.jp","https://www.bandainamcoent.co.jp/pricing","https://www.bandainamcoent.co.jp/pricing","403","error:http_403","403 Forbidden/404 Not Found │ バンダイナムコエンターテインメント公式サイト","no_pricing_signal","","0","low","403 Forbidden/404 Not Found │ バンダイナムコエンターテインメント公式サイト バンダイナムコエンターテインメント公式サイト 403 Forbidden/404 Not Found お客様が指定されたURL（アドレス）には、 ご覧いただけるファイルが存在いたしません。 考えられる原因は以下の通りです。 リニューアルにより、ファイルが移動、名称の変更、もしくは削除されている （期間限定サイトなどは、期間終了後にファイルは削除されています） 指定されたURLが間違っている アクセス制限されているファイルにアクセスしようとしている ご不便をおかけして申し訳ありません。 トップページへ戻る ©Bandai Namco Entertainment Inc.","2026-05-31T03:18:43.616Z"
"gaming","com.bandainamcoent.opbrww","ONE PIECE Bounty Rush","Bandai Namco Entertainment Inc.","yes","$0.99 - $79.99 per item","50000000","https://bandainamcoent.co.jp","https://www.bandainamcoent.co.jp/plans","https://www.bandainamcoent.co.jp/plans","403","error:http_403","403 Forbidden/404 Not Found │ バンダイナムコエンターテインメント公式サイト","no_pricing_signal","","0","low","403 Forbidden/404 Not Found │ バンダイナムコエンターテインメント公式サイト バンダイナムコエンターテインメント公式サイト 403 Forbidden/404 Not Found お客様が指定されたURL（アドレス）には、 ご覧いただけるファイルが存在いたしません。 考えられる原因は以下の通りです。 リニューアルにより、ファイルが移動、名称の変更、もしくは削除されている （期間限定サイトなどは、期間終了後にファイルは削除されています） 指定されたURLが間違っている アクセス制限されているファイルにアクセスしようとしている ご不便をおかけして申し訳ありません。 トップページへ戻る ©Bandai Namco Entertainment Inc.","2026-05-31T03:18:44.271Z"
"gaming","com.bandainamcoent.opbrww","ONE PIECE Bounty Rush","Bandai Namco Entertainment Inc.","yes","$0.99 - $79.99 per item","50000000","https://bandainamcoent.co.jp","https://www.bandainamcoent.co.jp/premium","https://www.bandainamcoent.co.jp/premium","403","error:http_403","403 Forbidden/404 Not Found │ バンダイナムコエンターテインメント公式サイト","no_pricing_signal","","0","low","403 Forbidden/404 Not Found │ バンダイナムコエンターテインメント公式サイト バンダイナムコエンターテインメント公式サイト 403 Forbidden/404 Not Found お客様が指定されたURL（アドレス）には、 ご覧いただけるファイルが存在いたしません。 考えられる原因は以下の通りです。 リニューアルにより、ファイルが移動、名称の変更、もしくは削除されている （期間限定サイトなどは、期間終了後にファイルは削除されています） 指定されたURLが間違っている アクセス制限されているファイルにアクセスしようとしている ご不便をおかけして申し訳ありません。 トップページへ戻る ©Bandai Namco Entertainment Inc.","2026-05-31T03:18:44.920Z"
"gaming","com.bandainamcoent.opbrww","ONE PIECE Bounty Rush","Bandai Namco Entertainment Inc.","yes","$0.99 - $79.99 per item","50000000","https://bandainamcoent.co.jp","https://www.bandainamcoent.co.jp/subscribe","https://www.bandainamcoent.co.jp/subscribe","403","error:http_403","403 Forbidden/404 Not Found │ バンダイナムコエンターテインメント公式サイト","no_pricing_signal","","0","low","403 Forbidden/404 Not Found │ バンダイナムコエンターテインメント公式サイト バンダイナムコエンターテインメント公式サイト 403 Forbidden/404 Not Found お客様が指定されたURL（アドレス）には、 ご覧いただけるファイルが存在いたしません。 考えられる原因は以下の通りです。 リニューアルにより、ファイルが移動、名称の変更、もしくは削除されている （期間限定サイトなどは、期間終了後にファイルは削除されています） 指定されたURLが間違っている アクセス制限されているファイルにアクセスしようとしている ご不便をおかけして申し訳ありません。 トップページへ戻る ©Bandai Namco Entertainment Inc.","2026-05-31T03:18:45.605Z"
"gaming","com.bandainamcoent.opbrww","ONE PIECE Bounty Rush","Bandai Namco Entertainment Inc.","yes","$0.99 - $79.99 per item","50000000","https://bandainamcoent.co.jp","https://www.bandainamcoent.co.jp/subscription","https://www.bandainamcoent.co.jp/subscription","403","error:http_403","403 Forbidden/404 Not Found │ バンダイナムコエンターテインメント公式サイト","no_pricing_signal","","0","low","403 Forbidden/404 Not Found │ バンダイナムコエンターテインメント公式サイト バンダイナムコエンターテインメント公式サイト 403 Forbidden/404 Not Found お客様が指定されたURL（アドレス）には、 ご覧いただけるファイルが存在いたしません。 考えられる原因は以下の通りです。 リニューアルにより、ファイルが移動、名称の変更、もしくは削除されている （期間限定サイトなどは、期間終了後にファイルは削除されています） 指定されたURLが間違っている アクセス制限されているファイルにアクセスしようとしている ご不便をおかけして申し訳ありません。 トップページへ戻る ©Bandai Namco Entertainment Inc.","2026-05-31T03:18:46.352Z"
"gaming","com.bandainamcoent.opbrww","ONE PIECE Bounty Rush","Bandai Namco Entertainment Inc.","yes","$0.99 - $79.99 per item","50000000","https://bandainamcoent.co.jp","https://www.bandainamcoent.co.jp/upgrade","https://www.bandainamcoent.co.jp/upgrade","403","error:http_403","403 Forbidden/404 Not Found │ バンダイナムコエンターテインメント公式サイト","no_pricing_signal","","0","low","403 Forbidden/404 Not Found │ バンダイナムコエンターテインメント公式サイト バンダイナムコエンターテインメント公式サイト 403 Forbidden/404 Not Found お客様が指定されたURL（アドレス）には、 ご覧いただけるファイルが存在いたしません。 考えられる原因は以下の通りです。 リニューアルにより、ファイルが移動、名称の変更、もしくは削除されている （期間限定サイトなどは、期間終了後にファイルは削除されています） 指定されたURLが間違っている アクセス制限されているファイルにアクセスしようとしている ご不便をおかけして申し訳ありません。 トップページへ戻る ©Bandai Namco Entertainment Inc.","2026-05-31T03:18:47.069Z"
"gaming","com.plarium.mechlegion","Mech Arena - Shooting Game","Plarium Global Ltd","yes","$0.72 - $299.99 per item","50000000","https://plarium.com","https://plarium.com/en/game/mech-arena-robot-showdown","https://plarium.com/en/game/mech-arena/","200","ok","Mech Arena - Plarium","no_pricing_signal","","0","low","Mech Arena - Plarium Step into Mech Arena and compete for glory in this multiplayer PvP shooter game! Dominate in combat with endless combinations of mechs, weapons and pilots. Skip to content Games Discover Games RAID: Shadow Legends Epic Fantasy Collection RPG Mech Arena PvP Tactical Robot Action All Games Games Categories Download Games Free to Play Games New Games Popular Games Best Games Devices iPhone Games iPad Games Platforms PC Games HTML5 Games Mobile Games Mac Games Browser Games Flas","2026-05-31T03:18:48.404Z"
"gaming","com.plarium.mechlegion","Mech Arena - Shooting Game","Plarium Global Ltd","yes","$0.72 - $299.99 per item","50000000","https://plarium.com","https://plarium.com","https://plarium.com/","200","ok","Plarium: Enter a World of Cross-Platform Gaming!","no_pricing_signal","","0","low","Plarium: Enter a World of Cross-Platform Gaming! Join over 500 million registered players worldwide - play Plarium games on your phone, and on your computer! Skip to content Games Discover Games RAID: Shadow Legends Epic Fantasy Collection RPG Mech Arena PvP Tactical Robot Action All Games Games Categories Download Games Free to Play Games New Games Popular Games Best Games Devices iPhone Games iPad Games Platforms PC Games HTML5 Games Mobile Games Mac Games Browser Games Flash Games OS Windows","2026-05-31T03:18:48.540Z"
"gaming","com.plarium.mechlegion","Mech Arena - Shooting Game","Plarium Global Ltd","yes","$0.72 - $299.99 per item","50000000","https://plarium.com","https://plarium.com/pricing","https://plarium.com/pricing","404","error:http_404","Page not found - Plarium","no_pricing_signal","","0","low","Page not found - Plarium Skip to content Games Discover Games RAID: Shadow Legends Epic Fantasy Collection RPG Mech Arena PvP Tactical Robot Action All Games Games Categories Download Games Free to Play Games New Games Popular Games Best Games Devices iPhone Games iPad Games Platforms PC Games HTML5 Games Mobile Games Mac Games Browser Games Flash Games OS Windows Games Android Games Genres Medieval Games Casual Games Action Games PvP Games Survival Games Adventure Games Match 3 Games RPG Games","2026-05-31T03:18:49.484Z"
"gaming","com.plarium.mechlegion","Mech Arena - Shooting Game","Plarium Global Ltd","yes","$0.72 - $299.99 per item","50000000","https://plarium.com","https://plarium.com/plans","https://plarium.com/plans","404","error:http_404","Page not found - Plarium","no_pricing_signal","","0","low","Page not found - Plarium Skip to content Games Discover Games RAID: Shadow Legends Epic Fantasy Collection RPG Mech Arena PvP Tactical Robot Action All Games Games Categories Download Games Free to Play Games New Games Popular Games Best Games Devices iPhone Games iPad Games Platforms PC Games HTML5 Games Mobile Games Mac Games Browser Games Flash Games OS Windows Games Android Games Genres Medieval Games Casual Games Action Games PvP Games Survival Games Adventure Games Match 3 Games RPG Games","2026-05-31T03:18:50.409Z"
"gaming","com.plarium.mechlegion","Mech Arena - Shooting Game","Plarium Global Ltd","yes","$0.72 - $299.99 per item","50000000","https://plarium.com","https://plarium.com/premium","https://plarium.com/premium","404","error:http_404","Page not found - Plarium","no_pricing_signal","","0","low","Page not found - Plarium Skip to content Games Discover Games RAID: Shadow Legends Epic Fantasy Collection RPG Mech Arena PvP Tactical Robot Action All Games Games Categories Download Games Free to Play Games New Games Popular Games Best Games Devices iPhone Games iPad Games Platforms PC Games HTML5 Games Mobile Games Mac Games Browser Games Flash Games OS Windows Games Android Games Genres Medieval Games Casual Games Action Games PvP Games Survival Games Adventure Games Match 3 Games RPG Games","2026-05-31T03:18:51.379Z"
"gaming","com.plarium.mechlegion","Mech Arena - Shooting Game","Plarium Global Ltd","yes","$0.72 - $299.99 per item","50000000","https://plarium.com","https://plarium.com/subscribe","https://plarium.com/subscribe","404","error:http_404","Page not found - Plarium","no_pricing_signal","","0","low","Page not found - Plarium Skip to content Games Discover Games RAID: Shadow Legends Epic Fantasy Collection RPG Mech Arena PvP Tactical Robot Action All Games Games Categories Download Games Free to Play Games New Games Popular Games Best Games Devices iPhone Games iPad Games Platforms PC Games HTML5 Games Mobile Games Mac Games Browser Games Flash Games OS Windows Games Android Games Genres Medieval Games Casual Games Action Games PvP Games Survival Games Adventure Games Match 3 Games RPG Games","2026-05-31T03:18:52.314Z"
"gaming","com.plarium.mechlegion","Mech Arena - Shooting Game","Plarium Global Ltd","yes","$0.72 - $299.99 per item","50000000","https://plarium.com","https://plarium.com/subscription","https://plarium.com/subscription","404","error:http_404","Page not found - Plarium","no_pricing_signal","","0","low","Page not found - Plarium Skip to content Games Discover Games RAID: Shadow Legends Epic Fantasy Collection RPG Mech Arena PvP Tactical Robot Action All Games Games Categories Download Games Free to Play Games New Games Popular Games Best Games Devices iPhone Games iPad Games Platforms PC Games HTML5 Games Mobile Games Mac Games Browser Games Flash Games OS Windows Games Android Games Genres Medieval Games Casual Games Action Games PvP Games Survival Games Adventure Games Match 3 Games RPG Games","2026-05-31T03:18:53.251Z"
"gaming","com.plarium.mechlegion","Mech Arena - Shooting Game","Plarium Global Ltd","yes","$0.72 - $299.99 per item","50000000","https://plarium.com","https://plarium.com/upgrade","https://plarium.com/upgrade","404","error:http_404","Page not found - Plarium","no_pricing_signal","","0","low","Page not found - Plarium Skip to content Games Discover Games RAID: Shadow Legends Epic Fantasy Collection RPG Mech Arena PvP Tactical Robot Action All Games Games Categories Download Games Free to Play Games New Games Popular Games Best Games Devices iPhone Games iPad Games Platforms PC Games HTML5 Games Mobile Games Mac Games Browser Games Flash Games OS Windows Games Android Games Genres Medieval Games Casual Games Action Games PvP Games Survival Games Adventure Games Match 3 Games RPG Games","2026-05-31T03:18:54.195Z"
"gaming","com.garena.game.codm","Call of Duty®: Mobile - Garena","Garena Mobile Private","yes","$0.99 - $104.99 per item","50000000","https://codm.garena.tw","https://codm.garena.tw/","https://codm.garena.tw/","200","ok","《決勝時刻®: Mobile - Garena》","price_points_detected","$5,00","1","medium","《決勝時刻®: Mobile - Garena》 【團隊競技 經典重現】全球經典射擊遊戲Call of duty決勝時刻完美移植手機，決勝沙場、時刻競技，隨時隨地，手機就是你的板機！ 戰地快訊 遊戲特色 社群分享 儲值中心 客服中心 最新 公告 活動 系統 遊戲介紹 新兵特訓 模式總覽 技能介紹 官方FB 巴哈姆特 Youtube 官方IG 最新 公告 活動 系統 更多+ [公告] 《決勝時刻 Mobile》全新版本《「英雄」時刻》更新公告05-25 [公告] 【DMZ 出金巔峰賽】資金榜前 100 名 DMZ 巔峰外套 得獎名單 (05/17 前回報資料)05-01 [公告] 「浪我樂園」三大樂園聯動開跑！出示《決勝時刻 Mobile》遊戲畫面享專屬門票優惠03-26 [公告] 03/19 (四) 活動更新：《夏日水球大戰》決勝浪我玩！03-19 [公告] 《決勝DMZ賞金獵人》第三階段得獎名單公告01-16 [公告] 決勝冬季盃 S7 正式啟動，總獎金高達 20 萬，勇者齊聚世界舞台！即日起報名到 01/22 止01-06 [公告] 《決勝時刻 Mobile》全新版本《「英雄」時刻","2026-05-31T03:18:54.514Z"
"gaming","com.garena.game.codm","Call of Duty®: Mobile - Garena","Garena Mobile Private","yes","$0.99 - $104.99 per item","50000000","https://codm.garena.tw","https://codm.garena.tw","https://codm.garena.tw/","200","ok","《決勝時刻®: Mobile - Garena》","price_points_detected","$5,00","1","medium","《決勝時刻®: Mobile - Garena》 【團隊競技 經典重現】全球經典射擊遊戲Call of duty決勝時刻完美移植手機，決勝沙場、時刻競技，隨時隨地，手機就是你的板機！ 戰地快訊 遊戲特色 社群分享 儲值中心 客服中心 最新 公告 活動 系統 遊戲介紹 新兵特訓 模式總覽 技能介紹 官方FB 巴哈姆特 Youtube 官方IG 最新 公告 活動 系統 更多+ [公告] 《決勝時刻 Mobile》全新版本《「英雄」時刻》更新公告05-25 [公告] 【DMZ 出金巔峰賽】資金榜前 100 名 DMZ 巔峰外套 得獎名單 (05/17 前回報資料)05-01 [公告] 「浪我樂園」三大樂園聯動開跑！出示《決勝時刻 Mobile》遊戲畫面享專屬門票優惠03-26 [公告] 03/19 (四) 活動更新：《夏日水球大戰》決勝浪我玩！03-19 [公告] 《決勝DMZ賞金獵人》第三階段得獎名單公告01-16 [公告] 決勝冬季盃 S7 正式啟動，總獎金高達 20 萬，勇者齊聚世界舞台！即日起報名到 01/22 止01-06 [公告] 《決勝時刻 Mobile》全新版本《「英雄」時刻","2026-05-31T03:18:54.748Z"
"gaming","com.garena.game.codm","Call of Duty®: Mobile - Garena","Garena Mobile Private","yes","$0.99 - $104.99 per item","50000000","https://codm.garena.tw","https://codm.garena.tw/pricing","https://codm.garena.tw/pricing","404","error:http_404","Not Found","no_pricing_signal","","0","low","Not Found Not FoundThe requested resource was not found on this server.","2026-05-31T03:18:54.882Z"
"gaming","com.garena.game.codm","Call of Duty®: Mobile - Garena","Garena Mobile Private","yes","$0.99 - $104.99 per item","50000000","https://codm.garena.tw","https://codm.garena.tw/plans","https://codm.garena.tw/plans","404","error:http_404","Not Found","no_pricing_signal","","0","low","Not Found Not FoundThe requested resource was not found on this server.","2026-05-31T03:18:55.014Z"
"gaming","com.garena.game.codm","Call of Duty®: Mobile - Garena","Garena Mobile Private","yes","$0.99 - $104.99 per item","50000000","https://codm.garena.tw","https://codm.garena.tw/premium","https://codm.garena.tw/premium","404","error:http_404","Not Found","no_pricing_signal","","0","low","Not Found Not FoundThe requested resource was not found on this server.","2026-05-31T03:18:55.146Z"
"gaming","com.garena.game.codm","Call of Duty®: Mobile - Garena","Garena Mobile Private","yes","$0.99 - $104.99 per item","50000000","https://codm.garena.tw","https://codm.garena.tw/subscribe","https://codm.garena.tw/subscribe","404","error:http_404","Not Found","no_pricing_signal","","0","low","Not Found Not FoundThe requested resource was not found on this server.","2026-05-31T03:18:55.279Z"
"gaming","com.garena.game.codm","Call of Duty®: Mobile - Garena","Garena Mobile Private","yes","$0.99 - $104.99 per item","50000000","https://codm.garena.tw","https://codm.garena.tw/subscription","https://codm.garena.tw/subscription","404","error:http_404","Not Found","no_pricing_signal","","0","low","Not Found Not FoundThe requested resource was not found on this server.","2026-05-31T03:18:55.412Z"
"gaming","com.garena.game.codm","Call of Duty®: Mobile - Garena","Garena Mobile Private","yes","$0.99 - $104.99 per item","50000000","https://codm.garena.tw","https://codm.garena.tw/upgrade","https://codm.garena.tw/upgrade","404","error:http_404","Not Found","no_pricing_signal","","0","low","Not Found Not FoundThe requested resource was not found on this server.","2026-05-31T03:18:55.547Z"
"astrology_esoterics","com.ojassoft.astrosage","AstroSage Kundli: AI Astrology","Ojas Softech Pvt Ltd","yes","$0.99 - $139.99 per item","50000000","https://astrosage.com","https://www.astrosage.com/","https://www.astrosage.com/","200","ok","AI Astrology - Free Online Horoscope & AI-Powered Online Astrologer","subscription_terms","","0","medium","AI Astrology - Free Online Horoscope & AI-Powered Online Astrologer Rashifal Kundli Rashifal 2026 Horoscope 2026 Today Horoscope Calendar 2026 Chat with Astrologer ₹ 0 Sign In / Sign Up Welcome Go to AstroSage Cloud Log Out Aries Taurus Gemini Cancer Leo Virgo Libra Scorpio Sagittarius Capricorn Aquarius Pisces ததமிழ் తెతెలుగు ಕಕನ್ನಡ ગુગુજરાતી ममराठी বাবাংলা മമലയാളം دواردو हिहिन्दी नेनेपाली ଓଓଡ଼ିଆ অঅসমীয়া ਪੰਪੰਜਾਬੀ Home Free Kundli Horoscope Matching Horoscope 2026 राशिफल 2026 Today's Horoscope R","2026-05-31T03:18:57.825Z"
"astrology_esoterics","com.ojassoft.astrosage","AstroSage Kundli: AI Astrology","Ojas Softech Pvt Ltd","yes","$0.99 - $139.99 per item","50000000","https://astrosage.com","https://www.astrosage.com","https://www.astrosage.com/","200","ok","AI Astrology - Free Online Horoscope & AI-Powered Online Astrologer","subscription_terms","","0","medium","AI Astrology - Free Online Horoscope & AI-Powered Online Astrologer Rashifal Kundli Rashifal 2026 Horoscope 2026 Today Horoscope Calendar 2026 Chat with Astrologer ₹ 0 Sign In / Sign Up Welcome Go to AstroSage Cloud Log Out Aries Taurus Gemini Cancer Leo Virgo Libra Scorpio Sagittarius Capricorn Aquarius Pisces ததமிழ் తెతెలుగు ಕಕನ್ನಡ ગુગુજરાતી ममराठी বাবাংলা മമലയാളം دواردو हिहिन्दी नेनेपाली ଓଓଡ଼ିଆ অঅসমীয়া ਪੰਪੰਜਾਬੀ Home Free Kundli Horoscope Matching Horoscope 2026 राशिफल 2026 Today's Horoscope R","2026-05-31T03:18:58.993Z"
"astrology_esoterics","com.ojassoft.astrosage","AstroSage Kundli: AI Astrology","Ojas Softech Pvt Ltd","yes","$0.99 - $139.99 per item","50000000","https://astrosage.com","https://www.astrosage.com/pricing","https://www.astrosage.com/pricing","404","error:http_404","IIS 10.0 Detailed Error - 404.0 - Not Found","no_pricing_signal","","0","low","IIS 10.0 Detailed Error - 404.0 - Not Found HTTP Error 404.0 - Not Found The resource you are looking for has been removed, had its name changed, or is temporarily unavailable. Most likely causes: The directory or file specified does not exist on the Web server. The URL contains a typographical error. A custom filter or module, such as URLScan, restricts access to the file. Things you can try: Create the content on the Web server. Review the browser URL. Create a tracing rule to track failed req","2026-05-31T03:18:59.459Z"
"astrology_esoterics","com.ojassoft.astrosage","AstroSage Kundli: AI Astrology","Ojas Softech Pvt Ltd","yes","$0.99 - $139.99 per item","50000000","https://astrosage.com","https://www.astrosage.com/plans","https://www.astrosage.com/plans","404","error:http_404","IIS 10.0 Detailed Error - 404.0 - Not Found","no_pricing_signal","","0","low","IIS 10.0 Detailed Error - 404.0 - Not Found HTTP Error 404.0 - Not Found The resource you are looking for has been removed, had its name changed, or is temporarily unavailable. Most likely causes: The directory or file specified does not exist on the Web server. The URL contains a typographical error. A custom filter or module, such as URLScan, restricts access to the file. Things you can try: Create the content on the Web server. Review the browser URL. Create a tracing rule to track failed req","2026-05-31T03:18:59.868Z"
"astrology_esoterics","com.ojassoft.astrosage","AstroSage Kundli: AI Astrology","Ojas Softech Pvt Ltd","yes","$0.99 - $139.99 per item","50000000","https://astrosage.com","https://www.astrosage.com/premium","https://www.astrosage.com/premium","404","error:http_404","IIS 10.0 Detailed Error - 404.0 - Not Found","no_pricing_signal","","0","low","IIS 10.0 Detailed Error - 404.0 - Not Found HTTP Error 404.0 - Not Found The resource you are looking for has been removed, had its name changed, or is temporarily unavailable. Most likely causes: The directory or file specified does not exist on the Web server. The URL contains a typographical error. A custom filter or module, such as URLScan, restricts access to the file. Things you can try: Create the content on the Web server. Review the browser URL. Create a tracing rule to track failed req","2026-05-31T03:19:00.276Z"
"astrology_esoterics","com.ojassoft.astrosage","AstroSage Kundli: AI Astrology","Ojas Softech Pvt Ltd","yes","$0.99 - $139.99 per item","50000000","https://astrosage.com","https://www.astrosage.com/subscribe","https://www.astrosage.com/subscribe","404","error:http_404","IIS 10.0 Detailed Error - 404.0 - Not Found","no_pricing_signal","","0","low","IIS 10.0 Detailed Error - 404.0 - Not Found HTTP Error 404.0 - Not Found The resource you are looking for has been removed, had its name changed, or is temporarily unavailable. Most likely causes: The directory or file specified does not exist on the Web server. The URL contains a typographical error. A custom filter or module, such as URLScan, restricts access to the file. Things you can try: Create the content on the Web server. Review the browser URL. Create a tracing rule to track failed req","2026-05-31T03:19:00.651Z"
"astrology_esoterics","com.ojassoft.astrosage","AstroSage Kundli: AI Astrology","Ojas Softech Pvt Ltd","yes","$0.99 - $139.99 per item","50000000","https://astrosage.com","https://www.astrosage.com/subscription","https://www.astrosage.com/subscription","404","error:http_404","IIS 10.0 Detailed Error - 404.0 - Not Found","no_pricing_signal","","0","low","IIS 10.0 Detailed Error - 404.0 - Not Found HTTP Error 404.0 - Not Found The resource you are looking for has been removed, had its name changed, or is temporarily unavailable. Most likely causes: The directory or file specified does not exist on the Web server. The URL contains a typographical error. A custom filter or module, such as URLScan, restricts access to the file. Things you can try: Create the content on the Web server. Review the browser URL. Create a tracing rule to track failed req","2026-05-31T03:19:01.096Z"
"astrology_esoterics","com.ojassoft.astrosage","AstroSage Kundli: AI Astrology","Ojas Softech Pvt Ltd","yes","$0.99 - $139.99 per item","50000000","https://astrosage.com","https://www.astrosage.com/upgrade","https://www.astrosage.com/upgrade","404","error:http_404","IIS 10.0 Detailed Error - 404.0 - Not Found","no_pricing_signal","","0","low","IIS 10.0 Detailed Error - 404.0 - Not Found HTTP Error 404.0 - Not Found The resource you are looking for has been removed, had its name changed, or is temporarily unavailable. Most likely causes: The directory or file specified does not exist on the Web server. The URL contains a typographical error. A custom filter or module, such as URLScan, restricts access to the file. Things you can try: Create the content on the Web server. Review the browser URL. Create a tracing rule to track failed req","2026-05-31T03:19:01.487Z"
"avatar_identity","face.cartoon.picture.editor.emoji","Avatoon® - Avatar Maker","IdeaLabs.","yes","$0.99 - $59.99 per item","50000000","https://avatoon.me","https://www.avatoon.me/","https://www.avatoon.me/","200","ok","","no_pricing_signal","","0","low","","2026-05-31T03:19:02.325Z"
"avatar_identity","face.cartoon.picture.editor.emoji","Avatoon® - Avatar Maker","IdeaLabs.","yes","$0.99 - $59.99 per item","50000000","https://avatoon.me","https://www.avatoon.me","https://www.avatoon.me/","200","ok","","no_pricing_signal","","0","low","","2026-05-31T03:19:02.670Z"
"avatar_identity","face.cartoon.picture.editor.emoji","Avatoon® - Avatar Maker","IdeaLabs.","yes","$0.99 - $59.99 per item","50000000","https://avatoon.me","https://www.avatoon.me/pricing","https://www.avatoon.me/pricing","404","error:http_404","404 Not Found","no_pricing_signal","","0","low","404 Not Found Not Found The requested URL was not found on this server. Apache/2.4.38 (Debian) Server at www.avatoon.me Port 80","2026-05-31T03:19:03.348Z"
"avatar_identity","face.cartoon.picture.editor.emoji","Avatoon® - Avatar Maker","IdeaLabs.","yes","$0.99 - $59.99 per item","50000000","https://avatoon.me","https://www.avatoon.me/plans","https://www.avatoon.me/plans","404","error:http_404","404 Not Found","no_pricing_signal","","0","low","404 Not Found Not Found The requested URL was not found on this server. Apache/2.4.38 (Debian) Server at www.avatoon.me Port 80","2026-05-31T03:19:03.963Z"
"avatar_identity","face.cartoon.picture.editor.emoji","Avatoon® - Avatar Maker","IdeaLabs.","yes","$0.99 - $59.99 per item","50000000","https://avatoon.me","https://www.avatoon.me/premium","https://www.avatoon.me/premium","404","error:http_404","404 Not Found","no_pricing_signal","","0","low","404 Not Found Not Found The requested URL was not found on this server. Apache/2.4.38 (Debian) Server at www.avatoon.me Port 80","2026-05-31T03:19:04.475Z"
"avatar_identity","face.cartoon.picture.editor.emoji","Avatoon® - Avatar Maker","IdeaLabs.","yes","$0.99 - $59.99 per item","50000000","https://avatoon.me","https://www.avatoon.me/subscribe","https://www.avatoon.me/subscribe","404","error:http_404","404 Not Found","no_pricing_signal","","0","low","404 Not Found Not Found The requested URL was not found on this server. Apache/2.4.38 (Debian) Server at www.avatoon.me Port 80","2026-05-31T03:19:04.884Z"
"avatar_identity","face.cartoon.picture.editor.emoji","Avatoon® - Avatar Maker","IdeaLabs.","yes","$0.99 - $59.99 per item","50000000","https://avatoon.me","https://www.avatoon.me/subscription","https://www.avatoon.me/subscription","404","error:http_404","404 Not Found","no_pricing_signal","","0","low","404 Not Found Not Found The requested URL was not found on this server. Apache/2.4.38 (Debian) Server at www.avatoon.me Port 80","2026-05-31T03:19:05.314Z"
"avatar_identity","face.cartoon.picture.editor.emoji","Avatoon® - Avatar Maker","IdeaLabs.","yes","$0.99 - $59.99 per item","50000000","https://avatoon.me","https://www.avatoon.me/upgrade","https://www.avatoon.me/upgrade","404","error:http_404","404 Not Found","no_pricing_signal","","0","low","404 Not Found Not Found The requested URL was not found on this server. Apache/2.4.38 (Debian) Server at www.avatoon.me Port 80","2026-05-31T03:19:05.667Z"
"avatar_identity","ai.character.app","Character AI: Chat, Talk, Text","Character.AI","yes","$0.99 - $94.99 per item","50000000","https://character.ai","https://character.ai/","https://character.ai/","403","error:http_403","Attention Required! | Cloudflare","no_pricing_signal","","0","low","Attention Required! | Cloudflare Please enable cookies. Sorry, you have been blocked You are unable to access character.ai Why have I been blocked? This website is using a security service to protect itself from online attacks. The action you just performed triggered the security solution. There are several actions that could trigger this block including submitting a certain word or phrase, a SQL command or malformed data. What can I do to resolve this? You can email the site owner to let them k","2026-05-31T03:19:05.846Z"
"avatar_identity","ai.character.app","Character AI: Chat, Talk, Text","Character.AI","yes","$0.99 - $94.99 per item","50000000","https://character.ai","https://character.ai","https://character.ai/","403","error:http_403","Attention Required! | Cloudflare","no_pricing_signal","","0","low","Attention Required! | Cloudflare Please enable cookies. Sorry, you have been blocked You are unable to access character.ai Why have I been blocked? This website is using a security service to protect itself from online attacks. The action you just performed triggered the security solution. There are several actions that could trigger this block including submitting a certain word or phrase, a SQL command or malformed data. What can I do to resolve this? You can email the site owner to let them k","2026-05-31T03:19:05.957Z"
"avatar_identity","ai.character.app","Character AI: Chat, Talk, Text","Character.AI","yes","$0.99 - $94.99 per item","50000000","https://character.ai","https://character.ai/pricing","https://character.ai/pricing","404","error:http_404","Character.AI","no_pricing_signal","","0","low","Character.AI 404This page could not be found.","2026-05-31T03:19:07.243Z"
"avatar_identity","ai.character.app","Character AI: Chat, Talk, Text","Character.AI","yes","$0.99 - $94.99 per item","50000000","https://character.ai","https://character.ai/plans","https://character.ai/plans","404","error:http_404","Character.AI","no_pricing_signal","","0","low","Character.AI 404This page could not be found.","2026-05-31T03:19:09.217Z"
"avatar_identity","ai.character.app","Character AI: Chat, Talk, Text","Character.AI","yes","$0.99 - $94.99 per item","50000000","https://character.ai","https://character.ai/premium","https://character.ai/premium","404","error:http_404","Character.AI","no_pricing_signal","","0","low","Character.AI 404This page could not be found.","2026-05-31T03:19:09.373Z"
"avatar_identity","ai.character.app","Character AI: Chat, Talk, Text","Character.AI","yes","$0.99 - $94.99 per item","50000000","https://character.ai","https://character.ai/subscribe","https://character.ai/subscribe","200","ok","Unlock c.ai+ Annual – Exclusive Savings & Premium Features | character.ai | AI Chat, Reimagined–Your Words. Your World.","pricing_page|subscription_terms|paywall_language|price_points_detected","$9.99|$94.99|$119.88","3","high","Unlock c.ai+ Annual – Exclusive Savings & Premium Features | character.ai | AI Chat, Reimagined–Your Words. Your World. Get the best of Character.AI with an annual c.ai+ subscription. Enjoy significant savings, enhanced character memory, faster responses, and exclusive access to select features. Upgrade today! GetUpgrade to c.ai+FeatureFreePlusBasic chat modelsBetter memoryAd-free chatsBonus on every Charms packAccess our latest and best modelsNo slow modeUnlimited voice callsEven more muted wor","2026-05-31T03:19:11.512Z"
"avatar_identity","ai.character.app","Character AI: Chat, Talk, Text","Character.AI","yes","$0.99 - $94.99 per item","50000000","https://character.ai","https://character.ai/subscription","https://character.ai/subscription","404","error:http_404","Character.AI","no_pricing_signal","","0","low","Character.AI 404This page could not be found.","2026-05-31T03:19:11.713Z"
"avatar_identity","ai.character.app","Character AI: Chat, Talk, Text","Character.AI","yes","$0.99 - $94.99 per item","50000000","https://character.ai","https://character.ai/upgrade","https://character.ai/upgrade","404","error:http_404","Character.AI","no_pricing_signal","","0","low","Character.AI 404This page could not be found.","2026-05-31T03:19:11.866Z"
"mindfulness","com.calm.android","Calm - Sleep, Meditate, Relax","Calm.com, Inc.","yes","$0.99 - $399.99 per item","50000000","http://calm.com","http://www.calm.com/","https://www.calm.com/","200","ok","Calm - The #1 App for Meditation and Sleep","pricing_page|subscription_terms|trial_terms|app_store_redirect","","0","medium","Calm - The #1 App for Meditation and Sleep Calm is the #1 app for sleep and meditation. Join the millions experiencing better sleep, lower stress, and less anxiety. Skip to main contentSleepStress & AnxietyMindfulnessCalm HealthLog InTry Calm for FreeSleepStress & AnxietyMindfulnessCalm HealthLog InWe're here to help you feel better.Stress less.Get in-the-moment relief for stress and anxiety so you can get back to living.Learn MoreSleep more.Fall asleep (and stay asleep) naturally and peacefully","2026-05-31T03:19:14.072Z"
"mindfulness","com.calm.android","Calm - Sleep, Meditate, Relax","Calm.com, Inc.","yes","$0.99 - $399.99 per item","50000000","http://calm.com","http://www.calm.com","https://www.calm.com/","200","ok","Calm - The #1 App for Meditation and Sleep","pricing_page|subscription_terms|trial_terms|app_store_redirect","","0","medium","Calm - The #1 App for Meditation and Sleep Calm is the #1 app for sleep and meditation. Join the millions experiencing better sleep, lower stress, and less anxiety. Skip to main contentSleepStress & AnxietyMindfulnessCalm HealthLog InTry Calm for FreeSleepStress & AnxietyMindfulnessCalm HealthLog InWe're here to help you feel better.Stress less.Get in-the-moment relief for stress and anxiety so you can get back to living.Learn MoreSleep more.Fall asleep (and stay asleep) naturally and peacefully","2026-05-31T03:19:15.192Z"
"mindfulness","com.calm.android","Calm - Sleep, Meditate, Relax","Calm.com, Inc.","yes","$0.99 - $399.99 per item","50000000","http://calm.com","http://www.calm.com/pricing","https://www.calm.com/pricing","404","error:http_404","Calm - The #1 App for Meditation and Sleep","no_pricing_signal","","0","low","Calm - The #1 App for Meditation and Sleep Calm is the #1 app for sleep and meditation. Join the millions experiencing better sleep, lower stress, and less anxiety.","2026-05-31T03:19:16.994Z"
"mindfulness","com.calm.android","Calm - Sleep, Meditate, Relax","Calm.com, Inc.","yes","$0.99 - $399.99 per item","50000000","http://calm.com","http://www.calm.com/plans","https://www.calm.com/plans","404","error:http_404","Calm - The #1 App for Meditation and Sleep","no_pricing_signal","","0","low","Calm - The #1 App for Meditation and Sleep Calm is the #1 app for sleep and meditation. Join the millions experiencing better sleep, lower stress, and less anxiety.","2026-05-31T03:19:18.736Z"
"mindfulness","com.calm.android","Calm - Sleep, Meditate, Relax","Calm.com, Inc.","yes","$0.99 - $399.99 per item","50000000","http://calm.com","http://www.calm.com/premium","https://www.calm.com/premium","404","error:http_404","Calm - The #1 App for Meditation and Sleep","no_pricing_signal","","0","low","Calm - The #1 App for Meditation and Sleep Calm is the #1 app for sleep and meditation. Join the millions experiencing better sleep, lower stress, and less anxiety.","2026-05-31T03:19:20.292Z"
"mindfulness","com.calm.android","Calm - Sleep, Meditate, Relax","Calm.com, Inc.","yes","$0.99 - $399.99 per item","50000000","http://calm.com","http://www.calm.com/subscribe","https://www.calm.com/subscribe","200","ok","Calm - The #1 App for Meditation and Sleep","pricing_page","","0","medium","Calm - The #1 App for Meditation and Sleep Calm is the #1 app for sleep and meditation. Join the millions experiencing better sleep, lower stress, and less anxiety. Skip to main contentCreate a free Calm accountContinue with EmailContinue with FacebookContinue with AppleContinue with GoogleBy tapping Continue or logging into an existing Calm account, you agree to our Terms and acknowledge that you have read our Privacy Policy, which explains how to opt out of offers and promos.Already have an ac","2026-05-31T03:19:21.369Z"
"mindfulness","com.calm.android","Calm - Sleep, Meditate, Relax","Calm.com, Inc.","yes","$0.99 - $399.99 per item","50000000","http://calm.com","http://www.calm.com/subscription","https://www.calm.com/subscription","404","error:http_404","Calm - The #1 App for Meditation and Sleep","no_pricing_signal","","0","low","Calm - The #1 App for Meditation and Sleep Calm is the #1 app for sleep and meditation. Join the millions experiencing better sleep, lower stress, and less anxiety.","2026-05-31T03:19:22.118Z"
"mindfulness","com.calm.android","Calm - Sleep, Meditate, Relax","Calm.com, Inc.","yes","$0.99 - $399.99 per item","50000000","http://calm.com","http://www.calm.com/upgrade","https://health.calm.com/","200","ok","Mental Health Benefits Solution for Employers, Health Plans & Consultants | Calm Health","pricing_page|paywall_language","","0","medium","Mental Health Benefits Solution for Employers, Health Plans & Consultants | Calm Health Calm Health helps health plans, employers, and consultants deliver engaging, evidence-based mental health support to individuals. Request a demo. Skip to content Solutions For Health Plans For Employers For Consultants Calm Workshops Resources View All Blog Reports & Guides Webinars About Us Contact Us Our Experts Press Login App Login Customer Login Request a demo Health Plans Support your members and boost","2026-05-31T03:19:23.585Z"
"gaming","com.epicgames.fortnite","Fortnite","Epic Games, Inc","yes","$0.99 - $89.99 per item","10000000","https://epicgames.com","https://www.epicgames.com/help","https://www.epicgames.com/help","403","error:http_403","","no_pricing_signal","","0","low",": a042d635db70d33c : 171.6.239.144","2026-05-31T03:19:23.972Z"
"gaming","com.epicgames.fortnite","Fortnite","Epic Games, Inc","yes","$0.99 - $89.99 per item","10000000","https://epicgames.com","https://www.epicgames.com","https://www.epicgames.com/","403","error:http_403","","no_pricing_signal","","0","low",": a042d6381c33d32e : 171.6.239.144","2026-05-31T03:19:24.144Z"
"gaming","com.epicgames.fortnite","Fortnite","Epic Games, Inc","yes","$0.99 - $89.99 per item","10000000","https://epicgames.com","https://www.epicgames.com/pricing","https://www.epicgames.com/pricing","403","error:http_403","","no_pricing_signal","","0","low",": a042d6393f1cd340 : 171.6.239.144","2026-05-31T03:19:24.313Z"
"gaming","com.epicgames.fortnite","Fortnite","Epic Games, Inc","yes","$0.99 - $89.99 per item","10000000","https://epicgames.com","https://www.epicgames.com/plans","https://www.epicgames.com/plans","403","error:http_403","","no_pricing_signal","","0","low",": a042d63a4a54d02c : 171.6.239.144","2026-05-31T03:19:24.473Z"
"gaming","com.epicgames.fortnite","Fortnite","Epic Games, Inc","yes","$0.99 - $89.99 per item","10000000","https://epicgames.com","https://www.epicgames.com/premium","https://www.epicgames.com/premium","403","error:http_403","","no_pricing_signal","","0","low",": a042d63b3cc1d02b : 171.6.239.144","2026-05-31T03:19:24.640Z"
"gaming","com.epicgames.fortnite","Fortnite","Epic Games, Inc","yes","$0.99 - $89.99 per item","10000000","https://epicgames.com","https://www.epicgames.com/subscribe","https://www.epicgames.com/subscribe","403","error:http_403","","no_pricing_signal","","0","low",": a042d63c4883d01f : 171.6.239.144","2026-05-31T03:19:24.801Z"
"gaming","com.epicgames.fortnite","Fortnite","Epic Games, Inc","yes","$0.99 - $89.99 per item","10000000","https://epicgames.com","https://www.epicgames.com/subscription","https://www.epicgames.com/subscription","403","error:http_403","","no_pricing_signal","","0","low",": a042d63d4d27d033 : 171.6.239.144","2026-05-31T03:19:24.964Z"
"gaming","com.epicgames.fortnite","Fortnite","Epic Games, Inc","yes","$0.99 - $89.99 per item","10000000","https://epicgames.com","https://www.epicgames.com/upgrade","https://www.epicgames.com/upgrade","403","error:http_403","","no_pricing_signal","","0","low",": a042d63e6e26d335 : 171.6.239.144","2026-05-31T03:19:25.135Z"
"gaming","com.catdaddy.nba2km","NBA 2K Mobile Basketball Game","2K, Inc. - a Take-Two Interactive affiliate","yes","$0.49 - $199.99 per item","10000000","https://nba2kmobile.com","https://nba2kmobile.com/","https://www.nba2kmobile.com/","200","ok","NBA 2K Mobile Web Store | Buy NBA 2K Mobile Coin Packs | NBA 2K Mobile","pricing_page|paywall_language|checkout_language","","0","medium","NBA 2K Mobile Web Store | Buy NBA 2K Mobile Coin Packs | NBA 2K Mobile Buy Coins and Packs from the official Web Store. Supports iOS and Android versions of the game. Skip to ContentStoreNewsDaily Streak StoreNewsDaily Streak Empire State Elite1 King of New York Jalen Brunson ELITE (20% Bonus Chance) + 3 Guaranteed Random Lunar Rose Specialists card + 6 Random Specialists cards (LUNAR ROSE - ARCANA) + 4 Random theme or Specialists theme cards (LUNAR ROSE - AZURE) + 1400 Coins + 3 Legendary GearB","2026-05-31T03:19:26.317Z"
"gaming","com.catdaddy.nba2km","NBA 2K Mobile Basketball Game","2K, Inc. - a Take-Two Interactive affiliate","yes","$0.49 - $199.99 per item","10000000","https://nba2kmobile.com","https://nba2kmobile.com","https://www.nba2kmobile.com/","200","ok","NBA 2K Mobile Web Store | Buy NBA 2K Mobile Coin Packs | NBA 2K Mobile","pricing_page|paywall_language|checkout_language","","0","medium","NBA 2K Mobile Web Store | Buy NBA 2K Mobile Coin Packs | NBA 2K Mobile Buy Coins and Packs from the official Web Store. Supports iOS and Android versions of the game. Skip to ContentStoreNewsDaily Streak StoreNewsDaily Streak Empire State Elite1 King of New York Jalen Brunson ELITE (20% Bonus Chance) + 3 Guaranteed Random Lunar Rose Specialists card + 6 Random Specialists cards (LUNAR ROSE - ARCANA) + 4 Random theme or Specialists theme cards (LUNAR ROSE - AZURE) + 1400 Coins + 3 Legendary GearB","2026-05-31T03:19:27.158Z"
"gaming","com.catdaddy.nba2km","NBA 2K Mobile Basketball Game","2K, Inc. - a Take-Two Interactive affiliate","yes","$0.49 - $199.99 per item","10000000","https://nba2kmobile.com","https://nba2kmobile.com/pricing","https://www.nba2kmobile.com/pricing","404","error:http_404","","no_pricing_signal","","0","low","skip-to-contentStoreNewsDaily Streak StoreNewsDaily Streak Something went wrong. Please go back to the home page and try again.The page you're looking for doesn't exist or another error occurred. (404).Back to StorePrivacy PolicyLegalCookie PolicyDo Not Sell or Share My Personal InformationSupportRefunds2K Ad Partners©2005-2026 Take-Two Interactive Software Inc. Developed by Cat Daddy Games. 2K, Cat Daddy Games, and respective logos are trademarks of Take-Two Interactive Software, Inc. All right","2026-05-31T03:19:27.788Z"
"gaming","com.catdaddy.nba2km","NBA 2K Mobile Basketball Game","2K, Inc. - a Take-Two Interactive affiliate","yes","$0.49 - $199.99 per item","10000000","https://nba2kmobile.com","https://nba2kmobile.com/plans","https://www.nba2kmobile.com/plans","404","error:http_404","","no_pricing_signal","","0","low","skip-to-contentStoreNewsDaily Streak StoreNewsDaily Streak Something went wrong. Please go back to the home page and try again.The page you're looking for doesn't exist or another error occurred. (404).Back to StorePrivacy PolicyLegalCookie PolicyDo Not Sell or Share My Personal InformationSupportRefunds2K Ad Partners©2005-2026 Take-Two Interactive Software Inc. Developed by Cat Daddy Games. 2K, Cat Daddy Games, and respective logos are trademarks of Take-Two Interactive Software, Inc. All right","2026-05-31T03:19:29.179Z"
"gaming","com.catdaddy.nba2km","NBA 2K Mobile Basketball Game","2K, Inc. - a Take-Two Interactive affiliate","yes","$0.49 - $199.99 per item","10000000","https://nba2kmobile.com","https://nba2kmobile.com/premium","https://www.nba2kmobile.com/premium","404","error:http_404","","no_pricing_signal","","0","low","skip-to-contentStoreNewsDaily Streak StoreNewsDaily Streak Something went wrong. Please go back to the home page and try again.The page you're looking for doesn't exist or another error occurred. (404).Back to StorePrivacy PolicyLegalCookie PolicyDo Not Sell or Share My Personal InformationSupportRefunds2K Ad Partners©2005-2026 Take-Two Interactive Software Inc. Developed by Cat Daddy Games. 2K, Cat Daddy Games, and respective logos are trademarks of Take-Two Interactive Software, Inc. All right","2026-05-31T03:19:29.901Z"
"gaming","com.catdaddy.nba2km","NBA 2K Mobile Basketball Game","2K, Inc. - a Take-Two Interactive affiliate","yes","$0.49 - $199.99 per item","10000000","https://nba2kmobile.com","https://nba2kmobile.com/subscribe","https://www.nba2kmobile.com/subscribe","404","error:http_404","","no_pricing_signal","","0","low","skip-to-contentStoreNewsDaily Streak StoreNewsDaily Streak Something went wrong. Please go back to the home page and try again.The page you're looking for doesn't exist or another error occurred. (404).Back to StorePrivacy PolicyLegalCookie PolicyDo Not Sell or Share My Personal InformationSupportRefunds2K Ad Partners©2005-2026 Take-Two Interactive Software Inc. Developed by Cat Daddy Games. 2K, Cat Daddy Games, and respective logos are trademarks of Take-Two Interactive Software, Inc. All right","2026-05-31T03:19:30.585Z"
"gaming","com.catdaddy.nba2km","NBA 2K Mobile Basketball Game","2K, Inc. - a Take-Two Interactive affiliate","yes","$0.49 - $199.99 per item","10000000","https://nba2kmobile.com","https://nba2kmobile.com/subscription","https://www.nba2kmobile.com/subscription","404","error:http_404","","no_pricing_signal","","0","low","skip-to-contentStoreNewsDaily Streak StoreNewsDaily Streak Something went wrong. Please go back to the home page and try again.The page you're looking for doesn't exist or another error occurred. (404).Back to StorePrivacy PolicyLegalCookie PolicyDo Not Sell or Share My Personal InformationSupportRefunds2K Ad Partners©2005-2026 Take-Two Interactive Software Inc. Developed by Cat Daddy Games. 2K, Cat Daddy Games, and respective logos are trademarks of Take-Two Interactive Software, Inc. All right","2026-05-31T03:19:31.200Z"
"gaming","com.catdaddy.nba2km","NBA 2K Mobile Basketball Game","2K, Inc. - a Take-Two Interactive affiliate","yes","$0.49 - $199.99 per item","10000000","https://nba2kmobile.com","https://nba2kmobile.com/upgrade","https://www.nba2kmobile.com/upgrade","404","error:http_404","","no_pricing_signal","","0","low","skip-to-contentStoreNewsDaily Streak StoreNewsDaily Streak Something went wrong. Please go back to the home page and try again.The page you're looking for doesn't exist or another error occurred. (404).Back to StorePrivacy PolicyLegalCookie PolicyDo Not Sell or Share My Personal InformationSupportRefunds2K Ad Partners©2005-2026 Take-Two Interactive Software Inc. Developed by Cat Daddy Games. 2K, Cat Daddy Games, and respective logos are trademarks of Take-Two Interactive Software, Inc. All right","2026-05-31T03:19:32.025Z"
"gaming","com.ubisoft.rainbowsixmobile.r6.fps.pvp.shooter","Rainbow Six Mobile","Ubisoft Nova","yes","$0.69 - $179.99 per item","10000000","https://ubisoft-mobile.helpshift.com","https://ubisoft-mobile.helpshift.com/hc/app/45-rainbow-six-mobile","https://ubisoft-mobile.helpshift.com/hc/en/45-rainbow-six-mobile/","200","ok","Rainbow Six Mobile — Ubisoft Mobile Technical Support and Help Center","paywall_language","","0","medium","Rainbow Six Mobile — Ubisoft Mobile Technical Support and Help Center Are you looking for help with Rainbow Six Mobile? Learn more about GLOBAL RELEASE – FREQUENTLY ASKED QUESTIONS, RAINBOW SIX MOBILE (GAME), PATCH NOTES, FEATURES, APPLICATION & ACCOUNTS, REPORTS & BANS, GAMEPLAY, OPTIONS AND SETTINGS, PAYMENTS & PURCHASES, CODE OF CONDUCT, PRIVACY, Hotfixes. This website uses only the necessary cookies required for the site's proper functioning. By using the website, you consent to all cookies","2026-05-31T03:19:33.989Z"
"gaming","com.ubisoft.rainbowsixmobile.r6.fps.pvp.shooter","Rainbow Six Mobile","Ubisoft Nova","yes","$0.69 - $179.99 per item","10000000","https://ubisoft-mobile.helpshift.com","https://ubisoft-mobile.helpshift.com","https://ubisoft-mobile.helpshift.com/hc/en/","200","ok","Ubisoft Mobile Technical Support and Help Center","no_pricing_signal","","0","low","Ubisoft Mobile Technical Support and Help Center Welcome to the Ubisoft Mobile support page. How can we help you? We have ready answers for many common questions about Ubisoft Mobile Main. This website uses only the necessary cookies required for the site's proper functioning. By using the website, you consent to all cookies in accordance with the cookie policy. To know more, refer Cookie Policy. Ubisoft Mobile Support Hi, how can we help you? Popular articles How do I contact Support for my gam","2026-05-31T03:19:35.037Z"
"gaming","com.ubisoft.rainbowsixmobile.r6.fps.pvp.shooter","Rainbow Six Mobile","Ubisoft Nova","yes","$0.69 - $179.99 per item","10000000","https://ubisoft-mobile.helpshift.com","https://ubisoft-mobile.helpshift.com/pricing","https://ubisoft-mobile.helpshift.com/login/?next=%2Fpricing%2F","200","ok","Helpshift","pricing_page","","0","medium","Helpshift Ubisoft Mobile Log in to your account Azure Active Directory Helpshift Privacy Policy","2026-05-31T03:19:36.022Z"
"gaming","com.ubisoft.rainbowsixmobile.r6.fps.pvp.shooter","Rainbow Six Mobile","Ubisoft Nova","yes","$0.69 - $179.99 per item","10000000","https://ubisoft-mobile.helpshift.com","https://ubisoft-mobile.helpshift.com/plans","https://ubisoft-mobile.helpshift.com/login/?next=%2Fplans%2F","200","ok","Helpshift","pricing_page","","0","medium","Helpshift Ubisoft Mobile Log in to your account Azure Active Directory Helpshift Privacy Policy","2026-05-31T03:19:37.044Z"
"gaming","com.ubisoft.rainbowsixmobile.r6.fps.pvp.shooter","Rainbow Six Mobile","Ubisoft Nova","yes","$0.69 - $179.99 per item","10000000","https://ubisoft-mobile.helpshift.com","https://ubisoft-mobile.helpshift.com/premium","https://ubisoft-mobile.helpshift.com/login/?next=%2Fpremium%2F","200","ok","Helpshift","pricing_page","","0","medium","Helpshift Ubisoft Mobile Log in to your account Azure Active Directory Helpshift Privacy Policy","2026-05-31T03:19:38.068Z"
"gaming","com.ubisoft.rainbowsixmobile.r6.fps.pvp.shooter","Rainbow Six Mobile","Ubisoft Nova","yes","$0.69 - $179.99 per item","10000000","https://ubisoft-mobile.helpshift.com","https://ubisoft-mobile.helpshift.com/subscribe","https://ubisoft-mobile.helpshift.com/subscribe/","404","error:non_text:","","no_pricing_signal","","0","low","","2026-05-31T03:19:38.783Z"
"gaming","com.ubisoft.rainbowsixmobile.r6.fps.pvp.shooter","Rainbow Six Mobile","Ubisoft Nova","yes","$0.69 - $179.99 per item","10000000","https://ubisoft-mobile.helpshift.com","https://ubisoft-mobile.helpshift.com/subscription","https://ubisoft-mobile.helpshift.com/login/?next=%2Fsubscription%2F","200","ok","Helpshift","pricing_page","","0","medium","Helpshift Ubisoft Mobile Log in to your account Azure Active Directory Helpshift Privacy Policy","2026-05-31T03:19:39.764Z"
"gaming","com.ubisoft.rainbowsixmobile.r6.fps.pvp.shooter","Rainbow Six Mobile","Ubisoft Nova","yes","$0.69 - $179.99 per item","10000000","https://ubisoft-mobile.helpshift.com","https://ubisoft-mobile.helpshift.com/upgrade","https://ubisoft-mobile.helpshift.com/login/?next=%2Fupgrade%2F","200","ok","Helpshift","pricing_page","","0","medium","Helpshift Ubisoft Mobile Log in to your account Azure Active Directory Helpshift Privacy Policy","2026-05-31T03:19:40.696Z"
"gaming","com.ea.gp.maddennfl21mobile","Madden NFL 26 Mobile Football","ELECTRONIC ARTS","yes","$0.29 - $99.99 per item","10000000","https://help.ea.com","https://help.ea.com/en/help-top-issues","https://help.ea.com/en/help-top-issues","","error:This operation was aborted","","no_pricing_signal","","0","low","","2026-05-31T03:19:49.781Z"
"gaming","com.ea.gp.maddennfl21mobile","Madden NFL 26 Mobile Football","ELECTRONIC ARTS","yes","$0.29 - $99.99 per item","10000000","https://help.ea.com","https://help.ea.com","https://help.ea.com","","error:This operation was aborted","","no_pricing_signal","","0","low","","2026-05-31T03:19:58.865Z"
"gaming","com.ea.gp.maddennfl21mobile","Madden NFL 26 Mobile Football","ELECTRONIC ARTS","yes","$0.29 - $99.99 per item","10000000","https://help.ea.com","https://help.ea.com/pricing","https://help.ea.com/pricing","","error:This operation was aborted","","no_pricing_signal","","0","low","","2026-05-31T03:20:07.948Z"
"gaming","com.ea.gp.maddennfl21mobile","Madden NFL 26 Mobile Football","ELECTRONIC ARTS","yes","$0.29 - $99.99 per item","10000000","https://help.ea.com","https://help.ea.com/plans","https://help.ea.com/plans","","error:This operation was aborted","","no_pricing_signal","","0","low","","2026-05-31T03:20:17.032Z"
"gaming","com.ea.gp.maddennfl21mobile","Madden NFL 26 Mobile Football","ELECTRONIC ARTS","yes","$0.29 - $99.99 per item","10000000","https://help.ea.com","https://help.ea.com/premium","https://help.ea.com/premium","","error:This operation was aborted","","no_pricing_signal","","0","low","","2026-05-31T03:20:26.117Z"
"gaming","com.ea.gp.maddennfl21mobile","Madden NFL 26 Mobile Football","ELECTRONIC ARTS","yes","$0.29 - $99.99 per item","10000000","https://help.ea.com","https://help.ea.com/subscribe","https://help.ea.com/subscribe","","error:This operation was aborted","","no_pricing_signal","","0","low","","2026-05-31T03:20:35.202Z"
"gaming","com.ea.gp.maddennfl21mobile","Madden NFL 26 Mobile Football","ELECTRONIC ARTS","yes","$0.29 - $99.99 per item","10000000","https://help.ea.com","https://help.ea.com/subscription","https://help.ea.com/subscription","","error:This operation was aborted","","no_pricing_signal","","0","low","","2026-05-31T03:20:44.285Z"
"gaming","com.ea.gp.maddennfl21mobile","Madden NFL 26 Mobile Football","ELECTRONIC ARTS","yes","$0.29 - $99.99 per item","10000000","https://help.ea.com","https://help.ea.com/upgrade","https://help.ea.com/upgrade","","error:This operation was aborted","","no_pricing_signal","","0","low","","2026-05-31T03:20:53.369Z"
"gaming","com.panzerdog.tacticool","Tacticool: PvP Action Shooter","Panzerdog","yes","$0.99 - $99.99 per item","10000000","https://tacticool.game","https://www.tacticool.game/","https://tacticool.game/","200","ok","Tacticool. 5v5 Online Shooter","no_pricing_signal","","0","low","Tacticool. 5v5 Online Shooter Online battles. Real physics. Real fun. Get in action right now! SHOPMARKETMGLAUNCHERCommunityDISCORDCOMMUNITY CODESUPPORTPLAY NOWINTENSE 5v5 SHOOTERONLINE BATTLES. REAL PHYSICSREAL FUNPLAY FOR FREELATEST UPDATESTacticool — patch notes 2.13.1018.05.2026UpdatesTacticool — patch notes 2.13.027.04.2026UpdatesTacticool — patch notes 2.12.1013.04.2026UpdatesTacticool — patch notes 2.12.031.03.2026UpdatesSEE ALLGet in action now. Victories await!DOWNLOAD TACTICOOLJOIN US","2026-05-31T03:20:56.415Z"
"gaming","com.panzerdog.tacticool","Tacticool: PvP Action Shooter","Panzerdog","yes","$0.99 - $99.99 per item","10000000","https://tacticool.game","https://www.tacticool.game","https://tacticool.game/","200","ok","Tacticool. 5v5 Online Shooter","no_pricing_signal","","0","low","Tacticool. 5v5 Online Shooter Online battles. Real physics. Real fun. Get in action right now! SHOPMARKETMGLAUNCHERCommunityDISCORDCOMMUNITY CODESUPPORTPLAY NOWINTENSE 5v5 SHOOTERONLINE BATTLES. REAL PHYSICSREAL FUNPLAY FOR FREELATEST UPDATESTacticool — patch notes 2.13.1018.05.2026UpdatesTacticool — patch notes 2.13.027.04.2026UpdatesTacticool — patch notes 2.12.1013.04.2026UpdatesTacticool — patch notes 2.12.031.03.2026UpdatesSEE ALLGet in action now. Victories await!DOWNLOAD TACTICOOLJOIN US","2026-05-31T03:20:57.129Z"
"gaming","com.panzerdog.tacticool","Tacticool: PvP Action Shooter","Panzerdog","yes","$0.99 - $99.99 per item","10000000","https://tacticool.game","https://www.tacticool.game/pricing","https://tacticool.game/pricing","404","error:non_text:application/json","","no_pricing_signal","","0","low","","2026-05-31T03:20:57.834Z"
"gaming","com.panzerdog.tacticool","Tacticool: PvP Action Shooter","Panzerdog","yes","$0.99 - $99.99 per item","10000000","https://tacticool.game","https://www.tacticool.game/plans","https://tacticool.game/plans","404","error:non_text:application/json","","no_pricing_signal","","0","low","","2026-05-31T03:20:58.438Z"
"gaming","com.panzerdog.tacticool","Tacticool: PvP Action Shooter","Panzerdog","yes","$0.99 - $99.99 per item","10000000","https://tacticool.game","https://www.tacticool.game/premium","https://tacticool.game/premium","404","error:non_text:application/json","","no_pricing_signal","","0","low","","2026-05-31T03:20:59.063Z"
"gaming","com.panzerdog.tacticool","Tacticool: PvP Action Shooter","Panzerdog","yes","$0.99 - $99.99 per item","10000000","https://tacticool.game","https://www.tacticool.game/subscribe","https://tacticool.game/subscribe","404","error:non_text:application/json","","no_pricing_signal","","0","low","","2026-05-31T03:20:59.691Z"
"gaming","com.panzerdog.tacticool","Tacticool: PvP Action Shooter","Panzerdog","yes","$0.99 - $99.99 per item","10000000","https://tacticool.game","https://www.tacticool.game/subscription","https://tacticool.game/subscription","404","error:non_text:application/json","","no_pricing_signal","","0","low","","2026-05-31T03:21:00.408Z"
"gaming","com.panzerdog.tacticool","Tacticool: PvP Action Shooter","Panzerdog","yes","$0.99 - $99.99 per item","10000000","https://tacticool.game","https://www.tacticool.game/upgrade","https://tacticool.game/upgrade","404","error:non_text:application/json","","no_pricing_signal","","0","low","","2026-05-31T03:21:01.075Z"
"gaming","com.tgc.sky.android","Sky: Children of the Light","thatgamecompany inc","yes","$0.99 - $49.99 per item","10000000","http://thatskygame.com","http://thatskygame.com/","https://www.thatskygame.com/","200","ok","Home - That Sky Game","no_pricing_signal","","0","low","Home - That Sky Game MENU Your browser does not support the video tag. Play Video Explore an Open-World Sky: Children of the Light is a peaceful, award-winning MMO from the creators of Journey. Explore a beautifully-animated kingdom across seven realms and create enriching memories with other players in this delightful puzzle-adventure game. Sky News Days of Color 2026 May 29, 2026 This Month in Sky: May 2026 Edition May 4, 2026 This Month in Sky: April 2026 Edition April 1, 2026 Sunshine Blosso","2026-05-31T03:21:01.679Z"
"gaming","com.tgc.sky.android","Sky: Children of the Light","thatgamecompany inc","yes","$0.99 - $49.99 per item","10000000","http://thatskygame.com","http://thatskygame.com","https://www.thatskygame.com/","200","ok","Home - That Sky Game","no_pricing_signal","","0","low","Home - That Sky Game MENU Your browser does not support the video tag. Play Video Explore an Open-World Sky: Children of the Light is a peaceful, award-winning MMO from the creators of Journey. Explore a beautifully-animated kingdom across seven realms and create enriching memories with other players in this delightful puzzle-adventure game. Sky News Days of Color 2026 May 29, 2026 This Month in Sky: May 2026 Edition May 4, 2026 This Month in Sky: April 2026 Edition April 1, 2026 Sunshine Blosso","2026-05-31T03:21:01.942Z"
"gaming","com.tgc.sky.android","Sky: Children of the Light","thatgamecompany inc","yes","$0.99 - $49.99 per item","10000000","http://thatskygame.com","http://thatskygame.com/pricing","https://www.thatskygame.com/pricing","404","error:http_404","ThatSkyGame","no_pricing_signal","","0","low","ThatSkyGame Loading...","2026-05-31T03:21:02.445Z"
"gaming","com.tgc.sky.android","Sky: Children of the Light","thatgamecompany inc","yes","$0.99 - $49.99 per item","10000000","http://thatskygame.com","http://thatskygame.com/plans","https://www.thatskygame.com/plans","404","error:http_404","ThatSkyGame","no_pricing_signal","","0","low","ThatSkyGame Loading...","2026-05-31T03:21:02.904Z"
"gaming","com.tgc.sky.android","Sky: Children of the Light","thatgamecompany inc","yes","$0.99 - $49.99 per item","10000000","http://thatskygame.com","http://thatskygame.com/premium","https://www.thatskygame.com/premium","404","error:http_404","ThatSkyGame","no_pricing_signal","","0","low","ThatSkyGame Loading...","2026-05-31T03:21:03.355Z"
"gaming","com.tgc.sky.android","Sky: Children of the Light","thatgamecompany inc","yes","$0.99 - $49.99 per item","10000000","http://thatskygame.com","http://thatskygame.com/subscribe","https://www.thatskygame.com/subscribe","404","error:http_404","ThatSkyGame","no_pricing_signal","","0","low","ThatSkyGame Loading...","2026-05-31T03:21:03.829Z"
"gaming","com.tgc.sky.android","Sky: Children of the Light","thatgamecompany inc","yes","$0.99 - $49.99 per item","10000000","http://thatskygame.com","http://thatskygame.com/subscription","https://www.thatskygame.com/subscription","404","error:http_404","ThatSkyGame","no_pricing_signal","","0","low","ThatSkyGame Loading...","2026-05-31T03:21:04.392Z"
"gaming","com.tgc.sky.android","Sky: Children of the Light","thatgamecompany inc","yes","$0.99 - $49.99 per item","10000000","http://thatskygame.com","http://thatskygame.com/upgrade","https://www.thatskygame.com/upgrade","404","error:http_404","ThatSkyGame","no_pricing_signal","","0","low","ThatSkyGame Loading...","2026-05-31T03:21:04.911Z"
"gaming","com.geargames.aow","Art of War 3:RTS strategy game","Gear Games Global","yes","$0.99 - $399.99 per item","10000000","https://geargames.org","https://geargames.org/","https://geargames.org/","","error:fetch failed","","no_pricing_signal","","0","low","","2026-05-31T03:21:05.247Z"
"gaming","com.geargames.aow","Art of War 3:RTS strategy game","Gear Games Global","yes","$0.99 - $399.99 per item","10000000","https://geargames.org","https://geargames.org","https://geargames.org","","error:fetch failed","","no_pricing_signal","","0","low","","2026-05-31T03:21:05.586Z"
"gaming","com.geargames.aow","Art of War 3:RTS strategy game","Gear Games Global","yes","$0.99 - $399.99 per item","10000000","https://geargames.org","https://geargames.org/pricing","https://geargames.org/pricing","","error:fetch failed","","no_pricing_signal","","0","low","","2026-05-31T03:21:05.924Z"
"gaming","com.geargames.aow","Art of War 3:RTS strategy game","Gear Games Global","yes","$0.99 - $399.99 per item","10000000","https://geargames.org","https://geargames.org/plans","https://geargames.org/plans","","error:fetch failed","","no_pricing_signal","","0","low","","2026-05-31T03:21:06.262Z"
"gaming","com.geargames.aow","Art of War 3:RTS strategy game","Gear Games Global","yes","$0.99 - $399.99 per item","10000000","https://geargames.org","https://geargames.org/premium","https://geargames.org/premium","","error:fetch failed","","no_pricing_signal","","0","low","","2026-05-31T03:21:06.600Z"
"gaming","com.geargames.aow","Art of War 3:RTS strategy game","Gear Games Global","yes","$0.99 - $399.99 per item","10000000","https://geargames.org","https://geargames.org/subscribe","https://geargames.org/subscribe","","error:fetch failed","","no_pricing_signal","","0","low","","2026-05-31T03:21:06.936Z"
"gaming","com.geargames.aow","Art of War 3:RTS strategy game","Gear Games Global","yes","$0.99 - $399.99 per item","10000000","https://geargames.org","https://geargames.org/subscription","https://geargames.org/subscription","","error:fetch failed","","no_pricing_signal","","0","low","","2026-05-31T03:21:07.274Z"
"gaming","com.geargames.aow","Art of War 3:RTS strategy game","Gear Games Global","yes","$0.99 - $399.99 per item","10000000","https://geargames.org","https://geargames.org/upgrade","https://geargames.org/upgrade","","error:fetch failed","","no_pricing_signal","","0","low","","2026-05-31T03:21:07.608Z"
"gaming","com.reliancegames.wwemayhem","WWE Mayhem","Reliance Games","yes","$0.49 - $399.99 per item","10000000","https://reliancegames.com","https://www.reliancegames.com/","https://www.reliancegames.com/","200","ok","Reliancegames.com | Games","paywall_language|app_store_redirect","","0","medium","Reliancegames.com | Games Reliancegames.com | Games CLose Menu Home About Games Publishing QA Testing Live Operations Team Partners News Careers X ""By browsing this site, you are consenting to the use of cookies for optimum site performance, best user experience & services offerings. Please click here to find more."" RelianceGames Retina Ready Athletica is perfectly adapted to various screen sizes, and its Attractive fresh design makes it look great. Explore Home About Games Publishing QA Testing","2026-05-31T03:21:08.843Z"
"gaming","com.reliancegames.wwemayhem","WWE Mayhem","Reliance Games","yes","$0.49 - $399.99 per item","10000000","https://reliancegames.com","https://www.reliancegames.com","https://www.reliancegames.com/","200","ok","Reliancegames.com | Games","paywall_language|app_store_redirect","","0","medium","Reliancegames.com | Games Reliancegames.com | Games CLose Menu Home About Games Publishing QA Testing Live Operations Team Partners News Careers X ""By browsing this site, you are consenting to the use of cookies for optimum site performance, best user experience & services offerings. Please click here to find more."" RelianceGames Retina Ready Athletica is perfectly adapted to various screen sizes, and its Attractive fresh design makes it look great. Explore Home About Games Publishing QA Testing","2026-05-31T03:21:10.960Z"
"gaming","com.reliancegames.wwemayhem","WWE Mayhem","Reliance Games","yes","$0.49 - $399.99 per item","10000000","https://reliancegames.com","https://www.reliancegames.com/pricing","https://www.reliancegames.com/pricing","404","error:http_404","404 Not Found","no_pricing_signal","","0","low","404 Not Found Not Found The requested URL was not found on this server. Apache/2.4.53 (Ubuntu) Server at www.reliancegames.com Port 80","2026-05-31T03:21:11.312Z"
"gaming","com.reliancegames.wwemayhem","WWE Mayhem","Reliance Games","yes","$0.49 - $399.99 per item","10000000","https://reliancegames.com","https://www.reliancegames.com/plans","https://www.reliancegames.com/plans","404","error:http_404","404 Not Found","no_pricing_signal","","0","low","404 Not Found Not Found The requested URL was not found on this server. Apache/2.4.53 (Ubuntu) Server at www.reliancegames.com Port 80","2026-05-31T03:21:11.663Z"
"gaming","com.reliancegames.wwemayhem","WWE Mayhem","Reliance Games","yes","$0.49 - $399.99 per item","10000000","https://reliancegames.com","https://www.reliancegames.com/premium","https://www.reliancegames.com/premium","404","error:http_404","404 Not Found","no_pricing_signal","","0","low","404 Not Found Not Found The requested URL was not found on this server. Apache/2.4.53 (Ubuntu) Server at www.reliancegames.com Port 80","2026-05-31T03:21:12.015Z"
"gaming","com.reliancegames.wwemayhem","WWE Mayhem","Reliance Games","yes","$0.49 - $399.99 per item","10000000","https://reliancegames.com","https://www.reliancegames.com/subscribe","https://www.reliancegames.com/subscribe","404","error:http_404","404 Not Found","no_pricing_signal","","0","low","404 Not Found Not Found The requested URL was not found on this server. Apache/2.4.53 (Ubuntu) Server at www.reliancegames.com Port 80","2026-05-31T03:21:12.367Z"
"gaming","com.reliancegames.wwemayhem","WWE Mayhem","Reliance Games","yes","$0.49 - $399.99 per item","10000000","https://reliancegames.com","https://www.reliancegames.com/subscription","https://www.reliancegames.com/subscription","404","error:http_404","404 Not Found","no_pricing_signal","","0","low","404 Not Found Not Found The requested URL was not found on this server. Apache/2.4.53 (Ubuntu) Server at www.reliancegames.com Port 80","2026-05-31T03:21:12.783Z"
"gaming","com.reliancegames.wwemayhem","WWE Mayhem","Reliance Games","yes","$0.49 - $399.99 per item","10000000","https://reliancegames.com","https://www.reliancegames.com/upgrade","https://www.reliancegames.com/upgrade","404","error:http_404","404 Not Found","no_pricing_signal","","0","low","404 Not Found Not Found The requested URL was not found on this server. Apache/2.4.53 (Ubuntu) Server at www.reliancegames.com Port 80","2026-05-31T03:21:13.193Z"
"gaming","com.herogames.gplay.crisisactionsa","Crisis Action: 7th Anniversary","HK Hero Entertainment Co., Limited","yes","$0.99 - $99.99 per item","10000000","https://herogame.com","https://herogame.com/","https://herogame.com/","200","ok","HERO GAMES","no_pricing_signal","","0","low","HERO GAMES GAMES SHOP HEROPUB HELP ABOUT Company News Contact Careers Our Story Terms of Service Privacy Policy Company News Game News Player Support Business Press Explore Vacancies JOIN US | CONTACT US | PRIVACY POLICY ©2015 - 2024 . ALL RIGHTS RESERVED","2026-05-31T03:21:13.593Z"
"gaming","com.herogames.gplay.crisisactionsa","Crisis Action: 7th Anniversary","HK Hero Entertainment Co., Limited","yes","$0.99 - $99.99 per item","10000000","https://herogame.com","https://herogame.com","https://herogame.com/","200","ok","HERO GAMES","no_pricing_signal","","0","low","HERO GAMES GAMES SHOP HEROPUB HELP ABOUT Company News Contact Careers Our Story Terms of Service Privacy Policy Company News Game News Player Support Business Press Explore Vacancies JOIN US | CONTACT US | PRIVACY POLICY ©2015 - 2024 . ALL RIGHTS RESERVED","2026-05-31T03:21:13.762Z"
"gaming","com.herogames.gplay.crisisactionsa","Crisis Action: 7th Anniversary","HK Hero Entertainment Co., Limited","yes","$0.99 - $99.99 per item","10000000","https://herogame.com","https://herogame.com/pricing","https://herogame.com/pricing","404","error:http_404","404","no_pricing_signal","","0","low","404 back","2026-05-31T03:21:13.996Z"
"gaming","com.herogames.gplay.crisisactionsa","Crisis Action: 7th Anniversary","HK Hero Entertainment Co., Limited","yes","$0.99 - $99.99 per item","10000000","https://herogame.com","https://herogame.com/plans","https://herogame.com/plans","404","error:http_404","404","no_pricing_signal","","0","low","404 back","2026-05-31T03:21:14.222Z"
"gaming","com.herogames.gplay.crisisactionsa","Crisis Action: 7th Anniversary","HK Hero Entertainment Co., Limited","yes","$0.99 - $99.99 per item","10000000","https://herogame.com","https://herogame.com/premium","https://herogame.com/premium","404","error:http_404","404","no_pricing_signal","","0","low","404 back","2026-05-31T03:21:14.452Z"
"gaming","com.herogames.gplay.crisisactionsa","Crisis Action: 7th Anniversary","HK Hero Entertainment Co., Limited","yes","$0.99 - $99.99 per item","10000000","https://herogame.com","https://herogame.com/subscribe","https://herogame.com/subscribe","404","error:http_404","404","no_pricing_signal","","0","low","404 back","2026-05-31T03:21:14.676Z"
"gaming","com.herogames.gplay.crisisactionsa","Crisis Action: 7th Anniversary","HK Hero Entertainment Co., Limited","yes","$0.99 - $99.99 per item","10000000","https://herogame.com","https://herogame.com/subscription","https://herogame.com/subscription","404","error:http_404","404","no_pricing_signal","","0","low","404 back","2026-05-31T03:21:14.907Z"
"gaming","com.herogames.gplay.crisisactionsa","Crisis Action: 7th Anniversary","HK Hero Entertainment Co., Limited","yes","$0.99 - $99.99 per item","10000000","https://herogame.com","https://herogame.com/upgrade","https://herogame.com/upgrade","404","error:http_404","404","no_pricing_signal","","0","low","404 back","2026-05-31T03:21:15.133Z"
"gaming","com.madfingergames.legends","Shadowgun Legends: Online FPS","Deca_Games","yes","$1.99 - $99.99 per item","10000000","https://decagames.com","https://decagames.com/","https://decagames.com/","200","ok","Deca Live Operations GmbH","no_pricing_signal","","0","low","Deca Live Operations GmbH Breathing New Life into Old Games Home About Live Ops Case Study Career Games Contact Support  Breathing New Life into Old Games We believe in the games we take over and reinvigorate them to last for the long haul. Who we are Games as a Service Indie Publisher DECA Games is an indie publisher completely focused on live operations and games as a service We take over and reinvigorate games as they age or when their original developer can no longer support them. Experts O","2026-05-31T03:21:15.338Z"
"gaming","com.madfingergames.legends","Shadowgun Legends: Online FPS","Deca_Games","yes","$1.99 - $99.99 per item","10000000","https://decagames.com","https://decagames.com","https://decagames.com/","200","ok","Deca Live Operations GmbH","no_pricing_signal","","0","low","Deca Live Operations GmbH Breathing New Life into Old Games Home About Live Ops Case Study Career Games Contact Support  Breathing New Life into Old Games We believe in the games we take over and reinvigorate them to last for the long haul. Who we are Games as a Service Indie Publisher DECA Games is an indie publisher completely focused on live operations and games as a service We take over and reinvigorate games as they age or when their original developer can no longer support them. Experts O","2026-05-31T03:21:15.455Z"
"gaming","com.madfingergames.legends","Shadowgun Legends: Online FPS","Deca_Games","yes","$1.99 - $99.99 per item","10000000","https://decagames.com","https://decagames.com/pricing","https://decagames.com/pricing/","404","error:http_404","Deca Live Operations GmbH","no_pricing_signal","","0","low","Deca Live Operations GmbH Breathing New Life into Old Games Home About Live Ops Case Study Career Games Contact Support  Breathing New Life into Old Games We believe in the games we take over and reinvigorate them to last for the long haul. Who we are Games as a Service Indie Publisher DECA Games is an indie publisher completely focused on live operations and games as a service We take over and reinvigorate games as they age or when their original developer can no longer support them. Experts O","2026-05-31T03:21:16.380Z"
"gaming","com.madfingergames.legends","Shadowgun Legends: Online FPS","Deca_Games","yes","$1.99 - $99.99 per item","10000000","https://decagames.com","https://decagames.com/plans","https://decagames.com/plans/","404","error:http_404","Deca Live Operations GmbH","no_pricing_signal","","0","low","Deca Live Operations GmbH Breathing New Life into Old Games Home About Live Ops Case Study Career Games Contact Support  Breathing New Life into Old Games We believe in the games we take over and reinvigorate them to last for the long haul. Who we are Games as a Service Indie Publisher DECA Games is an indie publisher completely focused on live operations and games as a service We take over and reinvigorate games as they age or when their original developer can no longer support them. Experts O","2026-05-31T03:21:17.219Z"
"gaming","com.madfingergames.legends","Shadowgun Legends: Online FPS","Deca_Games","yes","$1.99 - $99.99 per item","10000000","https://decagames.com","https://decagames.com/premium","https://decagames.com/premium/","404","error:http_404","Deca Live Operations GmbH","no_pricing_signal","","0","low","Deca Live Operations GmbH Breathing New Life into Old Games Home About Live Ops Case Study Career Games Contact Support  Breathing New Life into Old Games We believe in the games we take over and reinvigorate them to last for the long haul. Who we are Games as a Service Indie Publisher DECA Games is an indie publisher completely focused on live operations and games as a service We take over and reinvigorate games as they age or when their original developer can no longer support them. Experts O","2026-05-31T03:21:18.018Z"
"gaming","com.madfingergames.legends","Shadowgun Legends: Online FPS","Deca_Games","yes","$1.99 - $99.99 per item","10000000","https://decagames.com","https://decagames.com/subscribe","https://decagames.com/subscribe/","404","error:http_404","Deca Live Operations GmbH","no_pricing_signal","","0","low","Deca Live Operations GmbH Breathing New Life into Old Games Home About Live Ops Case Study Career Games Contact Support  Breathing New Life into Old Games We believe in the games we take over and reinvigorate them to last for the long haul. Who we are Games as a Service Indie Publisher DECA Games is an indie publisher completely focused on live operations and games as a service We take over and reinvigorate games as they age or when their original developer can no longer support them. Experts O","2026-05-31T03:21:18.855Z"
"gaming","com.madfingergames.legends","Shadowgun Legends: Online FPS","Deca_Games","yes","$1.99 - $99.99 per item","10000000","https://decagames.com","https://decagames.com/subscription","https://decagames.com/subscription/","404","error:http_404","Deca Live Operations GmbH","no_pricing_signal","","0","low","Deca Live Operations GmbH Breathing New Life into Old Games Home About Live Ops Case Study Career Games Contact Support  Breathing New Life into Old Games We believe in the games we take over and reinvigorate them to last for the long haul. Who we are Games as a Service Indie Publisher DECA Games is an indie publisher completely focused on live operations and games as a service We take over and reinvigorate games as they age or when their original developer can no longer support them. Experts O","2026-05-31T03:21:19.653Z"
"gaming","com.madfingergames.legends","Shadowgun Legends: Online FPS","Deca_Games","yes","$1.99 - $99.99 per item","10000000","https://decagames.com","https://decagames.com/upgrade","https://decagames.com/upgrade/","404","error:http_404","Deca Live Operations GmbH","no_pricing_signal","","0","low","Deca Live Operations GmbH Breathing New Life into Old Games Home About Live Ops Case Study Career Games Contact Support  Breathing New Life into Old Games We believe in the games we take over and reinvigorate them to last for the long haul. Who we are Games as a Service Indie Publisher DECA Games is an indie publisher completely focused on live operations and games as a service We take over and reinvigorate games as they age or when their original developer can no longer support them. Experts O","2026-05-31T03:21:20.577Z"
"gaming","com.halfbrick.fruitninjax","Fruit Ninja 2 Fun Action Games","Halfbrick Studios","yes","$0.99 - $99.99 per item","10000000","http://halfbrick.com","http://www.halfbrick.com/","https://www.halfbrick.com/","200","ok","Halfbrick","no_pricing_signal","","0","low","Halfbrick Creators of Fruit Ninja and Jetpack Joyride and more mobile mega hits! Halfbrick+GamesGamesAboutBlogCareersSupportContactShopVisit shop See our full list of gamesFruit Ninja 2Dan The ManJetpack Joyride 2Monster DashWelcome to HalfbrickLatest releaseDiscover Halfbrick+Scroll to explore ABOUT USWe make games that people look back on with nostalgia!Learn moreLearn moreFEATURED GAMESSome of our games.NewFruit Ninja 2Slice & DiceJetpack JoyrideActionViewDan The ManActionFruit NinjaSlice & D","2026-05-31T03:21:20.987Z"
"gaming","com.halfbrick.fruitninjax","Fruit Ninja 2 Fun Action Games","Halfbrick Studios","yes","$0.99 - $99.99 per item","10000000","http://halfbrick.com","http://www.halfbrick.com","https://www.halfbrick.com/","200","ok","Halfbrick","no_pricing_signal","","0","low","Halfbrick Creators of Fruit Ninja and Jetpack Joyride and more mobile mega hits! Halfbrick+GamesGamesAboutBlogCareersSupportContactShopVisit shop See our full list of gamesFruit Ninja 2Dan The ManJetpack Joyride 2Monster DashWelcome to HalfbrickLatest releaseDiscover Halfbrick+Scroll to explore ABOUT USWe make games that people look back on with nostalgia!Learn moreLearn moreFEATURED GAMESSome of our games.NewFruit Ninja 2Slice & DiceJetpack JoyrideActionViewDan The ManActionFruit NinjaSlice & D","2026-05-31T03:21:21.177Z"
"gaming","com.halfbrick.fruitninjax","Fruit Ninja 2 Fun Action Games","Halfbrick Studios","yes","$0.99 - $99.99 per item","10000000","http://halfbrick.com","http://www.halfbrick.com/pricing","https://www.halfbrick.com/pricing","404","error:http_404","Not Found","no_pricing_signal","","0","low","Not Found Halfbrick+GamesGamesAboutBlogCareersSupportContactShopVisit shopOops, Sensei couldn't find this page!Return homeReturn homeStudioAbout CareersShopBlogNewsContactGamesFruit Ninja 2®Fruit Ninja®Jetpack JoyrideDan the ManAll gamesSupportGame supportHouse rulesPrivacy PolicyTerms of ServicePO Box 172Red Hill Q 4059© 2023 All Rights ReservedTerms of ServicePrivacy PolicyHouse rules","2026-05-31T03:21:21.348Z"
"gaming","com.halfbrick.fruitninjax","Fruit Ninja 2 Fun Action Games","Halfbrick Studios","yes","$0.99 - $99.99 per item","10000000","http://halfbrick.com","http://www.halfbrick.com/plans","https://www.halfbrick.com/plans","404","error:http_404","Not Found","no_pricing_signal","","0","low","Not Found Halfbrick+GamesGamesAboutBlogCareersSupportContactShopVisit shopOops, Sensei couldn't find this page!Return homeReturn homeStudioAbout CareersShopBlogNewsContactGamesFruit Ninja 2®Fruit Ninja®Jetpack JoyrideDan the ManAll gamesSupportGame supportHouse rulesPrivacy PolicyTerms of ServicePO Box 172Red Hill Q 4059© 2023 All Rights ReservedTerms of ServicePrivacy PolicyHouse rules","2026-05-31T03:21:21.511Z"
"gaming","com.halfbrick.fruitninjax","Fruit Ninja 2 Fun Action Games","Halfbrick Studios","yes","$0.99 - $99.99 per item","10000000","http://halfbrick.com","http://www.halfbrick.com/premium","https://www.halfbrick.com/premium","404","error:http_404","Not Found","no_pricing_signal","","0","low","Not Found Halfbrick+GamesGamesAboutBlogCareersSupportContactShopVisit shopOops, Sensei couldn't find this page!Return homeReturn homeStudioAbout CareersShopBlogNewsContactGamesFruit Ninja 2®Fruit Ninja®Jetpack JoyrideDan the ManAll gamesSupportGame supportHouse rulesPrivacy PolicyTerms of ServicePO Box 172Red Hill Q 4059© 2023 All Rights ReservedTerms of ServicePrivacy PolicyHouse rules","2026-05-31T03:21:21.693Z"
"gaming","com.halfbrick.fruitninjax","Fruit Ninja 2 Fun Action Games","Halfbrick Studios","yes","$0.99 - $99.99 per item","10000000","http://halfbrick.com","http://www.halfbrick.com/subscribe","https://www.halfbrick.com/subscribe","404","error:http_404","Not Found","no_pricing_signal","","0","low","Not Found Halfbrick+GamesGamesAboutBlogCareersSupportContactShopVisit shopOops, Sensei couldn't find this page!Return homeReturn homeStudioAbout CareersShopBlogNewsContactGamesFruit Ninja 2®Fruit Ninja®Jetpack JoyrideDan the ManAll gamesSupportGame supportHouse rulesPrivacy PolicyTerms of ServicePO Box 172Red Hill Q 4059© 2023 All Rights ReservedTerms of ServicePrivacy PolicyHouse rules","2026-05-31T03:21:21.866Z"
"gaming","com.halfbrick.fruitninjax","Fruit Ninja 2 Fun Action Games","Halfbrick Studios","yes","$0.99 - $99.99 per item","10000000","http://halfbrick.com","http://www.halfbrick.com/subscription","https://www.halfbrick.com/subscription","404","error:http_404","Not Found","no_pricing_signal","","0","low","Not Found Halfbrick+GamesGamesAboutBlogCareersSupportContactShopVisit shopOops, Sensei couldn't find this page!Return homeReturn homeStudioAbout CareersShopBlogNewsContactGamesFruit Ninja 2®Fruit Ninja®Jetpack JoyrideDan the ManAll gamesSupportGame supportHouse rulesPrivacy PolicyTerms of ServicePO Box 172Red Hill Q 4059© 2023 All Rights ReservedTerms of ServicePrivacy PolicyHouse rules","2026-05-31T03:21:22.041Z"
"gaming","com.halfbrick.fruitninjax","Fruit Ninja 2 Fun Action Games","Halfbrick Studios","yes","$0.99 - $99.99 per item","10000000","http://halfbrick.com","http://www.halfbrick.com/upgrade","https://www.halfbrick.com/upgrade","404","error:http_404","Not Found","no_pricing_signal","","0","low","Not Found Halfbrick+GamesGamesAboutBlogCareersSupportContactShopVisit shopOops, Sensei couldn't find this page!Return homeReturn homeStudioAbout CareersShopBlogNewsContactGamesFruit Ninja 2®Fruit Ninja®Jetpack JoyrideDan the ManAll gamesSupportGame supportHouse rulesPrivacy PolicyTerms of ServicePO Box 172Red Hill Q 4059© 2023 All Rights ReservedTerms of ServicePrivacy PolicyHouse rules","2026-05-31T03:21:22.204Z"
"gaming","com.survival.last","Dawn of Zombies: Survival Game","Royal Ark","yes","$0.99 - $279.99 per item","10000000","https://dozsurvival.com","https://dozsurvival.com/","https://dozsurvival.com/","200","ok","Main","no_pricing_signal","","0","low","Main Главная Об игре Вакансии Магазин Главная Об игре Вакансии Магазин En О компании Royal Ark – молодая международная компания. Мы просто делаем мобильные игры, в которые сами всегда мечтали поиграть. Работаем независимо и по-своему: с заботой об игроках, перфекционизмом и упорным вниманием к деталям. Миллионы наших игроков по всему миру заставляют нас верить, что такой подход правильный. Вакансии Игры Попробуйте выжить в мире радиации, зомби, банд, аномалий и артефактов. Подробнее Вакансии Арт","2026-05-31T03:21:23.022Z"
"gaming","com.survival.last","Dawn of Zombies: Survival Game","Royal Ark","yes","$0.99 - $279.99 per item","10000000","https://dozsurvival.com","https://dozsurvival.com","https://dozsurvival.com/","200","ok","Main","no_pricing_signal","","0","low","Main Главная Об игре Вакансии Магазин Главная Об игре Вакансии Магазин En О компании Royal Ark – молодая международная компания. Мы просто делаем мобильные игры, в которые сами всегда мечтали поиграть. Работаем независимо и по-своему: с заботой об игроках, перфекционизмом и упорным вниманием к деталям. Миллионы наших игроков по всему миру заставляют нас верить, что такой подход правильный. Вакансии Игры Попробуйте выжить в мире радиации, зомби, банд, аномалий и артефактов. Подробнее Вакансии Арт","2026-05-31T03:21:23.440Z"
"gaming","com.survival.last","Dawn of Zombies: Survival Game","Royal Ark","yes","$0.99 - $279.99 per item","10000000","https://dozsurvival.com","https://dozsurvival.com/pricing","https://dozsurvival.com/pricing","404","error:http_404","Страница не найдена","no_pricing_signal","","0","low","Страница не найдена Главная Об игре Вакансии Магазин Главная Об игре Вакансии Магазин En Видимо, никто не выжил... 404 На главную © Royal ARK, 2023 Политика конфиденциальности En Мы используем Cookie файлы, чтобы улучшить сайт для вас Согласен Успешная заявка Ваша заявка принята, в ближайшее время она попадет на рассмотрение к нашим специалистам. Продолжить Произошла ошибка Что-то пошло не так, попробуйте позже. Продолжить Подтвердите действие Подтвердить Отменить Заявка отправлена Благодарим за","2026-05-31T03:21:23.850Z"
"gaming","com.survival.last","Dawn of Zombies: Survival Game","Royal Ark","yes","$0.99 - $279.99 per item","10000000","https://dozsurvival.com","https://dozsurvival.com/plans","https://dozsurvival.com/plans","404","error:http_404","Страница не найдена","no_pricing_signal","","0","low","Страница не найдена Главная Об игре Вакансии Магазин Главная Об игре Вакансии Магазин En Видимо, никто не выжил... 404 На главную © Royal ARK, 2023 Политика конфиденциальности En Мы используем Cookie файлы, чтобы улучшить сайт для вас Согласен Успешная заявка Ваша заявка принята, в ближайшее время она попадет на рассмотрение к нашим специалистам. Продолжить Произошла ошибка Что-то пошло не так, попробуйте позже. Продолжить Подтвердите действие Подтвердить Отменить Заявка отправлена Благодарим за","2026-05-31T03:21:24.180Z"
"gaming","com.survival.last","Dawn of Zombies: Survival Game","Royal Ark","yes","$0.99 - $279.99 per item","10000000","https://dozsurvival.com","https://dozsurvival.com/premium","https://dozsurvival.com/premium","404","error:http_404","Страница не найдена","no_pricing_signal","","0","low","Страница не найдена Главная Об игре Вакансии Магазин Главная Об игре Вакансии Магазин En Видимо, никто не выжил... 404 На главную © Royal ARK, 2023 Политика конфиденциальности En Мы используем Cookie файлы, чтобы улучшить сайт для вас Согласен Успешная заявка Ваша заявка принята, в ближайшее время она попадет на рассмотрение к нашим специалистам. Продолжить Произошла ошибка Что-то пошло не так, попробуйте позже. Продолжить Подтвердите действие Подтвердить Отменить Заявка отправлена Благодарим за","2026-05-31T03:21:24.564Z"
"gaming","com.survival.last","Dawn of Zombies: Survival Game","Royal Ark","yes","$0.99 - $279.99 per item","10000000","https://dozsurvival.com","https://dozsurvival.com/subscribe","https://dozsurvival.com/subscribe","404","error:http_404","Страница не найдена","no_pricing_signal","","0","low","Страница не найдена Главная Об игре Вакансии Магазин Главная Об игре Вакансии Магазин En Видимо, никто не выжил... 404 На главную © Royal ARK, 2023 Политика конфиденциальности En Мы используем Cookie файлы, чтобы улучшить сайт для вас Согласен Успешная заявка Ваша заявка принята, в ближайшее время она попадет на рассмотрение к нашим специалистам. Продолжить Произошла ошибка Что-то пошло не так, попробуйте позже. Продолжить Подтвердите действие Подтвердить Отменить Заявка отправлена Благодарим за","2026-05-31T03:21:24.974Z"
"gaming","com.survival.last","Dawn of Zombies: Survival Game","Royal Ark","yes","$0.99 - $279.99 per item","10000000","https://dozsurvival.com","https://dozsurvival.com/subscription","https://dozsurvival.com/subscription","404","error:http_404","Страница не найдена","no_pricing_signal","","0","low","Страница не найдена Главная Об игре Вакансии Магазин Главная Об игре Вакансии Магазин En Видимо, никто не выжил... 404 На главную © Royal ARK, 2023 Политика конфиденциальности En Мы используем Cookie файлы, чтобы улучшить сайт для вас Согласен Успешная заявка Ваша заявка принята, в ближайшее время она попадет на рассмотрение к нашим специалистам. Продолжить Произошла ошибка Что-то пошло не так, попробуйте позже. Продолжить Подтвердите действие Подтвердить Отменить Заявка отправлена Благодарим за","2026-05-31T03:21:25.384Z"
"gaming","com.survival.last","Dawn of Zombies: Survival Game","Royal Ark","yes","$0.99 - $279.99 per item","10000000","https://dozsurvival.com","https://dozsurvival.com/upgrade","https://dozsurvival.com/upgrade","404","error:http_404","Страница не найдена","no_pricing_signal","","0","low","Страница не найдена Главная Об игре Вакансии Магазин Главная Об игре Вакансии Магазин En Видимо, никто не выжил... 404 На главную © Royal ARK, 2023 Политика конфиденциальности En Мы используем Cookie файлы, чтобы улучшить сайт для вас Согласен Успешная заявка Ваша заявка принята, в ближайшее время она попадет на рассмотрение к нашим специалистам. Продолжить Произошла ошибка Что-то пошло не так, попробуйте позже. Продолжить Подтвердите действие Подтвердить Отменить Заявка отправлена Благодарим за","2026-05-31T03:21:25.793Z"
"gaming","com.blizzard.diablo.immortal","Diablo Immortal","Blizzard Entertainment, Inc.","yes","$0.29 - $199.99 per item","10000000","https://battle.net","https://battle.net/support/help/games/immortal","https://us.support.blizzard.com/en/help/games/immortal","200","ok","Diablo Immortal - Blizzard Support","no_pricing_signal","","0","low","Diablo Immortal - Blizzard Support Support home My tickets Get help Support home My tickets Get help One moment, please. The page is loading.","2026-05-31T03:21:30.243Z"
"gaming","com.blizzard.diablo.immortal","Diablo Immortal","Blizzard Entertainment, Inc.","yes","$0.29 - $199.99 per item","10000000","https://battle.net","https://battle.net","https://us.shop.battle.net/en-us?from=root","200","ok","Home | Battle.net","no_pricing_signal","","0","low","Home | Battle.net Battle.net is your one stop shop into the world of Blizzard and Activision. Buy digital games, in-game items, balance and more for all of your favorite ...","2026-05-31T03:21:32.684Z"
"gaming","com.blizzard.diablo.immortal","Diablo Immortal","Blizzard Entertainment, Inc.","yes","$0.29 - $199.99 per item","10000000","https://battle.net","https://battle.net/pricing","https://us.battle.net/pricing","404","error:http_404","","no_pricing_signal","","0","low","","2026-05-31T03:21:35.210Z"
"gaming","com.blizzard.diablo.immortal","Diablo Immortal","Blizzard Entertainment, Inc.","yes","$0.29 - $199.99 per item","10000000","https://battle.net","https://battle.net/plans","https://us.battle.net/plans","404","error:http_404","","no_pricing_signal","","0","low","","2026-05-31T03:21:35.997Z"
"gaming","com.blizzard.diablo.immortal","Diablo Immortal","Blizzard Entertainment, Inc.","yes","$0.29 - $199.99 per item","10000000","https://battle.net","https://battle.net/premium","https://us.battle.net/premium","404","error:http_404","","no_pricing_signal","","0","low","","2026-05-31T03:21:36.745Z"
"gaming","com.blizzard.diablo.immortal","Diablo Immortal","Blizzard Entertainment, Inc.","yes","$0.29 - $199.99 per item","10000000","https://battle.net","https://battle.net/subscribe","https://us.battle.net/subscribe","404","error:http_404","","no_pricing_signal","","0","low","","2026-05-31T03:21:37.565Z"
"gaming","com.blizzard.diablo.immortal","Diablo Immortal","Blizzard Entertainment, Inc.","yes","$0.29 - $199.99 per item","10000000","https://battle.net","https://battle.net/subscription","https://us.battle.net/subscription","404","error:http_404","","no_pricing_signal","","0","low","","2026-05-31T03:21:38.384Z"
"gaming","com.blizzard.diablo.immortal","Diablo Immortal","Blizzard Entertainment, Inc.","yes","$0.29 - $199.99 per item","10000000","https://battle.net","https://battle.net/upgrade","https://us.battle.net/upgrade","404","error:http_404","","no_pricing_signal","","0","low","","2026-05-31T03:21:39.307Z"
"astrology_esoterics","info.androidz.horoscope","Daily Horoscope","Horoscope by Comitic","yes","$0.99 - $24.99 per item","10000000","http://comitic.com","http://comitic.com/dailyhoroscope","http://comitic.com/dailyhoroscope","200","ok","Comitic - Daily Horoscope","no_pricing_signal","","0","low","Comitic - Daily Horoscope Comitic Inc. - Daily Horoscope, Fortune Cookie Daily mobile apps creators Home Apps Daily Horoscope Daily Fortune Cookie About Advertisers Contact Daily Horoscope Daily Horoscope is the leading horoscope app for smart phones. Download it for your smart phone now! Android APKs: • Latest APK (recommended) • API 16 and older • API 8 and older Horoscope App FAQ Independent Reviews FreeAppsForMe About Comitic Inc. is a dedicated developer of leading mobile apps for Smartphon","2026-05-31T03:21:40.392Z"
"astrology_esoterics","info.androidz.horoscope","Daily Horoscope","Horoscope by Comitic","yes","$0.99 - $24.99 per item","10000000","http://comitic.com","http://comitic.com","http://comitic.com/","200","ok","Comitic - Home","no_pricing_signal","","0","low","Comitic - Home Comitic Inc. - Daily Horoscope, Fortune Cookie Daily mobile apps creators Home Apps Daily Horoscope Daily Fortune Cookie About Advertisers Contact We design and build Immersive and innovative Mobile Apps Our Apps and Projects Daily Horoscope Daily Horoscope is the leading horoscope app for smart phones. Download it for your smart phone now! Daily Fortune Cookie Daily Fortune is a fun little app to play the fortune cookie game - crack fortune cookie every day and find out your fort","2026-05-31T03:21:41.047Z"
"astrology_esoterics","info.androidz.horoscope","Daily Horoscope","Horoscope by Comitic","yes","$0.99 - $24.99 per item","10000000","http://comitic.com","http://comitic.com/pricing","http://comitic.com/pricing","404","error:http_404","Comitic - Error","no_pricing_signal","","0","low","Comitic - Error Comitic Inc. - Daily Horoscope, Fortune Cookie Daily mobile apps creators Home Apps Daily Horoscope Daily Fortune Cookie About Advertisers Contact Error 404 About Comitic Inc. is a dedicated developer of leading mobile apps for Smartphones. Check out our apps Contact Us Email:contact@comitic.com © 2013-2026 Comitic Inc.. All Rights Reserved. Privacy Policy | Licence Agreement","2026-05-31T03:21:42.814Z"
"astrology_esoterics","info.androidz.horoscope","Daily Horoscope","Horoscope by Comitic","yes","$0.99 - $24.99 per item","10000000","http://comitic.com","http://comitic.com/plans","http://comitic.com/plans","404","error:http_404","Comitic - Error","no_pricing_signal","","0","low","Comitic - Error Comitic Inc. - Daily Horoscope, Fortune Cookie Daily mobile apps creators Home Apps Daily Horoscope Daily Fortune Cookie About Advertisers Contact Error 404 About Comitic Inc. is a dedicated developer of leading mobile apps for Smartphones. Check out our apps Contact Us Email:contact@comitic.com © 2013-2026 Comitic Inc.. All Rights Reserved. Privacy Policy | Licence Agreement","2026-05-31T03:21:43.200Z"
"astrology_esoterics","info.androidz.horoscope","Daily Horoscope","Horoscope by Comitic","yes","$0.99 - $24.99 per item","10000000","http://comitic.com","http://comitic.com/premium","http://comitic.com/premium","404","error:http_404","Comitic - Error","no_pricing_signal","","0","low","Comitic - Error Comitic Inc. - Daily Horoscope, Fortune Cookie Daily mobile apps creators Home Apps Daily Horoscope Daily Fortune Cookie About Advertisers Contact Error 404 About Comitic Inc. is a dedicated developer of leading mobile apps for Smartphones. Check out our apps Contact Us Email:contact@comitic.com © 2013-2026 Comitic Inc.. All Rights Reserved. Privacy Policy | Licence Agreement","2026-05-31T03:21:43.607Z"
"astrology_esoterics","info.androidz.horoscope","Daily Horoscope","Horoscope by Comitic","yes","$0.99 - $24.99 per item","10000000","http://comitic.com","http://comitic.com/subscribe","http://comitic.com/subscribe","404","error:http_404","Comitic - Error","no_pricing_signal","","0","low","Comitic - Error Comitic Inc. - Daily Horoscope, Fortune Cookie Daily mobile apps creators Home Apps Daily Horoscope Daily Fortune Cookie About Advertisers Contact Error 404 About Comitic Inc. is a dedicated developer of leading mobile apps for Smartphones. Check out our apps Contact Us Email:contact@comitic.com © 2013-2026 Comitic Inc.. All Rights Reserved. Privacy Policy | Licence Agreement","2026-05-31T03:21:44.026Z"
"astrology_esoterics","info.androidz.horoscope","Daily Horoscope","Horoscope by Comitic","yes","$0.99 - $24.99 per item","10000000","http://comitic.com","http://comitic.com/subscription","http://comitic.com/subscription","404","error:http_404","Comitic - Error","no_pricing_signal","","0","low","Comitic - Error Comitic Inc. - Daily Horoscope, Fortune Cookie Daily mobile apps creators Home Apps Daily Horoscope Daily Fortune Cookie About Advertisers Contact Error 404 About Comitic Inc. is a dedicated developer of leading mobile apps for Smartphones. Check out our apps Contact Us Email:contact@comitic.com © 2013-2026 Comitic Inc.. All Rights Reserved. Privacy Policy | Licence Agreement","2026-05-31T03:21:44.412Z"
"astrology_esoterics","info.androidz.horoscope","Daily Horoscope","Horoscope by Comitic","yes","$0.99 - $24.99 per item","10000000","http://comitic.com","http://comitic.com/upgrade","http://comitic.com/upgrade","404","error:http_404","Comitic - Error","no_pricing_signal","","0","low","Comitic - Error Comitic Inc. - Daily Horoscope, Fortune Cookie Daily mobile apps creators Home Apps Daily Horoscope Daily Fortune Cookie About Advertisers Contact Error 404 About Comitic Inc. is a dedicated developer of leading mobile apps for Smartphones. Check out our apps Contact Us Email:contact@comitic.com © 2013-2026 Comitic Inc.. All Rights Reserved. Privacy Policy | Licence Agreement","2026-05-31T03:21:44.791Z"
"astrology_esoterics","com.didilabs.kaavefali","Kaave: Tarot, Angel, Horoscope","Didilabs BV","yes","$0.80 - $249.99 per item","10000000","https://kaaveapp.com","https://www.kaaveapp.com/","https://www.kaaveapp.com/en/","200","ok","Kaave","no_pricing_signal","","0","low","Kaave Home Contact English Türkçe English العربية Ελληνικά Español Italiano Download Kaave, a positive touch to your life Your daily dose of fortune, wellness, and positivity! Get insights, healthy recipes, fun videos, and uplifting affirmations. Over 95 Million Downloads The best app for daily energy and motivation! Download for iOS Download for Android Download for Huawei The most advanced super entertainment app to spice up your life 0M+ Downloads 0M+ Reviews 0+ Countries 0 Languages Discover","2026-05-31T03:21:45.346Z"
"astrology_esoterics","com.didilabs.kaavefali","Kaave: Tarot, Angel, Horoscope","Didilabs BV","yes","$0.80 - $249.99 per item","10000000","https://kaaveapp.com","https://www.kaaveapp.com","https://www.kaaveapp.com/en/","200","ok","Kaave","no_pricing_signal","","0","low","Kaave Home Contact English Türkçe English العربية Ελληνικά Español Italiano Download Kaave, a positive touch to your life Your daily dose of fortune, wellness, and positivity! Get insights, healthy recipes, fun videos, and uplifting affirmations. Over 95 Million Downloads The best app for daily energy and motivation! Download for iOS Download for Android Download for Huawei The most advanced super entertainment app to spice up your life 0M+ Downloads 0M+ Reviews 0+ Countries 0 Languages Discover","2026-05-31T03:21:45.612Z"
"astrology_esoterics","com.didilabs.kaavefali","Kaave: Tarot, Angel, Horoscope","Didilabs BV","yes","$0.80 - $249.99 per item","10000000","https://kaaveapp.com","https://www.kaaveapp.com/pricing","https://www.kaaveapp.com/pricing","404","error:non_text:","","no_pricing_signal","","0","low","","2026-05-31T03:21:45.755Z"
"astrology_esoterics","com.didilabs.kaavefali","Kaave: Tarot, Angel, Horoscope","Didilabs BV","yes","$0.80 - $249.99 per item","10000000","https://kaaveapp.com","https://www.kaaveapp.com/plans","https://www.kaaveapp.com/plans","404","error:non_text:","","no_pricing_signal","","0","low","","2026-05-31T03:21:45.923Z"
"astrology_esoterics","com.didilabs.kaavefali","Kaave: Tarot, Angel, Horoscope","Didilabs BV","yes","$0.80 - $249.99 per item","10000000","https://kaaveapp.com","https://www.kaaveapp.com/premium","https://www.kaaveapp.com/premium","404","error:non_text:","","no_pricing_signal","","0","low","","2026-05-31T03:21:46.065Z"
"astrology_esoterics","com.didilabs.kaavefali","Kaave: Tarot, Angel, Horoscope","Didilabs BV","yes","$0.80 - $249.99 per item","10000000","https://kaaveapp.com","https://www.kaaveapp.com/subscribe","https://www.kaaveapp.com/subscribe","404","error:non_text:","","no_pricing_signal","","0","low","","2026-05-31T03:21:46.233Z"
"astrology_esoterics","com.didilabs.kaavefali","Kaave: Tarot, Angel, Horoscope","Didilabs BV","yes","$0.80 - $249.99 per item","10000000","https://kaaveapp.com","https://www.kaaveapp.com/subscription","https://www.kaaveapp.com/subscription","404","error:non_text:","","no_pricing_signal","","0","low","","2026-05-31T03:21:48.542Z"
"astrology_esoterics","com.didilabs.kaavefali","Kaave: Tarot, Angel, Horoscope","Didilabs BV","yes","$0.80 - $249.99 per item","10000000","https://kaaveapp.com","https://www.kaaveapp.com/upgrade","https://www.kaaveapp.com/upgrade","404","error:non_text:","","no_pricing_signal","","0","low","","2026-05-31T03:21:48.687Z"
"avatar_identity","com.game.SuperMii","SuperMe - Avatar Maker Creator","THE.DEMON","yes","$0.99 - $44.99 per item","10000000","https://supermii.cn","https://www.supermii.cn/","https://www.supermii.cn/","","error:fetch failed","","no_pricing_signal","","0","low","","2026-05-31T03:21:48.921Z"
"avatar_identity","com.game.SuperMii","SuperMe - Avatar Maker Creator","THE.DEMON","yes","$0.99 - $44.99 per item","10000000","https://supermii.cn","https://www.supermii.cn","https://www.supermii.cn","","error:fetch failed","","no_pricing_signal","","0","low","","2026-05-31T03:21:49.162Z"
"avatar_identity","com.game.SuperMii","SuperMe - Avatar Maker Creator","THE.DEMON","yes","$0.99 - $44.99 per item","10000000","https://supermii.cn","https://www.supermii.cn/pricing","https://www.supermii.cn/pricing","","error:fetch failed","","no_pricing_signal","","0","low","","2026-05-31T03:21:49.410Z"
"avatar_identity","com.game.SuperMii","SuperMe - Avatar Maker Creator","THE.DEMON","yes","$0.99 - $44.99 per item","10000000","https://supermii.cn","https://www.supermii.cn/plans","https://www.supermii.cn/plans","","error:fetch failed","","no_pricing_signal","","0","low","","2026-05-31T03:21:49.656Z"
"avatar_identity","com.game.SuperMii","SuperMe - Avatar Maker Creator","THE.DEMON","yes","$0.99 - $44.99 per item","10000000","https://supermii.cn","https://www.supermii.cn/premium","https://www.supermii.cn/premium","","error:fetch failed","","no_pricing_signal","","0","low","","2026-05-31T03:21:50.121Z"
"avatar_identity","com.game.SuperMii","SuperMe - Avatar Maker Creator","THE.DEMON","yes","$0.99 - $44.99 per item","10000000","https://supermii.cn","https://www.supermii.cn/subscribe","https://www.supermii.cn/subscribe","","error:fetch failed","","no_pricing_signal","","0","low","","2026-05-31T03:21:50.365Z"
"avatar_identity","com.game.SuperMii","SuperMe - Avatar Maker Creator","THE.DEMON","yes","$0.99 - $44.99 per item","10000000","https://supermii.cn","https://www.supermii.cn/subscription","https://www.supermii.cn/subscription","","error:fetch failed","","no_pricing_signal","","0","low","","2026-05-31T03:21:50.607Z"
"avatar_identity","com.game.SuperMii","SuperMe - Avatar Maker Creator","THE.DEMON","yes","$0.99 - $44.99 per item","10000000","https://supermii.cn","https://www.supermii.cn/upgrade","https://www.supermii.cn/upgrade","","error:fetch failed","","no_pricing_signal","","0","low","","2026-05-31T03:21:50.854Z"
"avatar_identity","dress.up.yoyo.dollify.monster.girl.maker2","YoYa: Doll Avatar Maker","YoYa World","yes","$0.99 - $9.99 per item","10000000","https://yoyaworld.com","https://www.yoyaworld.com/","https://www.yoyaworld.com/","200","ok","YoYa World — Your World, Your Style","app_store_redirect","","0","low","YoYa World — Your World, Your Style We create delightful mobile games where you can explore, dress up, and build your dream world. Skip to main contentYoYa WorldFeatured TitlesOur GamesExplore worlds of fashion, creativity, and self-expressionYoYa: Busy Life WorldYoYa: Busy Life World is a super fun dollhouse app! Here you can dress up your characters, put them in cute costumes and accessories ~ you can also create your story! Doing styling, dressing, sleeping, eating, and playing is not a probl","2026-05-31T03:21:51.146Z"
"avatar_identity","dress.up.yoyo.dollify.monster.girl.maker2","YoYa: Doll Avatar Maker","YoYa World","yes","$0.99 - $9.99 per item","10000000","https://yoyaworld.com","https://www.yoyaworld.com","https://www.yoyaworld.com/","200","ok","YoYa World — Your World, Your Style","app_store_redirect","","0","low","YoYa World — Your World, Your Style We create delightful mobile games where you can explore, dress up, and build your dream world. Skip to main contentYoYa WorldFeatured TitlesOur GamesExplore worlds of fashion, creativity, and self-expressionYoYa: Busy Life WorldYoYa: Busy Life World is a super fun dollhouse app! Here you can dress up your characters, put them in cute costumes and accessories ~ you can also create your story! Doing styling, dressing, sleeping, eating, and playing is not a probl","2026-05-31T03:21:55.248Z"
"avatar_identity","dress.up.yoyo.dollify.monster.girl.maker2","YoYa: Doll Avatar Maker","YoYa World","yes","$0.99 - $9.99 per item","10000000","https://yoyaworld.com","https://www.yoyaworld.com/pricing","https://www.yoyaworld.com/pricing","404","error:http_404","404 Not Found","no_pricing_signal","","0","low","404 Not Found 404 Not Found Code: NoSuchKey Message: The specified key does not exist. Key: pricing RequestId: NM44J7A9V249WZEE HostId: sHzrjPN7o7F8VIlLFvAtdKiYpViQwtE70dZEfs+FXMNbT7YUactneqsf/d4/yVx6a4a7mguz4xIueGXAuEZz8PuHUSDkm4Ii","2026-05-31T03:21:55.855Z"
"avatar_identity","dress.up.yoyo.dollify.monster.girl.maker2","YoYa: Doll Avatar Maker","YoYa World","yes","$0.99 - $9.99 per item","10000000","https://yoyaworld.com","https://www.yoyaworld.com/plans","https://www.yoyaworld.com/plans","404","error:http_404","404 Not Found","no_pricing_signal","","0","low","404 Not Found 404 Not Found Code: NoSuchKey Message: The specified key does not exist. Key: plans RequestId: E294KTDDNR6SK7HY HostId: FSQlwlIHWVCw6eqkh9OLt29RUytpoKAarLEM45XTN57NAAdQDENERERrLIvNVV4oaBX2Rw15VoBmgdPLoK9QRj8rZn5yaA28","2026-05-31T03:21:56.521Z"
"avatar_identity","dress.up.yoyo.dollify.monster.girl.maker2","YoYa: Doll Avatar Maker","YoYa World","yes","$0.99 - $9.99 per item","10000000","https://yoyaworld.com","https://www.yoyaworld.com/premium","https://www.yoyaworld.com/premium","404","error:http_404","404 Not Found","no_pricing_signal","","0","low","404 Not Found 404 Not Found Code: NoSuchKey Message: The specified key does not exist. Key: premium RequestId: ASJHPSPSGGJKDC0B HostId: vvnk6MEzwc/uL1U4VAJxdFEPWLouJvCXqctv5xCPYVD4fBkzusD/rA5sP5NIB7/Rl+657F9443ILLHS7Ywm7j0aRpPsSEARl","2026-05-31T03:21:57.208Z"
"avatar_identity","dress.up.yoyo.dollify.monster.girl.maker2","YoYa: Doll Avatar Maker","YoYa World","yes","$0.99 - $9.99 per item","10000000","https://yoyaworld.com","https://www.yoyaworld.com/subscribe","https://www.yoyaworld.com/subscribe","404","error:http_404","404 Not Found","no_pricing_signal","","0","low","404 Not Found 404 Not Found Code: NoSuchKey Message: The specified key does not exist. Key: subscribe RequestId: ASJKC3QWX2HR4DGX HostId: cxCnEpmIwEPZ27jLgWF4wo+otGkHiD0XTSwkuYTAsESBkCi+oli2S8I0vI9sy0x59Cp8LYyuh0zdwAGXHUIrqT3mS251osKj","2026-05-31T03:21:57.844Z"
"avatar_identity","dress.up.yoyo.dollify.monster.girl.maker2","YoYa: Doll Avatar Maker","YoYa World","yes","$0.99 - $9.99 per item","10000000","https://yoyaworld.com","https://www.yoyaworld.com/subscription","https://www.yoyaworld.com/subscription","404","error:http_404","404 Not Found","no_pricing_signal","","0","low","404 Not Found 404 Not Found Code: NoSuchKey Message: The specified key does not exist. Key: subscription RequestId: CNS68JTXMED03QDW HostId: Rr7Fn4c/uzHJZvwXnUUl6Qb/LZQgvjt96BfQ+7C3Xxl7iBNioj0xf1eX8yuwiU1S486vyHyDH2PC5cqeFKXSZnFhMIAm847Q","2026-05-31T03:21:58.456Z"
"avatar_identity","dress.up.yoyo.dollify.monster.girl.maker2","YoYa: Doll Avatar Maker","YoYa World","yes","$0.99 - $9.99 per item","10000000","https://yoyaworld.com","https://www.yoyaworld.com/upgrade","https://www.yoyaworld.com/upgrade","404","error:http_404","404 Not Found","no_pricing_signal","","0","low","404 Not Found 404 Not Found Code: NoSuchKey Message: The specified key does not exist. Key: upgrade RequestId: CNS796JQCKAW6367 HostId: 8s/8mJ1SO5a3TvR6xugan8cEAIf88MwaWTD5H6CyXySaqe72qImyhClVD7DfYWmiFie3y8xcobMdDCmokzYzZrbguPeM75tH","2026-05-31T03:21:59.071Z"
"avatar_identity","com.mirrorai.app","Mirror: Emoji maker, Stickers","Mirror AI","yes","$3.99 - $44.99 per item","10000000","https://mirror-ai.com","https://mirror-ai.com/","https://www.mirror-ai.com/","200","ok","Mirror AI - Emoji Maker and Free AI Avatar Creator","pricing_page|paywall_language|app_store_redirect","","0","medium","Mirror AI - Emoji Maker and Free AI Avatar Creator Mirror is your personal stickers! Take one selfie and get thousands of personal emojis and stickers of you and your friends. Use them in WhatsApp, Facebook, iMessage, Telegram, and other messenger! HomeBusinessAboutAPI DocsSolutions AI Facial Recognition APIAI Cartoon Style AvatarsDating & Audio ChatsWebinars & Video ChatsOne Avatar For EverythingCustom StyleSolutions AI Facial RecognitionAI Cartoon Style AvatarsDating & Audio ChatsWebinars &","2026-05-31T03:22:00.602Z"
"avatar_identity","com.mirrorai.app","Mirror: Emoji maker, Stickers","Mirror AI","yes","$3.99 - $44.99 per item","10000000","https://mirror-ai.com","https://mirror-ai.com","https://www.mirror-ai.com/","200","ok","Mirror AI - Emoji Maker and Free AI Avatar Creator","pricing_page|paywall_language|app_store_redirect","","0","medium","Mirror AI - Emoji Maker and Free AI Avatar Creator Mirror is your personal stickers! Take one selfie and get thousands of personal emojis and stickers of you and your friends. Use them in WhatsApp, Facebook, iMessage, Telegram, and other messenger! HomeBusinessAboutAPI DocsSolutions AI Facial Recognition APIAI Cartoon Style AvatarsDating & Audio ChatsWebinars & Video ChatsOne Avatar For EverythingCustom StyleSolutions AI Facial RecognitionAI Cartoon Style AvatarsDating & Audio ChatsWebinars &","2026-05-31T03:22:01.247Z"
"avatar_identity","com.mirrorai.app","Mirror: Emoji maker, Stickers","Mirror AI","yes","$3.99 - $44.99 per item","10000000","https://mirror-ai.com","https://mirror-ai.com/pricing","https://www.mirror-ai.com/business","200","ok","Mirror AI - Emoji Maker and Free AI Avatar Creator","pricing_page|price_points_detected","$0|$0.01|$399|$0.05|$999","5","medium","Mirror AI - Emoji Maker and Free AI Avatar Creator Mirror is your personal stickers! Take one selfie and get thousands of personal emojis and stickers of you and your friends. Use them in WhatsApp, Facebook, iMessage, Telegram, and other messengers! HomeBusinessAboutAPI DocsSolutions AI Facial Recognition APIAI Cartoon Style AvatarsDating & Audio ChatsWebinars & Video ChatsOne Avatar For EverythingOne Avatar For EverythingSolutions AI Facial RecognitionAI Cartoon Style AvatarsDating & Audio Ch","2026-05-31T03:22:02.515Z"
"avatar_identity","com.mirrorai.app","Mirror: Emoji maker, Stickers","Mirror AI","yes","$3.99 - $44.99 per item","10000000","https://mirror-ai.com","https://mirror-ai.com/plans","https://www.mirror-ai.com/plans","404","error:http_404","404 Not Found - Apps - Webflow HTML Website Template","no_pricing_signal","","0","low","404 Not Found - Apps - Webflow HTML Website Template HomeBusinessAboutAPI DocsSolutions AI Facial Recognition APIAI Cartoon Style AvatarsDating & Audio ChatsWebinars & Video ChatsOne Avatar For EverythingCustom StyleSolutions AI Facial RecognitionAI Cartoon Style AvatarsDating & Audio ChatsWebinars & Video ChatsOne Avatar For EverythingCustom StyleGet AppPage Not FoundThe page you're looking for isn't available. Try with another page or use the go home button belowGo Back HomeTake one selfie a","2026-05-31T03:22:03.106Z"
"avatar_identity","com.mirrorai.app","Mirror: Emoji maker, Stickers","Mirror AI","yes","$3.99 - $44.99 per item","10000000","https://mirror-ai.com","https://mirror-ai.com/premium","https://www.mirror-ai.com/premium","404","error:http_404","404 Not Found - Apps - Webflow HTML Website Template","no_pricing_signal","","0","low","404 Not Found - Apps - Webflow HTML Website Template HomeBusinessAboutAPI DocsSolutions AI Facial Recognition APIAI Cartoon Style AvatarsDating & Audio ChatsWebinars & Video ChatsOne Avatar For EverythingCustom StyleSolutions AI Facial RecognitionAI Cartoon Style AvatarsDating & Audio ChatsWebinars & Video ChatsOne Avatar For EverythingCustom StyleGet AppPage Not FoundThe page you're looking for isn't available. Try with another page or use the go home button belowGo Back HomeTake one selfie a","2026-05-31T03:22:03.619Z"
"avatar_identity","com.mirrorai.app","Mirror: Emoji maker, Stickers","Mirror AI","yes","$3.99 - $44.99 per item","10000000","https://mirror-ai.com","https://mirror-ai.com/subscribe","https://www.mirror-ai.com/subscribe","404","error:http_404","404 Not Found - Apps - Webflow HTML Website Template","no_pricing_signal","","0","low","404 Not Found - Apps - Webflow HTML Website Template HomeBusinessAboutAPI DocsSolutions AI Facial Recognition APIAI Cartoon Style AvatarsDating & Audio ChatsWebinars & Video ChatsOne Avatar For EverythingCustom StyleSolutions AI Facial RecognitionAI Cartoon Style AvatarsDating & Audio ChatsWebinars & Video ChatsOne Avatar For EverythingCustom StyleGet AppPage Not FoundThe page you're looking for isn't available. Try with another page or use the go home button belowGo Back HomeTake one selfie a","2026-05-31T03:22:04.231Z"
"avatar_identity","com.mirrorai.app","Mirror: Emoji maker, Stickers","Mirror AI","yes","$3.99 - $44.99 per item","10000000","https://mirror-ai.com","https://mirror-ai.com/subscription","https://www.mirror-ai.com/subscription","404","error:http_404","404 Not Found - Apps - Webflow HTML Website Template","no_pricing_signal","","0","low","404 Not Found - Apps - Webflow HTML Website Template HomeBusinessAboutAPI DocsSolutions AI Facial Recognition APIAI Cartoon Style AvatarsDating & Audio ChatsWebinars & Video ChatsOne Avatar For EverythingCustom StyleSolutions AI Facial RecognitionAI Cartoon Style AvatarsDating & Audio ChatsWebinars & Video ChatsOne Avatar For EverythingCustom StyleGet AppPage Not FoundThe page you're looking for isn't available. Try with another page or use the go home button belowGo Back HomeTake one selfie a","2026-05-31T03:22:04.856Z"
"avatar_identity","com.mirrorai.app","Mirror: Emoji maker, Stickers","Mirror AI","yes","$3.99 - $44.99 per item","10000000","https://mirror-ai.com","https://mirror-ai.com/upgrade","https://www.mirror-ai.com/upgrade","404","error:http_404","404 Not Found - Apps - Webflow HTML Website Template","no_pricing_signal","","0","low","404 Not Found - Apps - Webflow HTML Website Template HomeBusinessAboutAPI DocsSolutions AI Facial Recognition APIAI Cartoon Style AvatarsDating & Audio ChatsWebinars & Video ChatsOne Avatar For EverythingCustom StyleSolutions AI Facial RecognitionAI Cartoon Style AvatarsDating & Audio ChatsWebinars & Video ChatsOne Avatar For EverythingCustom StyleGet AppPage Not FoundThe page you're looking for isn't available. Try with another page or use the go home button belowGo Back HomeTake one selfie a","2026-05-31T03:22:05.474Z"
"avatar_identity","com.everskies.app","Everskies: Virtual Dress up","Pocket Worlds","yes","$0.99 - $99.99 per item","10000000","https://everskies.com","https://everskies.com/","https://everskies.com/","200","ok","Everskies - Loading","no_pricing_signal","","0","low","Everskies - Loading Loading...","2026-05-31T03:22:06.095Z"
"avatar_identity","com.everskies.app","Everskies: Virtual Dress up","Pocket Worlds","yes","$0.99 - $99.99 per item","10000000","https://everskies.com","https://everskies.com","https://everskies.com/","200","ok","Everskies - Loading","no_pricing_signal","","0","low","Everskies - Loading Loading...","2026-05-31T03:22:06.411Z"
"avatar_identity","com.everskies.app","Everskies: Virtual Dress up","Pocket Worlds","yes","$0.99 - $99.99 per item","10000000","https://everskies.com","https://everskies.com/pricing","https://everskies.com/pricing","200","ok","Everskies - Loading","pricing_page","","0","medium","Everskies - Loading Loading...","2026-05-31T03:22:06.723Z"
"avatar_identity","com.everskies.app","Everskies: Virtual Dress up","Pocket Worlds","yes","$0.99 - $99.99 per item","10000000","https://everskies.com","https://everskies.com/plans","https://everskies.com/plans","200","ok","Everskies - Loading","pricing_page","","0","medium","Everskies - Loading Loading...","2026-05-31T03:22:07.035Z"
"avatar_identity","com.everskies.app","Everskies: Virtual Dress up","Pocket Worlds","yes","$0.99 - $99.99 per item","10000000","https://everskies.com","https://everskies.com/premium","https://everskies.com/premium","200","ok","Everskies - Loading","pricing_page","","0","medium","Everskies - Loading Loading...","2026-05-31T03:22:07.351Z"
"avatar_identity","com.everskies.app","Everskies: Virtual Dress up","Pocket Worlds","yes","$0.99 - $99.99 per item","10000000","https://everskies.com","https://everskies.com/subscribe","https://everskies.com/subscribe","200","ok","Everskies - Loading","pricing_page","","0","medium","Everskies - Loading Loading...","2026-05-31T03:22:07.666Z"
"avatar_identity","com.everskies.app","Everskies: Virtual Dress up","Pocket Worlds","yes","$0.99 - $99.99 per item","10000000","https://everskies.com","https://everskies.com/subscription","https://everskies.com/subscription","200","ok","Everskies - Loading","pricing_page","","0","medium","Everskies - Loading Loading...","2026-05-31T03:22:07.983Z"
"avatar_identity","com.everskies.app","Everskies: Virtual Dress up","Pocket Worlds","yes","$0.99 - $99.99 per item","10000000","https://everskies.com","https://everskies.com/upgrade","https://everskies.com/upgrade","200","ok","Everskies - Loading","pricing_page","","0","medium","Everskies - Loading Loading...","2026-05-31T03:22:08.299Z"
"avatar_identity","net.wrightflyer.le.reality","REALITY-Become an Anime Avatar","REALITY, Inc.","yes","$0.29 - $99.99 per item","10000000","https://reality.app","https://reality.app/","https://reality.app/","200","ok","REALITY｜顔出しナシのライブ配信アプリ","no_pricing_signal","","0","low","REALITY｜顔出しナシのライブ配信アプリ スマホ1台で好きな姿になってライブ配信！バーチャルコミュニティに参加しよう！ ログイン 誰でもスマホ1台で好きな姿に変身！ 顔出しナシのライブ配信アプリ -REALITY- 自分好みのアバターを作り、顔を出さずにライブ配信。新たに生まれるバーチャルコミュニティにあなたも参加してみよう！ アバターカスタム 好きな見た目のアバターを作成！ スマホのインカメラで表情を読み取って アバターをリアルタイムで動かそう！ ライブ配信 顔出しせずにアバター姿でライブ配信！ 複数人でのコラボ配信も可能！ イベントに参加して盛り上がろう！ ライブ視聴 人気配信者や個性的な配信者が 24時間いつでもライブ配信中！ ギフトやコメントを送って参加しよう！ みんなと交流 チャット機能を使ってユーザー同士で コミュニケーションを取ることも可能！ バーチャルコミュニティに参加しよう！ Follow @REALITY_app LINK 運営会社 FAQ お問い合わせ REALITY 利用規約 プライバシーポリシー（iOS/Android） アプリ専用通貨規約 特定商取引法/","2026-05-31T03:22:08.717Z"
"avatar_identity","net.wrightflyer.le.reality","REALITY-Become an Anime Avatar","REALITY, Inc.","yes","$0.29 - $99.99 per item","10000000","https://reality.app","https://reality.app","https://reality.app/","200","ok","REALITY｜顔出しナシのライブ配信アプリ","no_pricing_signal","","0","low","REALITY｜顔出しナシのライブ配信アプリ スマホ1台で好きな姿になってライブ配信！バーチャルコミュニティに参加しよう！ ログイン 誰でもスマホ1台で好きな姿に変身！ 顔出しナシのライブ配信アプリ -REALITY- 自分好みのアバターを作り、顔を出さずにライブ配信。新たに生まれるバーチャルコミュニティにあなたも参加してみよう！ アバターカスタム 好きな見た目のアバターを作成！ スマホのインカメラで表情を読み取って アバターをリアルタイムで動かそう！ ライブ配信 顔出しせずにアバター姿でライブ配信！ 複数人でのコラボ配信も可能！ イベントに参加して盛り上がろう！ ライブ視聴 人気配信者や個性的な配信者が 24時間いつでもライブ配信中！ ギフトやコメントを送って参加しよう！ みんなと交流 チャット機能を使ってユーザー同士で コミュニケーションを取ることも可能！ バーチャルコミュニティに参加しよう！ Follow @REALITY_app LINK 運営会社 FAQ お問い合わせ REALITY 利用規約 プライバシーポリシー（iOS/Android） アプリ専用通貨規約 特定商取引法/","2026-05-31T03:22:08.916Z"
"avatar_identity","net.wrightflyer.le.reality","REALITY-Become an Anime Avatar","REALITY, Inc.","yes","$0.29 - $99.99 per item","10000000","https://reality.app","https://reality.app/pricing","https://reality.app/pricing","200","ok","","no_pricing_signal","","0","low","","2026-05-31T03:22:09.113Z"
"avatar_identity","net.wrightflyer.le.reality","REALITY-Become an Anime Avatar","REALITY, Inc.","yes","$0.29 - $99.99 per item","10000000","https://reality.app","https://reality.app/plans","https://reality.app/plans","200","ok","","no_pricing_signal","","0","low","","2026-05-31T03:22:09.316Z"
"avatar_identity","net.wrightflyer.le.reality","REALITY-Become an Anime Avatar","REALITY, Inc.","yes","$0.29 - $99.99 per item","10000000","https://reality.app","https://reality.app/premium","https://reality.app/premium","200","ok","","no_pricing_signal","","0","low","","2026-05-31T03:22:09.519Z"
"avatar_identity","net.wrightflyer.le.reality","REALITY-Become an Anime Avatar","REALITY, Inc.","yes","$0.29 - $99.99 per item","10000000","https://reality.app","https://reality.app/subscribe","https://reality.app/subscribe","200","ok","","no_pricing_signal","","0","low","","2026-05-31T03:22:09.717Z"
"avatar_identity","net.wrightflyer.le.reality","REALITY-Become an Anime Avatar","REALITY, Inc.","yes","$0.29 - $99.99 per item","10000000","https://reality.app","https://reality.app/subscription","https://reality.app/subscription","200","ok","","no_pricing_signal","","0","low","","2026-05-31T03:22:09.911Z"
"avatar_identity","net.wrightflyer.le.reality","REALITY-Become an Anime Avatar","REALITY, Inc.","yes","$0.29 - $99.99 per item","10000000","https://reality.app","https://reality.app/upgrade","https://reality.app/upgrade","200","ok","","no_pricing_signal","","0","low","","2026-05-31T03:22:10.105Z"
"avatar_identity","com.OOZOOGORAE.CharacterMaker","Character Maker: Dress-up Game","OOZOOGORAE","yes","$0.99 - $15.99 per item","10000000","http://oozoogorae.blogspot.com","http://oozoogorae.blogspot.com/","https://oozoogorae.blogspot.com/","200","ok","캐릭터메이커 - 2D 아바타 만들기 게임","no_pricing_signal","","0","low","캐릭터메이커 - 2D 아바타 만들기 게임 기본 콘텐츠로 건너뛰기 이 블로그 검색 캐릭터메이커 - 2D 아바타 만들기 게임 Character Maker: Create Your Own Cartoon Avatar 글 이용 약관 공유 링크 만들기 Facebook X Pinterest 이메일 기타 앱 6월 27, 2021 본 약관 은 우주고래 ( 이하 ‘ 당사’라 함 ) 가 캐릭터메이커 라는 명칭 또는 이와 관련해 이용자에게 제공하는 웹 사이트 , 소프트웨어 , 애플리케이션 , 프로덕트 , 문서 , 기타 모든 제품 및 서비스 ( 이하 ‘본 서비스’라 함 ) 이용에 관한 조건을 이용자와 당사 사이에 정한 것입니다 . 제 1 조 ( 약관 동의 ) 1. 이용자는 본 약관의 규정에 따라 본 서비스를 이용합니다 . 이용자는 본 약관에 동의하지 않는 한 본 서비스를 이용할 수 없습니다 . 본 서비스 사용 시점부터 이용자는 본 약관에 동의한 것이 됩니다 . 제 2 조 ( 모바일 버전의 취득 정보 ) 1.","2026-05-31T03:22:11.951Z"
"avatar_identity","com.OOZOOGORAE.CharacterMaker","Character Maker: Dress-up Game","OOZOOGORAE","yes","$0.99 - $15.99 per item","10000000","http://oozoogorae.blogspot.com","http://oozoogorae.blogspot.com","https://oozoogorae.blogspot.com/","200","ok","캐릭터메이커 - 2D 아바타 만들기 게임","no_pricing_signal","","0","low","캐릭터메이커 - 2D 아바타 만들기 게임 기본 콘텐츠로 건너뛰기 이 블로그 검색 캐릭터메이커 - 2D 아바타 만들기 게임 Character Maker: Create Your Own Cartoon Avatar 글 이용 약관 공유 링크 만들기 Facebook X Pinterest 이메일 기타 앱 6월 27, 2021 본 약관 은 우주고래 ( 이하 ‘ 당사’라 함 ) 가 캐릭터메이커 라는 명칭 또는 이와 관련해 이용자에게 제공하는 웹 사이트 , 소프트웨어 , 애플리케이션 , 프로덕트 , 문서 , 기타 모든 제품 및 서비스 ( 이하 ‘본 서비스’라 함 ) 이용에 관한 조건을 이용자와 당사 사이에 정한 것입니다 . 제 1 조 ( 약관 동의 ) 1. 이용자는 본 약관의 규정에 따라 본 서비스를 이용합니다 . 이용자는 본 약관에 동의하지 않는 한 본 서비스를 이용할 수 없습니다 . 본 서비스 사용 시점부터 이용자는 본 약관에 동의한 것이 됩니다 . 제 2 조 ( 모바일 버전의 취득 정보 ) 1.","2026-05-31T03:22:12.917Z"
"avatar_identity","com.OOZOOGORAE.CharacterMaker","Character Maker: Dress-up Game","OOZOOGORAE","yes","$0.99 - $15.99 per item","10000000","http://oozoogorae.blogspot.com","http://oozoogorae.blogspot.com/pricing","https://oozoogorae.blogspot.com/pricing","404","error:http_404","캐릭터메이커 - 2D 아바타 만들기 게임","no_pricing_signal","","0","low","캐릭터메이커 - 2D 아바타 만들기 게임 기본 콘텐츠로 건너뛰기 이 블로그 검색 캐릭터메이커 - 2D 아바타 만들기 게임 Character Maker: Create Your Own Cartoon Avatar 죄송합니다. 블로그에 찾고 계신 페이지가 없습니다. Powered by Blogger 테마 이미지 제공: Michael Elkan 우주고래 프로필로 이동 자료실 6월 20211 8월 20201 신고하기","2026-05-31T03:22:14.404Z"
"avatar_identity","com.OOZOOGORAE.CharacterMaker","Character Maker: Dress-up Game","OOZOOGORAE","yes","$0.99 - $15.99 per item","10000000","http://oozoogorae.blogspot.com","http://oozoogorae.blogspot.com/plans","https://oozoogorae.blogspot.com/plans","404","error:http_404","캐릭터메이커 - 2D 아바타 만들기 게임","no_pricing_signal","","0","low","캐릭터메이커 - 2D 아바타 만들기 게임 기본 콘텐츠로 건너뛰기 이 블로그 검색 캐릭터메이커 - 2D 아바타 만들기 게임 Character Maker: Create Your Own Cartoon Avatar 죄송합니다. 블로그에 찾고 계신 페이지가 없습니다. Powered by Blogger 테마 이미지 제공: Michael Elkan 우주고래 프로필로 이동 자료실 6월 20211 8월 20201 신고하기","2026-05-31T03:22:16.216Z"
"avatar_identity","com.OOZOOGORAE.CharacterMaker","Character Maker: Dress-up Game","OOZOOGORAE","yes","$0.99 - $15.99 per item","10000000","http://oozoogorae.blogspot.com","http://oozoogorae.blogspot.com/premium","https://oozoogorae.blogspot.com/premium","404","error:http_404","캐릭터메이커 - 2D 아바타 만들기 게임","no_pricing_signal","","0","low","캐릭터메이커 - 2D 아바타 만들기 게임 기본 콘텐츠로 건너뛰기 이 블로그 검색 캐릭터메이커 - 2D 아바타 만들기 게임 Character Maker: Create Your Own Cartoon Avatar 죄송합니다. 블로그에 찾고 계신 페이지가 없습니다. Powered by Blogger 테마 이미지 제공: Michael Elkan 우주고래 프로필로 이동 자료실 6월 20211 8월 20201 신고하기","2026-05-31T03:22:17.202Z"
"avatar_identity","com.OOZOOGORAE.CharacterMaker","Character Maker: Dress-up Game","OOZOOGORAE","yes","$0.99 - $15.99 per item","10000000","http://oozoogorae.blogspot.com","http://oozoogorae.blogspot.com/subscribe","https://oozoogorae.blogspot.com/subscribe","404","error:http_404","캐릭터메이커 - 2D 아바타 만들기 게임","no_pricing_signal","","0","low","캐릭터메이커 - 2D 아바타 만들기 게임 기본 콘텐츠로 건너뛰기 이 블로그 검색 캐릭터메이커 - 2D 아바타 만들기 게임 Character Maker: Create Your Own Cartoon Avatar 죄송합니다. 블로그에 찾고 계신 페이지가 없습니다. Powered by Blogger 테마 이미지 제공: Michael Elkan 우주고래 프로필로 이동 자료실 6월 20211 8월 20201 신고하기","2026-05-31T03:22:18.065Z"
"avatar_identity","com.OOZOOGORAE.CharacterMaker","Character Maker: Dress-up Game","OOZOOGORAE","yes","$0.99 - $15.99 per item","10000000","http://oozoogorae.blogspot.com","http://oozoogorae.blogspot.com/subscription","https://oozoogorae.blogspot.com/subscription","404","error:http_404","캐릭터메이커 - 2D 아바타 만들기 게임","no_pricing_signal","","0","low","캐릭터메이커 - 2D 아바타 만들기 게임 기본 콘텐츠로 건너뛰기 이 블로그 검색 캐릭터메이커 - 2D 아바타 만들기 게임 Character Maker: Create Your Own Cartoon Avatar 죄송합니다. 블로그에 찾고 계신 페이지가 없습니다. Powered by Blogger 테마 이미지 제공: Michael Elkan 우주고래 프로필로 이동 자료실 6월 20211 8월 20201 신고하기","2026-05-31T03:22:18.883Z"
"avatar_identity","com.OOZOOGORAE.CharacterMaker","Character Maker: Dress-up Game","OOZOOGORAE","yes","$0.99 - $15.99 per item","10000000","http://oozoogorae.blogspot.com","http://oozoogorae.blogspot.com/upgrade","https://oozoogorae.blogspot.com/upgrade","404","error:http_404","캐릭터메이커 - 2D 아바타 만들기 게임","no_pricing_signal","","0","low","캐릭터메이커 - 2D 아바타 만들기 게임 기본 콘텐츠로 건너뛰기 이 블로그 검색 캐릭터메이커 - 2D 아바타 만들기 게임 Character Maker: Create Your Own Cartoon Avatar 죄송합니다. 블로그에 찾고 계신 페이지가 없습니다. Powered by Blogger 테마 이미지 제공: Michael Elkan 우주고래 프로필로 이동 자료실 6월 20211 8월 20201 신고하기","2026-05-31T03:22:21.450Z"
"avatar_identity","com.stickermobi.avatarmaker","Neku: OC character creator","Neku Avatar Studio","yes","$0.99 - $45.99 per item","10000000","https://avatar.zthd.io","https://avatar.zthd.io/","https://avatar.zthd.io/","200","ok","Neku: avatar maker, creator","app_store_redirect","","0","low","Neku: avatar maker, creator STICKER TECHNOLOGY CO. PTE. LTD. Neku: avatar maker, creator Hand-drawn cartoon your social network profile icon create the self-portrait cartoon face, and style your personal profile avatar! App Store Google Play Contact us info@neku.cc 77 High Street #07-02 High Street Plaza - 179433 Terms Of Service and Privacy Policy.","2026-05-31T03:22:21.615Z"
"avatar_identity","com.stickermobi.avatarmaker","Neku: OC character creator","Neku Avatar Studio","yes","$0.99 - $45.99 per item","10000000","https://avatar.zthd.io","https://avatar.zthd.io","https://avatar.zthd.io/","200","ok","Neku: avatar maker, creator","app_store_redirect","","0","low","Neku: avatar maker, creator STICKER TECHNOLOGY CO. PTE. LTD. Neku: avatar maker, creator Hand-drawn cartoon your social network profile icon create the self-portrait cartoon face, and style your personal profile avatar! App Store Google Play Contact us info@neku.cc 77 High Street #07-02 High Street Plaza - 179433 Terms Of Service and Privacy Policy.","2026-05-31T03:22:21.715Z"
"avatar_identity","com.stickermobi.avatarmaker","Neku: OC character creator","Neku Avatar Studio","yes","$0.99 - $45.99 per item","10000000","https://avatar.zthd.io","https://avatar.zthd.io/pricing","https://avatar.zthd.io/pricing","404","error:http_404","Page Not Found","no_pricing_signal","","0","low","Page Not Found Page Not Found This file does not exist and there was no index.html found in the current directory or 404.html in the root directory. Why am I seeing this? You may have deployed the wrong directory for your application. Check your firebase.json and make sure the public directory is pointing to a directory that contains an index.html file. You can also add a 404.html in the root of your site to replace this page with a custom error page.","2026-05-31T03:22:21.823Z"
"avatar_identity","com.stickermobi.avatarmaker","Neku: OC character creator","Neku Avatar Studio","yes","$0.99 - $45.99 per item","10000000","https://avatar.zthd.io","https://avatar.zthd.io/plans","https://avatar.zthd.io/plans","404","error:http_404","Page Not Found","no_pricing_signal","","0","low","Page Not Found Page Not Found This file does not exist and there was no index.html found in the current directory or 404.html in the root directory. Why am I seeing this? You may have deployed the wrong directory for your application. Check your firebase.json and make sure the public directory is pointing to a directory that contains an index.html file. You can also add a 404.html in the root of your site to replace this page with a custom error page.","2026-05-31T03:22:21.930Z"
"avatar_identity","com.stickermobi.avatarmaker","Neku: OC character creator","Neku Avatar Studio","yes","$0.99 - $45.99 per item","10000000","https://avatar.zthd.io","https://avatar.zthd.io/premium","https://avatar.zthd.io/premium","404","error:http_404","Page Not Found","no_pricing_signal","","0","low","Page Not Found Page Not Found This file does not exist and there was no index.html found in the current directory or 404.html in the root directory. Why am I seeing this? You may have deployed the wrong directory for your application. Check your firebase.json and make sure the public directory is pointing to a directory that contains an index.html file. You can also add a 404.html in the root of your site to replace this page with a custom error page.","2026-05-31T03:22:22.035Z"
"avatar_identity","com.stickermobi.avatarmaker","Neku: OC character creator","Neku Avatar Studio","yes","$0.99 - $45.99 per item","10000000","https://avatar.zthd.io","https://avatar.zthd.io/subscribe","https://avatar.zthd.io/subscribe","404","error:http_404","Page Not Found","no_pricing_signal","","0","low","Page Not Found Page Not Found This file does not exist and there was no index.html found in the current directory or 404.html in the root directory. Why am I seeing this? You may have deployed the wrong directory for your application. Check your firebase.json and make sure the public directory is pointing to a directory that contains an index.html file. You can also add a 404.html in the root of your site to replace this page with a custom error page.","2026-05-31T03:22:22.141Z"
"avatar_identity","com.stickermobi.avatarmaker","Neku: OC character creator","Neku Avatar Studio","yes","$0.99 - $45.99 per item","10000000","https://avatar.zthd.io","https://avatar.zthd.io/subscription","https://avatar.zthd.io/subscription","404","error:http_404","Page Not Found","no_pricing_signal","","0","low","Page Not Found Page Not Found This file does not exist and there was no index.html found in the current directory or 404.html in the root directory. Why am I seeing this? You may have deployed the wrong directory for your application. Check your firebase.json and make sure the public directory is pointing to a directory that contains an index.html file. You can also add a 404.html in the root of your site to replace this page with a custom error page.","2026-05-31T03:22:22.247Z"
"avatar_identity","com.stickermobi.avatarmaker","Neku: OC character creator","Neku Avatar Studio","yes","$0.99 - $45.99 per item","10000000","https://avatar.zthd.io","https://avatar.zthd.io/upgrade","https://avatar.zthd.io/upgrade","404","error:http_404","Page Not Found","no_pricing_signal","","0","low","Page Not Found Page Not Found This file does not exist and there was no index.html found in the current directory or 404.html in the root directory. Why am I seeing this? You may have deployed the wrong directory for your application. Check your firebase.json and make sure the public directory is pointing to a directory that contains an index.html file. You can also add a 404.html in the root of your site to replace this page with a custom error page.","2026-05-31T03:22:22.350Z"
"avatar_identity","com.prism.live","PRISM Live Studio: Games & IRL","NAVER Corp.","yes","$9.99 - $79.99 per item","10000000","http://prismlive.com","http://prismlive.com/","https://prismlive.com/en_us/","200","ok","Free Live Streaming & Recording Software | PRISM Live Studio","pricing_page|subscription_terms","","0","medium","Free Live Streaming & Recording Software | PRISM Live Studio Creator tool that provides multi-platform live streaming and powerful video editing features PRISM Live Studio Plus You can subscribe to Plusthrough the PRISM mobile app. Scan the QR code with your phone's camera. Plus can be used across mobile, desktop, and Lens apps with a single account. Subscribe on the mobile app with your current account. Stream anytime, anywhere. Discover all the essential features for live streaming in one plac","2026-05-31T03:22:24.040Z"
"avatar_identity","com.prism.live","PRISM Live Studio: Games & IRL","NAVER Corp.","yes","$9.99 - $79.99 per item","10000000","http://prismlive.com","http://prismlive.com","https://prismlive.com/en_us/","200","ok","Free Live Streaming & Recording Software | PRISM Live Studio","pricing_page|subscription_terms","","0","medium","Free Live Streaming & Recording Software | PRISM Live Studio Creator tool that provides multi-platform live streaming and powerful video editing features PRISM Live Studio Plus You can subscribe to Plusthrough the PRISM mobile app. Scan the QR code with your phone's camera. Plus can be used across mobile, desktop, and Lens apps with a single account. Subscribe on the mobile app with your current account. Stream anytime, anywhere. Discover all the essential features for live streaming in one plac","2026-05-31T03:22:24.843Z"
"avatar_identity","com.prism.live","PRISM Live Studio: Games & IRL","NAVER Corp.","yes","$9.99 - $79.99 per item","10000000","http://prismlive.com","http://prismlive.com/pricing","https://prismlive.com/en_us/pricing","404","error:http_404","PRISM Live Studio","no_pricing_signal","","0","low","PRISM Live Studio 손쉽게 사진과 음악을 추가하고 다양한 이펙트를 적용하여, 나만의 특별한 방송을 만들어보세요. Sorry, the page not found","2026-05-31T03:22:25.328Z"
"avatar_identity","com.prism.live","PRISM Live Studio: Games & IRL","NAVER Corp.","yes","$9.99 - $79.99 per item","10000000","http://prismlive.com","http://prismlive.com/plans","https://prismlive.com/en_us/plans","404","error:http_404","PRISM Live Studio","no_pricing_signal","","0","low","PRISM Live Studio 손쉽게 사진과 음악을 추가하고 다양한 이펙트를 적용하여, 나만의 특별한 방송을 만들어보세요. Sorry, the page not found","2026-05-31T03:22:25.824Z"
"avatar_identity","com.prism.live","PRISM Live Studio: Games & IRL","NAVER Corp.","yes","$9.99 - $79.99 per item","10000000","http://prismlive.com","http://prismlive.com/premium","https://prismlive.com/en_us/premium","404","error:http_404","PRISM Live Studio","no_pricing_signal","","0","low","PRISM Live Studio 손쉽게 사진과 음악을 추가하고 다양한 이펙트를 적용하여, 나만의 특별한 방송을 만들어보세요. Sorry, the page not found","2026-05-31T03:22:26.308Z"
"avatar_identity","com.prism.live","PRISM Live Studio: Games & IRL","NAVER Corp.","yes","$9.99 - $79.99 per item","10000000","http://prismlive.com","http://prismlive.com/subscribe","https://prismlive.com/en_us/subscribe","404","error:http_404","PRISM Live Studio","no_pricing_signal","","0","low","PRISM Live Studio 손쉽게 사진과 음악을 추가하고 다양한 이펙트를 적용하여, 나만의 특별한 방송을 만들어보세요. Sorry, the page not found","2026-05-31T03:22:26.793Z"
"avatar_identity","com.prism.live","PRISM Live Studio: Games & IRL","NAVER Corp.","yes","$9.99 - $79.99 per item","10000000","http://prismlive.com","http://prismlive.com/subscription","https://prismlive.com/en_us/subscription","404","error:http_404","PRISM Live Studio","no_pricing_signal","","0","low","PRISM Live Studio 손쉽게 사진과 음악을 추가하고 다양한 이펙트를 적용하여, 나만의 특별한 방송을 만들어보세요. Sorry, the page not found","2026-05-31T03:22:27.276Z"
"avatar_identity","com.prism.live","PRISM Live Studio: Games & IRL","NAVER Corp.","yes","$9.99 - $79.99 per item","10000000","http://prismlive.com","http://prismlive.com/upgrade","https://prismlive.com/en_us/upgrade","404","error:http_404","PRISM Live Studio","no_pricing_signal","","0","low","PRISM Live Studio 손쉽게 사진과 음악을 추가하고 다양한 이펙트를 적용하여, 나만의 특별한 방송을 만들어보세요. Sorry, the page not found","2026-05-31T03:22:27.759Z"
"coaching","com.gen.workoutme","BetterMe: Health Coaching","BetterMe Limited","yes","$0.99 - $179.99 per item","10000000","https://betterme.world","https://betterme.world/","https://betterme.world/","200","ok","BetterMe | Personalized holistic wellness solution","no_pricing_signal","","0","low","BetterMe | Personalized holistic wellness solution Since 2017, we have been on a mission to create a healthier world for everyone, regardless of age, sex, physical ability, or background. ProductsFor BusinessStorePrivacy policyLog inFun and Simple Fitness: personalized activities to cover your wellness needsGet startedGet started Wall Pilates Program: low impact workout easy for beginnersGet startedGet started Calisthenics Workout: full body exercises plan to build muscleGet startedGet started I","2026-05-31T03:22:29.023Z"
"coaching","com.gen.workoutme","BetterMe: Health Coaching","BetterMe Limited","yes","$0.99 - $179.99 per item","10000000","https://betterme.world","https://betterme.world","https://betterme.world/","200","ok","BetterMe | Personalized holistic wellness solution","no_pricing_signal","","0","low","BetterMe | Personalized holistic wellness solution Since 2017, we have been on a mission to create a healthier world for everyone, regardless of age, sex, physical ability, or background. ProductsFor BusinessStorePrivacy policyLog inFun and Simple Fitness: personalized activities to cover your wellness needsGet startedGet started Wall Pilates Program: low impact workout easy for beginnersGet startedGet started Calisthenics Workout: full body exercises plan to build muscleGet startedGet started I","2026-05-31T03:22:29.423Z"
"coaching","com.gen.workoutme","BetterMe: Health Coaching","BetterMe Limited","yes","$0.99 - $179.99 per item","10000000","https://betterme.world","https://betterme.world/pricing","https://betterme.world/pricing","200","ok","Page Not Found (404)","pricing_page","","0","medium","Page Not Found (404) Sorry, the page you're looking for doesn't exist. Return to the BetterMe homepage or use the menu/search to explore our wellness solutions and resources. ProductsFor BusinessStorePrivacy policyLog inOops! We can't seem to find the page you're looking for.Back to HomepageWe will process your personal data in accordance with our Privacy policy","2026-05-31T03:22:31.163Z"
"coaching","com.gen.workoutme","BetterMe: Health Coaching","BetterMe Limited","yes","$0.99 - $179.99 per item","10000000","https://betterme.world","https://betterme.world/plans","https://betterme.world/plans","200","ok","Page Not Found (404)","pricing_page","","0","medium","Page Not Found (404) Sorry, the page you're looking for doesn't exist. Return to the BetterMe homepage or use the menu/search to explore our wellness solutions and resources. ProductsFor BusinessStorePrivacy policyLog inOops! We can't seem to find the page you're looking for.Back to HomepageWe will process your personal data in accordance with our Privacy policy","2026-05-31T03:22:31.545Z"
"coaching","com.gen.workoutme","BetterMe: Health Coaching","BetterMe Limited","yes","$0.99 - $179.99 per item","10000000","https://betterme.world","https://betterme.world/premium","https://betterme.world/premium","200","ok","Page Not Found (404)","pricing_page","","0","medium","Page Not Found (404) Sorry, the page you're looking for doesn't exist. Return to the BetterMe homepage or use the menu/search to explore our wellness solutions and resources. ProductsFor BusinessStorePrivacy policyLog inOops! We can't seem to find the page you're looking for.Back to HomepageWe will process your personal data in accordance with our Privacy policy","2026-05-31T03:22:31.927Z"
"coaching","com.gen.workoutme","BetterMe: Health Coaching","BetterMe Limited","yes","$0.99 - $179.99 per item","10000000","https://betterme.world","https://betterme.world/subscribe","https://betterme.world/subscribe","200","ok","Page Not Found (404)","pricing_page","","0","medium","Page Not Found (404) Sorry, the page you're looking for doesn't exist. Return to the BetterMe homepage or use the menu/search to explore our wellness solutions and resources. ProductsFor BusinessStorePrivacy policyLog inOops! We can't seem to find the page you're looking for.Back to HomepageWe will process your personal data in accordance with our Privacy policy","2026-05-31T03:22:32.361Z"
"coaching","com.gen.workoutme","BetterMe: Health Coaching","BetterMe Limited","yes","$0.99 - $179.99 per item","10000000","https://betterme.world","https://betterme.world/subscription","https://betterme.world/subscription","200","ok","Page Not Found (404)","pricing_page","","0","medium","Page Not Found (404) Sorry, the page you're looking for doesn't exist. Return to the BetterMe homepage or use the menu/search to explore our wellness solutions and resources. ProductsFor BusinessStorePrivacy policyLog inOops! We can't seem to find the page you're looking for.Back to HomepageWe will process your personal data in accordance with our Privacy policy","2026-05-31T03:22:33.444Z"
"coaching","com.gen.workoutme","BetterMe: Health Coaching","BetterMe Limited","yes","$0.99 - $179.99 per item","10000000","https://betterme.world","https://betterme.world/upgrade","https://betterme.world/upgrade","200","ok","Page Not Found (404)","pricing_page","","0","medium","Page Not Found (404) Sorry, the page you're looking for doesn't exist. Return to the BetterMe homepage or use the menu/search to explore our wellness solutions and resources. ProductsFor BusinessStorePrivacy policyLog inOops! We can't seem to find the page you're looking for.Back to HomepageWe will process your personal data in accordance with our Privacy policy","2026-05-31T03:22:33.832Z"
"mindfulness","com.spotlightsix.zentimerlite2","Insight Timer - Meditation App","Insight Network Inc","yes","$1.99 - $199.99 per item","10000000","https://insighttimer.com","https://insighttimer.com/","https://insighttimer.com/","200","ok","Insight Timer - #1 Free Meditation App for Sleep, Relax & More","no_pricing_signal","","0","low","Insight Timer - #1 Free Meditation App for Sleep, Relax & More","2026-05-31T03:22:34.023Z"
"mindfulness","com.spotlightsix.zentimerlite2","Insight Timer - Meditation App","Insight Network Inc","yes","$1.99 - $199.99 per item","10000000","https://insighttimer.com","https://insighttimer.com","https://insighttimer.com/","200","ok","Insight Timer - #1 Free Meditation App for Sleep, Relax & More","no_pricing_signal","","0","low","Insight Timer - #1 Free Meditation App for Sleep, Relax & More","2026-05-31T03:22:34.126Z"
"mindfulness","com.spotlightsix.zentimerlite2","Insight Timer - Meditation App","Insight Network Inc","yes","$1.99 - $199.99 per item","10000000","https://insighttimer.com","https://insighttimer.com/pricing","https://insighttimer.com/pricing","200","ok","Insight Timer - #1 Free Meditation App for Sleep, Relax & More","pricing_page","","0","medium","Insight Timer - #1 Free Meditation App for Sleep, Relax & More","2026-05-31T03:22:34.230Z"
"mindfulness","com.spotlightsix.zentimerlite2","Insight Timer - Meditation App","Insight Network Inc","yes","$1.99 - $199.99 per item","10000000","https://insighttimer.com","https://insighttimer.com/plans","https://insighttimer.com/plans","200","ok","Insight Timer - #1 Free Meditation App for Sleep, Relax & More","pricing_page","","0","medium","Insight Timer - #1 Free Meditation App for Sleep, Relax & More","2026-05-31T03:22:34.333Z"
"mindfulness","com.spotlightsix.zentimerlite2","Insight Timer - Meditation App","Insight Network Inc","yes","$1.99 - $199.99 per item","10000000","https://insighttimer.com","https://insighttimer.com/premium","https://insighttimer.com/premium","200","ok","Insight Timer - #1 Free Meditation App for Sleep, Relax & More","pricing_page","","0","medium","Insight Timer - #1 Free Meditation App for Sleep, Relax & More","2026-05-31T03:22:34.435Z"
"mindfulness","com.spotlightsix.zentimerlite2","Insight Timer - Meditation App","Insight Network Inc","yes","$1.99 - $199.99 per item","10000000","https://insighttimer.com","https://insighttimer.com/subscribe","https://insighttimer.com/subscribe","200","ok","Insight Timer - #1 Free Meditation App for Sleep, Relax & More","pricing_page","","0","medium","Insight Timer - #1 Free Meditation App for Sleep, Relax & More","2026-05-31T03:22:34.534Z"
"mindfulness","com.spotlightsix.zentimerlite2","Insight Timer - Meditation App","Insight Network Inc","yes","$1.99 - $199.99 per item","10000000","https://insighttimer.com","https://insighttimer.com/subscription","https://insighttimer.com/subscription","200","ok","Insight Timer - #1 Free Meditation App for Sleep, Relax & More","pricing_page","","0","medium","Insight Timer - #1 Free Meditation App for Sleep, Relax & More","2026-05-31T03:22:34.637Z"
"mindfulness","com.spotlightsix.zentimerlite2","Insight Timer - Meditation App","Insight Network Inc","yes","$1.99 - $199.99 per item","10000000","https://insighttimer.com","https://insighttimer.com/upgrade","https://insighttimer.com/upgrade","200","ok","Insight Timer - #1 Free Meditation App for Sleep, Relax & More","pricing_page","","0","medium","Insight Timer - #1 Free Meditation App for Sleep, Relax & More","2026-05-31T03:22:34.738Z"
"mindfulness","com.getsomeheadspace.android","Headspace: Sleep & Meditate","Headspace for Meditation, Mindfulness and Sleep","yes","$4.99 - $119.99 per item","10000000","http://headspace.com","http://headspace.com/","https://www.headspace.com/","200","ok","Mental Health App for Meditation & Sleep - Headspace","pricing_page|subscription_terms|price_points_detected","$0","1","high","Mental Health App for Meditation & Sleep - Headspace Live a healthier, happier, more well-rested life in just a few minutes a day. Get the science-backed mental health app for every moment. Try for free. HSA/FSA eligible: save with pre-tax dollarsFor YouWhat we offerMeditationOnline therapyMindfulnessSleepMental health coachingEbb AI companionHow we helpAnxietyStressSleep betterMental healthMindful familiesExplore our libraryNew and popularGuided coursesBeginning meditationCalming everyday anxie","2026-05-31T03:22:36.929Z"
"mindfulness","com.getsomeheadspace.android","Headspace: Sleep & Meditate","Headspace for Meditation, Mindfulness and Sleep","yes","$4.99 - $119.99 per item","10000000","http://headspace.com","http://headspace.com","https://www.headspace.com/","200","ok","Mental Health App for Meditation & Sleep - Headspace","pricing_page|subscription_terms|price_points_detected","$0","1","high","Mental Health App for Meditation & Sleep - Headspace Live a healthier, happier, more well-rested life in just a few minutes a day. Get the science-backed mental health app for every moment. Try for free. HSA/FSA eligible: save with pre-tax dollarsFor YouWhat we offerMeditationOnline therapyMindfulnessSleepMental health coachingEbb AI companionHow we helpAnxietyStressSleep betterMental healthMindful familiesExplore our libraryNew and popularGuided coursesBeginning meditationCalming everyday anxie","2026-05-31T03:22:37.695Z"
"mindfulness","com.getsomeheadspace.android","Headspace: Sleep & Meditate","Headspace for Meditation, Mindfulness and Sleep","yes","$4.99 - $119.99 per item","10000000","http://headspace.com","http://headspace.com/pricing","https://www.headspace.com/pricing","404","error:http_404","","no_pricing_signal","","0","low","The ScienceBlogFor workHow to meditateHelpLog InTry for freeWhoops! Something’s changedBefore continuing about your day, enjoy a deep breath on us. Ready? Big inhale. And exhale.Back to homeGET SOME HEADSPACESUBSCRIBEREDEEM A CODESTUDENT PLANSEND A GIFTGUIDED MEDITATIONMEDITATION FOR WORKMEDITATION FOR KIDSMEDITATION ON SLEEPMEDITATION ON FOCUSMEDITATION ON STRESSMEDITATION ON ANXIETYOUR COMMUNITYBLOGJOIN OUR FB GROUPSABOUT USABOUT HEADSPACEABOUT ANDY PUDDICOMBEANDY'S BOOKSPRESS & MEDIACAREERSSI","2026-05-31T03:22:39.594Z"
"mindfulness","com.getsomeheadspace.android","Headspace: Sleep & Meditate","Headspace for Meditation, Mindfulness and Sleep","yes","$4.99 - $119.99 per item","10000000","http://headspace.com","http://headspace.com/plans","https://www.headspace.com/plans","404","error:http_404","","no_pricing_signal","","0","low","The ScienceBlogFor workHow to meditateHelpLog InTry for freeWhoops! Something’s changedBefore continuing about your day, enjoy a deep breath on us. Ready? Big inhale. And exhale.Back to homeGET SOME HEADSPACESUBSCRIBEREDEEM A CODESTUDENT PLANSEND A GIFTGUIDED MEDITATIONMEDITATION FOR WORKMEDITATION FOR KIDSMEDITATION ON SLEEPMEDITATION ON FOCUSMEDITATION ON STRESSMEDITATION ON ANXIETYOUR COMMUNITYBLOGJOIN OUR FB GROUPSABOUT USABOUT HEADSPACEABOUT ANDY PUDDICOMBEANDY'S BOOKSPRESS & MEDIACAREERSSI","2026-05-31T03:22:40.739Z"
"mindfulness","com.getsomeheadspace.android","Headspace: Sleep & Meditate","Headspace for Meditation, Mindfulness and Sleep","yes","$4.99 - $119.99 per item","10000000","http://headspace.com","http://headspace.com/premium","https://www.headspace.com/premium","404","error:http_404","","no_pricing_signal","","0","low","The ScienceBlogFor workHow to meditateHelpLog InTry for freeWhoops! Something’s changedBefore continuing about your day, enjoy a deep breath on us. Ready? Big inhale. And exhale.Back to homeGET SOME HEADSPACESUBSCRIBEREDEEM A CODESTUDENT PLANSEND A GIFTGUIDED MEDITATIONMEDITATION FOR WORKMEDITATION FOR KIDSMEDITATION ON SLEEPMEDITATION ON FOCUSMEDITATION ON STRESSMEDITATION ON ANXIETYOUR COMMUNITYBLOGJOIN OUR FB GROUPSABOUT USABOUT HEADSPACEABOUT ANDY PUDDICOMBEANDY'S BOOKSPRESS & MEDIACAREERSSI","2026-05-31T03:22:42.479Z"
"mindfulness","com.getsomeheadspace.android","Headspace: Sleep & Meditate","Headspace for Meditation, Mindfulness and Sleep","yes","$4.99 - $119.99 per item","10000000","http://headspace.com","http://headspace.com/subscribe","https://www.headspace.com/subscriptions","200","ok","Subscribe to Headspace","pricing_page|subscription_terms|trial_terms|app_store_redirect","","0","medium","Subscribe to Headspace Sign up for access to hundreds of meditations, sleep exercises, bedtime sounds, wind downs, and more. A healthier, happier you starts right here. Find some headspace todayBe kind to your mindA healthier, happier you starts right here. Choose a Headspace plan and get startedAfter your free trial, the annual subscription is null USD and automatically renews each year.Terms & conditionsCancel anytimeStart your free trial Check out our student and family plans, too.View Studen","2026-05-31T03:22:44.672Z"
"mindfulness","com.getsomeheadspace.android","Headspace: Sleep & Meditate","Headspace for Meditation, Mindfulness and Sleep","yes","$4.99 - $119.99 per item","10000000","http://headspace.com","http://headspace.com/subscription","https://www.headspace.com/subscription","404","error:http_404","","no_pricing_signal","","0","low","The ScienceBlogFor workHow to meditateHelpLog InTry for freeWhoops! Something’s changedBefore continuing about your day, enjoy a deep breath on us. Ready? Big inhale. And exhale.Back to homeGET SOME HEADSPACESUBSCRIBEREDEEM A CODESTUDENT PLANSEND A GIFTGUIDED MEDITATIONMEDITATION FOR WORKMEDITATION FOR KIDSMEDITATION ON SLEEPMEDITATION ON FOCUSMEDITATION ON STRESSMEDITATION ON ANXIETYOUR COMMUNITYBLOGJOIN OUR FB GROUPSABOUT USABOUT HEADSPACEABOUT ANDY PUDDICOMBEANDY'S BOOKSPRESS & MEDIACAREERSSI","2026-05-31T03:22:45.661Z"
"mindfulness","com.getsomeheadspace.android","Headspace: Sleep & Meditate","Headspace for Meditation, Mindfulness and Sleep","yes","$4.99 - $119.99 per item","10000000","http://headspace.com","http://headspace.com/upgrade","https://www.headspace.com/upgrade","404","error:http_404","","no_pricing_signal","","0","low","The ScienceBlogFor workHow to meditateHelpLog InTry for freeWhoops! Something’s changedBefore continuing about your day, enjoy a deep breath on us. Ready? Big inhale. And exhale.Back to homeGET SOME HEADSPACESUBSCRIBEREDEEM A CODESTUDENT PLANSEND A GIFTGUIDED MEDITATIONMEDITATION FOR WORKMEDITATION FOR KIDSMEDITATION ON SLEEPMEDITATION ON FOCUSMEDITATION ON STRESSMEDITATION ON ANXIETYOUR COMMUNITYBLOGJOIN OUR FB GROUPSABOUT USABOUT HEADSPACEABOUT ANDY PUDDICOMBEANDY'S BOOKSPRESS & MEDIACAREERSSI","2026-05-31T03:22:47.409Z"
"mindfulness","com.petitbambou","Mindfulness with Petit BamBou","FeelVeryBien SAS","yes","$9.99 - $79.99 per item","10000000","https://petitbambou.com","https://www.petitbambou.com/","https://www.petitbambou.com/en","200","ok","Meditate with Petit BamBou: the app for meditation, sleep, and movement","pricing_page|subscription_terms|checkout_language","","0","medium","Meditate with Petit BamBou: the app for meditation, sleep, and movement Discover the Petit BamBou app and practice at your own pace. Try our free sessions now from a wide range of meditation, sleep and breathing programs. MeditationPetit BamBouSubscribeLog inOur philosophySimple, accessible and kind: that is Petit BamBou.An app for simply meditating, breathing, and taking care of yourselfCreate an accountFeel good each and every daySessions and tools for meditation and breathingDiscover the appA","2026-05-31T03:22:50.008Z"
"mindfulness","com.petitbambou","Mindfulness with Petit BamBou","FeelVeryBien SAS","yes","$9.99 - $79.99 per item","10000000","https://petitbambou.com","https://www.petitbambou.com","https://www.petitbambou.com/en","200","ok","Meditate with Petit BamBou: the app for meditation, sleep, and movement","pricing_page|subscription_terms|checkout_language","","0","medium","Meditate with Petit BamBou: the app for meditation, sleep, and movement Discover the Petit BamBou app and practice at your own pace. Try our free sessions now from a wide range of meditation, sleep and breathing programs. MeditationPetit BamBouSubscribeLog inOur philosophySimple, accessible and kind: that is Petit BamBou.An app for simply meditating, breathing, and taking care of yourselfCreate an accountFeel good each and every daySessions and tools for meditation and breathingDiscover the appA","2026-05-31T03:22:50.842Z"
"mindfulness","com.petitbambou","Mindfulness with Petit BamBou","FeelVeryBien SAS","yes","$9.99 - $79.99 per item","10000000","https://petitbambou.com","https://www.petitbambou.com/pricing","https://www.petitbambou.com/en/pricing","404","error:http_404","404 - Page not found","no_pricing_signal","","0","low","404 - Page not found MeditationPetit BamBouSubscribeLog inAwww... No need to panic You've done a little too much emptying... and now you're nowhere! But the path to yourself starts here: HomeOur appPetit BamBou appContentsCatalogAbout usThe teamContributorsOur offerFree versionSubscriptionsStudent planFamily subscriptionGift cardsActivate my gift cardHelpCustomer serviceContact usIn the workplacePetit BamBou BusinessSubscribeLog inFollow our cheerful and (hopefully) non-invasive newsfacebookyout","2026-05-31T03:22:51.530Z"
"mindfulness","com.petitbambou","Mindfulness with Petit BamBou","FeelVeryBien SAS","yes","$9.99 - $79.99 per item","10000000","https://petitbambou.com","https://www.petitbambou.com/plans","https://www.petitbambou.com/en/plans","404","error:http_404","404 - Page not found","no_pricing_signal","","0","low","404 - Page not found MeditationPetit BamBouSubscribeLog inAwww... No need to panic You've done a little too much emptying... and now you're nowhere! But the path to yourself starts here: HomeOur appPetit BamBou appContentsCatalogAbout usThe teamContributorsOur offerFree versionSubscriptionsStudent planFamily subscriptionGift cardsActivate my gift cardHelpCustomer serviceContact usIn the workplacePetit BamBou BusinessSubscribeLog inFollow our cheerful and (hopefully) non-invasive newsfacebookyout","2026-05-31T03:22:52.150Z"
"mindfulness","com.petitbambou","Mindfulness with Petit BamBou","FeelVeryBien SAS","yes","$9.99 - $79.99 per item","10000000","https://petitbambou.com","https://www.petitbambou.com/premium","https://www.petitbambou.com/en/premium","404","error:http_404","404 - Page not found","no_pricing_signal","","0","low","404 - Page not found MeditationPetit BamBouSubscribeLog inAwww... No need to panic You've done a little too much emptying... and now you're nowhere! But the path to yourself starts here: HomeOur appPetit BamBou appContentsCatalogAbout usThe teamContributorsOur offerFree versionSubscriptionsStudent planFamily subscriptionGift cardsActivate my gift cardHelpCustomer serviceContact usIn the workplacePetit BamBou BusinessSubscribeLog inFollow our cheerful and (hopefully) non-invasive newsfacebookyout","2026-05-31T03:22:52.766Z"
"mindfulness","com.petitbambou","Mindfulness with Petit BamBou","FeelVeryBien SAS","yes","$9.99 - $79.99 per item","10000000","https://petitbambou.com","https://www.petitbambou.com/subscribe","https://www.petitbambou.com/en/subscriptions","200","ok","Subscriptions and prices for meditating with Petit BamBou","pricing_page|subscription_terms|paywall_language|checkout_language","","0","medium","Subscriptions and prices for meditating with Petit BamBou Access over 69 meditation & breathing programs designed in collaboration with certified local experts. MeditationPetit BamBouSubscribeLog inSubscriptionsAccess all of Petit BamBouOver 700 sessions from 5 to 50 minMeditation, sophrology, breathingA new daily session, every morningThe entire media library of sounds and atmospheresOn all your devicesNo adsAutomatic renewal can be canceled at any timeWith attentive customer service!Gift cardG","2026-05-31T03:22:54.386Z"
"mindfulness","com.petitbambou","Mindfulness with Petit BamBou","FeelVeryBien SAS","yes","$9.99 - $79.99 per item","10000000","https://petitbambou.com","https://www.petitbambou.com/subscription","https://www.petitbambou.com/en/subscriptions","200","ok","Subscriptions and prices for meditating with Petit BamBou","pricing_page|subscription_terms|paywall_language|checkout_language","","0","medium","Subscriptions and prices for meditating with Petit BamBou Access over 69 meditation & breathing programs designed in collaboration with certified local experts. MeditationPetit BamBouSubscribeLog inSubscriptionsAccess all of Petit BamBouOver 700 sessions from 5 to 50 minMeditation, sophrology, breathingA new daily session, every morningThe entire media library of sounds and atmospheresOn all your devicesNo adsAutomatic renewal can be canceled at any timeWith attentive customer service!Gift cardG","2026-05-31T03:22:56.195Z"
"mindfulness","com.petitbambou","Mindfulness with Petit BamBou","FeelVeryBien SAS","yes","$9.99 - $79.99 per item","10000000","https://petitbambou.com","https://www.petitbambou.com/upgrade","https://www.petitbambou.com/en/upgrade","200","ok","Update your Petit BamBou plan","pricing_page|subscription_terms","","0","medium","Update your Petit BamBou plan Easily manage your Petit BamBou subscription: switch between monthly, annual, lifetime, or family plans, and make Petit BamBou work for you. MeditationPetit BamBouSubscribeLog inUpgrade your subscriptionFind your rhythmI don't have an accountI already have an accountLogin with emailEmail addressPasswordForgot your password?connectionorLog in withFacebookAppleOur appPetit BamBou appContentsCatalogAbout usThe teamContributorsOur offerFree versionSubscriptionsStudent p","2026-05-31T03:22:57.191Z"
"mindfulness","app.meditasyon","Meditopia: Sleep & Meditation","Meditopia","yes","$1.99 - $199.99 per item","10000000","http://meditopia.com","http://meditopia.com/","https://meditopia.com/en","200","ok","Proactive Wellbeing for Modern Workplaces. Personalized Care that Scales - Meditopia","no_pricing_signal","","0","low","Proactive Wellbeing for Modern Workplaces. Personalized Care that Scales - Meditopia Reimagine workplace wellbeing with Meditopia: preventive support that combines 1:1 expert sessions, self-guided content, and AI-powered tools. Go beyond traditional EAPs with a personalized, scalable solution that empowers teams to reduce stress, boost engagement, and thrive at work. For BusinessFor IndividualsResourcesModern EAPLoginBook a demo todaySOLUTIONSGo Beyond EAPsPricingPartnershipsPRODUCTS1-1 Expert S","2026-05-31T03:22:58.056Z"
"mindfulness","app.meditasyon","Meditopia: Sleep & Meditation","Meditopia","yes","$1.99 - $199.99 per item","10000000","http://meditopia.com","http://meditopia.com","https://meditopia.com/en","200","ok","Proactive Wellbeing for Modern Workplaces. Personalized Care that Scales - Meditopia","no_pricing_signal","","0","low","Proactive Wellbeing for Modern Workplaces. Personalized Care that Scales - Meditopia Reimagine workplace wellbeing with Meditopia: preventive support that combines 1:1 expert sessions, self-guided content, and AI-powered tools. Go beyond traditional EAPs with a personalized, scalable solution that empowers teams to reduce stress, boost engagement, and thrive at work. For BusinessFor IndividualsResourcesModern EAPLoginBook a demo todaySOLUTIONSGo Beyond EAPsPricingPartnershipsPRODUCTS1-1 Expert S","2026-05-31T03:22:58.646Z"
"mindfulness","app.meditasyon","Meditopia: Sleep & Meditation","Meditopia","yes","$1.99 - $199.99 per item","10000000","http://meditopia.com","http://meditopia.com/pricing","https://meditopia.com/en/pricing","404","error:http_404","A Moment of Pause","no_pricing_signal","","0","low","A Moment of Pause A Moment of PauseIt looks like you’ve wandered off the path. Take a deep breath and let’s find our way back to tranquility together.Back to Home","2026-05-31T03:22:59.223Z"
"mindfulness","app.meditasyon","Meditopia: Sleep & Meditation","Meditopia","yes","$1.99 - $199.99 per item","10000000","http://meditopia.com","http://meditopia.com/plans","https://meditopia.com/en/plans","200","ok","Pricing | Modern EAP & Workplace Wellbeing Solutions - Meditopia","pricing_page|subscription_terms|checkout_language|price_points_detected","$3.50","1","high","Pricing | Modern EAP & Workplace Wellbeing Solutions - Meditopia Discover Meditopia’s business pricing. A modern alternative to traditional EAPs, offering proactive mental health and wellbeing support to boost employee health, engagement, and productivity. For BusinessFor IndividualsResourcesModern EAPLoginBook a demo todaySOLUTIONSGo Beyond EAPsPricingPartnershipsPRODUCTS1-1 Expert Sessions WellnessPassOnline TrainingsSoul: AI CoachSelf-Guided ContentIMPACTOur Expert NetworkCase Studies2025 Çal","2026-05-31T03:22:59.807Z"
"mindfulness","app.meditasyon","Meditopia: Sleep & Meditation","Meditopia","yes","$1.99 - $199.99 per item","10000000","http://meditopia.com","http://meditopia.com/premium","https://meditopia.com/en/premium","404","error:http_404","A Moment of Pause","no_pricing_signal","","0","low","A Moment of Pause A Moment of PauseIt looks like you’ve wandered off the path. Take a deep breath and let’s find our way back to tranquility together.Back to Home","2026-05-31T03:23:00.359Z"
"mindfulness","app.meditasyon","Meditopia: Sleep & Meditation","Meditopia","yes","$1.99 - $199.99 per item","10000000","http://meditopia.com","http://meditopia.com/subscribe","https://meditopia.com/en/subscribe","404","error:http_404","A Moment of Pause","no_pricing_signal","","0","low","A Moment of Pause A Moment of PauseIt looks like you’ve wandered off the path. Take a deep breath and let’s find our way back to tranquility together.Back to Home","2026-05-31T03:23:00.994Z"
"mindfulness","app.meditasyon","Meditopia: Sleep & Meditation","Meditopia","yes","$1.99 - $199.99 per item","10000000","http://meditopia.com","http://meditopia.com/subscription","https://web.meditopia.com/en/subscription/","404","error:non_text:","","no_pricing_signal","","0","low","","2026-05-31T03:23:02.546Z"
"mindfulness","app.meditasyon","Meditopia: Sleep & Meditation","Meditopia","yes","$1.99 - $199.99 per item","10000000","http://meditopia.com","http://meditopia.com/upgrade","https://meditopia.com/en/upgrade","404","error:http_404","A Moment of Pause","no_pricing_signal","","0","low","A Moment of Pause A Moment of PauseIt looks like you’ve wandered off the path. Take a deep breath and let’s find our way back to tranquility together.Back to Home","2026-05-31T03:23:03.087Z"
"mindfulness","app.hallow.android","Hallow: Prayer & Meditation","Hallow, Inc.","yes","$0.99 - $199.99 per item","10000000","https://hallow.com","https://hallow.com/","https://hallow.com/","200","ok","#1 App for Christian & Catholic Prayer, Meditation, Bible + Sleep | Hallow","no_pricing_signal","","0","low","#1 App for Christian & Catholic Prayer, Meditation, Bible + Sleep | Hallow Pray every day this Lent with Mark Wahlberg, Chris Pratt, Jonathan Roumie, and millions of others around the world on Hallow, the #1 prayer app. AboutPressHelp CenterDaily QuoteFAQsGift CardsJobsHow to Pray the RosaryMerchHow to Pray the Sacred Heart NovenaNight Prayer: Simple, Powerful Prayers for the Evening and BedtimeMorning Prayer: Catholic Prayers to Start Your DayOur Lady of Champion (Our Lady of Good Help) Apparit","2026-05-31T03:23:03.354Z"
"mindfulness","app.hallow.android","Hallow: Prayer & Meditation","Hallow, Inc.","yes","$0.99 - $199.99 per item","10000000","https://hallow.com","https://hallow.com","https://hallow.com/","200","ok","#1 App for Christian & Catholic Prayer, Meditation, Bible + Sleep | Hallow","no_pricing_signal","","0","low","#1 App for Christian & Catholic Prayer, Meditation, Bible + Sleep | Hallow Pray every day this Lent with Mark Wahlberg, Chris Pratt, Jonathan Roumie, and millions of others around the world on Hallow, the #1 prayer app. AboutPressHelp CenterDaily QuoteFAQsGift CardsJobsHow to Pray the RosaryMerchHow to Pray the Sacred Heart NovenaNight Prayer: Simple, Powerful Prayers for the Evening and BedtimeMorning Prayer: Catholic Prayers to Start Your DayOur Lady of Champion (Our Lady of Good Help) Apparit","2026-05-31T03:23:03.499Z"
"mindfulness","app.hallow.android","Hallow: Prayer & Meditation","Hallow, Inc.","yes","$0.99 - $199.99 per item","10000000","https://hallow.com","https://hallow.com/pricing","https://hallow.com/pricing/","404","error:http_404","Page not found – Hallow","no_pricing_signal","","0","low","Page not found – Hallow How to Pray Bible Parishes & Schools Gift Cards Login Sign Up for Free Login Sign Up for Free My Account Open Web App Uh oh! It looks like the page you are trying to visit is missing or does not exist! You can find our content by using the menu above or the links in our footer. Go Back to Homepage About Press Help Center Daily Quote FAQs Gift Cards Jobs How to Pray the Rosary Merch How to Pray the Sacred Heart Novena Night Prayer: Simple, Powerful Prayers for the Evening","2026-05-31T03:23:04.461Z"
"mindfulness","app.hallow.android","Hallow: Prayer & Meditation","Hallow, Inc.","yes","$0.99 - $199.99 per item","10000000","https://hallow.com","https://hallow.com/plans","https://hallow.com/plans/","404","error:http_404","Page not found – Hallow","no_pricing_signal","","0","low","Page not found – Hallow How to Pray Bible Parishes & Schools Gift Cards Login Sign Up for Free Login Sign Up for Free My Account Open Web App Uh oh! It looks like the page you are trying to visit is missing or does not exist! You can find our content by using the menu above or the links in our footer. Go Back to Homepage About Press Help Center Daily Quote FAQs Gift Cards Jobs How to Pray the Rosary Merch How to Pray the Sacred Heart Novena Night Prayer: Simple, Powerful Prayers for the Evening","2026-05-31T03:23:05.341Z"
"mindfulness","app.hallow.android","Hallow: Prayer & Meditation","Hallow, Inc.","yes","$0.99 - $199.99 per item","10000000","https://hallow.com","https://hallow.com/premium","https://hallow.com/premium/","404","error:http_404","Page not found – Hallow","no_pricing_signal","","0","low","Page not found – Hallow How to Pray Bible Parishes & Schools Gift Cards Login Sign Up for Free Login Sign Up for Free My Account Open Web App Uh oh! It looks like the page you are trying to visit is missing or does not exist! You can find our content by using the menu above or the links in our footer. Go Back to Homepage About Press Help Center Daily Quote FAQs Gift Cards Jobs How to Pray the Rosary Merch How to Pray the Sacred Heart Novena Night Prayer: Simple, Powerful Prayers for the Evening","2026-05-31T03:23:06.194Z"
"mindfulness","app.hallow.android","Hallow: Prayer & Meditation","Hallow, Inc.","yes","$0.99 - $199.99 per item","10000000","https://hallow.com","https://hallow.com/subscribe","https://hallow.com/login/?redirect=%2Fsubscribe%2F","200","ok","Login | Hallow","pricing_page","","0","medium","Login | Hallow #1 Catholic Prayer and Meditation App AboutPressHelp CenterDaily QuoteFAQsGift CardsJobsHow to Pray the RosaryMerchHow to Pray the Sacred Heart NovenaNight Prayer: Simple, Powerful Prayers for the Evening and BedtimeMorning Prayer: Catholic Prayers to Start Your DayOur Lady of Champion (Our Lady of Good Help) Apparitions, Feast Day, PrayersSt. Michael&#8217;s Lent: How to Pray and Observe St. Michael&#8217;s Lent© 2026 Hallow, Inc.Manage CookiesSettingsPrivacy PolicyTerms of Servi","2026-05-31T03:23:10.975Z"
"mindfulness","app.hallow.android","Hallow: Prayer & Meditation","Hallow, Inc.","yes","$0.99 - $199.99 per item","10000000","https://hallow.com","https://hallow.com/subscription","https://hallow.com/subscription/","404","error:http_404","Page not found – Hallow","no_pricing_signal","","0","low","Page not found – Hallow How to Pray Bible Parishes & Schools Gift Cards Login Sign Up for Free Login Sign Up for Free My Account Open Web App Uh oh! It looks like the page you are trying to visit is missing or does not exist! You can find our content by using the menu above or the links in our footer. Go Back to Homepage About Press Help Center Daily Quote FAQs Gift Cards Jobs How to Pray the Rosary Merch How to Pray the Sacred Heart Novena Night Prayer: Simple, Powerful Prayers for the Evening","2026-05-31T03:23:11.934Z"
"mindfulness","app.hallow.android","Hallow: Prayer & Meditation","Hallow, Inc.","yes","$0.99 - $199.99 per item","10000000","https://hallow.com","https://hallow.com/upgrade","https://hallow.com/upgrade/","404","error:http_404","Page not found – Hallow","no_pricing_signal","","0","low","Page not found – Hallow How to Pray Bible Parishes & Schools Gift Cards Login Sign Up for Free Login Sign Up for Free My Account Open Web App Uh oh! It looks like the page you are trying to visit is missing or does not exist! You can find our content by using the menu above or the links in our footer. Go Back to Homepage About Press Help Center Daily Quote FAQs Gift Cards Jobs How to Pray the Rosary Merch How to Pray the Sacred Heart Novena Night Prayer: Simple, Powerful Prayers for the Evening","2026-05-31T03:23:12.787Z"
"mindfulness","ipnossoft.rma.free","BetterSleep: Sleep tracker","BetterSleep Health","yes","$1.00 - $299.99 per item","10000000","http://bettersleep.com","http://www.bettersleep.com/","https://www.bettersleep.com/","200","ok","BetterSleep | Top-Rated Sleep App and Meditation App","no_pricing_signal","","0","low","BetterSleep | Top-Rated Sleep App and Meditation App BetterSleep is a sleep app and a meditation app that offers guided meditations, hypnosis, sleep stories, sleep sounds, sleep tracking, sleep recording and more!","2026-05-31T03:23:13.417Z"
"mindfulness","ipnossoft.rma.free","BetterSleep: Sleep tracker","BetterSleep Health","yes","$1.00 - $299.99 per item","10000000","http://bettersleep.com","http://www.bettersleep.com","https://www.bettersleep.com/","200","ok","BetterSleep | Top-Rated Sleep App and Meditation App","no_pricing_signal","","0","low","BetterSleep | Top-Rated Sleep App and Meditation App BetterSleep is a sleep app and a meditation app that offers guided meditations, hypnosis, sleep stories, sleep sounds, sleep tracking, sleep recording and more!","2026-05-31T03:23:13.682Z"
"mindfulness","ipnossoft.rma.free","BetterSleep: Sleep tracker","BetterSleep Health","yes","$1.00 - $299.99 per item","10000000","http://bettersleep.com","http://www.bettersleep.com/pricing","https://www.bettersleep.com/pricing","404","error:http_404","BetterSleep | Top-Rated Sleep App and Meditation App","no_pricing_signal","","0","low","BetterSleep | Top-Rated Sleep App and Meditation App BetterSleep is a sleep app and a meditation app that offers guided meditations, hypnosis, sleep stories, sleep sounds, sleep tracking, sleep recording and more!","2026-05-31T03:23:13.974Z"
"mindfulness","ipnossoft.rma.free","BetterSleep: Sleep tracker","BetterSleep Health","yes","$1.00 - $299.99 per item","10000000","http://bettersleep.com","http://www.bettersleep.com/plans","https://www.bettersleep.com/plans","404","error:http_404","BetterSleep | Top-Rated Sleep App and Meditation App","no_pricing_signal","","0","low","BetterSleep | Top-Rated Sleep App and Meditation App BetterSleep is a sleep app and a meditation app that offers guided meditations, hypnosis, sleep stories, sleep sounds, sleep tracking, sleep recording and more!","2026-05-31T03:23:14.246Z"
"mindfulness","ipnossoft.rma.free","BetterSleep: Sleep tracker","BetterSleep Health","yes","$1.00 - $299.99 per item","10000000","http://bettersleep.com","http://www.bettersleep.com/premium","https://www.bettersleep.com/premium","404","error:http_404","BetterSleep | Top-Rated Sleep App and Meditation App","no_pricing_signal","","0","low","BetterSleep | Top-Rated Sleep App and Meditation App BetterSleep is a sleep app and a meditation app that offers guided meditations, hypnosis, sleep stories, sleep sounds, sleep tracking, sleep recording and more!","2026-05-31T03:23:14.522Z"
"mindfulness","ipnossoft.rma.free","BetterSleep: Sleep tracker","BetterSleep Health","yes","$1.00 - $299.99 per item","10000000","http://bettersleep.com","http://www.bettersleep.com/subscribe","https://www.bettersleep.com/subscribe","404","error:http_404","BetterSleep | Top-Rated Sleep App and Meditation App","no_pricing_signal","","0","low","BetterSleep | Top-Rated Sleep App and Meditation App BetterSleep is a sleep app and a meditation app that offers guided meditations, hypnosis, sleep stories, sleep sounds, sleep tracking, sleep recording and more!","2026-05-31T03:23:14.869Z"
"mindfulness","ipnossoft.rma.free","BetterSleep: Sleep tracker","BetterSleep Health","yes","$1.00 - $299.99 per item","10000000","http://bettersleep.com","http://www.bettersleep.com/subscription","https://www.bettersleep.com/subscription","404","error:http_404","BetterSleep | Top-Rated Sleep App and Meditation App","no_pricing_signal","","0","low","BetterSleep | Top-Rated Sleep App and Meditation App BetterSleep is a sleep app and a meditation app that offers guided meditations, hypnosis, sleep stories, sleep sounds, sleep tracking, sleep recording and more!","2026-05-31T03:23:15.169Z"
"mindfulness","ipnossoft.rma.free","BetterSleep: Sleep tracker","BetterSleep Health","yes","$1.00 - $299.99 per item","10000000","http://bettersleep.com","http://www.bettersleep.com/upgrade","https://www.bettersleep.com/upgrade","404","error:http_404","BetterSleep | Top-Rated Sleep App and Meditation App","no_pricing_signal","","0","low","BetterSleep | Top-Rated Sleep App and Meditation App BetterSleep is a sleep app and a meditation app that offers guided meditations, hypnosis, sleep stories, sleep sounds, sleep tracking, sleep recording and more!","2026-05-31T03:23:15.479Z"
"mindfulness","com.northcube.sleepcycle","Sleep Cycle: Sleep Tracker","Sleep Cycle AB","yes","$0.99 - $59.99 per item","10000000","http://sleepcycle.com","http://www.sleepcycle.com/","https://sleepcycle.com/","200","ok","Sleep Cycle — Try Free for 60 Days","app_store_redirect","","0","low","Sleep Cycle — Try Free for 60 Days Track and improve your sleep with Sleep Cycle. The app uses sound analysis, 3 billion sleep sessions, and 15 years of science to help millions sleep better. Sleep CyclePartnershipsTry Sleep TestMenuTry for FreeRight now☁️ Get 60 Day Free TrialProduct FeaturesRead more Sleep ScoreMeasures duration, sleep stages, and interruptions throughout the night with unparalleled accuracy.Read more Smart AlarmWake up during your lightest sleep phase to start your day smooth","2026-05-31T03:23:16.723Z"
"mindfulness","com.northcube.sleepcycle","Sleep Cycle: Sleep Tracker","Sleep Cycle AB","yes","$0.99 - $59.99 per item","10000000","http://sleepcycle.com","http://www.sleepcycle.com","https://sleepcycle.com/","200","ok","Sleep Cycle — Try Free for 60 Days","app_store_redirect","","0","low","Sleep Cycle — Try Free for 60 Days Track and improve your sleep with Sleep Cycle. The app uses sound analysis, 3 billion sleep sessions, and 15 years of science to help millions sleep better. Sleep CyclePartnershipsTry Sleep TestMenuTry for FreeRight now☁️ Get 60 Day Free TrialProduct FeaturesRead more Sleep ScoreMeasures duration, sleep stages, and interruptions throughout the night with unparalleled accuracy.Read more Smart AlarmWake up during your lightest sleep phase to start your day smooth","2026-05-31T03:23:17.462Z"
"mindfulness","com.northcube.sleepcycle","Sleep Cycle: Sleep Tracker","Sleep Cycle AB","yes","$0.99 - $59.99 per item","10000000","http://sleepcycle.com","http://www.sleepcycle.com/pricing","https://sleepcycle.com/pricing","404","error:http_404","Sleep Cycle","no_pricing_signal","","0","low","Sleep Cycle","2026-05-31T03:23:18.356Z"
"mindfulness","com.northcube.sleepcycle","Sleep Cycle: Sleep Tracker","Sleep Cycle AB","yes","$0.99 - $59.99 per item","10000000","http://sleepcycle.com","http://www.sleepcycle.com/plans","https://sleepcycle.com/plans","404","error:http_404","Sleep Cycle","no_pricing_signal","","0","low","Sleep Cycle","2026-05-31T03:23:20.599Z"
"mindfulness","com.northcube.sleepcycle","Sleep Cycle: Sleep Tracker","Sleep Cycle AB","yes","$0.99 - $59.99 per item","10000000","http://sleepcycle.com","http://www.sleepcycle.com/premium","https://sleepcycle.com/premium","404","error:http_404","Sleep Cycle","no_pricing_signal","","0","low","Sleep Cycle","2026-05-31T03:23:21.407Z"
"mindfulness","com.northcube.sleepcycle","Sleep Cycle: Sleep Tracker","Sleep Cycle AB","yes","$0.99 - $59.99 per item","10000000","http://sleepcycle.com","http://www.sleepcycle.com/subscribe","https://sleepcycle.com/subscribe","404","error:http_404","Sleep Cycle","no_pricing_signal","","0","low","Sleep Cycle","2026-05-31T03:23:22.158Z"
"mindfulness","com.northcube.sleepcycle","Sleep Cycle: Sleep Tracker","Sleep Cycle AB","yes","$0.99 - $59.99 per item","10000000","http://sleepcycle.com","http://www.sleepcycle.com/subscription","https://sleepcycle.com/subscription","404","error:http_404","Sleep Cycle","no_pricing_signal","","0","low","Sleep Cycle","2026-05-31T03:23:23.262Z"
"mindfulness","com.northcube.sleepcycle","Sleep Cycle: Sleep Tracker","Sleep Cycle AB","yes","$0.99 - $59.99 per item","10000000","http://sleepcycle.com","http://www.sleepcycle.com/upgrade","https://sleepcycle.com/upgrade","404","error:http_404","Sleep Cycle","no_pricing_signal","","0","low","Sleep Cycle","2026-05-31T03:23:24.734Z"
"mindfulness","com.urbandroid.sleep","Sleep as Android: Smart alarm","Petr Nálevka (Urbandroid)","yes","$0.99 - $75.00 per item","10000000","http://sleep.urbandroid.org","http://sleep.urbandroid.org/","https://sleep.urbandroid.org/","200","ok","Sleep as Android - Sleep as Android","no_pricing_signal","","0","low","Sleep as Android - Sleep as Android Skip to contentSleep as AndroidNEWSDOCSSUPPORTGET ITPRIVACYSLEEPCLOUD Sleep phase trackingUsing phone or wearable sensors Try it for free Smart alarmGreat mornings with natural wake up Try it for free LullabiesFast fall asleep with whales, sea, storm, chants... Try it for free Anti-snoringSleep talk recording Try it for free CAPTCHATasks that get you out of bed Try it for free Sleep as AndroidWhat our users say“Hands down the most complete sleep management app","2026-05-31T03:23:27.139Z"
"mindfulness","com.urbandroid.sleep","Sleep as Android: Smart alarm","Petr Nálevka (Urbandroid)","yes","$0.99 - $75.00 per item","10000000","http://sleep.urbandroid.org","http://sleep.urbandroid.org","https://sleep.urbandroid.org/","200","ok","Sleep as Android - Sleep as Android","no_pricing_signal","","0","low","Sleep as Android - Sleep as Android Skip to contentSleep as AndroidNEWSDOCSSUPPORTGET ITPRIVACYSLEEPCLOUD Sleep phase trackingUsing phone or wearable sensors Try it for free Smart alarmGreat mornings with natural wake up Try it for free LullabiesFast fall asleep with whales, sea, storm, chants... Try it for free Anti-snoringSleep talk recording Try it for free CAPTCHATasks that get you out of bed Try it for free Sleep as AndroidWhat our users say“Hands down the most complete sleep management app","2026-05-31T03:23:29.347Z"
"mindfulness","com.urbandroid.sleep","Sleep as Android: Smart alarm","Petr Nálevka (Urbandroid)","yes","$0.99 - $75.00 per item","10000000","http://sleep.urbandroid.org","http://sleep.urbandroid.org/pricing","http://sleep.urbandroid.org/pricing","404","error:http_404","Page not found - Sleep as Android","no_pricing_signal","","0","low","Page not found - Sleep as Android Skip to contentSleep as AndroidNEWSDOCSSUPPORTGET ITPRIVACYSLEEPCLOUD Oops! That page can’t be found.It looks like nothing was found at this location. Maybe try one of the links below or a search? Search for: Privacy & Cookies: This site uses cookies. By continuing to use this website, you agree to their use. To find out more, including how to control cookies, see here: Cookie Policy Proudly powered by WordPress | Theme: Sydney by aThemes.","2026-05-31T03:23:30.721Z"
"mindfulness","com.urbandroid.sleep","Sleep as Android: Smart alarm","Petr Nálevka (Urbandroid)","yes","$0.99 - $75.00 per item","10000000","http://sleep.urbandroid.org","http://sleep.urbandroid.org/plans","http://sleep.urbandroid.org/plans","404","error:http_404","Page not found - Sleep as Android","no_pricing_signal","","0","low","Page not found - Sleep as Android Skip to contentSleep as AndroidNEWSDOCSSUPPORTGET ITPRIVACYSLEEPCLOUD Oops! That page can’t be found.It looks like nothing was found at this location. Maybe try one of the links below or a search? Search for: Privacy & Cookies: This site uses cookies. By continuing to use this website, you agree to their use. To find out more, including how to control cookies, see here: Cookie Policy Proudly powered by WordPress | Theme: Sydney by aThemes.","2026-05-31T03:23:32.952Z"
"mindfulness","com.urbandroid.sleep","Sleep as Android: Smart alarm","Petr Nálevka (Urbandroid)","yes","$0.99 - $75.00 per item","10000000","http://sleep.urbandroid.org","http://sleep.urbandroid.org/premium","http://sleep.urbandroid.org/premium","404","error:http_404","Page not found - Sleep as Android","no_pricing_signal","","0","low","Page not found - Sleep as Android Skip to contentSleep as AndroidNEWSDOCSSUPPORTGET ITPRIVACYSLEEPCLOUD Oops! That page can’t be found.It looks like nothing was found at this location. Maybe try one of the links below or a search? Search for: Privacy & Cookies: This site uses cookies. By continuing to use this website, you agree to their use. To find out more, including how to control cookies, see here: Cookie Policy Proudly powered by WordPress | Theme: Sydney by aThemes.","2026-05-31T03:23:34.174Z"
"mindfulness","com.urbandroid.sleep","Sleep as Android: Smart alarm","Petr Nálevka (Urbandroid)","yes","$0.99 - $75.00 per item","10000000","http://sleep.urbandroid.org","http://sleep.urbandroid.org/subscribe","http://sleep.urbandroid.org/subscribe","404","error:http_404","Page not found - Sleep as Android","no_pricing_signal","","0","low","Page not found - Sleep as Android Skip to contentSleep as AndroidNEWSDOCSSUPPORTGET ITPRIVACYSLEEPCLOUD Oops! That page can’t be found.It looks like nothing was found at this location. Maybe try one of the links below or a search? Search for: Privacy & Cookies: This site uses cookies. By continuing to use this website, you agree to their use. To find out more, including how to control cookies, see here: Cookie Policy Proudly powered by WordPress | Theme: Sydney by aThemes.","2026-05-31T03:23:35.435Z"
"mindfulness","com.urbandroid.sleep","Sleep as Android: Smart alarm","Petr Nálevka (Urbandroid)","yes","$0.99 - $75.00 per item","10000000","http://sleep.urbandroid.org","http://sleep.urbandroid.org/subscription","http://sleep.urbandroid.org/subscription","404","error:http_404","Page not found - Sleep as Android","no_pricing_signal","","0","low","Page not found - Sleep as Android Skip to contentSleep as AndroidNEWSDOCSSUPPORTGET ITPRIVACYSLEEPCLOUD Oops! That page can’t be found.It looks like nothing was found at this location. Maybe try one of the links below or a search? Search for: Privacy & Cookies: This site uses cookies. By continuing to use this website, you agree to their use. To find out more, including how to control cookies, see here: Cookie Policy Proudly powered by WordPress | Theme: Sydney by aThemes.","2026-05-31T03:23:36.755Z"
"mindfulness","com.urbandroid.sleep","Sleep as Android: Smart alarm","Petr Nálevka (Urbandroid)","yes","$0.99 - $75.00 per item","10000000","http://sleep.urbandroid.org","http://sleep.urbandroid.org/upgrade","http://sleep.urbandroid.org/upgrade","404","error:http_404","Page not found - Sleep as Android","no_pricing_signal","","0","low","Page not found - Sleep as Android Skip to contentSleep as AndroidNEWSDOCSSUPPORTGET ITPRIVACYSLEEPCLOUD Oops! That page can’t be found.It looks like nothing was found at this location. Maybe try one of the links below or a search? Search for: Privacy & Cookies: This site uses cookies. By continuing to use this website, you agree to their use. To find out more, including how to control cookies, see here: Cookie Policy Proudly powered by WordPress | Theme: Sydney by aThemes.","2026-05-31T03:23:38.882Z"
"astrology_esoterics","com.costarastrology","Co–Star Personalized Astrology","Co–Star Astrology Society","yes","$0.99 - $74.99 per item","5000000","https://costarastrology.com","https://www.costarastrology.com/","https://www.costarastrology.com/","200","ok","Co – Star: Hyper-Personalized, Real-Time Horoscopes","no_pricing_signal","","0","low","Co – Star: Hyper-Personalized, Real-Time Horoscopes","2026-05-31T03:23:39.833Z"
"astrology_esoterics","com.costarastrology","Co–Star Personalized Astrology","Co–Star Astrology Society","yes","$0.99 - $74.99 per item","5000000","https://costarastrology.com","https://www.costarastrology.com","https://www.costarastrology.com/","200","ok","Co – Star: Hyper-Personalized, Real-Time Horoscopes","no_pricing_signal","","0","low","Co – Star: Hyper-Personalized, Real-Time Horoscopes","2026-05-31T03:23:40.752Z"
"astrology_esoterics","com.costarastrology","Co–Star Personalized Astrology","Co–Star Astrology Society","yes","$0.99 - $74.99 per item","5000000","https://costarastrology.com","https://www.costarastrology.com/pricing","https://www.costarastrology.com/pricing","200","ok","Co – Star: Hyper-Personalized, Real-Time Horoscopes","pricing_page","","0","medium","Co – Star: Hyper-Personalized, Real-Time Horoscopes","2026-05-31T03:23:41.988Z"
"astrology_esoterics","com.costarastrology","Co–Star Personalized Astrology","Co–Star Astrology Society","yes","$0.99 - $74.99 per item","5000000","https://costarastrology.com","https://www.costarastrology.com/plans","https://www.costarastrology.com/plans","200","ok","Co – Star: Hyper-Personalized, Real-Time Horoscopes","pricing_page","","0","medium","Co – Star: Hyper-Personalized, Real-Time Horoscopes","2026-05-31T03:23:43.722Z"
"astrology_esoterics","com.costarastrology","Co–Star Personalized Astrology","Co–Star Astrology Society","yes","$0.99 - $74.99 per item","5000000","https://costarastrology.com","https://www.costarastrology.com/premium","https://www.costarastrology.com/premium","200","ok","Co – Star: Hyper-Personalized, Real-Time Horoscopes","pricing_page","","0","medium","Co – Star: Hyper-Personalized, Real-Time Horoscopes","2026-05-31T03:23:44.951Z"
"astrology_esoterics","com.costarastrology","Co–Star Personalized Astrology","Co–Star Astrology Society","yes","$0.99 - $74.99 per item","5000000","https://costarastrology.com","https://www.costarastrology.com/subscribe","https://www.costarastrology.com/subscribe","200","ok","Co – Star: Hyper-Personalized, Real-Time Horoscopes","pricing_page","","0","medium","Co – Star: Hyper-Personalized, Real-Time Horoscopes","2026-05-31T03:23:46.093Z"
"astrology_esoterics","com.costarastrology","Co–Star Personalized Astrology","Co–Star Astrology Society","yes","$0.99 - $74.99 per item","5000000","https://costarastrology.com","https://www.costarastrology.com/subscription","https://www.costarastrology.com/subscription","200","ok","Co – Star: Hyper-Personalized, Real-Time Horoscopes","pricing_page","","0","medium","Co – Star: Hyper-Personalized, Real-Time Horoscopes","2026-05-31T03:23:47.710Z"
"astrology_esoterics","com.costarastrology","Co–Star Personalized Astrology","Co–Star Astrology Society","yes","$0.99 - $74.99 per item","5000000","https://costarastrology.com","https://www.costarastrology.com/upgrade","https://www.costarastrology.com/upgrade","200","ok","Co – Star: Hyper-Personalized, Real-Time Horoscopes","pricing_page","","0","medium","Co – Star: Hyper-Personalized, Real-Time Horoscopes","2026-05-31T03:23:48.843Z"
"astrology_esoterics","com.astroid.yodha.pro","Yodha My Astrology Horoscope","Yodha","yes","$0.99 - $100.00 per item","5000000","https://yodha.app","https://yodha.app/","https://yodha.app/","200","ok","Home","app_store_redirect","","0","low","Home About Yodha Our Team Yodha in Media Contacts Want more than a horoscope? Get your own Astrologer Receive a horoscope reading that is far beyond ordinary! Yodha app provides deep insight into all life’s questions by making personalized predictions from Vedic astrologers. With its thorough analysis of birth charts, zodiac signs, relevant surroundings, and personal factors, Vedic astrology connects people with their human design. It highlights natural strengths, love compatibility, and innate","2026-05-31T03:23:50.598Z"
"astrology_esoterics","com.astroid.yodha.pro","Yodha My Astrology Horoscope","Yodha","yes","$0.99 - $100.00 per item","5000000","https://yodha.app","https://yodha.app","https://yodha.app/","200","ok","Home","app_store_redirect","","0","low","Home About Yodha Our Team Yodha in Media Contacts Want more than a horoscope? Get your own Astrologer Receive a horoscope reading that is far beyond ordinary! Yodha app provides deep insight into all life’s questions by making personalized predictions from Vedic astrologers. With its thorough analysis of birth charts, zodiac signs, relevant surroundings, and personal factors, Vedic astrology connects people with their human design. It highlights natural strengths, love compatibility, and innate","2026-05-31T03:23:51.411Z"
"astrology_esoterics","com.astroid.yodha.pro","Yodha My Astrology Horoscope","Yodha","yes","$0.99 - $100.00 per item","5000000","https://yodha.app","https://yodha.app/pricing","https://yodha.app/pricing","404","error:http_404","Page not found – Yodha app – daily horoscope and accurate predictions from Vedic astrologers","no_pricing_signal","","0","low","Page not found – Yodha app – daily horoscope and accurate predictions from Vedic astrologers About Yodha Our Team Yodha in Media Contacts Want more than a horoscope? Get your own Astrologer 404. Page not foundBACK HOME Get your personal prediction! Rating Google Play 4,9 out of 5 Rating App Store 4,9 out of 5 © 2026 APPBULBY LIMITEDTerms & Conditions I Privacy I Content To help you quickly find what you are looking for on our site, we use cookies. Some of these cookies are essential and cannot b","2026-05-31T03:23:52.167Z"
"astrology_esoterics","com.astroid.yodha.pro","Yodha My Astrology Horoscope","Yodha","yes","$0.99 - $100.00 per item","5000000","https://yodha.app","https://yodha.app/plans","https://yodha.app/plans","404","error:http_404","Page not found – Yodha app – daily horoscope and accurate predictions from Vedic astrologers","no_pricing_signal","","0","low","Page not found – Yodha app – daily horoscope and accurate predictions from Vedic astrologers About Yodha Our Team Yodha in Media Contacts Want more than a horoscope? Get your own Astrologer 404. Page not foundBACK HOME Get your personal prediction! Rating Google Play 4,9 out of 5 Rating App Store 4,9 out of 5 © 2026 APPBULBY LIMITEDTerms & Conditions I Privacy I Content To help you quickly find what you are looking for on our site, we use cookies. Some of these cookies are essential and cannot b","2026-05-31T03:23:52.990Z"
"astrology_esoterics","com.astroid.yodha.pro","Yodha My Astrology Horoscope","Yodha","yes","$0.99 - $100.00 per item","5000000","https://yodha.app","https://yodha.app/premium","https://yodha.app/premium","404","error:http_404","Page not found – Yodha app – daily horoscope and accurate predictions from Vedic astrologers","no_pricing_signal","","0","low","Page not found – Yodha app – daily horoscope and accurate predictions from Vedic astrologers About Yodha Our Team Yodha in Media Contacts Want more than a horoscope? Get your own Astrologer 404. Page not foundBACK HOME Get your personal prediction! Rating Google Play 4,9 out of 5 Rating App Store 4,9 out of 5 © 2026 APPBULBY LIMITEDTerms & Conditions I Privacy I Content To help you quickly find what you are looking for on our site, we use cookies. Some of these cookies are essential and cannot b","2026-05-31T03:23:53.715Z"
"astrology_esoterics","com.astroid.yodha.pro","Yodha My Astrology Horoscope","Yodha","yes","$0.99 - $100.00 per item","5000000","https://yodha.app","https://yodha.app/subscribe","https://yodha.app/subscribe","404","error:http_404","Page not found – Yodha app – daily horoscope and accurate predictions from Vedic astrologers","no_pricing_signal","","0","low","Page not found – Yodha app – daily horoscope and accurate predictions from Vedic astrologers About Yodha Our Team Yodha in Media Contacts Want more than a horoscope? Get your own Astrologer 404. Page not foundBACK HOME Get your personal prediction! Rating Google Play 4,9 out of 5 Rating App Store 4,9 out of 5 © 2026 APPBULBY LIMITEDTerms & Conditions I Privacy I Content To help you quickly find what you are looking for on our site, we use cookies. Some of these cookies are essential and cannot b","2026-05-31T03:23:54.448Z"
"astrology_esoterics","com.astroid.yodha.pro","Yodha My Astrology Horoscope","Yodha","yes","$0.99 - $100.00 per item","5000000","https://yodha.app","https://yodha.app/subscription","https://yodha.app/subscription","404","error:http_404","Page not found – Yodha app – daily horoscope and accurate predictions from Vedic astrologers","no_pricing_signal","","0","low","Page not found – Yodha app – daily horoscope and accurate predictions from Vedic astrologers About Yodha Our Team Yodha in Media Contacts Want more than a horoscope? Get your own Astrologer 404. Page not foundBACK HOME Get your personal prediction! Rating Google Play 4,9 out of 5 Rating App Store 4,9 out of 5 © 2026 APPBULBY LIMITEDTerms & Conditions I Privacy I Content To help you quickly find what you are looking for on our site, we use cookies. Some of these cookies are essential and cannot b","2026-05-31T03:23:55.199Z"
"astrology_esoterics","com.astroid.yodha.pro","Yodha My Astrology Horoscope","Yodha","yes","$0.99 - $100.00 per item","5000000","https://yodha.app","https://yodha.app/upgrade","https://yodha.app/upgrade","404","error:http_404","Page not found – Yodha app – daily horoscope and accurate predictions from Vedic astrologers","no_pricing_signal","","0","low","Page not found – Yodha app – daily horoscope and accurate predictions from Vedic astrologers About Yodha Our Team Yodha in Media Contacts Want more than a horoscope? Get your own Astrologer 404. Page not foundBACK HOME Get your personal prediction! Rating Google Play 4,9 out of 5 Rating App Store 4,9 out of 5 © 2026 APPBULBY LIMITEDTerms & Conditions I Privacy I Content To help you quickly find what you are looking for on our site, we use cookies. Some of these cookies are essential and cannot b","2026-05-31T03:23:56.018Z"
"astrology_esoterics","genesis.nebula","Nebula: Spiritual Guidance","OBRIO","yes","$0.99 - $299.99 per item","5000000","https://asknebula.com","https://www.asknebula.com/","https://www.asknebula.com/","200","ok","Nebula | Psychic Reading Online - Find Your Psychic Reader","pricing_page|subscription_terms|checkout_language|price_points_detected","$3.99|$1","2","high","Nebula | Psychic Reading Online - Find Your Psychic Reader ⭐ If you're looking for cosmic guidance, Nebula psychic readers will answer every question you might have 💫 Learn what's written in the stars. 3 Minutes FREE + 80% OFF For New Customers3 Minutes FREE + 80% OFF For New CustomersTry nowPsychic ReadingsPsychic ReadingTarot ReadingAstrology ReadingAura ReadingNumerology ReadingPalm ReadingPhone Psychic ReadingEmail Psychic ReadingPsychicsAll PsychicsFree Psychic ReadingCheap PsychicAsk Psyc","2026-05-31T03:23:57.478Z"
"astrology_esoterics","genesis.nebula","Nebula: Spiritual Guidance","OBRIO","yes","$0.99 - $299.99 per item","5000000","https://asknebula.com","https://www.asknebula.com","https://www.asknebula.com/","200","ok","Nebula | Psychic Reading Online - Find Your Psychic Reader","pricing_page|subscription_terms|checkout_language|price_points_detected","$3.99|$1","2","high","Nebula | Psychic Reading Online - Find Your Psychic Reader ⭐ If you're looking for cosmic guidance, Nebula psychic readers will answer every question you might have 💫 Learn what's written in the stars. 3 Minutes FREE + 80% OFF For New Customers3 Minutes FREE + 80% OFF For New CustomersTry nowPsychic ReadingsPsychic ReadingTarot ReadingAstrology ReadingAura ReadingNumerology ReadingPalm ReadingPhone Psychic ReadingEmail Psychic ReadingPsychicsAll PsychicsFree Psychic ReadingCheap PsychicAsk Psyc","2026-05-31T03:23:57.733Z"
"astrology_esoterics","genesis.nebula","Nebula: Spiritual Guidance","OBRIO","yes","$0.99 - $299.99 per item","5000000","https://asknebula.com","https://www.asknebula.com/pricing","https://www.asknebula.com/pricing","404","error:http_404","404, Page Not Found","no_pricing_signal","","0","low","404, Page Not Found Oops! Looks like you've reached the stars we cannot align 3 Minutes FREE + 80% OFF For New Customers3 Minutes FREE + 80% OFF For New CustomersTry nowPsychic ReadingsPsychic ReadingTarot ReadingAstrology ReadingAura ReadingNumerology ReadingPalm ReadingPhone Psychic ReadingEmail Psychic ReadingPsychicsAll PsychicsFree Psychic ReadingCheap PsychicAsk PsychicPsychic ChatTopicsLove ReadingFortune ReadingPast Life ReadingCareer ReadingLost Objects ReadingFertility ReadingSoulmate","2026-05-31T03:23:59.258Z"
"astrology_esoterics","genesis.nebula","Nebula: Spiritual Guidance","OBRIO","yes","$0.99 - $299.99 per item","5000000","https://asknebula.com","https://www.asknebula.com/plans","https://www.asknebula.com/plans","404","error:http_404","404, Page Not Found","no_pricing_signal","","0","low","404, Page Not Found Oops! Looks like you've reached the stars we cannot align 3 Minutes FREE + 80% OFF For New Customers3 Minutes FREE + 80% OFF For New CustomersTry nowPsychic ReadingsPsychic ReadingTarot ReadingAstrology ReadingAura ReadingNumerology ReadingPalm ReadingPhone Psychic ReadingEmail Psychic ReadingPsychicsAll PsychicsFree Psychic ReadingCheap PsychicAsk PsychicPsychic ChatTopicsLove ReadingFortune ReadingPast Life ReadingCareer ReadingLost Objects ReadingFertility ReadingSoulmate","2026-05-31T03:24:00.331Z"
"astrology_esoterics","genesis.nebula","Nebula: Spiritual Guidance","OBRIO","yes","$0.99 - $299.99 per item","5000000","https://asknebula.com","https://www.asknebula.com/premium","https://www.asknebula.com/premium","404","error:http_404","404, Page Not Found","no_pricing_signal","","0","low","404, Page Not Found Oops! Looks like you've reached the stars we cannot align 3 Minutes FREE + 80% OFF For New Customers3 Minutes FREE + 80% OFF For New CustomersTry nowPsychic ReadingsPsychic ReadingTarot ReadingAstrology ReadingAura ReadingNumerology ReadingPalm ReadingPhone Psychic ReadingEmail Psychic ReadingPsychicsAll PsychicsFree Psychic ReadingCheap PsychicAsk PsychicPsychic ChatTopicsLove ReadingFortune ReadingPast Life ReadingCareer ReadingLost Objects ReadingFertility ReadingSoulmate","2026-05-31T03:24:01.169Z"
"astrology_esoterics","genesis.nebula","Nebula: Spiritual Guidance","OBRIO","yes","$0.99 - $299.99 per item","5000000","https://asknebula.com","https://www.asknebula.com/subscribe","https://www.asknebula.com/subscribe","404","error:http_404","404, Page Not Found","no_pricing_signal","","0","low","404, Page Not Found Oops! Looks like you've reached the stars we cannot align 3 Minutes FREE + 80% OFF For New Customers3 Minutes FREE + 80% OFF For New CustomersTry nowPsychic ReadingsPsychic ReadingTarot ReadingAstrology ReadingAura ReadingNumerology ReadingPalm ReadingPhone Psychic ReadingEmail Psychic ReadingPsychicsAll PsychicsFree Psychic ReadingCheap PsychicAsk PsychicPsychic ChatTopicsLove ReadingFortune ReadingPast Life ReadingCareer ReadingLost Objects ReadingFertility ReadingSoulmate","2026-05-31T03:24:02.001Z"
"astrology_esoterics","genesis.nebula","Nebula: Spiritual Guidance","OBRIO","yes","$0.99 - $299.99 per item","5000000","https://asknebula.com","https://www.asknebula.com/subscription","https://www.asknebula.com/subscription","404","error:http_404","404, Page Not Found","no_pricing_signal","","0","low","404, Page Not Found Oops! Looks like you've reached the stars we cannot align 3 Minutes FREE + 80% OFF For New Customers3 Minutes FREE + 80% OFF For New CustomersTry nowPsychic ReadingsPsychic ReadingTarot ReadingAstrology ReadingAura ReadingNumerology ReadingPalm ReadingPhone Psychic ReadingEmail Psychic ReadingPsychicsAll PsychicsFree Psychic ReadingCheap PsychicAsk PsychicPsychic ChatTopicsLove ReadingFortune ReadingPast Life ReadingCareer ReadingLost Objects ReadingFertility ReadingSoulmate","2026-05-31T03:24:02.752Z"
"astrology_esoterics","genesis.nebula","Nebula: Spiritual Guidance","OBRIO","yes","$0.99 - $299.99 per item","5000000","https://asknebula.com","https://www.asknebula.com/upgrade","https://www.asknebula.com/upgrade","404","error:http_404","404, Page Not Found","no_pricing_signal","","0","low","404, Page Not Found Oops! Looks like you've reached the stars we cannot align 3 Minutes FREE + 80% OFF For New Customers3 Minutes FREE + 80% OFF For New CustomersTry nowPsychic ReadingsPsychic ReadingTarot ReadingAstrology ReadingAura ReadingNumerology ReadingPalm ReadingPhone Psychic ReadingEmail Psychic ReadingPsychicsAll PsychicsFree Psychic ReadingCheap PsychicAsk PsychicPsychic ChatTopicsLove ReadingFortune ReadingPast Life ReadingCareer ReadingLost Objects ReadingFertility ReadingSoulmate","2026-05-31T03:24:03.540Z"
"avatar_identity","com.melemoe.avatarmake","Anime Avatar Maker 2","Kitten Doll HK","yes","$1.99 - $26.99 per item","5000000","https://moedressup.com","https://moedressup.com/","https://moedressup.com/","200","ok","Moe Dress Up Games | 主页","no_pricing_signal","","0","low","Moe Dress Up Games | 主页 主页 Apps Contact Us Privacy Policy Tidy Space Candyville:Avatar City FashionDoll Princess Dress Up Game Anime Avatar Maker,Creator Powered by Yiju Network Technology 联系方式：mele@melestudio.cn","2026-05-31T03:24:04.123Z"
"avatar_identity","com.melemoe.avatarmake","Anime Avatar Maker 2","Kitten Doll HK","yes","$1.99 - $26.99 per item","5000000","https://moedressup.com","https://moedressup.com","https://moedressup.com/","200","ok","Moe Dress Up Games | 主页","no_pricing_signal","","0","low","Moe Dress Up Games | 主页 主页 Apps Contact Us Privacy Policy Tidy Space Candyville:Avatar City FashionDoll Princess Dress Up Game Anime Avatar Maker,Creator Powered by Yiju Network Technology 联系方式：mele@melestudio.cn","2026-05-31T03:24:04.286Z"
"avatar_identity","com.melemoe.avatarmake","Anime Avatar Maker 2","Kitten Doll HK","yes","$1.99 - $26.99 per item","5000000","https://moedressup.com","https://moedressup.com/pricing","https://moedressup.com/pricing","404","error:http_404","404 - �Ҳ����ļ���Ŀ¼��","no_pricing_signal","","0","low","404 - �Ҳ����ļ���Ŀ¼�� ���������� 404 - �Ҳ����ļ���Ŀ¼�� ��Ҫ���ҵ���Դ�����ѱ�ɾ�����Ѹ������ƻ�����ʱ�����á�","2026-05-31T03:24:04.449Z"
"avatar_identity","com.melemoe.avatarmake","Anime Avatar Maker 2","Kitten Doll HK","yes","$1.99 - $26.99 per item","5000000","https://moedressup.com","https://moedressup.com/plans","https://moedressup.com/plans","404","error:http_404","404 - �Ҳ����ļ���Ŀ¼��","no_pricing_signal","","0","low","404 - �Ҳ����ļ���Ŀ¼�� ���������� 404 - �Ҳ����ļ���Ŀ¼�� ��Ҫ���ҵ���Դ�����ѱ�ɾ�����Ѹ������ƻ�����ʱ�����á�","2026-05-31T03:24:04.611Z"
"avatar_identity","com.melemoe.avatarmake","Anime Avatar Maker 2","Kitten Doll HK","yes","$1.99 - $26.99 per item","5000000","https://moedressup.com","https://moedressup.com/premium","https://moedressup.com/premium","404","error:http_404","404 - �Ҳ����ļ���Ŀ¼��","no_pricing_signal","","0","low","404 - �Ҳ����ļ���Ŀ¼�� ���������� 404 - �Ҳ����ļ���Ŀ¼�� ��Ҫ���ҵ���Դ�����ѱ�ɾ�����Ѹ������ƻ�����ʱ�����á�","2026-05-31T03:24:04.773Z"
"avatar_identity","com.melemoe.avatarmake","Anime Avatar Maker 2","Kitten Doll HK","yes","$1.99 - $26.99 per item","5000000","https://moedressup.com","https://moedressup.com/subscribe","https://moedressup.com/subscribe","404","error:http_404","404 - �Ҳ����ļ���Ŀ¼��","no_pricing_signal","","0","low","404 - �Ҳ����ļ���Ŀ¼�� ���������� 404 - �Ҳ����ļ���Ŀ¼�� ��Ҫ���ҵ���Դ�����ѱ�ɾ�����Ѹ������ƻ�����ʱ�����á�","2026-05-31T03:24:04.935Z"
"avatar_identity","com.melemoe.avatarmake","Anime Avatar Maker 2","Kitten Doll HK","yes","$1.99 - $26.99 per item","5000000","https://moedressup.com","https://moedressup.com/subscription","https://moedressup.com/subscription","404","error:http_404","404 - �Ҳ����ļ���Ŀ¼��","no_pricing_signal","","0","low","404 - �Ҳ����ļ���Ŀ¼�� ���������� 404 - �Ҳ����ļ���Ŀ¼�� ��Ҫ���ҵ���Դ�����ѱ�ɾ�����Ѹ������ƻ�����ʱ�����á�","2026-05-31T03:24:05.101Z"
"avatar_identity","com.melemoe.avatarmake","Anime Avatar Maker 2","Kitten Doll HK","yes","$1.99 - $26.99 per item","5000000","https://moedressup.com","https://moedressup.com/upgrade","https://moedressup.com/upgrade","404","error:http_404","404 - �Ҳ����ļ���Ŀ¼��","no_pricing_signal","","0","low","404 - �Ҳ����ļ���Ŀ¼�� ���������� 404 - �Ҳ����ļ���Ŀ¼�� ��Ҫ���ҵ���Դ�����ѱ�ɾ�����Ѹ������ƻ�����ʱ�����á�","2026-05-31T03:24:05.263Z"
"avatar_identity","com.Ghoulkiss.MonsterGirlMaker2","Monster Girl Maker 2","GHOULKISS","yes","$2.49 per item","5000000","https://ghoulkiss.com","https://ghoulkiss.com/","https://www.ghoulkiss.com/","200","ok","(ﾉ≧∀≦)ﾉ・‥…━━━★","subscription_terms","","0","medium","(ﾉ≧∀≦)ﾉ・‥…━━━★ 0 Skip to Content (ﾉ≧∀≦)ﾉ・‥…━━━★ Open Menu Close Menu (ﾉ≧∀≦)ﾉ・‥…━━━★ Open Menu Close Menu . ⋆｡°★ hello . ⋆｡°★I’m Emmy and I go by the artist/pen name ‘GhoulKiss’! I’ve been operating under this name since around 2015, and I absolutely love creating merchandise such as posters, stickers, pin badges, keyrings and other fun accessories and mediums. I have an absolute love for old school Y2K styled merch!My works usually have a recurring theme of strange and fantasy-like character des","2026-05-31T03:24:05.940Z"
"avatar_identity","com.Ghoulkiss.MonsterGirlMaker2","Monster Girl Maker 2","GHOULKISS","yes","$2.49 per item","5000000","https://ghoulkiss.com","https://ghoulkiss.com","https://www.ghoulkiss.com/","200","ok","(ﾉ≧∀≦)ﾉ・‥…━━━★","subscription_terms","","0","medium","(ﾉ≧∀≦)ﾉ・‥…━━━★ 0 Skip to Content (ﾉ≧∀≦)ﾉ・‥…━━━★ Open Menu Close Menu (ﾉ≧∀≦)ﾉ・‥…━━━★ Open Menu Close Menu . ⋆｡°★ hello . ⋆｡°★I’m Emmy and I go by the artist/pen name ‘GhoulKiss’! I’ve been operating under this name since around 2015, and I absolutely love creating merchandise such as posters, stickers, pin badges, keyrings and other fun accessories and mediums. I have an absolute love for old school Y2K styled merch!My works usually have a recurring theme of strange and fantasy-like character des","2026-05-31T03:24:06.191Z"
"avatar_identity","com.Ghoulkiss.MonsterGirlMaker2","Monster Girl Maker 2","GHOULKISS","yes","$2.49 per item","5000000","https://ghoulkiss.com","https://ghoulkiss.com/pricing","https://www.ghoulkiss.com/pricing","404","error:http_404","(ﾉ≧∀≦)ﾉ・‥…━━━★","no_pricing_signal","","0","low","(ﾉ≧∀≦)ﾉ・‥…━━━★ 0 Skip to Content (ﾉ≧∀≦)ﾉ・‥…━━━★ Open Menu Close Menu (ﾉ≧∀≦)ﾉ・‥…━━━★ Open Menu Close Menu We couldn't find the page you were looking for. This is either because: There is an error in the URL entered into your web browser. Please check the URL and try again. The page you are looking for has been moved or deleted. You can return to our homepage by clicking here, or you can try searching for the content you are seeking by clicking here.","2026-05-31T03:24:06.960Z"
"avatar_identity","com.Ghoulkiss.MonsterGirlMaker2","Monster Girl Maker 2","GHOULKISS","yes","$2.49 per item","5000000","https://ghoulkiss.com","https://ghoulkiss.com/plans","https://www.ghoulkiss.com/plans","404","error:http_404","(ﾉ≧∀≦)ﾉ・‥…━━━★","no_pricing_signal","","0","low","(ﾉ≧∀≦)ﾉ・‥…━━━★ 0 Skip to Content (ﾉ≧∀≦)ﾉ・‥…━━━★ Open Menu Close Menu (ﾉ≧∀≦)ﾉ・‥…━━━★ Open Menu Close Menu We couldn't find the page you were looking for. This is either because: There is an error in the URL entered into your web browser. Please check the URL and try again. The page you are looking for has been moved or deleted. You can return to our homepage by clicking here, or you can try searching for the content you are seeking by clicking here.","2026-05-31T03:24:07.847Z"
"avatar_identity","com.Ghoulkiss.MonsterGirlMaker2","Monster Girl Maker 2","GHOULKISS","yes","$2.49 per item","5000000","https://ghoulkiss.com","https://ghoulkiss.com/premium","https://www.ghoulkiss.com/premium","404","error:http_404","(ﾉ≧∀≦)ﾉ・‥…━━━★","no_pricing_signal","","0","low","(ﾉ≧∀≦)ﾉ・‥…━━━★ 0 Skip to Content (ﾉ≧∀≦)ﾉ・‥…━━━★ Open Menu Close Menu (ﾉ≧∀≦)ﾉ・‥…━━━★ Open Menu Close Menu We couldn't find the page you were looking for. This is either because: There is an error in the URL entered into your web browser. Please check the URL and try again. The page you are looking for has been moved or deleted. You can return to our homepage by clicking here, or you can try searching for the content you are seeking by clicking here.","2026-05-31T03:24:08.736Z"
"avatar_identity","com.Ghoulkiss.MonsterGirlMaker2","Monster Girl Maker 2","GHOULKISS","yes","$2.49 per item","5000000","https://ghoulkiss.com","https://ghoulkiss.com/subscribe","https://www.ghoulkiss.com/subscribe","404","error:http_404","(ﾉ≧∀≦)ﾉ・‥…━━━★","no_pricing_signal","","0","low","(ﾉ≧∀≦)ﾉ・‥…━━━★ 0 Skip to Content (ﾉ≧∀≦)ﾉ・‥…━━━★ Open Menu Close Menu (ﾉ≧∀≦)ﾉ・‥…━━━★ Open Menu Close Menu We couldn't find the page you were looking for. This is either because: There is an error in the URL entered into your web browser. Please check the URL and try again. The page you are looking for has been moved or deleted. You can return to our homepage by clicking here, or you can try searching for the content you are seeking by clicking here.","2026-05-31T03:24:09.578Z"
"avatar_identity","com.Ghoulkiss.MonsterGirlMaker2","Monster Girl Maker 2","GHOULKISS","yes","$2.49 per item","5000000","https://ghoulkiss.com","https://ghoulkiss.com/subscription","https://www.ghoulkiss.com/subscription","404","error:http_404","(ﾉ≧∀≦)ﾉ・‥…━━━★","no_pricing_signal","","0","low","(ﾉ≧∀≦)ﾉ・‥…━━━★ 0 Skip to Content (ﾉ≧∀≦)ﾉ・‥…━━━★ Open Menu Close Menu (ﾉ≧∀≦)ﾉ・‥…━━━★ Open Menu Close Menu We couldn't find the page you were looking for. This is either because: There is an error in the URL entered into your web browser. Please check the URL and try again. The page you are looking for has been moved or deleted. You can return to our homepage by clicking here, or you can try searching for the content you are seeking by clicking here.","2026-05-31T03:24:10.468Z"
"avatar_identity","com.Ghoulkiss.MonsterGirlMaker2","Monster Girl Maker 2","GHOULKISS","yes","$2.49 per item","5000000","https://ghoulkiss.com","https://ghoulkiss.com/upgrade","https://www.ghoulkiss.com/upgrade","404","error:http_404","(ﾉ≧∀≦)ﾉ・‥…━━━★","no_pricing_signal","","0","low","(ﾉ≧∀≦)ﾉ・‥…━━━★ 0 Skip to Content (ﾉ≧∀≦)ﾉ・‥…━━━★ Open Menu Close Menu (ﾉ≧∀≦)ﾉ・‥…━━━★ Open Menu Close Menu We couldn't find the page you were looking for. This is either because: There is an error in the URL entered into your web browser. Please check the URL and try again. The page you are looking for has been moved or deleted. You can return to our homepage by clicking here, or you can try searching for the content you are seeking by clicking here.","2026-05-31T03:24:11.389Z"
"avatar_identity","com.Ghoulkiss.MonsterGirlMaker","Monster Girl Maker","GHOULKISS","yes","$2.49 per item","5000000","http://ghoulkiss.com","http://ghoulkiss.com/","https://www.ghoulkiss.com/","200","ok","(ﾉ≧∀≦)ﾉ・‥…━━━★","subscription_terms","","0","medium","(ﾉ≧∀≦)ﾉ・‥…━━━★ 0 Skip to Content (ﾉ≧∀≦)ﾉ・‥…━━━★ Open Menu Close Menu (ﾉ≧∀≦)ﾉ・‥…━━━★ Open Menu Close Menu . ⋆｡°★ hello . ⋆｡°★I’m Emmy and I go by the artist/pen name ‘GhoulKiss’! I’ve been operating under this name since around 2015, and I absolutely love creating merchandise such as posters, stickers, pin badges, keyrings and other fun accessories and mediums. I have an absolute love for old school Y2K styled merch!My works usually have a recurring theme of strange and fantasy-like character des","2026-05-31T03:24:11.690Z"
"avatar_identity","com.Ghoulkiss.MonsterGirlMaker","Monster Girl Maker","GHOULKISS","yes","$2.49 per item","5000000","http://ghoulkiss.com","http://ghoulkiss.com","https://www.ghoulkiss.com/","200","ok","(ﾉ≧∀≦)ﾉ・‥…━━━★","subscription_terms","","0","medium","(ﾉ≧∀≦)ﾉ・‥…━━━★ 0 Skip to Content (ﾉ≧∀≦)ﾉ・‥…━━━★ Open Menu Close Menu (ﾉ≧∀≦)ﾉ・‥…━━━★ Open Menu Close Menu . ⋆｡°★ hello . ⋆｡°★I’m Emmy and I go by the artist/pen name ‘GhoulKiss’! I’ve been operating under this name since around 2015, and I absolutely love creating merchandise such as posters, stickers, pin badges, keyrings and other fun accessories and mediums. I have an absolute love for old school Y2K styled merch!My works usually have a recurring theme of strange and fantasy-like character des","2026-05-31T03:24:11.936Z"
"avatar_identity","com.Ghoulkiss.MonsterGirlMaker","Monster Girl Maker","GHOULKISS","yes","$2.49 per item","5000000","http://ghoulkiss.com","http://ghoulkiss.com/pricing","https://www.ghoulkiss.com/pricing","404","error:http_404","(ﾉ≧∀≦)ﾉ・‥…━━━★","no_pricing_signal","","0","low","(ﾉ≧∀≦)ﾉ・‥…━━━★ 0 Skip to Content (ﾉ≧∀≦)ﾉ・‥…━━━★ Open Menu Close Menu (ﾉ≧∀≦)ﾉ・‥…━━━★ Open Menu Close Menu We couldn't find the page you were looking for. This is either because: There is an error in the URL entered into your web browser. Please check the URL and try again. The page you are looking for has been moved or deleted. You can return to our homepage by clicking here, or you can try searching for the content you are seeking by clicking here.","2026-05-31T03:24:12.556Z"
"avatar_identity","com.Ghoulkiss.MonsterGirlMaker","Monster Girl Maker","GHOULKISS","yes","$2.49 per item","5000000","http://ghoulkiss.com","http://ghoulkiss.com/plans","https://www.ghoulkiss.com/plans","404","error:http_404","(ﾉ≧∀≦)ﾉ・‥…━━━★","no_pricing_signal","","0","low","(ﾉ≧∀≦)ﾉ・‥…━━━★ 0 Skip to Content (ﾉ≧∀≦)ﾉ・‥…━━━★ Open Menu Close Menu (ﾉ≧∀≦)ﾉ・‥…━━━★ Open Menu Close Menu We couldn't find the page you were looking for. This is either because: There is an error in the URL entered into your web browser. Please check the URL and try again. The page you are looking for has been moved or deleted. You can return to our homepage by clicking here, or you can try searching for the content you are seeking by clicking here.","2026-05-31T03:24:13.195Z"
"avatar_identity","com.Ghoulkiss.MonsterGirlMaker","Monster Girl Maker","GHOULKISS","yes","$2.49 per item","5000000","http://ghoulkiss.com","http://ghoulkiss.com/premium","https://www.ghoulkiss.com/premium","404","error:http_404","(ﾉ≧∀≦)ﾉ・‥…━━━★","no_pricing_signal","","0","low","(ﾉ≧∀≦)ﾉ・‥…━━━★ 0 Skip to Content (ﾉ≧∀≦)ﾉ・‥…━━━★ Open Menu Close Menu (ﾉ≧∀≦)ﾉ・‥…━━━★ Open Menu Close Menu We couldn't find the page you were looking for. This is either because: There is an error in the URL entered into your web browser. Please check the URL and try again. The page you are looking for has been moved or deleted. You can return to our homepage by clicking here, or you can try searching for the content you are seeking by clicking here.","2026-05-31T03:24:13.837Z"
"avatar_identity","com.Ghoulkiss.MonsterGirlMaker","Monster Girl Maker","GHOULKISS","yes","$2.49 per item","5000000","http://ghoulkiss.com","http://ghoulkiss.com/subscribe","https://www.ghoulkiss.com/subscribe","404","error:http_404","(ﾉ≧∀≦)ﾉ・‥…━━━★","no_pricing_signal","","0","low","(ﾉ≧∀≦)ﾉ・‥…━━━★ 0 Skip to Content (ﾉ≧∀≦)ﾉ・‥…━━━★ Open Menu Close Menu (ﾉ≧∀≦)ﾉ・‥…━━━★ Open Menu Close Menu We couldn't find the page you were looking for. This is either because: There is an error in the URL entered into your web browser. Please check the URL and try again. The page you are looking for has been moved or deleted. You can return to our homepage by clicking here, or you can try searching for the content you are seeking by clicking here.","2026-05-31T03:24:14.477Z"
"avatar_identity","com.Ghoulkiss.MonsterGirlMaker","Monster Girl Maker","GHOULKISS","yes","$2.49 per item","5000000","http://ghoulkiss.com","http://ghoulkiss.com/subscription","https://www.ghoulkiss.com/subscription","404","error:http_404","(ﾉ≧∀≦)ﾉ・‥…━━━★","no_pricing_signal","","0","low","(ﾉ≧∀≦)ﾉ・‥…━━━★ 0 Skip to Content (ﾉ≧∀≦)ﾉ・‥…━━━★ Open Menu Close Menu (ﾉ≧∀≦)ﾉ・‥…━━━★ Open Menu Close Menu We couldn't find the page you were looking for. This is either because: There is an error in the URL entered into your web browser. Please check the URL and try again. The page you are looking for has been moved or deleted. You can return to our homepage by clicking here, or you can try searching for the content you are seeking by clicking here.","2026-05-31T03:24:15.111Z"
"avatar_identity","com.Ghoulkiss.MonsterGirlMaker","Monster Girl Maker","GHOULKISS","yes","$2.49 per item","5000000","http://ghoulkiss.com","http://ghoulkiss.com/upgrade","https://www.ghoulkiss.com/upgrade","404","error:http_404","(ﾉ≧∀≦)ﾉ・‥…━━━★","no_pricing_signal","","0","low","(ﾉ≧∀≦)ﾉ・‥…━━━★ 0 Skip to Content (ﾉ≧∀≦)ﾉ・‥…━━━★ Open Menu Close Menu (ﾉ≧∀≦)ﾉ・‥…━━━★ Open Menu Close Menu We couldn't find the page you were looking for. This is either because: There is an error in the URL entered into your web browser. Please check the URL and try again. The page you are looking for has been moved or deleted. You can return to our homepage by clicking here, or you can try searching for the content you are seeking by clicking here.","2026-05-31T03:24:15.748Z"
"avatar_identity","jp.customcast.cc2","CUSTOM CAST","Custom Cast, Inc.","yes","$0.99 - $84.99 per item","5000000","http://customcast.jp","http://customcast.jp/","http://customcast.jp/","200","ok","カスタムキャスト","app_store_redirect","","0","low","カスタムキャスト スマホで誰でも簡単3Dキャラメイク!! 直感的なUIで容姿をカスタマイズ。フェイスタイプ、ヘアタイプ、ボディ、コスチュームまで自由自在！ Notice お知らせ 2026.05.29DLC 新規アイテム配布情報！ 2026.05.29DLC 過去アイテム配布情報！ 2026.05.27ショップ 【ショップアイテム】ノーブルタキシードセット 他 2026.05.22その他 カスタムキャスト公式生放送 2026.05.21その他 【5/28まで】無料でコインGET! 報酬2倍キャンペーン お知らせ一覧 Customize カスタマイズ 直感的なUIで容姿をカスタマイズし理想の3Dキャラに！ フェイスタイプ、ヘアタイプ、ボディ、コスチュームまで自由自在 スクリーンショット 顔のカスタマイズも自由自在 ヘアスタイル 服のコーディネート 目の閉じ具合の調整 メニュー半透明機能 ポーズの変更 アクセサリの位置変更可能 男性パーツ Distribution 映像配信 スマホで気軽にVTuber配信がニコニコ生放送でできる！ iPhone X／iPhone Xs／iPhone Xs","2026-05-31T03:24:16.549Z"
"avatar_identity","jp.customcast.cc2","CUSTOM CAST","Custom Cast, Inc.","yes","$0.99 - $84.99 per item","5000000","http://customcast.jp","http://customcast.jp","http://customcast.jp/","200","ok","カスタムキャスト","app_store_redirect","","0","low","カスタムキャスト スマホで誰でも簡単3Dキャラメイク!! 直感的なUIで容姿をカスタマイズ。フェイスタイプ、ヘアタイプ、ボディ、コスチュームまで自由自在！ Notice お知らせ 2026.05.29DLC 新規アイテム配布情報！ 2026.05.29DLC 過去アイテム配布情報！ 2026.05.27ショップ 【ショップアイテム】ノーブルタキシードセット 他 2026.05.22その他 カスタムキャスト公式生放送 2026.05.21その他 【5/28まで】無料でコインGET! 報酬2倍キャンペーン お知らせ一覧 Customize カスタマイズ 直感的なUIで容姿をカスタマイズし理想の3Dキャラに！ フェイスタイプ、ヘアタイプ、ボディ、コスチュームまで自由自在 スクリーンショット 顔のカスタマイズも自由自在 ヘアスタイル 服のコーディネート 目の閉じ具合の調整 メニュー半透明機能 ポーズの変更 アクセサリの位置変更可能 男性パーツ Distribution 映像配信 スマホで気軽にVTuber配信がニコニコ生放送でできる！ iPhone X／iPhone Xs／iPhone Xs","2026-05-31T03:24:16.760Z"
"avatar_identity","jp.customcast.cc2","CUSTOM CAST","Custom Cast, Inc.","yes","$0.99 - $84.99 per item","5000000","http://customcast.jp","http://customcast.jp/pricing","http://customcast.jp/pricing","404","error:http_404","404 Not Found","no_pricing_signal","","0","low","404 Not Found Not Found The requested URL was not found on this server.","2026-05-31T03:24:16.958Z"
"avatar_identity","jp.customcast.cc2","CUSTOM CAST","Custom Cast, Inc.","yes","$0.99 - $84.99 per item","5000000","http://customcast.jp","http://customcast.jp/plans","http://customcast.jp/plans","404","error:http_404","404 Not Found","no_pricing_signal","","0","low","404 Not Found Not Found The requested URL was not found on this server.","2026-05-31T03:24:17.158Z"
"avatar_identity","jp.customcast.cc2","CUSTOM CAST","Custom Cast, Inc.","yes","$0.99 - $84.99 per item","5000000","http://customcast.jp","http://customcast.jp/premium","http://customcast.jp/premium","404","error:http_404","404 Not Found","no_pricing_signal","","0","low","404 Not Found Not Found The requested URL was not found on this server.","2026-05-31T03:24:17.356Z"
"avatar_identity","jp.customcast.cc2","CUSTOM CAST","Custom Cast, Inc.","yes","$0.99 - $84.99 per item","5000000","http://customcast.jp","http://customcast.jp/subscribe","http://customcast.jp/subscribe","404","error:http_404","404 Not Found","no_pricing_signal","","0","low","404 Not Found Not Found The requested URL was not found on this server.","2026-05-31T03:24:17.553Z"
"avatar_identity","jp.customcast.cc2","CUSTOM CAST","Custom Cast, Inc.","yes","$0.99 - $84.99 per item","5000000","http://customcast.jp","http://customcast.jp/subscription","http://customcast.jp/subscription","404","error:http_404","404 Not Found","no_pricing_signal","","0","low","404 Not Found Not Found The requested URL was not found on this server.","2026-05-31T03:24:17.752Z"
"avatar_identity","jp.customcast.cc2","CUSTOM CAST","Custom Cast, Inc.","yes","$0.99 - $84.99 per item","5000000","http://customcast.jp","http://customcast.jp/upgrade","http://customcast.jp/upgrade","404","error:http_404","404 Not Found","no_pricing_signal","","0","low","404 Not Found Not Found The requested URL was not found on this server.","2026-05-31T03:24:17.950Z"