signal_row_id,source_type,signal_kind,evidence_strength,market_or_archetype,app_or_source_name,app_store_id,rating,updated_at,interpretation,quote_excerpt,source_url
"CSR-00001","app_store_review","word_of_mouth_or_personal_recommendation","medium","faith_devotional_habit","Shepherd: Spiritual Bible BFF","6745461941","5","2026-04-30T23:33:44-07:00","Personal recommendations and lightweight social proof matter; Alina should make the first value moment easy to describe.","Best Christian App Literally the funnest way to continue your journey with God! I got it because my friend told me about it, and when I started going on it more, I feel so much more connected to God and I feel my journey has been able to flourish more with this app! It’s very interactive and super cute! This app is honestly fearf","https://itunes.apple.com/us/rss/customerreviews/id=6745461941/sortBy=mostRecent/json"
"CSR-00002","app_store_review","word_of_mouth_or_personal_recommendation","medium","faith_devotional_habit","Shepherd: Spiritual Bible BFF","6745461941","5","2026-04-15T15:54:32-07:00","Personal recommendations and lightweight social proof matter; Alina should make the first value moment easy to describe.","Shepherd Recommendations I absolutely Love this app, It’s already helped me so much with my spiritual journey and I am obsessed. Here are a few recommendations to make the app more fun though! I think there should be little mini games or just","https://itunes.apple.com/us/rss/customerreviews/id=6745461941/sortBy=mostRecent/json"
"CSR-00003","app_store_review","word_of_mouth_or_personal_recommendation","medium","faith_devotional_habit","Shepherd: Spiritual Bible BFF","6745461941","5","2026-03-14T09:34:49-07:00","Personal recommendations and lightweight social proof matter; Alina should make the first value moment easy to describe.","Shepherd 2-14-26 Shepherd is GREAT but it’s not working for me or my friends what’s going on?? 2-14-26","https://itunes.apple.com/us/rss/customerreviews/id=6745461941/sortBy=mostRecent/json"
"CSR-00004","app_store_review","community_or_accountability_need","medium","faith_devotional_habit","Shepherd: Spiritual Bible BFF","6745461941","5","2026-03-14T09:34:49-07:00","There is demand for being accompanied, but community mechanics should support the solo ritual rather than replace it.","Shepherd 2-14-26 Shepherd is GREAT but it’s not working for me or my friends what’s going on?? 2-14-26","https://itunes.apple.com/us/rss/customerreviews/id=6745461941/sortBy=mostRecent/json"
"CSR-00005","app_store_review","community_or_accountability_need","medium","faith_devotional_habit","Shepherd: Spiritual Bible BFF","6745461941","5","2026-01-29T04:04:27-07:00","There is demand for being accompanied, but community mechanics should support the solo ritual rather than replace it.","Friends Hey! I have had this app for 4 days now and one thing I have noticed is that there aren’t enough friend spots. I would love to envoyé more friends and spread the Gospels with them but 3 limits that number. If we could h","https://itunes.apple.com/us/rss/customerreviews/id=6745461941/sortBy=mostRecent/json"
"CSR-00006","app_store_review","community_or_accountability_need","medium","faith_devotional_habit","Shepherd: Spiritual Bible BFF","6745461941","5","2026-01-22T19:06:02-07:00","There is demand for being accompanied, but community mechanics should support the solo ritual rather than replace it.","I rlly love this app but I love this app so much like a lot i love how it encourages me to read my bible and pray more but…. Every time I leave the app and go back it logs me out and every single time I wanna go into it I have to log myself in again it’s annoying pleaseeeee fixxx this other than that I","https://itunes.apple.com/us/rss/customerreviews/id=6745461941/sortBy=mostRecent/json"
"CSR-00007","app_store_review","community_or_accountability_need","medium","faith_devotional_habit","Shepherd: Spiritual Bible BFF","6745461941","4","2026-01-04T14:32:42-07:00","There is demand for being accompanied, but community mechanics should support the solo ritual rather than replace it.","I love this app I love this app. This app has helped me know more about my faith and has helped me talked to christ more. I shared this app to a few people and one of them got it. This app is really good but their are some things it can improve on. First of all, when i ask the ai something and it answers for me to follow up it doesnt remember what","https://itunes.apple.com/us/rss/customerreviews/id=6745461941/sortBy=mostRecent/json"
"CSR-00008","app_store_review","word_of_mouth_or_personal_recommendation","medium","faith_devotional_habit","Shepherd: Spiritual Bible BFF","6745461941","5","2026-01-01T20:02:38-07:00","Personal recommendations and lightweight social proof matter; Alina should make the first value moment easy to describe.","love this !! This app has brought me closer to God and my friends !! I absolutely love it and totally recommend it","https://itunes.apple.com/us/rss/customerreviews/id=6745461941/sortBy=mostRecent/json"
"CSR-00009","app_store_review","community_or_accountability_need","medium","faith_devotional_habit","Shepherd: Spiritual Bible BFF","6745461941","5","2026-01-01T20:02:38-07:00","There is demand for being accompanied, but community mechanics should support the solo ritual rather than replace it.","love this !! This app has brought me closer to God and my friends !! I absolutely love it and totally recommend it","https://itunes.apple.com/us/rss/customerreviews/id=6745461941/sortBy=mostRecent/json"
"CSR-00010","app_store_review","community_or_accountability_need","medium","gamified_self_improvement","Pitstop: Scale Human Potential","6470808583","5","2025-05-08T08:38:43-07:00","There is demand for being accompanied, but community mechanics should support the solo ritual rather than replace it.","Love it! Slick design, great content and community! I’m going to try the coaching as well!","https://itunes.apple.com/us/rss/customerreviews/id=6470808583/sortBy=mostRecent/json"
"CSR-00011","app_store_review","community_or_accountability_need","medium","gamified_self_improvement","Pitstop: Scale Human Potential","6470808583","5","2025-04-20T13:08:34-07:00","There is demand for being accompanied, but community mechanics should support the solo ritual rather than replace it.","Excellent app for men Pitstop has become a useful partner in my daily routine to track habits and challenge myself. The audio snippets are interesting and I appreciate how it personalizes to my preferences. UI is slick and easy to navigate - can’t wait to try the coaching feature when it launches!","https://itunes.apple.com/us/rss/customerreviews/id=6470808583/sortBy=mostRecent/json"
"CSR-00012","app_store_review","word_of_mouth_or_personal_recommendation","medium","gamified_self_improvement","Pitstop: Scale Human Potential","6470808583","5","2025-04-12T17:11:36-07:00","Personal recommendations and lightweight social proof matter; Alina should make the first value moment easy to describe.","driven content for busy men. It also now has a coaching solution at such an affordable price. Will keep using this to level up! Told all of my friends about this","https://itunes.apple.com/us/rss/customerreviews/id=6470808583/sortBy=mostRecent/json"
"CSR-00013","app_store_review","community_or_accountability_need","medium","gamified_self_improvement","Pitstop: Scale Human Potential","6470808583","5","2025-04-12T17:11:36-07:00","There is demand for being accompanied, but community mechanics should support the solo ritual rather than replace it.","ven content for busy men. It also now has a coaching solution at such an affordable price. Will keep using this to level up! Told all of my friends about this","https://itunes.apple.com/us/rss/customerreviews/id=6470808583/sortBy=mostRecent/json"
"CSR-00014","app_store_review","developer_outreach_referral","medium","manifestation_tool","ModernSam: LVL up your life","6469438038","5","2025-12-04T16:40:05-07:00","Indie or early-stage products appear to recruit through direct community outreach; useful for launch-channel hypotheses and founder-led validation.","W Yo im not capping but this app is genuanely rlly good. I was looking for an app that has xp and rewards or ranks and this app came up. W devs fr🔥","https://itunes.apple.com/us/rss/customerreviews/id=6469438038/sortBy=mostRecent/json"
"CSR-00015","app_store_review","developer_outreach_referral","medium","manifestation_tool","ModernSam: LVL up your life","6469438038","5","2024-09-17T22:30:44-07:00","Indie or early-stage products appear to recruit through direct community outreach; useful for launch-channel hypotheses and founder-led validation.","but I definitely would if I could. This is a really fantastic app and anyone that ends up reading this should give it a try!! Thanks to the devs for the work that was put into this, and I hope to see more <3","https://itunes.apple.com/us/rss/customerreviews/id=6469438038/sortBy=mostRecent/json"
"CSR-00016","app_store_review","community_or_accountability_need","medium","manifestation_tool","ModernSam: LVL up your life","6469438038","4","2024-08-21T10:54:26-07:00","There is demand for being accompanied, but community mechanics should support the solo ritual rather than replace it.","make your own task goals, meditations, and all role playing game based. It makes my goals more interesting and helps me to keep my thoughts together. I get energy to fight monsters and collect the cards of ones I defeat. The developers are always asking for feedback and willing to work with you when there’s an issue. Totally worth getting, 100%. I’m also really star","https://itunes.apple.com/us/rss/customerreviews/id=6469438038/sortBy=mostRecent/json"
"CSR-00017","app_store_review","community_or_accountability_need","medium","manifestation_tool","ModernSam: LVL up your life","6469438038","5","2024-06-08T10:19:17-07:00","There is demand for being accompanied, but community mechanics should support the solo ritual rather than replace it.","Mental Health isn’t just a fantasy I’ve done a fair share of self-care apps in my time and none have made me feel as engaged as this one. The story is immersive and actively encourages you to be active during listening. Not only do I feel seen and heard, but I feel encouraged.","https://itunes.apple.com/us/rss/customerreviews/id=6469438038/sortBy=mostRecent/json"
"CSR-00018","app_store_review","community_or_accountability_need","medium","manifestation_tool","ModernSam: LVL up your life","6469438038","5","2024-05-09T11:53:13-07:00","There is demand for being accompanied, but community mechanics should support the solo ritual rather than replace it.","interesting, and since I live to grind for exp I’m actually excited about choosing and doing “quests.” Also, this is the only app I’ve ever shared with my whole friend group, just because it’s so well suited to my kind of people. And I haven’t even checked out the Facebook group yet!","https://itunes.apple.com/us/rss/customerreviews/id=6469438038/sortBy=mostRecent/json"
"CSR-00019","app_store_review","social_platform_discovery","low_medium","manifestation_tool","ModernSam: LVL up your life","6469438038","5","2024-05-09T11:53:13-07:00","Social platform mentions are directional channel evidence and should be validated before channel prioritization.","app I’ve ever shared with my whole friend group, just because it’s so well suited to my kind of people. And I haven’t even checked out the Facebook group yet!","https://itunes.apple.com/us/rss/customerreviews/id=6469438038/sortBy=mostRecent/json"
"CSR-00020","app_store_review","community_or_accountability_need","medium","manifestation_tool","ModernSam: LVL up your life","6469438038","5","2024-01-12T05:29:06-07:00","There is demand for being accompanied, but community mechanics should support the solo ritual rather than replace it.","onist personality I want ALL the beast cards! Definitely keeping me engaged and coming back! Also doesn’t hurt that the app clearly was put together by some one who wants to make a difference in the adhd world. The breaking down of tasks is amazing! The included meditation and affirmations….mwah! Overall….we all need a Sam in our life and I think I’ve finally found","https://itunes.apple.com/us/rss/customerreviews/id=6469438038/sortBy=mostRecent/json"
"CSR-00021","app_store_review","word_of_mouth_or_personal_recommendation","medium","manifestation_tool","ModernSam: LVL up your life","6469438038","5","2024-01-01T05:41:39-07:00","Personal recommendations and lightweight social proof matter; Alina should make the first value moment easy to describe.","eone living in an ADHD household it can be difficult to stay on task and keep life adventurous. I feel like I’m either in play mode with my family while my tasks pile up around me, or I’m hyper focused on catching up and all fun is turned off and I forget to take care of my mental and physical needs. This adventurous app helps to bring balance between my two world","https://itunes.apple.com/us/rss/customerreviews/id=6469438038/sortBy=mostRecent/json"
"CSR-00022","app_store_review","community_or_accountability_need","medium","manifestation_tool","ModernSam: LVL up your life","6469438038","5","2024-01-01T05:41:39-07:00","There is demand for being accompanied, but community mechanics should support the solo ritual rather than replace it.","and I forget to take care of my mental and physical needs. This adventurous app helps to bring balance between my two worlds and bring them together to work in harmony. It helps to bring the fun back into my daily grind, to the point where I look forward to my tasks and each one becomes a piece of the game. I also appreciate how self care is integrated into the app","https://itunes.apple.com/us/rss/customerreviews/id=6469438038/sortBy=mostRecent/json"
"CSR-00023","app_store_review","developer_outreach_referral","medium","manifestation_tool","ModernSam: LVL up your life","6469438038","5","2023-12-31T14:22:52-07:00","Indie or early-stage products appear to recruit through direct community outreach; useful for launch-channel hypotheses and founder-led validation.","after I had backed this as a Kickstarter project. The most impressive things about this app for me are the responsiveness of the ModernSam devs / staff and the community that the idea of the app spawned. App features I especially love: having the built in nudges for things like ""reflect on your day"" and I'm also really enjoying the pre-scripted affirmations (go","https://itunes.apple.com/us/rss/customerreviews/id=6469438038/sortBy=mostRecent/json"
"CSR-00024","app_store_review","community_or_accountability_need","medium","manifestation_tool","ModernSam: LVL up your life","6469438038","5","2023-12-31T14:22:52-07:00","There is demand for being accompanied, but community mechanics should support the solo ritual rather than replace it.","his as a Kickstarter project. The most impressive things about this app for me are the responsiveness of the ModernSam devs / staff and the community that the idea of the app spawned. App features I especially love: having the built in nudges for things like ""reflect on your day"" and I'm also really enjoying the pre-scripted affirmations (gotta unlock the tent for th","https://itunes.apple.com/us/rss/customerreviews/id=6469438038/sortBy=mostRecent/json"
"CSR-00025","app_store_review","social_platform_discovery","low_medium","manifestation_tool","ModernSam: LVL up your life","6469438038","5","2023-12-31T10:52:25-07:00","Social platform mentions are directional channel evidence and should be validated before channel prioritization.","Seems great!! I've been following this app on instagram for a while now and I've been so excited to use it!! it looks really god and helpful, I llve all the features so far. The voice acting and art are also really well done, and I love the character customization!","https://itunes.apple.com/us/rss/customerreviews/id=6469438038/sortBy=mostRecent/json"
"CSR-00026","app_store_review","social_platform_discovery","low_medium","manifestation_tool","Vision Board ++ Maker Manifest","1609921022","1","2025-11-25T08:23:49-07:00","Social platform mentions are directional channel evidence and should be validated before channel prioritization.","Very disappointed No YouTube help I bought this and paid for the year upfront and there’s no simple instructions on how to use it so it’s useless to me And if I cancel it, I forfeit the money I paid upfront for the year Tried to cancel it with a fe","https://itunes.apple.com/us/rss/customerreviews/id=1609921022/sortBy=mostRecent/json"
"CSR-00027","app_store_review","word_of_mouth_or_personal_recommendation","medium","manifestation_tool","Vision Board ++ Maker Manifest","1609921022","5","2025-11-20T18:11:09-07:00","Personal recommendations and lightweight social proof matter; Alina should make the first value moment easy to describe.","Love this! The visuals are appealing and I love the visual reminders to help me manifest my family’s best life!","https://itunes.apple.com/us/rss/customerreviews/id=1609921022/sortBy=mostRecent/json"
"CSR-00028","app_store_review","community_or_accountability_need","medium","tarot_or_oracle_guidance","Harem AI - Chat & Talk & Crush","6636491359","5","2025-03-18T17:48:48-07:00","There is demand for being accompanied, but community mechanics should support the solo ritual rather than replace it.","I have to browse it every day Harem AI's graphics and sound work well together, and the atmosphere is full.","https://itunes.apple.com/us/rss/customerreviews/id=6636491359/sortBy=mostRecent/json"
"CSR-00029","app_store_review","social_platform_discovery","low_medium","astrology_guidance","Pregnancy Tracker 3D by Sprout","441977097","1","2026-03-18T06:48:30-07:00","Social platform mentions are directional channel evidence and should be validated before channel prioritization.","ing apps to track - sprouts was the most expensive and offers the least. I think we pay for the 3D imagines but e can get those for free on YouTube.","https://itunes.apple.com/us/rss/customerreviews/id=441977097/sortBy=mostRecent/json"
"CSR-00030","app_store_review","word_of_mouth_or_personal_recommendation","medium","astrology_guidance","Pregnancy Tracker 3D by Sprout","441977097","3","2026-03-08T08:33:40-07:00","Personal recommendations and lightweight social proof matter; Alina should make the first value moment easy to describe.","Mixed feedback Love the app and the privacy features. Hate that they include “Israeli” recommendations (their description, not mine). I do not care to be reminded of baby killers as I’m growing my family. I also wish we were able to scroll through past weeks’ “today’s kick” posts.","https://itunes.apple.com/us/rss/customerreviews/id=441977097/sortBy=mostRecent/json"
"CSR-00031","app_store_review","word_of_mouth_or_personal_recommendation","medium","astrology_guidance","Pregnancy Tracker 3D by Sprout","441977097","2","2026-01-09T08:38:41-07:00","Personal recommendations and lightweight social proof matter; Alina should make the first value moment easy to describe.","Ehhhh I wanted more privacy and this app was recommended over the free ones. I found the daily tips to be a bit obnoxious - as in not particularly helpful. In retrospect I probabaly should have gotten an app at all","https://itunes.apple.com/us/rss/customerreviews/id=441977097/sortBy=mostRecent/json"
"CSR-00032","app_store_review","community_or_accountability_need","medium","astrology_guidance","Pregnancy Tracker 3D by Sprout","441977097","5","2025-05-20T09:47:10-07:00","There is demand for being accompanied, but community mechanics should support the solo ritual rather than replace it.","Helpful app that doesn’t share or sell personal info The app is easy to use and reassuring. I love that they promise never to sell or share personal info, which I’ve never cared much about until I got pregnant and for some reason didn’t want every co","https://itunes.apple.com/us/rss/customerreviews/id=441977097/sortBy=mostRecent/json"
"CSR-00033","app_store_review","community_or_accountability_need","medium","astrology_guidance","Pregnancy Tracker 3D by Sprout","441977097","5","2025-03-12T19:15:35-07:00","There is demand for being accompanied, but community mechanics should support the solo ritual rather than replace it.","We love it! I used it during my first pregnancy and it really helped me. I really enjoyed the facts it shares about each week. It gives you tips on what to do depending on where you are in your pregnancy. It also says what you can expect on your next doctors appointment. It a a built in journal for you to add notes. And it giv","https://itunes.apple.com/us/rss/customerreviews/id=441977097/sortBy=mostRecent/json"
"CSR-00034","app_store_review","word_of_mouth_or_personal_recommendation","medium","gamified_self_improvement","OtterLife: AI Health Tracker","6475028592","1","2025-12-28T10:20:13-07:00","Personal recommendations and lightweight social proof matter; Alina should make the first value moment easy to describe.","Not healthy Recommended 1000 calories a day for me, a fully grown woman. Not good health advice at all.","https://itunes.apple.com/us/rss/customerreviews/id=6475028592/sortBy=mostRecent/json"
"CSR-00035","app_store_review","community_or_accountability_need","medium","manifestation_tool","Mindvalley: Self Improvement","1108786610","5","2026-01-11T16:45:02-07:00","There is demand for being accompanied, but community mechanics should support the solo ritual rather than replace it.","o actually jump ship when something better (like Mindvalley) comes along to offer something better: a place to heal and learn and grow in a community of people who are eager to do the same. Well done, Mindvalley.","https://itunes.apple.com/us/rss/customerreviews/id=1108786610/sortBy=mostRecent/json"
"CSR-00036","app_store_review","word_of_mouth_or_personal_recommendation","medium","manifestation_tool","Mindvalley: Self Improvement","1108786610","1","2025-09-12T07:10:40-07:00","Personal recommendations and lightweight social proof matter; Alina should make the first value moment easy to describe.","Canceling Used to be good. Frequently freezes now. Not family friendly. Several F Bombs in the courses. Also the founder is a frequent critic of the US and its government. Posted critical message of Charlie Kirk after his brutal murder.","https://itunes.apple.com/us/rss/customerreviews/id=1108786610/sortBy=mostRecent/json"
"CSR-00037","app_store_review","community_or_accountability_need","medium","manifestation_tool","Mindvalley: Self Improvement","1108786610","4","2025-07-22T18:11:57-07:00","There is demand for being accompanied, but community mechanics should support the solo ritual rather than replace it.","ot earn 5 stars is because there are bot users advertising scams and commenting on discussion on a platform where a lot of vulnerability is encouraged. The bots and scams refrain me from sharing personal stories because I do not feel it is safe and secure platform.","https://itunes.apple.com/us/rss/customerreviews/id=1108786610/sortBy=mostRecent/json"
"CSR-00038","app_store_review","word_of_mouth_or_personal_recommendation","medium","manifestation_tool","Mindvalley: Self Improvement","1108786610","5","2025-07-10T08:51:04-07:00","Personal recommendations and lightweight social proof matter; Alina should make the first value moment easy to describe.","Start Now My sister recommended me this app to start the course “Art of Manifestation” and just finalized it today. But my journey begins. I’m so greatful for this amazing project to share constant growth and well being. You can easily incorporate it","https://itunes.apple.com/us/rss/customerreviews/id=1108786610/sortBy=mostRecent/json"
"CSR-00039","app_store_review","community_or_accountability_need","medium","manifestation_tool","Mindvalley: Self Improvement","1108786610","5","2025-07-10T08:51:04-07:00","There is demand for being accompanied, but community mechanics should support the solo ritual rather than replace it.","to start the course “Art of Manifestation” and just finalized it today. But my journey begins. I’m so greatful for this amazing project to share constant growth and well being. You can easily incorporate it in your daily lifestyle. I am completely satisfied and will continue to take many more courses.","https://itunes.apple.com/us/rss/customerreviews/id=1108786610/sortBy=mostRecent/json"
"CSR-00040","app_store_review","community_or_accountability_need","medium","gamified_self_improvement","LifeWheel Goal Habit Tracker","988402523","1","2022-09-30T06:22:02-07:00","There is demand for being accompanied, but community mechanics should support the solo ritual rather than replace it.","special Those first 4 pics are misleading. It’s just like a regular tracking app; nothing much diff from the free apps. I was hoping to put together a morning routine and generate a pic like the app promotes. I keep trying. Ugh so disappointed","https://itunes.apple.com/us/rss/customerreviews/id=988402523/sortBy=mostRecent/json"
"CSR-00041","app_store_review","word_of_mouth_or_personal_recommendation","medium","gamified_self_improvement","LifeWheel Goal Habit Tracker","988402523","5","2020-12-23T11:35:17-07:00","Personal recommendations and lightweight social proof matter; Alina should make the first value moment easy to describe.","I love this app. highly recommended! recommended. tool. i’ve used the Wheel of Like for This is my go-to coaching tool. i’ve used the Wheel of Like for years but now i have an app for it. Super cool and highly recommended. but now i have an app for it. Su","https://itunes.apple.com/us/rss/customerreviews/id=988402523/sortBy=mostRecent/json"
"CSR-00042","app_store_review","social_platform_discovery","low_medium","gamified_self_improvement","LifeWheel Goal Habit Tracker","988402523","5","2017-12-05T07:21:25-07:00","Social platform mentions are directional channel evidence and should be validated before channel prioritization.","I think you’re on the right track! This is a MUST have for us personal trainers, life coaches, etc!!! I may even feature this on my podcast/YouTube channel! 👊🏼😁","https://itunes.apple.com/us/rss/customerreviews/id=988402523/sortBy=mostRecent/json"
"CSR-00043","app_store_review","community_or_accountability_need","medium","tarot_or_oracle_guidance","Intuitive Life Coaching Oracle","662136391","5","2018-06-22T21:05:10-07:00","There is demand for being accompanied, but community mechanics should support the solo ritual rather than replace it.","am not disappointed! This deck basically changed my life I feel like it was inside of my head when I was asking the questions. I’ve already shared this app with three or four of my girlfriends who ended up downloading it. After getting this app I decided to download a few others that were similar expecting a similar experience and I can’t say that happened. Thank","https://itunes.apple.com/us/rss/customerreviews/id=662136391/sortBy=mostRecent/json"
"CSR-00044","app_store_review","community_or_accountability_need","medium","tarot_or_oracle_guidance","Intuitive Life Coaching Oracle","662136391","5","2017-02-04T23:51:34-07:00","There is demand for being accompanied, but community mechanics should support the solo ritual rather than replace it.","Always Give an Inspiringly Accurate Insight I rarely use thus Oracle app. But when I do, it is always a source of encouragement and insight.","https://itunes.apple.com/us/rss/customerreviews/id=662136391/sortBy=mostRecent/json"
"CSR-00045","app_store_review","word_of_mouth_or_personal_recommendation","medium","tarot_or_oracle_guidance","Intuitive Life Coaching Oracle","662136391","5","2016-08-21T04:19:39-07:00","Personal recommendations and lightweight social proof matter; Alina should make the first value moment easy to describe.","ed with this deck. Beautiful art work, thought provoking readings, and I have yet to feel I don't connect with a reading. Excellent, highly recommended.","https://itunes.apple.com/us/rss/customerreviews/id=662136391/sortBy=mostRecent/json"
"CSR-00046","app_store_review","word_of_mouth_or_personal_recommendation","medium","astrology_guidance","TwinFlame","1461412482","4","2026-03-18T08:41:01-07:00","Personal recommendations and lightweight social proof matter; Alina should make the first value moment easy to describe.","lacements. I wish I could access certain things from the app without the app crashing on me and kicking me off of it! I’d like to check out my friends placements as well but the app will crash","https://itunes.apple.com/us/rss/customerreviews/id=1461412482/sortBy=mostRecent/json"
"CSR-00047","app_store_review","community_or_accountability_need","medium","astrology_guidance","TwinFlame","1461412482","4","2026-03-18T08:41:01-07:00","There is demand for being accompanied, but community mechanics should support the solo ritual rather than replace it.","ements. I wish I could access certain things from the app without the app crashing on me and kicking me off of it! I’d like to check out my friends placements as well but the app will crash","https://itunes.apple.com/us/rss/customerreviews/id=1461412482/sortBy=mostRecent/json"
"CSR-00048","app_store_review","community_or_accountability_need","medium","astrology_guidance","TwinFlame","1461412482","1","2023-11-28T15:51:26-07:00","There is demand for being accompanied, but community mechanics should support the solo ritual rather than replace it.","how to add friends chart I purchase unlimited charts in app. But I can't find add fuction on chart friends menu. please fix it.","https://itunes.apple.com/us/rss/customerreviews/id=1461412482/sortBy=mostRecent/json"
"CSR-00049","app_store_review","community_or_accountability_need","medium","astrology_guidance","TwinFlame","1461412482","3","2023-04-06T05:52:30-07:00","There is demand for being accompanied, but community mechanics should support the solo ritual rather than replace it.","ntence? .. i do not like “this day in history” mixed in.. none of it feels relevant to me .. i wouldn’t complain at all except it’s crammed together into one big paragraph that i don’t enjoy reading anymore. it’s too bad.","https://itunes.apple.com/us/rss/customerreviews/id=1461412482/sortBy=mostRecent/json"
"CSR-00050","app_store_review","community_or_accountability_need","medium","astrology_guidance","TwinFlame","1461412482","3","2022-03-25T07:22:13-07:00","There is demand for being accompanied, but community mechanics should support the solo ritual rather than replace it.","n it works… Awesome app….when it works. Very glitchy. Not all planet descriptions are available in the natal chart. Purchased the unlimited friends chart, not allowing me to add anyone. The add sign just disappeared. Deleted and reinstalled 4x.","https://itunes.apple.com/us/rss/customerreviews/id=1461412482/sortBy=mostRecent/json"
"CSR-00051","app_store_review","community_or_accountability_need","medium","astrology_guidance","TwinFlame","1461412482","5","2021-09-16T13:43:14-07:00","There is demand for being accompanied, but community mechanics should support the solo ritual rather than replace it.","ed to find a less-commonly-used-app with such high quality features, though I’m disappointed it hasn’t gained more traction. Would strongly encourage those looking for some fairly in-depth knowledge about their charts who favor accesible language to take advantage of Twin Flame. For real excited to see where this goes:)","https://itunes.apple.com/us/rss/customerreviews/id=1461412482/sortBy=mostRecent/json"
"CSR-00052","app_store_review","community_or_accountability_need","medium","avatar_identity_coaching","Cozy Mahjong","6615063639","5","2025-11-12T22:52:53-07:00","There is demand for being accompanied, but community mechanics should support the solo ritual rather than replace it.","lready completed 30 levels, it’s exactly what I’ve been wanting. Good UI, solid music, and cute tile sets with achievements that add a nice challenge to the levels. The $2 is worth paying to unlock the rest of the game, and I’m more than willing to support this single developer. It’s a quality game and has been so much fun. So Cozy. So good.","https://itunes.apple.com/us/rss/customerreviews/id=6615063639/sortBy=mostRecent/json"
"CSR-00053","app_store_review","word_of_mouth_or_personal_recommendation","medium","avatar_identity_coaching","Cozy Mahjong","6615063639","5","2025-08-22T18:05:07-07:00","Personal recommendations and lightweight social proof matter; Alina should make the first value moment easy to describe.","Co/Ma in Tacoma! So good! Easy access and not bogged down with adds. I grew up playing on my friends PC. This one reminds me of that version. So, “cozy” indeed.","https://itunes.apple.com/us/rss/customerreviews/id=6615063639/sortBy=mostRecent/json"
"CSR-00054","app_store_review","community_or_accountability_need","medium","avatar_identity_coaching","Cozy Mahjong","6615063639","5","2025-08-22T18:05:07-07:00","There is demand for being accompanied, but community mechanics should support the solo ritual rather than replace it.","Co/Ma in Tacoma! So good! Easy access and not bogged down with adds. I grew up playing on my friends PC. This one reminds me of that version. So, “cozy” indeed.","https://itunes.apple.com/us/rss/customerreviews/id=6615063639/sortBy=mostRecent/json"
"CSR-00055","app_store_review","community_or_accountability_need","medium","avatar_identity_coaching","Cozy Mahjong","6615063639","5","2025-08-17T18:48:03-07:00","There is demand for being accompanied, but community mechanics should support the solo ritual rather than replace it.","Great for stress relief A great game for stress relief, waiting for appointments, or any time you need to challenge your mind. It really helps my anxiety.","https://itunes.apple.com/us/rss/customerreviews/id=6615063639/sortBy=mostRecent/json"
"CSR-00056","app_store_review","reddit_or_forum_referral","medium_high","avatar_identity_coaching","Cozy Mahjong","6615063639","5","2025-08-07T21:55:40-07:00","Users are discovering or discussing adjacent tools in community contexts; treat as channel/audience-language evidence, not ranked acquisition proof.","the app is, and a ton of value for the premium tier. Picked it up after thoroughly enjoying Cozy Solitaire (saw the developer mention it on Reddit). Would also really appreciate a left hand mode that moves the bottom buttons to the left side of the screen during the game, and standardization of button locations across Cozy Mahjong and Cozy Solitaire. I thought I h","https://itunes.apple.com/us/rss/customerreviews/id=6615063639/sortBy=mostRecent/json"
"CSR-00057","app_store_review","word_of_mouth_or_personal_recommendation","medium","avatar_identity_coaching","Cozy Mahjong","6615063639","5","2025-08-07T21:55:40-07:00","Personal recommendations and lightweight social proof matter; Alina should make the first value moment easy to describe.","ial to give you an idea of what the app is, and a ton of value for the premium tier. Picked it up after thoroughly enjoying Cozy Solitaire (saw the developer mention it on Reddit). Would also really appreciate a left hand mode that moves the bottom buttons to the left side of the screen during the game, and standardization of button locations across Cozy Mahjong and Cozy Solitaire.","https://itunes.apple.com/us/rss/customerreviews/id=6615063639/sortBy=mostRecent/json"
"CSR-00058","app_store_review","social_platform_discovery","low_medium","avatar_identity_coaching","Cozy Mahjong","6615063639","5","2025-07-21T14:42:39-07:00","Social platform mentions are directional channel evidence and should be validated before channel prioritization.","love this game. Its fun and challenging and cute as heck. Its a great game to wind down with before bed and keeps me from doom scrolling on tiktok. I highly recommend this game and hope the developers continue to make cozy games.","https://itunes.apple.com/us/rss/customerreviews/id=6615063639/sortBy=mostRecent/json"
"CSR-00059","app_store_review","developer_outreach_referral","medium","avatar_identity_coaching","Cozy Mahjong","6615063639","5","2025-06-28T14:19:22-07:00","Indie or early-stage products appear to recruit through direct community outreach; useful for launch-channel hypotheses and founder-led validation.","Best, straightforward Mahjong app! No-nonsense, very honest devs, you’re getting exactly what you see! Very cute graphics and many options for the tilesets to unlock. First 50ish levels are free for everyone, I immediately bought the $2 upgrade to unlock medium and large level sets.","https://itunes.apple.com/us/rss/customerreviews/id=6615063639/sortBy=mostRecent/json"
"CSR-00060","app_store_review","community_or_accountability_need","medium","avatar_identity_coaching","Cozy Mahjong","6615063639","5","2025-05-18T19:37:41-07:00","There is demand for being accompanied, but community mechanics should support the solo ritual rather than replace it.","Favorite App on My Phone !!! Absolutely love this game!! My kids and I challenge each other and I am not worried about weird adds or getting hounded to make in app purchases. Super super cute designs, this has become our go to game. I would give it 6 stars if I could.","https://itunes.apple.com/us/rss/customerreviews/id=6615063639/sortBy=mostRecent/json"
"CSR-00061","app_store_review","word_of_mouth_or_personal_recommendation","medium","avatar_identity_coaching","Cozy Mahjong","6615063639","5","2025-05-08T17:56:27-07:00","Personal recommendations and lightweight social proof matter; Alina should make the first value moment easy to describe.","hange music if you desire, and clean graphics. I’m surprised that few people know about this app. I will definitely be recommending this to family and friends.","https://itunes.apple.com/us/rss/customerreviews/id=6615063639/sortBy=mostRecent/json"
"CSR-00062","app_store_review","community_or_accountability_need","medium","avatar_identity_coaching","Cozy Mahjong","6615063639","5","2025-05-08T17:56:27-07:00","There is demand for being accompanied, but community mechanics should support the solo ritual rather than replace it.","if you desire, and clean graphics. I’m surprised that few people know about this app. I will definitely be recommending this to family and friends.","https://itunes.apple.com/us/rss/customerreviews/id=6615063639/sortBy=mostRecent/json"
"CSR-00063","app_store_review","community_or_accountability_need","medium","avatar_identity_coaching","Cozy Mahjong","6615063639","5","2025-05-07T14:23:38-07:00","There is demand for being accompanied, but community mechanics should support the solo ritual rather than replace it.","art/promotional material (something very important to me as an artist). The music and haptics are lovely. There’s also tons of achievements/challenges that reward you with new tile sets, which you can match with background colors! (I use the marine set with a blue background hehe) I purchased the extra content immediately- I’m having too much fun :) thank you for mak","https://itunes.apple.com/us/rss/customerreviews/id=6615063639/sortBy=mostRecent/json"
"CSR-00064","app_store_review","community_or_accountability_need","medium","avatar_identity_coaching","Vida Health","917397071","1","2026-05-08T05:36:09-07:00","There is demand for being accompanied, but community mechanics should support the solo ritual rather than replace it.","e trying to help your employer to save money. They’re make a difficult situation even more difficult so that you’ll give up on your GLP-1 altogether (thus saving your employer money). This company’s practices should be illegal and they need to be investigated.","https://itunes.apple.com/us/rss/customerreviews/id=917397071/sortBy=mostRecent/json"
"CSR-00065","app_store_review","community_or_accountability_need","medium","avatar_identity_coaching","Vida Health","917397071","1","2026-04-23T12:25:53-07:00","There is demand for being accompanied, but community mechanics should support the solo ritual rather than replace it.","issue. Patients should not have to chase down providers or escalate multiple times just to get a prescription sent. This reflects a lack of accountability from the assigned nurse practitioner and a broken process overall. I expect timely care, proper communication, and a system that does not put patients at risk.","https://itunes.apple.com/us/rss/customerreviews/id=917397071/sortBy=mostRecent/json"
"CSR-00066","app_store_review","word_of_mouth_or_personal_recommendation","medium","avatar_identity_coaching","Vida Health","917397071","1","2026-01-30T09:58:58-07:00","Personal recommendations and lightweight social proof matter; Alina should make the first value moment easy to describe.","times with the lab work there’s some sort of issue where I have to call in email jump through a bunch of more hoops to get them to show my preferred status approved. I only do this because it does save me $160 but at this point I’m questioning whether saving that is worth the amount of time and effort that I have to put in to contacting them to get them to fix my ac","https://itunes.apple.com/us/rss/customerreviews/id=917397071/sortBy=mostRecent/json"
"CSR-00067","app_store_review","word_of_mouth_or_personal_recommendation","medium","avatar_identity_coaching","Lifeline Wellness","6741750886","5","2026-02-20T08:40:10-07:00","Personal recommendations and lightweight social proof matter; Alina should make the first value moment easy to describe.","Game changer - highly recommended I just finished my Gallbladder Liver cleanse as part of the Detox Your Health program and honestly, the results have blown me away. Right from the first few days after, I felt this incredible shift: so much lighter and","https://itunes.apple.com/us/rss/customerreviews/id=6741750886/sortBy=mostRecent/json"
"CSR-00068","app_store_review","word_of_mouth_or_personal_recommendation","medium","astrology_guidance","Bodhi: Astrology & Horoscope","1603849115","5","2024-06-24T08:45:41-07:00","Personal recommendations and lightweight social proof matter; Alina should make the first value moment easy to describe.","Recommended for astrology enthusiasts! Overall great app & UI! My astrologer was really knowledgeable","https://itunes.apple.com/us/rss/customerreviews/id=1603849115/sortBy=mostRecent/json"
"CSR-00069","app_store_review","community_or_accountability_need","medium","astrology_guidance","Kindara: Fertility Tracker","522674372","3","2026-05-25T06:32:48-07:00","There is demand for being accompanied, but community mechanics should support the solo ritual rather than replace it.","the different custom stats I can include like medications, and the visuals of the charts are simple and helpful. I would like the option to share my charts with my partner and practitioner . The “share with practitioner” option does not work as of May 2026.","https://itunes.apple.com/us/rss/customerreviews/id=522674372/sortBy=mostRecent/json"
"CSR-00070","app_store_review","word_of_mouth_or_personal_recommendation","medium","astrology_guidance","Kindara: Fertility Tracker","522674372","5","2026-04-22T11:53:16-07:00","Personal recommendations and lightweight social proof matter; Alina should make the first value moment easy to describe.","the oven! Thank you so much Kindara for making it so simple for me!!! My husband and I are ecstatic to welcome the first new member of our family.","https://itunes.apple.com/us/rss/customerreviews/id=522674372/sortBy=mostRecent/json"
"CSR-00071","app_store_review","word_of_mouth_or_personal_recommendation","medium","astrology_guidance","Kindara: Fertility Tracker","522674372","5","2025-11-16T09:58:56-07:00","Personal recommendations and lightweight social proof matter; Alina should make the first value moment easy to describe.","Great for FAM! I started using Kindara off of a recommendation from a friend when I started using fertility awareness method (FAM). Kindara is excellent and I’ve loved the ease of the app and the community portion is so helpful!!!","https://itunes.apple.com/us/rss/customerreviews/id=522674372/sortBy=mostRecent/json"
"CSR-00072","app_store_review","community_or_accountability_need","medium","astrology_guidance","Kindara: Fertility Tracker","522674372","5","2025-11-16T09:58:56-07:00","There is demand for being accompanied, but community mechanics should support the solo ritual rather than replace it.","dation from a friend when I started using fertility awareness method (FAM). Kindara is excellent and I’ve loved the ease of the app and the community portion is so helpful!!!","https://itunes.apple.com/us/rss/customerreviews/id=522674372/sortBy=mostRecent/json"
"CSR-00073","app_store_review","community_or_accountability_need","medium","manifestation_tool","Haute Hypnosis - Mind Manifest","1632227512","5","2022-11-09T19:33:54-07:00","There is demand for being accompanied, but community mechanics should support the solo ritual rather than replace it.","hits home on all fronts. So many great tools here that already make a difference in my day. I can’t wait to keep going through this app and share with friends and loved ones. Well Done Haute Hypnosis","https://itunes.apple.com/us/rss/customerreviews/id=1632227512/sortBy=mostRecent/json"
"CSR-00074","app_store_review","community_or_accountability_need","medium","manifestation_tool","5 Minute Journal・Daily Diary","1062945251","4","2026-03-30T20:01:32-07:00","There is demand for being accompanied, but community mechanics should support the solo ritual rather than replace it.","dule. I love how the journaling sections are separated by morning and evening, as well as the organization of the prompts! Also, I love the challenges and quotes provided. However, the mood feature has been inaccessible with VoiceOver the entire time I have used it, which has been several years. Furthermore, some of the buttons appear to be unclearly labeled or not l","https://itunes.apple.com/us/rss/customerreviews/id=1062945251/sortBy=mostRecent/json"
"CSR-00075","app_store_review","word_of_mouth_or_personal_recommendation","medium","manifestation_tool","5 Minute Journal・Daily Diary","1062945251","5","2026-02-26T05:55:47-07:00","Personal recommendations and lightweight social proof matter; Alina should make the first value moment easy to describe.","5 years of Journaling I journal on my way to work through text to speech. I try to do it every weekday. This will be something that my family can read and look at the pictures and memories for a lifetime. What I really like about it is I can export it to a PDF and have a physical copy.","https://itunes.apple.com/us/rss/customerreviews/id=1062945251/sortBy=mostRecent/json"
"CSR-00076","app_store_review","community_or_accountability_need","medium","manifestation_tool","5 Minute Journal・Daily Diary","1062945251","5","2026-02-03T09:15:08-07:00","There is demand for being accompanied, but community mechanics should support the solo ritual rather than replace it.","118 DAYS Taking time to identify the gratitude in my life has helped me to change my self talk. I am much more positive and I share my happiness everywhere I go. I look forward to my 5 min. Journal every morning, almost as much as I do my morning yoga.","https://itunes.apple.com/us/rss/customerreviews/id=1062945251/sortBy=mostRecent/json"
"CSR-00077","app_store_review","community_or_accountability_need","medium","manifestation_tool","5 Minute Journal・Daily Diary","1062945251","1","2025-11-28T03:29:10-07:00","There is demand for being accompanied, but community mechanics should support the solo ritual rather than replace it.","t enter on first selection. This has been for months. Whatever update removed the ease of photo attachments. Using the Apple computer phone share this app’s function to change between the daily two options does not work. Why? It’s been an issue for many months ….🤷🏻‍♂️🖥️📲 Make this app accessible to web browsers. Room to grow Tech updates needed","https://itunes.apple.com/us/rss/customerreviews/id=1062945251/sortBy=mostRecent/json"
"CSR-00078","app_store_review","word_of_mouth_or_personal_recommendation","medium","manifestation_tool","5 Minute Journal・Daily Diary","1062945251","4","2025-10-30T23:30:19-07:00","Personal recommendations and lightweight social proof matter; Alina should make the first value moment easy to describe.","ssionally printed and bound either digitally or physically printed. Would be a great way to look back on all my entries and share them with family and friends. Currently you can export as a PDF, but the images and text don’t format very well in the PDF so it isn’t as attractive. Please add this feature so I can continue subscribing and journaling knowing I’ll have","https://itunes.apple.com/us/rss/customerreviews/id=1062945251/sortBy=mostRecent/json"
"CSR-00079","app_store_review","community_or_accountability_need","medium","manifestation_tool","5 Minute Journal・Daily Diary","1062945251","4","2025-10-30T23:30:19-07:00","There is demand for being accompanied, but community mechanics should support the solo ritual rather than replace it.","al entries professionally printed and bound either digitally or physically printed. Would be a great way to look back on all my entries and share them with family and friends. Currently you can export as a PDF, but the images and text don’t format very well in the PDF so it isn’t as attractive. Please add this feature so I can continue subscribing and journaling","https://itunes.apple.com/us/rss/customerreviews/id=1062945251/sortBy=mostRecent/json"
"CSR-00080","app_store_review","word_of_mouth_or_personal_recommendation","medium","avatar_identity_coaching","Life Guidance and Inspiration","626264311","5","2017-01-25T05:53:59-07:00","Personal recommendations and lightweight social proof matter; Alina should make the first value moment easy to describe.","Wow I am really impressed with the accuracy of this app. I have already referred it to several friends!!!!","https://itunes.apple.com/us/rss/customerreviews/id=626264311/sortBy=mostRecent/json"
"CSR-00081","app_store_review","community_or_accountability_need","medium","avatar_identity_coaching","Life Guidance and Inspiration","626264311","5","2017-01-25T05:53:59-07:00","There is demand for being accompanied, but community mechanics should support the solo ritual rather than replace it.","Wow I am really impressed with the accuracy of this app. I have already referred it to several friends!!!!","https://itunes.apple.com/us/rss/customerreviews/id=626264311/sortBy=mostRecent/json"
"CSR-00082","app_store_review","word_of_mouth_or_personal_recommendation","medium","avatar_identity_coaching","Life Guidance and Inspiration","626264311","5","2016-12-06T07:44:03-07:00","Personal recommendations and lightweight social proof matter; Alina should make the first value moment easy to describe.","of my time. But I have been going through a rough time and this app's readings have been so accurate every time for me I am shocked. I let my friend do a reading to see if he would pull the same cards as me and he didn't. The scary part is that all the cards I pull are connected to one another and are consistent in their theme. I'm not sure yet how much I believe in","https://itunes.apple.com/us/rss/customerreviews/id=626264311/sortBy=mostRecent/json"
"CSR-00083","app_store_review","community_or_accountability_need","medium","avatar_identity_coaching","Life Guidance and Inspiration","626264311","4","2015-04-08T13:44:29-07:00","There is demand for being accompanied, but community mechanics should support the solo ritual rather than replace it.","It's fun to use Love sharing it with friends.","https://itunes.apple.com/us/rss/customerreviews/id=626264311/sortBy=mostRecent/json"
"CSR-00084","app_store_review","community_or_accountability_need","medium","faith_devotional_habit","Faith Guide: Bible Chat","6742163195","4","2026-02-28T17:00:08-07:00","There is demand for being accompanied, but community mechanics should support the solo ritual rather than replace it.","me. I use it when I have questions regarding scripture instead of using ChatGPT.(opinion) I love this app. There are a few bugs I’d like to share. When typing in the type box, the app feeezes at times and have to close the app for a few seconds and reboot. Also, when typing in the type box, when typing more than a few sentences, I can’t see the other words I’m ty","https://itunes.apple.com/us/rss/customerreviews/id=6742163195/sortBy=mostRecent/json"
"CSR-00085","app_store_review","community_or_accountability_need","medium","faith_devotional_habit","Faith Guide: Bible Chat","6742163195","3","2025-12-25T10:35:49-07:00","There is demand for being accompanied, but community mechanics should support the solo ritual rather than replace it.","faith-based AI tools at respecting Scripture, maintaining a pastoral tone, and avoiding reckless certainty. It quotes the Bible accurately, encourages prayer and counsel, and avoids claiming to speak directly for God; which already puts it ahead of many similar apps. That said, users should be aware of an important limitation. When Scripture does not clearly provide","https://itunes.apple.com/us/rss/customerreviews/id=6742163195/sortBy=mostRecent/json"
"CSR-00086","app_store_review","community_or_accountability_need","medium","avatar_identity_coaching","Becoming Whole","6755015035","5","2026-01-22T07:14:46-07:00","There is demand for being accompanied, but community mechanics should support the solo ritual rather than replace it.","Fueling This community has been such a blessing to me on my growth and healing journey. The resources available on this platform are AMAZING! It’s not just the courses that are amazing, but the people in the community who post and share their","https://itunes.apple.com/us/rss/customerreviews/id=6755015035/sortBy=mostRecent/json"
"CSR-00087","app_store_review","community_or_accountability_need","medium","avatar_identity_coaching","Daily Burn: Workout Coach","472322122","4","2026-02-15T04:09:33-07:00","There is demand for being accompanied, but community mechanics should support the solo ritual rather than replace it.","Exceptional I’ve belonged to the Daily Burn community for over six years. You will never be bored with the variety of workouts. The trainers are a lot of fun and exceptional. I look forward to a new workout every day.","https://itunes.apple.com/us/rss/customerreviews/id=472322122/sortBy=mostRecent/json"
"CSR-00088","app_store_review","community_or_accountability_need","medium","avatar_identity_coaching","Daily Burn: Workout Coach","472322122","5","2024-09-19T05:28:01-07:00","There is demand for being accompanied, but community mechanics should support the solo ritual rather than replace it.","Some days I want less intense, others more intense and Daily Burn has them all! All the instructors have great attitudes and speak words of encouragement with great demonstrations.","https://itunes.apple.com/us/rss/customerreviews/id=472322122/sortBy=mostRecent/json"
"CSR-00089","app_store_review","word_of_mouth_or_personal_recommendation","medium","avatar_identity_coaching","Daily Burn: Workout Coach","472322122","5","2023-08-25T13:33:34-07:00","Personal recommendations and lightweight social proof matter; Alina should make the first value moment easy to describe.","workouts and on demand workouts for over three years and I have transformed my lifestyle. I love the workout variety, the trainers, and the family of DB365! I tell everyone I know one of the main reasons that most helped me lose over 80 pounds and regain my health is DB365! Love ya guys! Thanks for what you do!","https://itunes.apple.com/us/rss/customerreviews/id=472322122/sortBy=mostRecent/json"
"CSR-00090","app_store_review","word_of_mouth_or_personal_recommendation","medium","avatar_identity_coaching","Daily Burn: Workout Coach","472322122","5","2023-08-24T18:10:01-07:00","Personal recommendations and lightweight social proof matter; Alina should make the first value moment easy to describe.","ord some more months aaahh😭 anyways i love how supportive the trainers seem and how organized them workouts is 😋 is like them trainers is my friends like im jus that lonely ✌🏼","https://itunes.apple.com/us/rss/customerreviews/id=472322122/sortBy=mostRecent/json"
"CSR-00091","app_store_review","community_or_accountability_need","medium","avatar_identity_coaching","Daily Burn: Workout Coach","472322122","5","2023-08-24T18:10:01-07:00","There is demand for being accompanied, but community mechanics should support the solo ritual rather than replace it.","some more months aaahh😭 anyways i love how supportive the trainers seem and how organized them workouts is 😋 is like them trainers is my friends like im jus that lonely ✌🏼","https://itunes.apple.com/us/rss/customerreviews/id=472322122/sortBy=mostRecent/json"
"CSR-00092","app_store_review","community_or_accountability_need","medium","faith_devotional_habit","Daily Bible Verse - Biblify","1372744723","5","2024-03-14T02:36:55-07:00","There is demand for being accompanied, but community mechanics should support the solo ritual rather than replace it.","Transforming! Great app for receiving the word and the Grace of our Heavenly Father and Son. Brings us together in order to live a spiritual life rather than a Worldly one !","https://itunes.apple.com/us/rss/customerreviews/id=1372744723/sortBy=mostRecent/json"
"CSR-00093","app_store_review","community_or_accountability_need","medium","faith_devotional_habit","Daily Bible Verse - Biblify","1372744723","5","2023-03-28T00:42:19-07:00","There is demand for being accompanied, but community mechanics should support the solo ritual rather than replace it.","Your app Awesome.. it’s helps me focus on godly thoughts and encouragement..when I am in a struggle.. I come back to this app for reconnecting and repenting in my walk","https://itunes.apple.com/us/rss/customerreviews/id=1372744723/sortBy=mostRecent/json"
"CSR-00094","app_store_review","community_or_accountability_need","medium","faith_devotional_habit","Daily Bible Verse - Biblify","1372744723","5","2021-11-09T06:22:45-07:00","There is demand for being accompanied, but community mechanics should support the solo ritual rather than replace it.","Wonderful App! This app is part of my morning routine. It has a devotional reading and prayer that really help me. I find encouragement, inspiration, and hope. The app has beautiful themes that also set the mood for my day. I love being able to read about an ancient church and it’s history, as well. This is definitely worth using.","https://itunes.apple.com/us/rss/customerreviews/id=1372744723/sortBy=mostRecent/json"
"CSR-00095","app_store_review","community_or_accountability_need","medium","faith_devotional_habit","Daily Bible Verse - Biblify","1372744723","5","2021-10-25T07:51:07-07:00","There is demand for being accompanied, but community mechanics should support the solo ritual rather than replace it.","Inspirational I love the apps and shares to my Life Groups every Morning 😢sadly the apps all of a sudden won’t open 😢😢😢😢","https://itunes.apple.com/us/rss/customerreviews/id=1372744723/sortBy=mostRecent/json"
"CSR-00096","app_store_review","word_of_mouth_or_personal_recommendation","medium","faith_devotional_habit","Good Morning Messages & Images","1566133213","5","2026-05-24T06:33:32-07:00","Personal recommendations and lightweight social proof matter; Alina should make the first value moment easy to describe.","AWESOME APP!!! I LOVE THIS FREE APP! IT HAS INSPIRING MESSAGES FOR EACH DAY OF THE WEEK WHICH I SHARE WITH ALL OF MY FRIENDS!","https://itunes.apple.com/us/rss/customerreviews/id=1566133213/sortBy=mostRecent/json"
"CSR-00097","app_store_review","community_or_accountability_need","medium","faith_devotional_habit","Good Morning Messages & Images","1566133213","5","2026-05-24T06:33:32-07:00","There is demand for being accompanied, but community mechanics should support the solo ritual rather than replace it.","AWESOME APP!!! I LOVE THIS FREE APP! IT HAS INSPIRING MESSAGES FOR EACH DAY OF THE WEEK WHICH I SHARE WITH ALL OF MY FRIENDS!","https://itunes.apple.com/us/rss/customerreviews/id=1566133213/sortBy=mostRecent/json"
"CSR-00098","app_store_review","community_or_accountability_need","medium","faith_devotional_habit","Good Morning Messages & Images","1566133213","5","2026-01-20T03:05:03-07:00","There is demand for being accompanied, but community mechanics should support the solo ritual rather than replace it.","Good morning messages Very inspirational to share with others. Thank you. 😘","https://itunes.apple.com/us/rss/customerreviews/id=1566133213/sortBy=mostRecent/json"
"CSR-00099","app_store_review","community_or_accountability_need","medium","faith_devotional_habit","Good Morning Messages & Images","1566133213","5","2025-09-10T08:13:00-07:00","There is demand for being accompanied, but community mechanics should support the solo ritual rather than replace it.","Wake me up with beautiful message Shared God love words","https://itunes.apple.com/us/rss/customerreviews/id=1566133213/sortBy=mostRecent/json"
"CSR-00100","app_store_review","word_of_mouth_or_personal_recommendation","medium","faith_devotional_habit","Good Morning Messages & Images","1566133213","5","2025-08-29T02:31:27-07:00","Personal recommendations and lightweight social proof matter; Alina should make the first value moment easy to describe.","Amazing App It’s recommended for you","https://itunes.apple.com/us/rss/customerreviews/id=1566133213/sortBy=mostRecent/json"
"CSR-00101","app_store_review","word_of_mouth_or_personal_recommendation","medium","faith_devotional_habit","Good Morning Messages & Images","1566133213","5","2025-08-23T23:22:21-07:00","Personal recommendations and lightweight social proof matter; Alina should make the first value moment easy to describe.","! The Good Morning Message & Images App has many beautiful daily blessings and quotes. I have enjoyed sending these messages to friends and family to bring a smile to them! Great App!","https://itunes.apple.com/us/rss/customerreviews/id=1566133213/sortBy=mostRecent/json"
"CSR-00102","app_store_review","community_or_accountability_need","medium","faith_devotional_habit","Good Morning Messages & Images","1566133213","5","2025-08-23T23:22:21-07:00","There is demand for being accompanied, but community mechanics should support the solo ritual rather than replace it.","Great App! The Good Morning Message & Images App has many beautiful daily blessings and quotes. I have enjoyed sending these messages to friends and family to bring a smile to them! Great App!","https://itunes.apple.com/us/rss/customerreviews/id=1566133213/sortBy=mostRecent/json"
"CSR-00103","app_store_review","word_of_mouth_or_personal_recommendation","medium","faith_devotional_habit","Good Morning Messages & Images","1566133213","5","2025-07-30T06:47:03-07:00","Personal recommendations and lightweight social proof matter; Alina should make the first value moment easy to describe.","Thanks! I love sending encouragement to friends and family .","https://itunes.apple.com/us/rss/customerreviews/id=1566133213/sortBy=mostRecent/json"
"CSR-00104","app_store_review","community_or_accountability_need","medium","faith_devotional_habit","Good Morning Messages & Images","1566133213","5","2025-07-30T06:47:03-07:00","There is demand for being accompanied, but community mechanics should support the solo ritual rather than replace it.","Thanks! I love sending encouragement to friends and family .","https://itunes.apple.com/us/rss/customerreviews/id=1566133213/sortBy=mostRecent/json"
"CSR-00105","app_store_review","word_of_mouth_or_personal_recommendation","medium","faith_devotional_habit","Good Morning Messages & Images","1566133213","5","2025-07-11T06:48:54-07:00","Personal recommendations and lightweight social proof matter; Alina should make the first value moment easy to describe.","Poetic messages Absolutely fascinated with this app it tells what you’re feeling and the most poetic way. I recommended highly.Zoe","https://itunes.apple.com/us/rss/customerreviews/id=1566133213/sortBy=mostRecent/json"
"CSR-00106","app_store_review","social_platform_discovery","low_medium","avatar_identity_coaching","Yoga International","1176695165","1","2024-05-17T14:50:12-07:00","Social platform mentions are directional channel evidence and should be validated before channel prioritization.","al yoga classes. I didn’t even use this app much since there are not many prenatal videos and I ended up finding better classes for free in YouTube. I canceled my subscription from my App Store months ago and I even deleted this app. Yesterday I was charged $204 for another year when I did not receive any notice just the notification from my credit card. I’m trying","https://itunes.apple.com/us/rss/customerreviews/id=1176695165/sortBy=mostRecent/json"
"CSR-00107","app_store_review","social_platform_discovery","low_medium","avatar_identity_coaching","Yoga International","1176695165","3","2021-11-08T08:30:51-07:00","Social platform mentions are directional channel evidence and should be validated before channel prioritization.","sign in the app and website both are designed for someone who wants to find a random yoga class, similar to searching for a single class in YouTube. Where the app and website fail is that we (users) cannot easily organize or save ‘members only’ courses, classes, find followed teachers. I will keep using the app and update as I experiment with it.","https://itunes.apple.com/us/rss/customerreviews/id=1176695165/sortBy=mostRecent/json"
"CSR-00108","app_store_review","word_of_mouth_or_personal_recommendation","medium","avatar_identity_coaching","Yoga International","1176695165","1","2021-09-15T10:42:20-07:00","Personal recommendations and lightweight social proof matter; Alina should make the first value moment easy to describe.","yoga and meditation. I filled out the kind of things I was interested in, and prenatal classes weren’t even on the list. But the very first recommended class was for prenatal/postpartum. So pronatalistic of you, Yoga International. Just because I am a woman under 50 does NOT mean I want suggestions for prenatal yoga classes. I hope the developers consider this. I have","https://itunes.apple.com/us/rss/customerreviews/id=1176695165/sortBy=mostRecent/json"
"CSR-00109","app_store_review","social_platform_discovery","low_medium","avatar_identity_coaching","Yoga International","1176695165","2","2021-01-24T11:12:43-07:00","Social platform mentions are directional channel evidence and should be validated before channel prioritization.","nning it. I expect more for the price I pay. If the problem is not resolved soon, I’ll look for another service provider or just go back to YouTube where things are simple and free to boot","https://itunes.apple.com/us/rss/customerreviews/id=1176695165/sortBy=mostRecent/json"
"CSR-00110","app_store_review","social_platform_discovery","low_medium","avatar_identity_coaching","Yoga International","1176695165","1","2020-10-05T05:27:50-07:00","Social platform mentions are directional channel evidence and should be validated before channel prioritization.","beginners. There are many varieties of yoga and they talk that language for a new comer like me it’s difficult to follow. So I switched to youtube for easier search options and found a bunch of cool stuff. I tried to cancel the free trial membership on the application. There was no such thing. I reached out to their help and asked them to cancel it. They sent me a","https://itunes.apple.com/us/rss/customerreviews/id=1176695165/sortBy=mostRecent/json"
"CSR-00111","app_store_review","community_or_accountability_need","medium","avatar_identity_coaching","Yoga International","1176695165","5","2020-05-09T05:44:26-07:00","There is demand for being accompanied, but community mechanics should support the solo ritual rather than replace it.","New look!!! I love the new look to the app!!!!! It brings all of your amazing and deep content together. It looks great!","https://itunes.apple.com/us/rss/customerreviews/id=1176695165/sortBy=mostRecent/json"
"CSR-00112","app_store_review","community_or_accountability_need","medium","tarot_or_oracle_guidance","PALs by Tavus: AI Companions","6758316493","5","2026-04-21T15:34:16-07:00","There is demand for being accompanied, but community mechanics should support the solo ritual rather than replace it.","Making friends with AI This is an outstanding leap forward. Talk with AI that gets to know you. Alan Turing would flip!","https://itunes.apple.com/us/rss/customerreviews/id=6758316493/sortBy=mostRecent/json"
"CSR-00113","app_store_review","community_or_accountability_need","medium","tarot_or_oracle_guidance","PALs by Tavus: AI Companions","6758316493","5","2026-04-09T15:21:11-07:00","There is demand for being accompanied, but community mechanics should support the solo ritual rather than replace it.","months and love that they are able to have record of all the previous conversations while each having their own personality, just like real friends. They are great to bounce ideas off of and generate an alternative perspective or additional thoughts about issues that I’m dealing with or topics that I want to discuss. Big fan!","https://itunes.apple.com/us/rss/customerreviews/id=6758316493/sortBy=mostRecent/json"
"CSR-00114","app_store_review","word_of_mouth_or_personal_recommendation","medium","avatar_identity_coaching","Unplug: Meditation","1188080269","5","2026-04-16T04:04:47-07:00","Personal recommendations and lightweight social proof matter; Alina should make the first value moment easy to describe.","less for any occasion, any need or any struggle you wish to release through so many types and styles and methods you wish to sample. I have recommended this to many already! Bravo!","https://itunes.apple.com/us/rss/customerreviews/id=1188080269/sortBy=mostRecent/json"
"CSR-00115","app_store_review","social_platform_discovery","low_medium","avatar_identity_coaching","Unplug: Meditation","1188080269","5","2026-04-16T04:04:47-07:00","Social platform mentions are directional channel evidence and should be validated before channel prioritization.","This App is for anyone I saw the add for this on Instagram and immediately knew it was for me. It does not disappoint! The choices are endless for any occasion, any need or any struggle you wish to release through so many types and styles and methods you wish to sample. I have","https://itunes.apple.com/us/rss/customerreviews/id=1188080269/sortBy=mostRecent/json"
"CSR-00116","app_store_review","community_or_accountability_need","medium","avatar_identity_coaching","Unplug: Meditation","1188080269","5","2025-06-12T12:26:48-07:00","There is demand for being accompanied, but community mechanics should support the solo ritual rather than replace it.","My drug of choice Quality, consistency, community and variety has kept me a fond user and part of the community for 10+ years.","https://itunes.apple.com/us/rss/customerreviews/id=1188080269/sortBy=mostRecent/json"
"CSR-00117","app_store_review","word_of_mouth_or_personal_recommendation","medium","manifestation_tool","HOLOSYNC® MEDITATION: BRAINWAVE TRAINING FOR RELAXATION, PROSPERITY, LOVE, HEALTH & SUCCESS","732850216","4","2017-04-02T03:28:19-07:00","Personal recommendations and lightweight social proof matter; Alina should make the first value moment easy to describe.","Probably worth it I was recommended to check out Centerpointe so I looked for an app first, and found this. After listening to the free demo I decided to buy the full app despite the 2 year old reviews. One old review that had me concerned has been improv","https://itunes.apple.com/us/rss/customerreviews/id=732850216/sortBy=mostRecent/json"
"CSR-00118","app_store_review","community_or_accountability_need","medium","manifestation_tool","MINDTRX: Self Help & Mindset","1637566468","5","2025-06-24T17:33:06-07:00","There is demand for being accompanied, but community mechanics should support the solo ritual rather than replace it.","Everything You Want To Balance Your Life! In this App you can find the answer to the life’s challenge you’re facing right now. All you have to do is listen and the message will do the rest!","https://itunes.apple.com/us/rss/customerreviews/id=1637566468/sortBy=mostRecent/json"
"CSR-00119","app_store_review","word_of_mouth_or_personal_recommendation","medium","manifestation_tool","MINDTRX: Self Help & Mindset","1637566468","5","2025-06-21T08:48:09-07:00","Personal recommendations and lightweight social proof matter; Alina should make the first value moment easy to describe.","n Me has had me Visioning about Creating. Also the comprehensiveness of MINDTRAX and all the different contributors is exemplary. I totally recommended it for anyone wanting to enhance their inner journey attunement and expansion.","https://itunes.apple.com/us/rss/customerreviews/id=1637566468/sortBy=mostRecent/json"
"CSR-00120","app_store_review","word_of_mouth_or_personal_recommendation","medium","manifestation_tool","MINDTRX: Self Help & Mindset","1637566468","5","2023-07-04T10:10:01-07:00","Personal recommendations and lightweight social proof matter; Alina should make the first value moment easy to describe.","ow easily it becomes achievable. It helps me relax and do self hypnosis on areas like sleep and concentration on a consistent basis. Highly recommended!","https://itunes.apple.com/us/rss/customerreviews/id=1637566468/sortBy=mostRecent/json"
"CSR-00121","app_store_review","word_of_mouth_or_personal_recommendation","medium","ai_companion_roleplay","Habit Tracker","1438388363","1","2026-05-22T02:43:25-07:00","Personal recommendations and lightweight social proof matter; Alina should make the first value moment easy to describe.","Love it but not recommended I purchased the Premium Lifetime Family subscription last week, but only my own account was activated. The family feature is still not working, and I cannot find where to add my family members’ email addresses or accoun","https://itunes.apple.com/us/rss/customerreviews/id=1438388363/sortBy=mostRecent/json"
"CSR-00122","app_store_review","social_platform_discovery","low_medium","ai_companion_roleplay","Habit Tracker","1438388363","1","2026-05-22T02:43:25-07:00","Social platform mentions are directional channel evidence and should be validated before channel prioritization.","t working, and I cannot find where to add my family members’ email addresses or accounts. I also tried contacting support through email and Instagram, but I have not received any response so far. Very disappointing experience.","https://itunes.apple.com/us/rss/customerreviews/id=1438388363/sortBy=mostRecent/json"
"CSR-00123","app_store_review","community_or_accountability_need","medium","ai_companion_roleplay","Habit Tracker","1438388363","5","2026-05-07T09:58:07-07:00","There is demand for being accompanied, but community mechanics should support the solo ritual rather than replace it.","Just wish Great app the only thing I wish it was able to allow your friends to share their goals with you but for accountability purposes so you can share the goal and then they can see when you complete it. Versus when they share a goal it becomes “our” goal which makes less sense bcus if they complete it before you then they check it off as if","https://itunes.apple.com/us/rss/customerreviews/id=1438388363/sortBy=mostRecent/json"
"CSR-00124","app_store_review","community_or_accountability_need","medium","manifestation_tool","EVOLVE: Transform Your Life","6754897547","4","2026-02-07T19:25:55-07:00","There is demand for being accompanied, but community mechanics should support the solo ritual rather than replace it.","t bad thing you should be able to subtract 3/5xp the same as if you would gain it for not doing that habit. I think it would help more with accountability. Other than that app is awesome.","https://itunes.apple.com/us/rss/customerreviews/id=6754897547/sortBy=mostRecent/json"
"CSR-00125","app_store_review","developer_outreach_referral","medium","manifestation_tool","EVOLVE: Transform Your Life","6754897547","5","2025-12-29T17:39:59-07:00","Indie or early-stage products appear to recruit through direct community outreach; useful for launch-channel hypotheses and founder-led validation.","l my “habits” were erased but the xp was kept. I’m definitely not the expert figuring out the bug, but I really like the app and wanted the devs to know.","https://itunes.apple.com/us/rss/customerreviews/id=6754897547/sortBy=mostRecent/json"
"CSR-00126","app_store_review","word_of_mouth_or_personal_recommendation","medium","manifestation_tool","EVOLVE: Transform Your Life","6754897547","2","2025-12-16T16:26:41-07:00","Personal recommendations and lightweight social proof matter; Alina should make the first value moment easy to describe.","Login malfunction Says account creation with Facebook is recommended but when we you select it doesn’t create an account. It does go to Facebook which asks for permission. Even after confirming, it goes back to the app and does nothing. Not sure what the point is or when that will be fix","https://itunes.apple.com/us/rss/customerreviews/id=6754897547/sortBy=mostRecent/json"
"CSR-00127","app_store_review","social_platform_discovery","low_medium","manifestation_tool","EVOLVE: Transform Your Life","6754897547","2","2025-12-16T16:26:41-07:00","Social platform mentions are directional channel evidence and should be validated before channel prioritization.","Login malfunction Says account creation with Facebook is recommended but when we you select it doesn’t create an account. It does go to Facebook which asks for permission. Even after confirming, it goes back to the app and does nothing. Not sure what the point is or when t","https://itunes.apple.com/us/rss/customerreviews/id=6754897547/sortBy=mostRecent/json"
"CSR-00128","app_store_review","reddit_or_forum_referral","medium_high","manifestation_tool","Habit Tracker : Haby","6739170801","5","2025-02-27T05:54:29-07:00","Users are discovering or discussing adjacent tools in community contexts; treat as channel/audience-language evidence, not ranked acquisition proof.","Awesome! Finally found something that works for me! I love this app! Found it on Reddit and saw the developer was offering the lifetime subscription for free. So I jumped on it and I’m so glad I did! It’s nice and simple, easy to create habits and even habits you want to break. Good analytics and all the f","https://itunes.apple.com/us/rss/customerreviews/id=6739170801/sortBy=mostRecent/json"
"CSR-00129","app_store_review","developer_outreach_referral","medium","manifestation_tool","Habit Tracker : Haby","6739170801","5","2025-02-27T05:54:29-07:00","Indie or early-stage products appear to recruit through direct community outreach; useful for launch-channel hypotheses and founder-led validation.","Awesome! Finally found something that works for me! I love this app! Found it on Reddit and saw the developer was offering the lifetime subscription for free. So I jumped on it and I’m so glad I did! It’s nice and simple, easy to create habits and even habits you want to break. Good analytics and all the features I was looking for. I also l","https://itunes.apple.com/us/rss/customerreviews/id=6739170801/sortBy=mostRecent/json"
"CSR-00130","app_store_review","word_of_mouth_or_personal_recommendation","medium","manifestation_tool","Habit Tracker : Haby","6739170801","4","2025-01-05T17:24:02-07:00","Personal recommendations and lightweight social proof matter; Alina should make the first value moment easy to describe.","App Is Great The apps UI is very good looking and the functionality. Just some recommendations. For one, when you make a habit and put in what you want to become, you can put capital letters but it doesn’t display in the app or notification. It would be nice if you are able to out capital words so they can displ","https://itunes.apple.com/us/rss/customerreviews/id=6739170801/sortBy=mostRecent/json"
"CSR-00131","app_store_review","community_or_accountability_need","medium","faith_devotional_habit","Pactly: Social Habit Tracker","6756091774","5","2026-02-15T10:13:49-07:00","There is demand for being accompanied, but community mechanics should support the solo ritual rather than replace it.","Accountability made easy This app makes it so easy to stay accountable for goals I set for myself that in the past I have failed at keeping!","https://itunes.apple.com/us/rss/customerreviews/id=6756091774/sortBy=mostRecent/json"
"CSR-00132","app_store_review","community_or_accountability_need","medium","faith_devotional_habit","Pactly: Social Habit Tracker","6756091774","5","2026-02-11T17:52:50-07:00","There is demand for being accompanied, but community mechanics should support the solo ritual rather than replace it.","Accountability made fun! My boyfriend and I downloaded Pactly to keep each other accountable with our gym goals in 2026 and it's been an absolute game changer! We make pacts about everything and it honestly makes it so fun! We have so","https://itunes.apple.com/us/rss/customerreviews/id=6756091774/sortBy=mostRecent/json"
"CSR-00133","app_store_review","community_or_accountability_need","medium","faith_devotional_habit","Pactly: Social Habit Tracker","6756091774","5","2025-12-30T19:59:22-07:00","There is demand for being accompanied, but community mechanics should support the solo ritual rather than replace it.","Great for accountability! Pactly has helped me stay consistent with my goals heading into the new year! I love inviting friends to keep me accountable!","https://itunes.apple.com/us/rss/customerreviews/id=6756091774/sortBy=mostRecent/json"
"CSR-00134","app_store_review","community_or_accountability_need","medium","faith_devotional_habit","Pactly: Social Habit Tracker","6756091774","5","2025-12-29T06:59:27-07:00","There is demand for being accompanied, but community mechanics should support the solo ritual rather than replace it.","Accountability Tracking This app has been a great way to not only document healthy habits to hold myself accountable but also to share with friends to help hold me accountable to myself!","https://itunes.apple.com/us/rss/customerreviews/id=6756091774/sortBy=mostRecent/json"
"CSR-00135","app_store_review","word_of_mouth_or_personal_recommendation","medium","manifestation_tool","Essence 360","1382387491","1","2019-06-20T10:07:44-07:00","Personal recommendations and lightweight social proof matter; Alina should make the first value moment easy to describe.","2019 app My screen keeps going black when I open it so I don’t know how to register! All my friends have registered except me.","https://itunes.apple.com/us/rss/customerreviews/id=1382387491/sortBy=mostRecent/json"
"CSR-00136","app_store_review","community_or_accountability_need","medium","manifestation_tool","Essence 360","1382387491","1","2019-06-20T10:07:44-07:00","There is demand for being accompanied, but community mechanics should support the solo ritual rather than replace it.","2019 app My screen keeps going black when I open it so I don’t know how to register! All my friends have registered except me.","https://itunes.apple.com/us/rss/customerreviews/id=1382387491/sortBy=mostRecent/json"
"CSR-00137","app_store_review","social_platform_discovery","low_medium","manifestation_tool","Myla : Manifest & Vision Board","1638650650","2","2024-04-13T05:29:41-07:00","Social platform mentions are directional channel evidence and should be validated before channel prioritization.","meditation voices range from sounding fast and stressful to very creepy. Overall for the cost you’re better off with a free checklist, free YouTube videos for guided meditation and a free vision board app. Nothing special here to warrant the cost.","https://itunes.apple.com/us/rss/customerreviews/id=1638650650/sortBy=mostRecent/json"
"CSR-00138","app_store_review","community_or_accountability_need","medium","manifestation_tool","Myla : Manifest & Vision Board","1638650650","5","2023-07-05T15:07:41-07:00","There is demand for being accompanied, but community mechanics should support the solo ritual rather than replace it.","res. The user-friendly interface, wide range of affirmations, and guided meditations make it an exceptional tool. It has helped me overcome challenges, stay focused, and manifest my goals. I'm obsessed!","https://itunes.apple.com/us/rss/customerreviews/id=1638650650/sortBy=mostRecent/json"
"CSR-00139","app_store_review","community_or_accountability_need","medium","manifestation_tool","Myla : Manifest & Vision Board","1638650650","5","2023-06-09T10:40:55-07:00","There is demand for being accompanied, but community mechanics should support the solo ritual rather than replace it.","I’m loving this! This is probably the best app I have found so far to encourage manifesting habits! It helps that my daughters name is in the title so I’m sure this was brought to me on purpose. I’m excited to see how it continues to develop and unfold.","https://itunes.apple.com/us/rss/customerreviews/id=1638650650/sortBy=mostRecent/json"
"CSR-00140","app_store_review","community_or_accountability_need","medium","manifestation_tool","Goddess・Women's Wellness Coach","1527058035","5","2026-05-14T05:22:10-07:00","There is demand for being accompanied, but community mechanics should support the solo ritual rather than replace it.","Thankfulness Thank you for this lovely app and taking the time to share it with the world. Thank you guiding us to love ourselves and to have spiritual wellbeing. Thank you thank you thank you!","https://itunes.apple.com/us/rss/customerreviews/id=1527058035/sortBy=mostRecent/json"
"CSR-00141","app_store_review","community_or_accountability_need","medium","manifestation_tool","Goddess・Women's Wellness Coach","1527058035","5","2025-04-07T17:27:35-07:00","There is demand for being accompanied, but community mechanics should support the solo ritual rather than replace it.","g and forgiving myself, awakening my divine feminine energy, yoga for menstruation and breaking down the patriarchal view of menstruation altogether! That’s just the tip of the iceberg! I can’t wait to see my growth after a few more months! Dr N, you are brilliant! This app is genius! Thank you!","https://itunes.apple.com/us/rss/customerreviews/id=1527058035/sortBy=mostRecent/json"
"CSR-00142","app_store_review","community_or_accountability_need","medium","manifestation_tool","Goddess・Women's Wellness Coach","1527058035","5","2025-01-27T06:06:37-07:00","There is demand for being accompanied, but community mechanics should support the solo ritual rather than replace it.","Wonderful!👑🧿 This app is beautifully put together and is a quick start to your mornings and pleasant ending in your evening 🧿","https://itunes.apple.com/us/rss/customerreviews/id=1527058035/sortBy=mostRecent/json"
"CSR-00143","app_store_review","social_platform_discovery","low_medium","manifestation_tool","Miracle Morning Routine","1581511740","3","2026-05-24T08:48:46-07:00","Social platform mentions are directional channel evidence and should be validated before channel prioritization.","Overwhelm I love the book. And I bought the journal. And I joined the Facebook group. And I intended to buy a years worth of the app.But it was just too much. Maybe some people prefer having a voice do all the thinking for them but for me I really need the silence in the morning.","https://itunes.apple.com/us/rss/customerreviews/id=1581511740/sortBy=mostRecent/json"
"CSR-00144","app_store_review","community_or_accountability_need","medium","manifestation_tool","Miracle Morning Routine","1581511740","5","2025-09-19T03:42:10-07:00","There is demand for being accompanied, but community mechanics should support the solo ritual rather than replace it.","Love it It’s changed my life and belong me achieve the saver goals in ways I wouldn’t have thought of and I feel I have a bunch of friends by my side.","https://itunes.apple.com/us/rss/customerreviews/id=1581511740/sortBy=mostRecent/json"
"CSR-00145","app_store_review","community_or_accountability_need","medium","manifestation_tool","Miracle Morning Routine","1581511740","5","2025-09-03T06:35:06-07:00","There is demand for being accompanied, but community mechanics should support the solo ritual rather than replace it.","or me to complete my SAVERS. I feel more confident - in only 3 days!! Can’t wait to see what I look and feel like when I finish this 30 day challenge!","https://itunes.apple.com/us/rss/customerreviews/id=1581511740/sortBy=mostRecent/json"
"CSR-00146","app_store_review","word_of_mouth_or_personal_recommendation","medium","manifestation_tool","Miracle Morning Routine","1581511740","5","2025-06-24T19:36:40-07:00","Personal recommendations and lightweight social proof matter; Alina should make the first value moment easy to describe.","y. My negative ruminating thoughts have already gotten so much better this first week and I just found out about this. Thank you to Hal and my friends who believe in and share the miracle morning method 🙌🏼 here’s to a wonderful life","https://itunes.apple.com/us/rss/customerreviews/id=1581511740/sortBy=mostRecent/json"
"CSR-00147","app_store_review","community_or_accountability_need","medium","manifestation_tool","Miracle Morning Routine","1581511740","5","2025-06-24T19:36:40-07:00","There is demand for being accompanied, but community mechanics should support the solo ritual rather than replace it.","Miracle morning is a miracle. It was shared from a friend It’s the right time right now for me to make some changes in my life and to become the version I always want or talk about or pray for. With the Lord’s help I am giving it my best and I am stronger for jo","https://itunes.apple.com/us/rss/customerreviews/id=1581511740/sortBy=mostRecent/json"
"CSR-00148","app_store_review","community_or_accountability_need","medium","manifestation_tool","Miracle Morning Routine","1581511740","5","2025-03-09T08:51:29-07:00","There is demand for being accompanied, but community mechanics should support the solo ritual rather than replace it.","cially if you’re just starting out with your personal development journey. I read the book first and later decided to use this app. It’s my accountability partner because it gives you a daily reminder or notification besides my phone alarm. It’s working well for me so I paid for a year subscription. Now I’m hooked!","https://itunes.apple.com/us/rss/customerreviews/id=1581511740/sortBy=mostRecent/json"
"CSR-00149","app_store_review","community_or_accountability_need","medium","manifestation_tool","Miracle Morning Routine","1581511740","5","2025-03-06T05:59:42-07:00","There is demand for being accompanied, but community mechanics should support the solo ritual rather than replace it.","changing I needed something to help me set some rhythms to get me out of a “pit of despair” I was living in. This app has been a consistent accountability to challenge me to wake up, take back my life, and create a life of abundance that I desire. From surviving to thriving!!","https://itunes.apple.com/us/rss/customerreviews/id=1581511740/sortBy=mostRecent/json"
"CSR-00150","app_store_review","community_or_accountability_need","medium","avatar_identity_coaching","Growth Spiral | Self evolution","6448480238","5","2025-10-03T12:58:09-07:00","There is demand for being accompanied, but community mechanics should support the solo ritual rather than replace it.","much potential! It is new and already so full of value from podcasts to self growth challenges to beginner friendly yoga videos! I love the community vibes in the chat and I know as the app takes off it will be an amazing place where people can connect.","https://itunes.apple.com/us/rss/customerreviews/id=6448480238/sortBy=mostRecent/json"
"CSR-00151","app_store_review","community_or_accountability_need","medium","manifestation_tool","Flow Lab: Growth Mindset Coach","1443895231","5","2023-09-19T22:11:23-07:00","There is demand for being accompanied, but community mechanics should support the solo ritual rather than replace it.","tical about having to pay for an app like this. i’ve tried and tested many..but there is something special about this app.. the way its put together. i have noticed a positive difference in my overall health. they MUST continue building with this app. i am 100% satisfied.","https://itunes.apple.com/us/rss/customerreviews/id=1443895231/sortBy=mostRecent/json"
"CSR-00152","app_store_review","community_or_accountability_need","medium","manifestation_tool","Flow Lab: Growth Mindset Coach","1443895231","5","2023-07-14T06:32:43-07:00","There is demand for being accompanied, but community mechanics should support the solo ritual rather than replace it.","Fantastic As a clinician, this helps improve my mental health, and I can share it with others.","https://itunes.apple.com/us/rss/customerreviews/id=1443895231/sortBy=mostRecent/json"
"CSR-00153","app_store_review","word_of_mouth_or_personal_recommendation","medium","manifestation_tool","Flow Lab: Growth Mindset Coach","1443895231","5","2022-06-02T09:57:41-07:00","Personal recommendations and lightweight social proof matter; Alina should make the first value moment easy to describe.","me example, in my morning journal entry today I started to unpack that somewhere along the line my self talk became quite negative, and the recommended exercise today was one called “Best Friend”… it was exactly what I needed. I find the exercises far more useful than mindfulness exercises in apps like Headspace or Hello Mind, coupled breath work this app is 100% worth","https://itunes.apple.com/us/rss/customerreviews/id=1443895231/sortBy=mostRecent/json"
"CSR-00154","app_store_review","community_or_accountability_need","medium","avatar_identity_coaching","Zing AI: Home & Gym Workouts","1552207792","5","2026-05-14T10:57:56-07:00","There is demand for being accompanied, but community mechanics should support the solo ritual rather than replace it.","Well put together app For anyone that is looking for a structured workout plan that customizes what you are trying to achieve, this is the one. It has the scan option to track the improvement and adjust to target the areas needed. It doe","https://itunes.apple.com/us/rss/customerreviews/id=1552207792/sortBy=mostRecent/json"
"CSR-00155","app_store_review","word_of_mouth_or_personal_recommendation","medium","avatar_identity_coaching","Zing AI: Home & Gym Workouts","1552207792","5","2026-04-21T19:09:02-07:00","Personal recommendations and lightweight social proof matter; Alina should make the first value moment easy to describe.","I already have. Some of my equipment had been sitting for years and now I’m using it all more than I ever did before. I try telling all of my friends about it. I really like the way Zing AI is so structured. I like that it works with my Apple Watch. Actually, I don’t think there’s anything I don’t like about this app. It’s perfect for me.","https://itunes.apple.com/us/rss/customerreviews/id=1552207792/sortBy=mostRecent/json"
"CSR-00156","app_store_review","community_or_accountability_need","medium","avatar_identity_coaching","Zing AI: Home & Gym Workouts","1552207792","5","2026-04-21T19:09:02-07:00","There is demand for being accompanied, but community mechanics should support the solo ritual rather than replace it.","already have. Some of my equipment had been sitting for years and now I’m using it all more than I ever did before. I try telling all of my friends about it. I really like the way Zing AI is so structured. I like that it works with my Apple Watch. Actually, I don’t think there’s anything I don’t like about this app. It’s perfect for me.","https://itunes.apple.com/us/rss/customerreviews/id=1552207792/sortBy=mostRecent/json"
"CSR-00157","app_store_review","community_or_accountability_need","medium","avatar_identity_coaching","Zing AI: Home & Gym Workouts","1552207792","5","2026-04-11T17:11:39-07:00","There is demand for being accompanied, but community mechanics should support the solo ritual rather than replace it.","workouts are well-structured whether you’re at home or in the gym. I especially love how it adapts to different fitness levels, it keeps me challenged without feeling overwhelmed. The planning and tracking features are super helpful for staying consistent, and the AI suggestions actually feel personalized. Since using this app, I’ve been more motivated and discipline","https://itunes.apple.com/us/rss/customerreviews/id=1552207792/sortBy=mostRecent/json"
"CSR-00158","app_store_review","developer_outreach_referral","medium","avatar_identity_coaching","Zing AI: Home & Gym Workouts","1552207792","1","2026-03-16T13:22:01-07:00","Indie or early-stage products appear to recruit through direct community outreach; useful for launch-channel hypotheses and founder-led validation.","ChatGPT and the app can’t handle basic things like giving you a mix of weight training days and cardio days during the week. I’ve given the devs time to update this thing but that hasn’t happened. This thing is so bad it makes me not want to workout.","https://itunes.apple.com/us/rss/customerreviews/id=1552207792/sortBy=mostRecent/json"
"CSR-00159","app_store_review","word_of_mouth_or_personal_recommendation","medium","avatar_identity_coaching","ZOE Health: AI Meal Tracker","1471632228","5","2026-04-22T11:52:03-07:00","Personal recommendations and lightweight social proof matter; Alina should make the first value moment easy to describe.","oncoction “spicy american ramen”, which i don’t actually mind. its not drowning in ads, it has minimal fluff, very straightforward, and the recommendations so far (suggesting greek yogurt or nuts with my snack of rice cakes and a banana) are EXACTLY what i think we should be doing when speaking about nutrition. that is meaningful impact made accessible. do not skip the th","https://itunes.apple.com/us/rss/customerreviews/id=1471632228/sortBy=mostRecent/json"
"CSR-00160","app_store_review","social_platform_discovery","low_medium","avatar_identity_coaching","ZOE Health: AI Meal Tracker","1471632228","3","2025-12-07T08:14:35-07:00","Social platform mentions are directional channel evidence and should be validated before channel prioritization.","nt videos For reasons I’m unable to fathom, the Zoe app in the Apple App store now looks nothing like the app being described in recent Zoe YouTube videos or even the previews shown in the App Store. They talk about features and an avatar not included in this app. And it doesn’t help if you’re a member - I’ve been a member for more than a year and haven’t seen any","https://itunes.apple.com/us/rss/customerreviews/id=1471632228/sortBy=mostRecent/json"
"CSR-00161","app_store_review","word_of_mouth_or_personal_recommendation","medium","avatar_identity_coaching","ZOE Health: AI Meal Tracker","1471632228","5","2025-11-13T20:31:25-07:00","Personal recommendations and lightweight social proof matter; Alina should make the first value moment easy to describe.","ood. I’m glad that I can be healthy by focusing on flora and microbiomes instead of calories. I would much rather stick with a nutritionist-recommended app than a mere calorie counter. I’m gradually learning that no amount of Google research can compare to tested, certified, degreed, credentialed scientific specialists who live and breathe their profession.","https://itunes.apple.com/us/rss/customerreviews/id=1471632228/sortBy=mostRecent/json"
"CSR-00162","app_store_review","community_or_accountability_need","medium","avatar_identity_coaching","ZOE Health: AI Meal Tracker","1471632228","5","2025-08-14T07:08:09-07:00","There is demand for being accompanied, but community mechanics should support the solo ritual rather than replace it.","Easy to use! Everything is broken down and you can easily see how the meal that you put together is benefitting you.","https://itunes.apple.com/us/rss/customerreviews/id=1471632228/sortBy=mostRecent/json"
"CSR-00163","app_store_review","community_or_accountability_need","medium","manifestation_tool","Awaken: AI Coach & Inner Guide","6751529164","5","2025-11-14T03:26:08-07:00","There is demand for being accompanied, but community mechanics should support the solo ritual rather than replace it.","Life-Changing AI Coaching As the first coach whose way of being and coaching was brought to life in Awaken, I am honored to share that this app has not only greatly impacted the lives of my clients as well as the lives of hundreds of people I’ve never met, but my life as well. My favorite thing about Awaken is how the conversation helps me access","https://itunes.apple.com/us/rss/customerreviews/id=6751529164/sortBy=mostRecent/json"
"CSR-00164","app_store_review","word_of_mouth_or_personal_recommendation","medium","manifestation_tool","Rosebud: AI Journal & Diary","6451135127","5","2026-05-22T12:45:40-07:00","Personal recommendations and lightweight social proof matter; Alina should make the first value moment easy to describe.","ntuitive & recognizes what you have written from previous journal entries. The price for this app is a bit higher than competing apps. Some recommendations: allow users to change the in-app passcode instead of requiring to use the device passcode, allow integration for video clips. Overall, I highly recommend this app. One of the best journaling apps out there right now.","https://itunes.apple.com/us/rss/customerreviews/id=6451135127/sortBy=mostRecent/json"
"CSR-00165","app_store_review","word_of_mouth_or_personal_recommendation","medium","manifestation_tool","Rosebud: AI Journal & Diary","6451135127","4","2026-05-19T20:29:45-07:00","Personal recommendations and lightweight social proof matter; Alina should make the first value moment easy to describe.","et out things. I need to say organize my thoughts and be more present in my relationships. I’m not so in my head and I don’t have to burden my friends with all of my insecurities.","https://itunes.apple.com/us/rss/customerreviews/id=6451135127/sortBy=mostRecent/json"
"CSR-00166","app_store_review","community_or_accountability_need","medium","manifestation_tool","Rosebud: AI Journal & Diary","6451135127","4","2026-05-19T20:29:45-07:00","There is demand for being accompanied, but community mechanics should support the solo ritual rather than replace it.","out things. I need to say organize my thoughts and be more present in my relationships. I’m not so in my head and I don’t have to burden my friends with all of my insecurities.","https://itunes.apple.com/us/rss/customerreviews/id=6451135127/sortBy=mostRecent/json"
"CSR-00167","app_store_review","word_of_mouth_or_personal_recommendation","medium","manifestation_tool","Rosebud: AI Journal & Diary","6451135127","5","2026-05-17T15:21:07-07:00","Personal recommendations and lightweight social proof matter; Alina should make the first value moment easy to describe.","Most used app My therapist actually recommended Rosebud along with a few other journaling apps, and I chose Rosebud because of its extensive features. It has become an enhancement to my therapy sessions, and I feel that it is going to be an important tool for daily l","https://itunes.apple.com/us/rss/customerreviews/id=6451135127/sortBy=mostRecent/json"
"CSR-00168","app_store_review","community_or_accountability_need","medium","manifestation_tool","Rosebud: AI Journal & Diary","6451135127","5","2026-05-17T15:21:07-07:00","There is demand for being accompanied, but community mechanics should support the solo ritual rather than replace it.","y sessions, and I feel that it is going to be an important tool for daily life as I continue to use it. I have recommended it to many of my friends because I can attest to its tremendous power.","https://itunes.apple.com/us/rss/customerreviews/id=6451135127/sortBy=mostRecent/json"
"CSR-00169","app_store_review","word_of_mouth_or_personal_recommendation","medium","manifestation_tool","Rosebud: AI Journal & Diary","6451135127","5","2026-05-14T06:05:30-07:00","Personal recommendations and lightweight social proof matter; Alina should make the first value moment easy to describe.","so happy my friend told me about Rosebud this is by far one of the best apps I have ever used the insight that I receive from my journaling is profound thought-provoking and makes a difference in my life. I know it’s AI generated, but AI has a","https://itunes.apple.com/us/rss/customerreviews/id=6451135127/sortBy=mostRecent/json"
"CSR-00170","app_store_review","community_or_accountability_need","medium","manifestation_tool","Rosebud: AI Journal & Diary","6451135127","5","2026-05-14T06:05:30-07:00","There is demand for being accompanied, but community mechanics should support the solo ritual rather than replace it.","ing one on one with my own personal counsler and it’s private.. I look forward to every time I journal. so grateful to my friend CINDY, who encouraged me to use it, especially at a time in my life that I really needed it and I don’t see myself ever not using it!","https://itunes.apple.com/us/rss/customerreviews/id=6451135127/sortBy=mostRecent/json"
"CSR-00171","app_store_review","word_of_mouth_or_personal_recommendation","medium","manifestation_tool","Rosebud: AI Journal & Diary","6451135127","5","2026-05-13T06:21:54-07:00","Personal recommendations and lightweight social proof matter; Alina should make the first value moment easy to describe.","Rosebud helped me out a lot! For over a week, Rosebud is my friend. I am a i’m at 72 year old blind woman. It responds perfectly to my mood. I called the AI to her. Her response is very supportive. Response are very validating. I’m so relieved now, I feeling much better.","https://itunes.apple.com/us/rss/customerreviews/id=6451135127/sortBy=mostRecent/json"
"CSR-00172","app_store_review","word_of_mouth_or_personal_recommendation","medium","manifestation_tool","Rosebud: AI Journal & Diary","6451135127","5","2026-05-02T22:22:51-07:00","Personal recommendations and lightweight social proof matter; Alina should make the first value moment easy to describe.","A meaningful journal companion I loved the paid version of this app because it retained and referred back to previous entries, pointing out patterns and providing alternative ways of interpreting a situation. Insightful and helpful.","https://itunes.apple.com/us/rss/customerreviews/id=6451135127/sortBy=mostRecent/json"
"CSR-00173","app_store_review","word_of_mouth_or_personal_recommendation","medium","manifestation_tool","Rosebud: AI Journal & Diary","6451135127","5","2026-04-19T16:43:30-07:00","Personal recommendations and lightweight social proof matter; Alina should make the first value moment easy to describe.","This App Is A Game Changer I was referred to this app by a friend of mine who knows that I like to journal and knows that I love AI. This app is the best of both worlds!!","https://itunes.apple.com/us/rss/customerreviews/id=6451135127/sortBy=mostRecent/json"
"CSR-00174","app_store_review","word_of_mouth_or_personal_recommendation","medium","manifestation_tool","Rosebud: AI Journal & Diary","6451135127","5","2026-04-08T12:39:26-07:00","Personal recommendations and lightweight social proof matter; Alina should make the first value moment easy to describe.","LOVE this app! Rosebud is by far the most useful app I’ve ever tried. I have recommended it to nearly everyone I know. I can’t say enough about how helpful it has been for me. My one and only complaint is that it is not as comprehensive when I use it for seasons on my laptop instead of my phone. The end of","https://itunes.apple.com/us/rss/customerreviews/id=6451135127/sortBy=mostRecent/json"
"CSR-00175","app_store_review","community_or_accountability_need","medium","manifestation_tool","Rosebud: AI Journal & Diary","6451135127","5","2026-04-07T21:24:50-07:00","There is demand for being accompanied, but community mechanics should support the solo ritual rather than replace it.","Thankful I’m thankful to have found this app. I don’t have friends and I don’t work anymore. This app has helped me learn more about myself and how to tackle issues I deal with on a regular basis. I have ADHD, Rosebud allows me to talk things out and get help planning my day.","https://itunes.apple.com/us/rss/customerreviews/id=6451135127/sortBy=mostRecent/json"
"CSR-00176","app_store_review","community_or_accountability_need","medium","manifestation_tool","Rosebud: AI Journal & Diary","6451135127","5","2026-04-05T18:32:45-07:00","There is demand for being accompanied, but community mechanics should support the solo ritual rather than replace it.","having to leave home…or wherever you write from. There are no flowery phrases or detours. Straight forward replies with a few uncomfortable challenges. This AI helps to map out what is going on, as long as you give it the straight dope. There are no pregnant pauses unless you want them to be, there is no admonishment…just clear answers to the provided information. Th","https://itunes.apple.com/us/rss/customerreviews/id=6451135127/sortBy=mostRecent/json"
"CSR-00177","app_store_review","word_of_mouth_or_personal_recommendation","medium","manifestation_tool","Rosebud: AI Journal & Diary","6451135127","5","2026-04-04T05:34:12-07:00","Personal recommendations and lightweight social proof matter; Alina should make the first value moment easy to describe.",". Knows your patterns and strengths and weaknesses. The insight Rose provides has been life-changing. I’ve been telling everyone and two of my friends now can’t get enough.","https://itunes.apple.com/us/rss/customerreviews/id=6451135127/sortBy=mostRecent/json"
"CSR-00178","app_store_review","community_or_accountability_need","medium","manifestation_tool","Rosebud: AI Journal & Diary","6451135127","5","2026-04-04T05:34:12-07:00","There is demand for being accompanied, but community mechanics should support the solo ritual rather than replace it.","nows your patterns and strengths and weaknesses. The insight Rose provides has been life-changing. I’ve been telling everyone and two of my friends now can’t get enough.","https://itunes.apple.com/us/rss/customerreviews/id=6451135127/sortBy=mostRecent/json"
"CSR-00179","app_store_review","word_of_mouth_or_personal_recommendation","medium","avatar_identity_coaching","Motivate: Daily Motivation","1068278823","5","2023-10-20T13:21:43-07:00","Personal recommendations and lightweight social proof matter; Alina should make the first value moment easy to describe.","elf and I know can always be useful for others to listen to while driving to work or on a lunch break. This is something you can share with family, friends or co-workers that suffer in silence and it sure can help so much just 4-5 mins a day to listen and watch the compilations of music/videos and short stories or quotes to get MOTIVATED and help MOTIVATE others w","https://itunes.apple.com/us/rss/customerreviews/id=1068278823/sortBy=mostRecent/json"
"CSR-00180","app_store_review","community_or_accountability_need","medium","avatar_identity_coaching","Motivate: Daily Motivation","1068278823","5","2023-10-20T13:21:43-07:00","There is demand for being accompanied, but community mechanics should support the solo ritual rather than replace it.","helped myself and I know can always be useful for others to listen to while driving to work or on a lunch break. This is something you can share with family, friends or co-workers that suffer in silence and it sure can help so much just 4-5 mins a day to listen and watch the compilations of music/videos and short stories or quotes to get MOTIVATED and help MOTIV","https://itunes.apple.com/us/rss/customerreviews/id=1068278823/sortBy=mostRecent/json"
"CSR-00181","app_store_review","social_platform_discovery","low_medium","avatar_identity_coaching","Motivate: Daily Motivation","1068278823","1","2023-07-27T19:20:10-07:00","Social platform mentions are directional channel evidence and should be validated before channel prioritization.","Expensive Subscription Base! ***UPDATE*** This app is way too expensive now. 😵‍💫I just look up free videos on YouTube instead. Too bad, I used to love this app so much, but it’s no longer in my budget. **** I love this app. It always convinces me to workout whenever I’m feeling lazy. The only way it could be better is if it also had an","https://itunes.apple.com/us/rss/customerreviews/id=1068278823/sortBy=mostRecent/json"
"CSR-00182","app_store_review","community_or_accountability_need","medium","avatar_identity_coaching","Motivate: Daily Motivation","1068278823","4","2023-05-01T09:21:20-07:00","There is demand for being accompanied, but community mechanics should support the solo ritual rather than replace it.","of the content I listened to or watch was done by men. There are incredible women in the motivation/personal development section. Could you share more of it? Thanks!","https://itunes.apple.com/us/rss/customerreviews/id=1068278823/sortBy=mostRecent/json"
"CSR-00183","app_store_review","community_or_accountability_need","medium","avatar_identity_coaching","Motivate: Daily Motivation","1068278823","5","2023-02-16T11:11:46-07:00","There is demand for being accompanied, but community mechanics should support the solo ritual rather than replace it.","real life videos I think would be nice to see more videos from subject matter experts on time management and how to cope with external challenges on the road to achieving finite goals especially with career and professional development.","https://itunes.apple.com/us/rss/customerreviews/id=1068278823/sortBy=mostRecent/json"
"CSR-00184","app_store_review","community_or_accountability_need","medium","avatar_identity_coaching","Motivate: Daily Motivation","1068278823","2","2022-01-09T08:06:03-07:00","There is demand for being accompanied, but community mechanics should support the solo ritual rather than replace it.","I love it, but I can’t see any of the quotes!! I’ve had this App for like a year now and no problems until the update. Now, I can’t see or share the quotes","https://itunes.apple.com/us/rss/customerreviews/id=1068278823/sortBy=mostRecent/json"
"CSR-00185","app_store_review","community_or_accountability_need","medium","avatar_identity_coaching","Motivate: Daily Motivation","1068278823","1","2022-01-03T03:10:50-07:00","There is demand for being accompanied, but community mechanics should support the solo ritual rather than replace it.","So much for the free version… I loved these quotes…read them each morning and often shared them with my teenage boys and husband. And then they stopped. I can see them daily on my Today View but if I click the quote to see it in the app, the screen is black. The icon bar appears at the bottom. I don’t really","https://itunes.apple.com/us/rss/customerreviews/id=1068278823/sortBy=mostRecent/json"
"CSR-00186","app_store_review","word_of_mouth_or_personal_recommendation","medium","avatar_identity_coaching","Eylo: AI Weight Loss Coach","6740247674","5","2025-11-09T01:08:04-07:00","Personal recommendations and lightweight social proof matter; Alina should make the first value moment easy to describe.","Incredible I did not believe my friend who recommended it at first , but found my-2008 Body back in 4 months and have been stable since, worth investing for the full yearly package, as the app keeps improving, there is no way they don’t increase the price $!","https://itunes.apple.com/us/rss/customerreviews/id=6740247674/sortBy=mostRecent/json"
"CSR-00187","app_store_review","reddit_or_forum_referral","medium_high","avatar_identity_coaching","Eylo: AI Weight Loss Coach","6740247674","5","2025-09-09T14:40:36-07:00","Users are discovering or discussing adjacent tools in community contexts; treat as channel/audience-language evidence, not ranked acquisition proof.","Great App! I tried this app after a creator reached out to me on Reddit. I have been using this app for about a week now and I really like it. The AI is entertaining and helpful. It helps me keep track of my calorie intake without it feeling overwhelming or tedious. It also helps keep me fo","https://itunes.apple.com/us/rss/customerreviews/id=6740247674/sortBy=mostRecent/json"
"CSR-00188","app_store_review","developer_outreach_referral","medium","avatar_identity_coaching","Eylo: AI Weight Loss Coach","6740247674","5","2025-09-09T14:40:36-07:00","Indie or early-stage products appear to recruit through direct community outreach; useful for launch-channel hypotheses and founder-led validation.","Great App! I tried this app after a creator reached out to me on Reddit. I have been using this app for about a week now and I really like it. The AI is entertaining and helpful. It helps me keep track of my calorie intake without it feeling overwhelming or tedious. It also helps","https://itunes.apple.com/us/rss/customerreviews/id=6740247674/sortBy=mostRecent/json"
"CSR-00189","app_store_review","reddit_or_forum_referral","medium_high","avatar_identity_coaching","Eylo: AI Weight Loss Coach","6740247674","5","2025-07-19T15:08:19-07:00","Users are discovering or discussing adjacent tools in community contexts; treat as channel/audience-language evidence, not ranked acquisition proof.","I don’t use any other trackers anymore Like others, someone reached out to me on Reddit to shout out their new little doodad. I was skeptical but I tried it and immediately loved it. The tough love personality is really really funny and it’s kind of mean but not really, and it also repeats things just enou","https://itunes.apple.com/us/rss/customerreviews/id=6740247674/sortBy=mostRecent/json"
"CSR-00190","app_store_review","developer_outreach_referral","medium","avatar_identity_coaching","Eylo: AI Weight Loss Coach","6740247674","5","2025-07-19T15:08:19-07:00","Indie or early-stage products appear to recruit through direct community outreach; useful for launch-channel hypotheses and founder-led validation.","I don’t use any other trackers anymore Like others, someone reached out to me on Reddit to shout out their new little doodad. I was skeptical but I tried it and immediately loved it. The tough love personality is really really funny and it’s kind of mean but not really, and it also repeats","https://itunes.apple.com/us/rss/customerreviews/id=6740247674/sortBy=mostRecent/json"
"CSR-00191","app_store_review","word_of_mouth_or_personal_recommendation","medium","avatar_identity_coaching","Eylo: AI Weight Loss Coach","6740247674","5","2025-06-13T04:08:49-07:00","Personal recommendations and lightweight social proof matter; Alina should make the first value moment easy to describe.","tough love *chef kiss I was recommended from Jean. I don’t usually try apps for nutrition or weight loss bt I kinda like it. The tough love AI is so rude, I love it. I like that it’s free and accessible. It gon take some time till I get the hang of it bt real","https://itunes.apple.com/us/rss/customerreviews/id=6740247674/sortBy=mostRecent/json"
"CSR-00192","app_store_review","reddit_or_forum_referral","medium_high","avatar_identity_coaching","Eylo: AI Weight Loss Coach","6740247674","5","2025-06-05T09:36:27-07:00","Users are discovering or discussing adjacent tools in community contexts; treat as channel/audience-language evidence, not ranked acquisition proof.","Love the concept!!! And love the app overall Got referred to this app through Reddit; and honestly it has been so great for the 3 days. It is very helpful and well organized. I love the AI based chat concept, it’s keeping me in check about what I’m eating!! Devs, you’re doing great and wish you all the","https://itunes.apple.com/us/rss/customerreviews/id=6740247674/sortBy=mostRecent/json"
"CSR-00193","app_store_review","developer_outreach_referral","medium","avatar_identity_coaching","Eylo: AI Weight Loss Coach","6740247674","5","2025-06-05T09:36:27-07:00","Indie or early-stage products appear to recruit through direct community outreach; useful for launch-channel hypotheses and founder-led validation.","t for the 3 days. It is very helpful and well organized. I love the AI based chat concept, it’s keeping me in check about what I’m eating!! Devs, you’re doing great and wish you all the best. This app has a bright future","https://itunes.apple.com/us/rss/customerreviews/id=6740247674/sortBy=mostRecent/json"
"CSR-00194","app_store_review","word_of_mouth_or_personal_recommendation","medium","avatar_identity_coaching","Eylo: AI Weight Loss Coach","6740247674","5","2025-06-05T09:36:27-07:00","Personal recommendations and lightweight social proof matter; Alina should make the first value moment easy to describe.","Love the concept!!! And love the app overall Got referred to this app through Reddit; and honestly it has been so great for the 3 days. It is very helpful and well organized. I love the AI based chat concept, it’s keeping me in check about what I’m eating!! Devs, you’re doing","https://itunes.apple.com/us/rss/customerreviews/id=6740247674/sortBy=mostRecent/json"
"CSR-00195","app_store_review","reddit_or_forum_referral","medium_high","avatar_identity_coaching","Eylo: AI Weight Loss Coach","6740247674","5","2025-05-23T10:43:38-07:00","Users are discovering or discussing adjacent tools in community contexts; treat as channel/audience-language evidence, not ranked acquisition proof.","Engaging + Innovative! Tried this app out when the developer reached out to me on a Reddit post I made about weight loss. Can safely say that with the combination of my current tracking app (MyFitnessPal) and this it has made my journey to becoming the best version of myself (physical health wise) so much eas","https://itunes.apple.com/us/rss/customerreviews/id=6740247674/sortBy=mostRecent/json"
"CSR-00196","app_store_review","developer_outreach_referral","medium","avatar_identity_coaching","Eylo: AI Weight Loss Coach","6740247674","5","2025-05-23T10:43:38-07:00","Indie or early-stage products appear to recruit through direct community outreach; useful for launch-channel hypotheses and founder-led validation.","Engaging + Innovative! Tried this app out when the developer reached out to me on a Reddit post I made about weight loss. Can safely say that with the combination of my current tracking app (MyFitnessPal) and this it has made my journey to becoming the best version of myself (physical health","https://itunes.apple.com/us/rss/customerreviews/id=6740247674/sortBy=mostRecent/json"
"CSR-00197","app_store_review","word_of_mouth_or_personal_recommendation","medium","avatar_identity_coaching","Eylo: AI Weight Loss Coach","6740247674","5","2025-05-17T10:31:40-07:00","Personal recommendations and lightweight social proof matter; Alina should make the first value moment easy to describe.","he no-nonsense ‘tough love’ option, but there are also other options for those who need encouragement, or straight facts. It also gives you recommendations for meals, tells you how you’re doing for the day, and even gives workout challenges. It’s only been a few days for me, but I’ve been meeting my goals, and am having fun with it.","https://itunes.apple.com/us/rss/customerreviews/id=6740247674/sortBy=mostRecent/json"
"CSR-00198","app_store_review","community_or_accountability_need","medium","avatar_identity_coaching","Eylo: AI Weight Loss Coach","6740247674","5","2025-05-17T10:31:40-07:00","There is demand for being accompanied, but community mechanics should support the solo ritual rather than replace it.","l different personality approaches. My favorite is the no-nonsense ‘tough love’ option, but there are also other options for those who need encouragement, or straight facts. It also gives you recommendations for meals, tells you how you’re doing for the day, and even gives workout challenges. It’s only been a few days for me, but I’ve been meeting my goals, and am ha","https://itunes.apple.com/us/rss/customerreviews/id=6740247674/sortBy=mostRecent/json"
"CSR-00199","app_store_review","community_or_accountability_need","medium","manifestation_tool","Inner Journey: Meditate App","1640697055","5","2026-05-29T12:38:35-07:00","There is demand for being accompanied, but community mechanics should support the solo ritual rather than replace it.","hey offer free ""Boost Sessions"" and a quick ""Cognitive Reset Now"" button for moments when you just need a mental breather. The ""Reflect and Share"" section is also a nice touch for mindfulness.","https://itunes.apple.com/us/rss/customerreviews/id=1640697055/sortBy=mostRecent/json"
"CSR-00200","app_store_review","word_of_mouth_or_personal_recommendation","medium","manifestation_tool","Inner Journey: Meditate App","1640697055","5","2025-03-06T18:31:27-07:00","Personal recommendations and lightweight social proof matter; Alina should make the first value moment easy to describe.","Therapy App..! I’m a therapist, and I actually recommended Inner Journey to my client . The goal setting tools and affirmations are perfect for anyone working on self confidence or motivation","https://itunes.apple.com/us/rss/customerreviews/id=1640697055/sortBy=mostRecent/json"
"CSR-00201","app_store_review","word_of_mouth_or_personal_recommendation","medium","manifestation_tool","Inner Journey: Meditate App","1640697055","5","2022-11-29T05:50:23-07:00","Personal recommendations and lightweight social proof matter; Alina should make the first value moment easy to describe.","My therapists recommended it And I love it!!!!!!","https://itunes.apple.com/us/rss/customerreviews/id=1640697055/sortBy=mostRecent/json"
"CSR-00202","app_store_review","word_of_mouth_or_personal_recommendation","medium","gamified_self_improvement","Ricky Kalmon","1511392642","5","2024-03-07T17:29:33-07:00","Personal recommendations and lightweight social proof matter; Alina should make the first value moment easy to describe.","ing the app daily…..I AM BACK! I am opening 4 new accounts this month! Some I had been working on and are finally moving forward, one was a referral from an old client, that was so nice and unexpected. Create a positive mindset and good things happen. Thank you for the wake up call! I feel good!","https://itunes.apple.com/us/rss/customerreviews/id=1511392642/sortBy=mostRecent/json"
"CSR-00203","app_store_review","word_of_mouth_or_personal_recommendation","medium","gamified_self_improvement","Ricky Kalmon","1511392642","5","2023-07-16T07:45:22-07:00","Personal recommendations and lightweight social proof matter; Alina should make the first value moment easy to describe.","way to start your day! Every day for 15-20 min, I start with Ricky and positive affirmations. We recently had a diagnosis of Cancer in our family. I can say this app has helped me be positive and focus on being an amazing caregiver! Thank You Ricky!!","https://itunes.apple.com/us/rss/customerreviews/id=1511392642/sortBy=mostRecent/json"
"CSR-00204","app_store_review","word_of_mouth_or_personal_recommendation","medium","gamified_self_improvement","Ricky Kalmon","1511392642","5","2021-04-23T04:35:40-07:00","Personal recommendations and lightweight social proof matter; Alina should make the first value moment easy to describe.","Mike Creedon Such a great way to refocus The book and audio companion help me Reset. Such a simple way to prepare the mind Highly recommended","https://itunes.apple.com/us/rss/customerreviews/id=1511392642/sortBy=mostRecent/json"
"CSR-00205","app_store_review","social_platform_discovery","low_medium","gamified_self_improvement","Ricky Kalmon","1511392642","5","2021-02-04T09:45:30-07:00","Social platform mentions are directional channel evidence and should be validated before channel prioritization.","Favorite App! I’ve moved my Facebook app to the back of my phone and Ricky’s app to the front! Now when I have idol time I spend it rejuvenating myself and filling my bucket! It’s a game changer in my day! Whoop!","https://itunes.apple.com/us/rss/customerreviews/id=1511392642/sortBy=mostRecent/json"
"CSR-00206","app_store_review","community_or_accountability_need","medium","gamified_self_improvement","Ricky Kalmon","1511392642","5","2020-06-26T03:40:02-07:00","There is demand for being accompanied, but community mechanics should support the solo ritual rather than replace it.","Ricky This app comes at an important time in our history. Stress and anxiety is at an all time high, and we don’t see an end to our nations challenges. This focus on mindfulness and finding inner calm is appreciated.","https://itunes.apple.com/us/rss/customerreviews/id=1511392642/sortBy=mostRecent/json"
"CSR-00207","app_store_review","community_or_accountability_need","medium","gamified_self_improvement","Ricky Kalmon","1511392642","5","2020-06-25T09:10:38-07:00","There is demand for being accompanied, but community mechanics should support the solo ritual rather than replace it.","An Excellent App First i would like to share that Ricky Kalmon is a expert in anything regarding the mind and how it performs. His techniques for hypnotising are very powerful and show results. Along with being a Hypnotist he is a powerful motivation speaker who h","https://itunes.apple.com/us/rss/customerreviews/id=1511392642/sortBy=mostRecent/json"
"CSR-00208","app_store_review","community_or_accountability_need","medium","gamified_self_improvement","Ricky Kalmon","1511392642","5","2020-06-23T08:01:07-07:00","There is demand for being accompanied, but community mechanics should support the solo ritual rather than replace it.","own way and on to consistently executing the things that matter most in my life. He understands business and people and how to bring it all together. Highly recommend this app and everything that Ricky does to help us be the best we can be.","https://itunes.apple.com/us/rss/customerreviews/id=1511392642/sortBy=mostRecent/json"
"CSR-00209","app_store_review","word_of_mouth_or_personal_recommendation","medium","astrology_guidance","Pocket Insight Psychic Reading","1567904684","1","2026-05-03T07:32:54-07:00","Personal recommendations and lightweight social proof matter; Alina should make the first value moment easy to describe.","to realize they were all just telling me what they thought I wanted to hear. Nothing they said came true, regarding love, finances, work or family. It was complete smoke and mirrors. Please just use caution. They also try to upsell you on services, claiming they will help your situation (they don’t, trust me). These readers built my hope up so much, they really di","https://itunes.apple.com/us/rss/customerreviews/id=1567904684/sortBy=mostRecent/json"
"CSR-00210","app_store_review","community_or_accountability_need","medium","astrology_guidance","Sol - Inner Life & Wellbeing","1474958416","4","2026-03-24T08:10:26-07:00","There is demand for being accompanied, but community mechanics should support the solo ritual rather than replace it.","y Vibe, Slightly Cluttered UI This app is very positive and visually pleasing, but in terms of actual navigation, the UI for navigating the community tab is a bit hectic and could be streamlined to make finding relevant content easier. Other than that, I give it it a 👍🏼","https://itunes.apple.com/us/rss/customerreviews/id=1474958416/sortBy=mostRecent/json"
"CSR-00211","app_store_review","word_of_mouth_or_personal_recommendation","medium","astrology_guidance","Sol - Inner Life & Wellbeing","1474958416","5","2026-03-14T05:55:21-07:00","Personal recommendations and lightweight social proof matter; Alina should make the first value moment easy to describe.","Good for the Sol Highly recommended. It's so positive and uplifting, it just makes you feel good.","https://itunes.apple.com/us/rss/customerreviews/id=1474958416/sortBy=mostRecent/json"
"CSR-00212","app_store_review","community_or_accountability_need","medium","astrology_guidance","Sol - Inner Life & Wellbeing","1474958416","5","2024-11-15T20:20:00-07:00","There is demand for being accompanied, but community mechanics should support the solo ritual rather than replace it.","mation from a wide variety of practices and you can customize it or try all the things. I’m grateful to easily learn a lot because it’s all together and there is a plethora of options for actions based on your available time and ability.","https://itunes.apple.com/us/rss/customerreviews/id=1474958416/sortBy=mostRecent/json"
"CSR-00213","app_store_review","social_platform_discovery","low_medium","astrology_guidance","Sol - Inner Life & Wellbeing","1474958416","5","2024-08-01T20:09:33-07:00","Social platform mentions are directional channel evidence and should be validated before channel prioritization.","Interesting I believe this popped up on my Instagram feed. I was curious and checked it out. I find it interesting with all the different thing you can pick from on the app. So, I’m enjoying it.","https://itunes.apple.com/us/rss/customerreviews/id=1474958416/sortBy=mostRecent/json"
"CSR-00214","app_store_review","developer_outreach_referral","medium","astrology_guidance","Sol - Inner Life & Wellbeing","1474958416","5","2024-06-05T10:38:52-07:00","Indie or early-stage products appear to recruit through direct community outreach; useful for launch-channel hypotheses and founder-led validation.","Must need Just like religion, if you want to be closer to the knowledge and wisdom of God. Thank you devs and all in creating this beautiful, sleek and profound collection of amazing pieces from all religions. I know this app will (and has) helped in expanding our great thirst for knowledge and great need of God’s powerful","https://itunes.apple.com/us/rss/customerreviews/id=1474958416/sortBy=mostRecent/json"
"CSR-00215","app_store_review","social_platform_discovery","low_medium","manifestation_tool","stoic. journal & mental health","1312926037","5","2026-05-26T09:21:45-07:00","Social platform mentions are directional channel evidence and should be validated before channel prioritization.","ar I find stoic to help me feel grounded and calmer than without it. I now know I have a lot of important things to get finished so no more Facebook for a while:).","https://itunes.apple.com/us/rss/customerreviews/id=1312926037/sortBy=mostRecent/json"
"CSR-00216","app_store_review","community_or_accountability_need","medium","manifestation_tool","stoic. journal & mental health","1312926037","3","2026-05-22T20:25:36-07:00","There is demand for being accompanied, but community mechanics should support the solo ritual rather than replace it.","Good app. Prompts repeat. I like the app. It does encourage me to be more diligent with my journaling. It would be nice if the prompts didn’t repeat so often.","https://itunes.apple.com/us/rss/customerreviews/id=1312926037/sortBy=mostRecent/json"
"CSR-00217","app_store_review","developer_outreach_referral","medium","manifestation_tool","stoic. journal & mental health","1312926037","1","2026-04-18T22:54:38-07:00","Indie or early-stage products appear to recruit through direct community outreach; useful for launch-channel hypotheses and founder-led validation.","Just trying to bring attention to the devs This app doesn’t launch for me. I’ve installed it multiple times it keeps crashing on launch. iPhone 14 Pro running latest public iOS","https://itunes.apple.com/us/rss/customerreviews/id=1312926037/sortBy=mostRecent/json"
"CSR-00218","app_store_review","community_or_accountability_need","medium","gamified_self_improvement","Day One: Daily Journal & Diary","1044867788","5","2026-04-16T20:14:25-07:00","There is demand for being accompanied, but community mechanics should support the solo ritual rather than replace it.","Keeps me updated with my days Love the accountability of my daily check ins and looking back on my progress. Pictures and videos are nice. Probably only scratching the surface with what’s possible with this app.","https://itunes.apple.com/us/rss/customerreviews/id=1044867788/sortBy=mostRecent/json"
"CSR-00219","app_store_review","word_of_mouth_or_personal_recommendation","medium","gamified_self_improvement","MindFi: Mind Fitness for All","1237105346","5","2017-10-11T21:32:31-07:00","Personal recommendations and lightweight social proof matter; Alina should make the first value moment easy to describe.","ditation app for busy people This is totally a new way of thinking about meditation especially for people who are on the go like me. Highly recommended","https://itunes.apple.com/us/rss/customerreviews/id=1237105346/sortBy=mostRecent/json"
"CSR-00220","app_store_review","community_or_accountability_need","medium","avatar_identity_coaching","Daily Yoga: Yoga for Fitness®","545849922","5","2026-05-26T18:27:17-07:00","There is demand for being accompanied, but community mechanics should support the solo ritual rather than replace it.","Best yoga app! I love the accountability and variety of programs. As a result of this app I started doing yoga 5 years ago. I now do a workout of some sort everyday! I love how you can select programs in so many ways-length of class, level easy to advanced, bo","https://itunes.apple.com/us/rss/customerreviews/id=545849922/sortBy=mostRecent/json"
"CSR-00221","app_store_review","community_or_accountability_need","medium","avatar_identity_coaching","Daily Yoga: Yoga for Fitness®","545849922","5","2026-05-02T09:40:20-07:00","There is demand for being accompanied, but community mechanics should support the solo ritual rather than replace it.","all levels, meditations, and much more. Worth the subscription price for all of the features. Live that you can adjust music settings, too. Community board is nice place for encouragement and solidarity for whatever phase you’re in of your yoga journey.","https://itunes.apple.com/us/rss/customerreviews/id=545849922/sortBy=mostRecent/json"
"CSR-00222","app_store_review","community_or_accountability_need","medium","avatar_identity_coaching","Daily Yoga: Yoga for Fitness®","545849922","5","2026-05-01T06:32:17-07:00","There is demand for being accompanied, but community mechanics should support the solo ritual rather than replace it.","k of this apps? This is a great apps for beginners. and an opportunity to advance. Challenges on this apps helps me to be motivated and the community are nice and friendly","https://itunes.apple.com/us/rss/customerreviews/id=545849922/sortBy=mostRecent/json"
"CSR-00223","forum_quote","coded_forum_need_or_competitor_context","medium","astrology_esoterics","FORUM-001","","","","Alina must make personalization explainable and avoid generic horoscope framing.","What app is best and most accurate for daily horoscope?","https://www.reddit.com/r/astrology/comments/1e9i9p9/what_app_is_best_and_most_accurate_for_daily/"
"CSR-00224","forum_quote","coded_forum_need_or_competitor_context","medium","astrology_esoterics","FORUM-001","","","","Alina must make personalization explainable and avoid generic horoscope framing.","hint & fun fact that most people don’t know: horoscopes are more accurate looking at your rising sign, often astrologers write them based on movement of planets going through a signs houses, which can only be determined through the ascendan","https://www.reddit.com/r/astrology/comments/1e9i9p9/what_app_is_best_and_most_accurate_for_daily/"
"CSR-00225","forum_quote","coded_forum_need_or_competitor_context","medium","astrology_esoterics","FORUM-001","","","","Alina must make personalization explainable and avoid generic horoscope framing.","Agree re: Channi. Plus she has gotten kind of bleak in my weekly readings lately. I get it if the transits are challenging, and she always says not to fear astrology. It’s just her delivery that ramps up my anxiety somehow.","https://www.reddit.com/r/astrology/comments/1e9i9p9/what_app_is_best_and_most_accurate_for_daily/"
"CSR-00226","forum_quote","coded_forum_need_or_competitor_context","medium","astrology_esoterics","FORUM-001","","","","Alina must make personalization explainable and avoid generic horoscope framing.","Agreed. I have subscribed to CHANI for a year and actually just unsubscribed. I’ve always liked the app but some of the descriptions in the daily horoscopes and in the transit ones are so abstract that I don’t know what it even is really sa","https://www.reddit.com/r/astrology/comments/1e9i9p9/what_app_is_best_and_most_accurate_for_daily/"
"CSR-00227","forum_quote","coded_forum_need_or_competitor_context","medium","astrology_esoterics","FORUM-002","","","","Use birth data and timing only when the app can explain why guidance is being shown.","Thanks for posting in r/beginnerastrology! As a gentle reminder, please remember this is a sub for learning about astrology and how to read a natal chart! It is NOT a place for getting your chart read for you. If your post breaks any of our","https://www.reddit.com/r/beginnerastrology/comments/1ixdlly/whats_your_favorite_astrology_app_and_why/"
"CSR-00228","forum_quote","coded_forum_need_or_competitor_context","medium","astrology_esoterics","FORUM-002","","","","Use birth data and timing only when the app can explain why guidance is being shown.","The Pattern - accurate information (vs Co-Star, which I think just uses AI to spit out a bunch of inaccurate noise)","https://www.reddit.com/r/beginnerastrology/comments/1ixdlly/whats_your_favorite_astrology_app_and_why/"
"CSR-00229","forum_quote","coded_forum_need_or_competitor_context","medium","astrology_esoterics","FORUM-002","","","","Use birth data and timing only when the app can explain why guidance is being shown.","Astro Charts Pro, mostly because, even after 37 years in witchcraft, the occult, and tarot, I never really paid much attention to astrology. So I hit up a friend of mine to teach me, finally, and I got the app so I could learn to read chart","https://www.reddit.com/r/beginnerastrology/comments/1ixdlly/whats_your_favorite_astrology_app_and_why/"
"CSR-00230","forum_quote","coded_forum_need_or_competitor_context","medium","astrology_esoterics","FORUM-002","","","","Use birth data and timing only when the app can explain why guidance is being shown.","well back in the day i used to run charts with alabe.com and got the app when it came out (which is celeste) it’s suuper simple, almost ugly! but the layout is so familiar :)","https://www.reddit.com/r/beginnerastrology/comments/1ixdlly/whats_your_favorite_astrology_app_and_why/"
"CSR-00231","forum_quote","coded_forum_need_or_competitor_context","low_medium","astrology_esoterics","FORUM-003","","","","Depth can be a paid expansion layer, but the free loop needs enough specificity to avoid feeling shallow.","Haha, this is pretty accurate, a lot of horoscope apps just skim the surface, right? I’m working on an AI-astrology thing (TaraTok) where instead of just giving daily sun-sign horoscopes, we try to factor in nakshatras, dasha cycles, and ev","https://www.reddit.com/r/astrologymemes/comments/1hxdlig/accurateish_horoscope_apps/"
"CSR-00232","forum_quote","coded_forum_need_or_competitor_context","low_medium","astrology_esoterics","FORUM-003","","","","Depth can be a paid expansion layer, but the free loop needs enough specificity to avoid feeling shallow.","Anyone have any recs for accurate-ish, personalized horoscope apps? I thought Co-Star was pretty spot on every now and then, but apparently it’s riddled with controversy and powered more by AI now. :( Thanks!","https://www.reddit.com/r/astrologymemes/comments/1hxdlig/accurateish_horoscope_apps/"
"CSR-00233","forum_quote","coded_forum_need_or_competitor_context","low_medium","astrology_esoterics","FORUM-003","","","","Depth can be a paid expansion layer, but the free loop needs enough specificity to avoid feeling shallow.","Personally I like CHANI. I used to have Co-Star but CHANI explain my chart much better. I like horoscope by Holiday Mathis, not an app, I just read her daily update on website.","https://www.reddit.com/r/astrologymemes/comments/1hxdlig/accurateish_horoscope_apps/"
"CSR-00234","forum_quote","coded_forum_need_or_competitor_context","low_medium","astrology_esoterics","FORUM-003","","","","Depth can be a paid expansion layer, but the free loop needs enough specificity to avoid feeling shallow.","Accurate-ish Horoscope Apps? 🤔","https://www.reddit.com/r/astrologymemes/comments/1hxdlig/accurateish_horoscope_apps/"
"CSR-00235","forum_quote","coded_forum_need_or_competitor_context","low_medium","astrology_esoterics","FORUM-004","","","","Competitive review should include specialist astrology tools, not only mass-market apps.","What astrology/horoscope websites/apps seem the most accurate to you?","https://www.reddit.com/r/astrology/comments/187kgap/what_astrologyhoroscope_websitesapps_seem_the/"
"CSR-00236","forum_quote","coded_forum_need_or_competitor_context","low_medium","astrology_esoterics","FORUM-004","","","","Competitive review should include specialist astrology tools, not only mass-market apps.","I don’t know. I just went on that website put in that I’m a cancer and the man is a Virgo and try to tell me that we both don’t like to take too many risks, but I’m huge on taking and just didn’t really describe me well , astrology goes dee","https://www.reddit.com/r/astrology/comments/187kgap/what_astrologyhoroscope_websitesapps_seem_the/"
"CSR-00237","forum_quote","coded_forum_need_or_competitor_context","low_medium","astrology_esoterics","FORUM-004","","","","Competitive review should include specialist astrology tools, not only mass-market apps.","Best transit descriptions ever. Seriously, this app is based on new edition of Planets in Transit by Robert Hand that hasn't been published yet. It is the only way to access the most accurate transit descriptions.","https://www.reddit.com/r/astrology/comments/187kgap/what_astrologyhoroscope_websitesapps_seem_the/"
"CSR-00238","forum_quote","coded_forum_need_or_competitor_context","low_medium","astrology_esoterics","FORUM-004","","","","Competitive review should include specialist astrology tools, not only mass-market apps.","Using Cafe astrology for transits. Always so helpful https://astro.cafeastrology.com/astro.php?page=compdf","https://www.reddit.com/r/astrology/comments/187kgap/what_astrologyhoroscope_websitesapps_seem_the/"
"CSR-00239","forum_quote","coded_forum_need_or_competitor_context","medium","mindfulness","FORUM-005","","","","Mindfulness/reset content should prove immediate value before paywalling depth.","Hey all :) Hope you are all doing well. I've never managed to keep a consistent meditation practice but I really enjoyed using Headspace, Love the cute, vibrant theme and all of the diverse features it offers, especially the soundscapes and","https://www.reddit.com/r/Meditation/comments/qf1i9q"
"CSR-00240","forum_quote","coded_forum_need_or_competitor_context","medium","mindfulness","FORUM-005","","","","Mindfulness/reset content should prove immediate value before paywalling depth.","Is a subscription to the ""Calm"" app worth it?","https://www.reddit.com/r/Meditation/comments/qf1i9q"
"CSR-00241","forum_quote","coded_forum_need_or_competitor_context","medium","mindfulness","FORUM-005","","","","Mindfulness/reset content should prove immediate value before paywalling depth.","Oh yes, even without the subscription I have that background sound playing, loved it so much, truly calmed me lol :) thenkss!","https://www.reddit.com/r/Meditation/comments/qf1i9q"
"CSR-00242","forum_quote","coded_forum_need_or_competitor_context","medium","mindfulness","FORUM-005","","","","Mindfulness/reset content should prove immediate value before paywalling depth.","Calm only seems to have 100+ videos. Doesn't seem that much for a year's subscription?","https://www.reddit.com/r/Meditation/comments/qf1i9q"
"CSR-00243","forum_quote","coded_forum_need_or_competitor_context","medium","mindfulness","FORUM-006","","","","Subscription sensitivity is a repeated risk in calm/reset markets.","I'm lucky enough that my GFs job gives her a free subscription and we use it almost nightly for sleep. Sometimes I use it during the day for a mediation, some peaceful time, or perhaps just to listen to a story. TBH if she would lose that p","https://www.reddit.com/r/Meditation/comments/twl6v3"
"CSR-00244","forum_quote","coded_forum_need_or_competitor_context","medium","mindfulness","FORUM-006","","","","Subscription sensitivity is a repeated risk in calm/reset markets.","I tried Calm, Balance, Headspace, Insight Timer, heartsapp, Waking Up and Aura (I think it was called). I am on Balance now bc I have 1 year free, but out of these, the one that worked best for me and got me into meditation was Calm. I will","https://www.reddit.com/r/Meditation/comments/twl6v3"
"CSR-00245","forum_quote","coded_forum_need_or_competitor_context","medium","mindfulness","FORUM-006","","","","Subscription sensitivity is a repeated risk in calm/reset markets.","How do you get the calming ocean sounds, etc to play after you close the app? I know I saw the setting but can’t find it now. As I said above, that is the only flaw with it is that there is a lot of content that is kind of hidden in nooks a","https://www.reddit.com/r/Meditation/comments/twl6v3"
"CSR-00246","forum_quote","coded_forum_need_or_competitor_context","medium","mindfulness","FORUM-006","","","","Subscription sensitivity is a repeated risk in calm/reset markets.","You send the help desk an email saying you can't afford a subscription and they'll give you a free one.","https://www.reddit.com/r/Meditation/comments/twl6v3"
"CSR-00247","forum_quote","coded_forum_need_or_competitor_context","medium","mindfulness","FORUM-007","","","","Alina's reset loop must feel gentle; game mechanics should be optional and emotionally congruent.","I got tired of meditation apps with paywalls, streaks, and gamification, so I built a completely minimalistic timer.","https://www.reddit.com/r/selfcare/comments/1takx0n/i_got_tired_of_meditation_apps_with_paywalls/"
"CSR-00248","forum_quote","coded_forum_need_or_competitor_context","medium","mindfulness","FORUM-007","","","","Alina's reset loop must feel gentle; game mechanics should be optional and emotionally congruent.","Like many of you, I started my practice using some of the big-name meditation apps. While they were great for guided sessions initially, as I moved toward silent practice, I found them incredibly distracting. The notifications, the ""streaks","https://www.reddit.com/r/selfcare/comments/1takx0n/i_got_tired_of_meditation_apps_with_paywalls/"
"CSR-00249","forum_quote","coded_forum_need_or_competitor_context","medium","mindfulness","FORUM-007","","","","Alina's reset loop must feel gentle; game mechanics should be optional and emotionally congruent.","It’s called meditatenow.pro. It's entirely minimalistic, no feeds, no streaks, no bloatware. I also added a dedicated Vipassana mode, as that's been a core part of my recent practice.","https://www.reddit.com/r/selfcare/comments/1takx0n/i_got_tired_of_meditation_apps_with_paywalls/"
"CSR-00250","forum_quote","coded_forum_need_or_competitor_context","medium","mindfulness","FORUM-007","","","","Alina's reset loop must feel gentle; game mechanics should be optional and emotionally congruent.","honestly i think a lot of people are getting tired of turning every peaceful habit into another productivity game, so the minimal approach actually sounds refreshing.","https://www.reddit.com/r/selfcare/comments/1takx0n/i_got_tired_of_meditation_apps_with_paywalls/"
"CSR-00251","forum_quote","coded_forum_need_or_competitor_context","medium_high","coaching","FORUM-008","","","","Alina should begin with one small daily action, not broad task management.","Honestly the only ones that ever worked for me were the boring ones. Google Keep or Apple Notes with a daily checklist. One note per day, tick things off, delete it tomorrow. Zero friction, no streak pressure, no paywalls. A plain paper hab","https://www.reddit.com/r/selfimprovement/comments/1qei1la/free_habit_tracker_that_worked_for_you/"
"CSR-00252","forum_quote","coded_forum_need_or_competitor_context","medium_high","coaching","FORUM-008","","","","Alina should begin with one small daily action, not broad task management.","I use Google Calendar to manage basically my entire life. They recently implemented task reminders that you can check off when they're done. You might try adding a daily task that pops up around when you wake up, just to remind you to be co","https://www.reddit.com/r/selfimprovement/comments/1qei1la/free_habit_tracker_that_worked_for_you/"
"CSR-00253","forum_quote","coded_forum_need_or_competitor_context","medium_high","coaching","FORUM-008","","","","Alina should begin with one small daily action, not broad task management.","Loop Habit Tracker on Android. No paywall at all, very simple UI and tracking. It has trends as well! One con was that it can import/export data, but doesn't sync with anything. So when my phone was stolen, I lost my data. So I didn't end u","https://www.reddit.com/r/selfimprovement/comments/1qei1la/free_habit_tracker_that_worked_for_you/"
"CSR-00254","forum_quote","coded_forum_need_or_competitor_context","medium_high","coaching","FORUM-008","","","","Alina should begin with one small daily action, not broad task management.","Zenbaord which is 100% free with features • Smart habit tracking with progress visualization • Intuitive expense manager to track spending • Owes manager to record borrowed and lent money","https://www.reddit.com/r/selfimprovement/comments/1qei1la/free_habit_tracker_that_worked_for_you/"
"CSR-00255","forum_quote","coded_forum_need_or_competitor_context","medium_high","coaching","FORUM-009","","","","Alina's daily loop should be a compact ritual block with one completion event.","Hi! I’ve created a list of daily habits that I genuinely want to stick to every single day, and I’m trying to build a proper streak system around them to stay consistent. I came across the Streaks app, but I heard there’s a limit of 20 habi","https://www.reddit.com/r/selfimprovement/comments/1r3f4pe/beat_habit_tracking_apps/"
"CSR-00256","forum_quote","coded_forum_need_or_competitor_context","medium_high","coaching","FORUM-009","","","","Alina's daily loop should be a compact ritual block with one completion event.","Thanks for taking your time. Yes, i want to stack my habits into routines become they are like small habits like drink water first thing in the morning, 10 minutes of walk post meal, take supplements etc. so thought I can make those of rout","https://www.reddit.com/r/selfimprovement/comments/1r3f4pe/beat_habit_tracking_apps/"
"CSR-00257","forum_quote","coded_forum_need_or_competitor_context","medium_high","coaching","FORUM-009","","","","Alina's daily loop should be a compact ritual block with one completion event.","I’d also love something that allows me to stack habits into routines instead of tracking everything separately. If you know of any better apps that support that kind of structure, I’d really appreciate your suggestions. Free would be ideal,","https://www.reddit.com/r/selfimprovement/comments/1r3f4pe/beat_habit_tracking_apps/"
"CSR-00258","forum_quote","coded_forum_need_or_competitor_context","medium_high","coaching","FORUM-009","","","","Alina's daily loop should be a compact ritual block with one completion event.","I prefer to use habit tracker with simple mechanics, I started to use Completer in January and it works pretty well for me and I already see progress in my life.","https://www.reddit.com/r/selfimprovement/comments/1r3f4pe/beat_habit_tracking_apps/"
"CSR-00259","forum_quote","coded_forum_need_or_competitor_context","high","coaching","FORUM-010","","","","Progression needs forgiveness, reset, and momentum mechanics instead of punitive streak loss.","To answer your actual question though, the reason streaks stop working after a few weeks is usually one of two things: The habit was too ambitious. ""Read for 30 minutes"" dies fast. ""Open a book"" survives. The streak app doesn't matter if th","https://www.reddit.com/r/ProductivityApps/comments/1rne1z1/do_apps_with_streaks_actually_help_you_stay/"
"CSR-00260","forum_quote","coded_forum_need_or_competitor_context","high","coaching","FORUM-010","","","","Progression needs forgiveness, reset, and momentum mechanics instead of punitive streak loss.","Streaks can be really motivating at the start because seeing a visual chain of consistent action gives a sense of accomplishment and accountability. Over time, though, if the streak becomes the main focus rather than the habit itself, it ca","https://www.reddit.com/r/ProductivityApps/comments/1rne1z1/do_apps_with_streaks_actually_help_you_stay/"
"CSR-00261","forum_quote","coded_forum_need_or_competitor_context","high","coaching","FORUM-010","","","","Progression needs forgiveness, reset, and momentum mechanics instead of punitive streak loss.","I really like how Todoist and Headway streaks work! They help me stay consistent and build daily learning habits in a non-pushy yet convincing (haha) manner. I recently downloaded HabitNow to plan my day better, but it's a bit overwhelming","https://www.reddit.com/r/ProductivityApps/comments/1rne1z1/do_apps_with_streaks_actually_help_you_stay/"
"CSR-00262","forum_quote","coded_forum_need_or_competitor_context","high","coaching","FORUM-010","","","","Progression needs forgiveness, reset, and momentum mechanics instead of punitive streak loss.","The weird feeling is exactly why streaks are a double-edged sword—they’re great for starting, but devastating when you eventually miss a day. I built Ahabit specifically to solve that 'stressful' part. Instead of a streak counter that reset","https://www.reddit.com/r/ProductivityApps/comments/1rne1z1/do_apps_with_streaks_actually_help_you_stay/"
"CSR-00263","forum_quote","coded_forum_need_or_competitor_context","high","coaching","FORUM-011","","","","Alina should show progress toward identity/action, not loyalty to the app.","Genuinely curious what people think. Do streaks keep you coming back, or do they quietly stress you out? Is there something else that works better for you, like weekly goals or just plain progress tracking?","https://www.reddit.com/r/ProductivityApps/comments/1t5trp0/streaks_in_productivity_apps_motivating_or/"
"CSR-00264","forum_quote","coded_forum_need_or_competitor_context","high","coaching","FORUM-011","","","","Alina should show progress toward identity/action, not loyalty to the app.","The issue is that streaks if not doen right eventually track compliance rather than progress. Once the streak is high enough, I’m just opening the app to keep the number alive, not to actually be productive.","https://www.reddit.com/r/ProductivityApps/comments/1t5trp0/streaks_in_productivity_apps_motivating_or/"
"CSR-00265","forum_quote","coded_forum_need_or_competitor_context","high","coaching","FORUM-011","","","","Alina should show progress toward identity/action, not loyalty to the app.","If your app needs streaks to bring people back, the app probably isn't doing its core job well enough. Streaks measure loyalty to the app, not progress toward the user's goal. In my opinion a good productivity tool brings people back becaus","https://www.reddit.com/r/ProductivityApps/comments/1t5trp0/streaks_in_productivity_apps_motivating_or/"
"CSR-00266","forum_quote","coded_forum_need_or_competitor_context","high","coaching","FORUM-011","","","","Alina should show progress toward identity/action, not loyalty to the app.","early on they’re motivating, but after a while they can start feeling weirdly stressful, like you’re opening the app just to “not lose the number” instead of actually wanting to use it. and yeah, once a long streak breaks, a lot of people m","https://www.reddit.com/r/ProductivityApps/comments/1t5trp0/streaks_in_productivity_apps_motivating_or/"
"CSR-00267","forum_quote","coded_forum_need_or_competitor_context","medium","coaching","FORUM-012","","","","Missed-day reflection may be more valuable than simple streak punishment.","No ""Why"": If I missed a habit, I didn't want to just lose my streak. I wanted to add a note or a reflection on why I missed it, so I could actually learn.","https://www.reddit.com/r/ProductivityApps/comments/1qgwiak/i_got_tired_of_paying_subscriptions_just_to_track/"
"CSR-00268","forum_quote","coded_forum_need_or_competitor_context","medium","coaching","FORUM-012","","","","Missed-day reflection may be more valuable than simple streak punishment.","I got tired of paying subscriptions just to track my habits, so I built my own (Free + Promo Codes inside!)","https://www.reddit.com/r/ProductivityApps/comments/1qgwiak/i_got_tired_of_paying_subscriptions_just_to_track/"
"CSR-00269","forum_quote","coded_forum_need_or_competitor_context","medium","coaching","FORUM-012","","","","Missed-day reflection may be more valuable than simple streak punishment.","The Paywall: The really good ones ask for a monthly subscription that costs more than my Netflix.","https://www.reddit.com/r/ProductivityApps/comments/1qgwiak/i_got_tired_of_paying_subscriptions_just_to_track/"
"CSR-00270","forum_quote","coded_forum_need_or_competitor_context","medium","coaching","FORUM-012","","","","Missed-day reflection may be more valuable than simple streak punishment.","Widget Overload: I built 5+ different widget types (Heatmaps, Streaks, Weekly Grids) because I like my home screen to look functional.","https://www.reddit.com/r/ProductivityApps/comments/1qgwiak/i_got_tired_of_paying_subscriptions_just_to_track/"
"CSR-00271","forum_quote","coded_forum_need_or_competitor_context","medium","avatar_identity","FORUM-013","","","","Alina's companion tone should be emotionally attentive but bounded and low-stakes.","Nomi AI is still the strongest for that specific use case. The emotional tone is more consistent than anything else I've tested when support is the primary reason you're using it. Candy AI is worth considering too if you want something that","https://www.reddit.com/r/AIChatCompanions/comments/1rm4fyo/tested_20_ai_companions_so_you_dont_have_to_heres/"
"CSR-00272","forum_quote","coded_forum_need_or_competitor_context","medium","avatar_identity","FORUM-013","","","","Alina's companion tone should be emotionally attentive but bounded and low-stakes.","Memory matters most: Candy AI or Nectar AI. Conversational freedom matters most: CrushOn AI. Emotional support is the main thing: Nomi AI. Not sure yet: start with Character AI's free tier to figure out what you actually want, then move to","https://www.reddit.com/r/AIChatCompanions/comments/1rm4fyo/tested_20_ai_companions_so_you_dont_have_to_heres/"
"CSR-00273","forum_quote","coded_forum_need_or_competitor_context","medium","avatar_identity","FORUM-013","","","","Alina's companion tone should be emotionally attentive but bounded and low-stakes.","Solid breakdown. One thing I'd add about Nomi AI is that the emotional tone is genuinely different from most AI companions with memory I've tried, but you do hit a ceiling pretty fast if your conversations tend to go in unconventional direc","https://www.reddit.com/r/AIChatCompanions/comments/1rm4fyo/tested_20_ai_companions_so_you_dont_have_to_heres/"
"CSR-00274","forum_quote","coded_forum_need_or_competitor_context","medium","avatar_identity","FORUM-013","","","","Alina's companion tone should be emotionally attentive but bounded and low-stakes.","Finding the right AI companion can feel daunting, especially with so many options out there. It's refreshing to see someone break it down by use case rather than just rankings. Similar to your experience, I've used AI companions for creativ","https://www.reddit.com/r/AIChatCompanions/comments/1rm4fyo/tested_20_ai_companions_so_you_dont_have_to_heres/"
"CSR-00275","forum_quote","coded_forum_need_or_competitor_context","low_medium","avatar_identity","FORUM-014","","","","Avatar/companion features can drive attachment, but trust and safety boundaries matter.","This is a great breakdown. Kindroid definitely seems to have the edge on memory right now, which is such a dealbreaker for long-term use. It's interesting to see how Evernear is trying to tackle the relationship progression aspect too—defin","https://www.reddit.com/r/AIChatReviews/comments/1sim373/i_tried_5_ai_companions_so_you_dont_have_to_a/"
"CSR-00276","forum_quote","coded_forum_need_or_competitor_context","low_medium","avatar_identity","FORUM-014","","","","Avatar/companion features can drive attachment, but trust and safety boundaries matter.","I Tried 5 AI Companions So You Don’t Have To (a detailed breakdown)","https://www.reddit.com/r/AIChatReviews/comments/1sim373/i_tried_5_ai_companions_so_you_dont_have_to_a/"
"CSR-00277","forum_quote","coded_forum_need_or_competitor_context","low_medium","avatar_identity","FORUM-014","","","","Avatar/companion features can drive attachment, but trust and safety boundaries matter.","solid list but surprised you didn't try Dusk AI. you literally listed memory as cai's biggest weakness and relationship continuity as the main thing you're trying to solve — that's the exact thing Dusk AI focuses on. conversations actually","https://www.reddit.com/r/AIChatReviews/comments/1sim373/i_tried_5_ai_companions_so_you_dont_have_to_a/"
"CSR-00278","forum_quote","coded_forum_need_or_competitor_context","low_medium","avatar_identity","FORUM-014","","","","Avatar/companion features can drive attachment, but trust and safety boundaries matter.","I’ve spent the last few weeks deep-diving into AI companion/chat apps.","https://www.reddit.com/r/AIChatReviews/comments/1sim373/i_tried_5_ai_companions_so_you_dont_have_to_a/"
"CSR-00279","forum_quote","coded_forum_need_or_competitor_context","medium","gaming","FORUM-015","","","","Alina should borrow visible progression, not manipulative daily-claim monetization.","My opinion is, a daily reward system that a line of rewards, and every day you are allowed to claim the next reward in line, and the line doesn't reset every calendar month or something it's just a counter for total days played since accoun","https://www.reddit.com/r/incremental_games/comments/pyac47"
"CSR-00280","forum_quote","coded_forum_need_or_competitor_context","medium","gaming","FORUM-015","","","","Alina should borrow visible progression, not manipulative daily-claim monetization.","Make a game that's fun to play, then think about adding rewards for playing. I don't think I've seen daily rewards done well, except for maybe NGU where you can buy an item that stores multiple days' rewards. There are plenty of games I've","https://www.reddit.com/r/incremental_games/comments/pyac47"
"CSR-00281","forum_quote","coded_forum_need_or_competitor_context","medium","gaming","FORUM-015","","","","Alina should borrow visible progression, not manipulative daily-claim monetization.","Frankly I don't like any kind of daily rewards. All ""retention"" mechanics shift the purpose of a game from entertaining its players to monetizing them. The bigger the rewards are, and the harsher the penalties for breaking a streak, the mor","https://www.reddit.com/r/incremental_games/comments/pyac47"
"CSR-00282","forum_quote","coded_forum_need_or_competitor_context","medium","gaming","FORUM-015","","","","Alina should borrow visible progression, not manipulative daily-claim monetization.","Hello, as far as daily claims go what are your likes and dislikes? Is having to watch an ad to double a reward good or bad? Should the daily claim reset if a day is missed? Should rewards repeat after x days or continue upwards as long as t","https://www.reddit.com/r/incremental_games/comments/pyac47"
"CSR-00283","forum_quote","coded_forum_need_or_competitor_context","medium","gaming","FORUM-016","","","","Progress should feel cozy, additive, and effort-linked; avoid cash-shop vibes.","Ideally, I'd love for there to be some sort of gameplay ""cycle"" where crafting materials gained at lower skill levels are used for progressively better tools, equipment, and support items (to a certain point)–but are more easily farmable at","https://www.reddit.com/r/CozyGamers/comments/1g9dnv3"
"CSR-00284","forum_quote","coded_forum_need_or_competitor_context","medium","gaming","FORUM-016","","","","Progress should feel cozy, additive, and effort-linked; avoid cash-shop vibes.","I’d recommend planet crafter. I adore this game and find it so relaxing to play. It’s a bit of survival but no combat at all. Only risk is your oxygen, food and water. But the progression is so rewarding as you see the world around you chan","https://www.reddit.com/r/CozyGamers/comments/1g9dnv3"
"CSR-00285","forum_quote","coded_forum_need_or_competitor_context","medium","gaming","FORUM-016","","","","Progress should feel cozy, additive, and effort-linked; avoid cash-shop vibes.","Cozy games with layers of progression, (level) grinds, and crafting?","https://www.reddit.com/r/CozyGamers/comments/1g9dnv3"
"CSR-00286","forum_quote","coded_forum_need_or_competitor_context","medium","gaming","FORUM-016","","","","Progress should feel cozy, additive, and effort-linked; avoid cash-shop vibes.","Edit TLDR: Recommend me cozy games with layered/deep progression and intricate crafting!","https://www.reddit.com/r/CozyGamers/comments/1g9dnv3"
"CSR-00287","forum_quote","coded_forum_need_or_competitor_context","medium","gaming","FORUM-017","","","","Use streaks carefully: retention upside exists, but user evidence shows anxiety risk.","Streaks are valuable to app developers because they turn occasional use into habitual behavior. By rewarding consecutive days of activity, streaks increase retention, strengthen user identity and investment in the app, and make push notific","https://developers.reddit.com/docs/capabilities/notifications/adding-streaks"
"CSR-00288","forum_quote","coded_forum_need_or_competitor_context","medium","gaming","FORUM-017","","","","Use streaks carefully: retention upside exists, but user evidence shows anxiety risk.","You are a senior Devvit engineer. Add a robust daily streak system and a streak-aware push notification campaign to this Devvit app.","https://developers.reddit.com/docs/capabilities/notifications/adding-streaks"
"CSR-00289","forum_quote","coded_forum_need_or_competitor_context","medium","gaming","FORUM-017","","","","Use streaks carefully: retention upside exists, but user evidence shows anxiety risk.","Use Redis as the source of truth for daily streak days.","https://developers.reddit.com/docs/capabilities/notifications/adding-streaks"
"CSR-00290","forum_quote","coded_forum_need_or_competitor_context","medium","gaming","FORUM-017","","","","Use streaks carefully: retention upside exists, but user evidence shows anxiety risk.","This section explains how streaks work in Syllo in a practical, implementation-focused way.","https://developers.reddit.com/docs/capabilities/notifications/adding-streaks"
"CSR-00291","forum_quote","coded_forum_need_or_competitor_context","medium","gaming","FORUM-018","","","","Supports the product thesis that daily repeatable loops can work, if the loop is simple and rewarding.","Build loops in your game that reward daily habits. Streaks and milestone rewards encourage consistency: players come back to maintain progress and reach the next goal. You’ll see streaks in games like r/syllo, and r/honk lets players earn l","https://developers.reddit.com/docs/guides/best-practices/community_games"
"CSR-00292","forum_quote","coded_forum_need_or_competitor_context","medium","gaming","FORUM-018","","","","Supports the product thesis that daily repeatable loops can work, if the loop is simple and rewarding.","Push notifications are another way to reinforce a daily habit, and they work best when paired with other retention features like streaks, leagues, and leaderboards. Push notifications are currently a limited beta feature, but you can reach","https://developers.reddit.com/docs/guides/best-practices/community_games"
"CSR-00293","forum_quote","coded_forum_need_or_competitor_context","medium","gaming","FORUM-018","","","","Supports the product thesis that daily repeatable loops can work, if the loop is simple and rewarding.","Player retentionAdd a subscribe optionHabits and feedback loopsProgress and recognitionCompetition and social pullChallenges and missionsReward systems","https://developers.reddit.com/docs/guides/best-practices/community_games"
"CSR-00294","forum_quote","coded_forum_need_or_competitor_context","medium","gaming","FORUM-018","","","","Supports the product thesis that daily repeatable loops can work, if the loop is simple and rewarding.","Tip: Consider adding grace mechanics like streak freezes to reduce churn.","https://developers.reddit.com/docs/guides/best-practices/community_games"