capture_id,reddit_read_id,priority_rank,priority_band,queue_lane,niche_mix,linked_icp_segments,app_names_prefill,thread_title,source_url,capture_status,manual_read_task,interview_prompt_seed,whitespace_prompt_seed,observed_user_job,named_alternatives_in_comments,rejected_patterns,accepted_solution_pattern,paid_or_wtp_signal,safety_or_trust_boundary,alina_implication,direct_quote_short,quote_use_permission_status,claim_status_after_read,claim_update_target,researcher_notes,claim_boundary
"RRC_0001","RMR-0001","1","P0_read_first","whitespace_objection_read","coaching","ICP_D|ICP_F|ICP_A|ICP_C","The Pattern|Headspace|Habitica|Streaks|Habit Tracker|Calm","Would you use an app that holds you accountable to your daily routine and shows if it’s working?","https://old.reddit.com/r/getdisciplined/comments/1q49kyh/would_you_use_an_app_that_holds_you_accountable/","not_started","Read the thread and classify what users reject: setup load, notifications, streak anxiety, vague guidance, safety/trust, price, or weak progression.","Tell me about the last self-improvement/productivity/wellness app you stopped using. What made it feel too heavy, vague, or pressuring?","Does Alina avoid the rejected pattern while still delivering a concrete next action?","","","","","","","","","not_approved_external_use","unread_do_not_upgrade","data_processed/evidence_claim_register.csv;data_processed/research_completion_audit.csv;reports/alina-evidence-first-report-draft.md","","Unread capture row. Do not cite externally or upgrade demand/market/competitor claims until a human completes this row."
"RRC_0002","RMR-0002","2","P0_read_first","whitespace_objection_read","mindfulness","ICP_C|ICP_D","Insight Timer|Headspace|Waking Up|Balance","Good Meditation Apps?","https://old.reddit.com/r/Meditation/comments/1liytvi/good_meditation_apps/","not_started","Read the thread and classify what users reject: setup load, notifications, streak anxiety, vague guidance, safety/trust, price, or weak progression.","Tell me about the last self-improvement/productivity/wellness app you stopped using. What made it feel too heavy, vague, or pressuring?","Does Alina avoid the rejected pattern while still delivering a concrete next action?","","","","","","","","","not_approved_external_use","unread_do_not_upgrade","data_processed/evidence_claim_register.csv;data_processed/research_completion_audit.csv;reports/alina-evidence-first-report-draft.md","","Unread capture row. Do not cite externally or upgrade demand/market/competitor claims until a human completes this row."
"RRC_0003","RMR-0003","3","P0_read_first","whitespace_objection_read","mindfulness","ICP_C|ICP_D","Insight Timer|Headspace|Balance|Calm","How I took control of my life as a Tech worker and as a Father.","https://old.reddit.com/r/Mindfulness/comments/1kf3y9b/how_i_took_control_of_my_life_as_a_tech_worker/","not_started","Read the thread and classify what users reject: setup load, notifications, streak anxiety, vague guidance, safety/trust, price, or weak progression.","Tell me about the last self-improvement/productivity/wellness app you stopped using. What made it feel too heavy, vague, or pressuring?","Does Alina avoid the rejected pattern while still delivering a concrete next action?","","","","","","","","","not_approved_external_use","unread_do_not_upgrade","data_processed/evidence_claim_register.csv;data_processed/research_completion_audit.csv;reports/alina-evidence-first-report-draft.md","","Unread capture row. Do not cite externally or upgrade demand/market/competitor claims until a human completes this row."
"RRC_0004","RMR-0004","4","P0_read_first","whitespace_objection_read","coaching","ICP_D|ICP_F|ICP_A|ICP_C","Habitica|Fabulous|Streaks|Habit Tracker","I built my own habit tracker after failing with every app out there — here's what I learned","https://old.reddit.com/r/getdisciplined/comments/1rwm12v/i_built_my_own_habit_tracker_after_failing_with/","not_started","Read the thread and classify what users reject: setup load, notifications, streak anxiety, vague guidance, safety/trust, price, or weak progression.","Tell me about the last self-improvement/productivity/wellness app you stopped using. What made it feel too heavy, vague, or pressuring?","Does Alina avoid the rejected pattern while still delivering a concrete next action?","","","","","","","","","not_approved_external_use","unread_do_not_upgrade","data_processed/evidence_claim_register.csv;data_processed/research_completion_audit.csv;reports/alina-evidence-first-report-draft.md","","Unread capture row. Do not cite externally or upgrade demand/market/competitor claims until a human completes this row."
"RRC_0005","RMR-0005","5","P0_read_first","whitespace_objection_read","coaching","ICP_D|ICP_F|ICP_A|ICP_C","Habitica|Streaks|Habit Tracker|Finch","i tested every type of habit tracker for 18 months here's what actually changes behavior","https://old.reddit.com/r/getdisciplined/comments/1saer6t/i_tested_every_type_of_habit_tracker_for_18/","not_started","Read the thread and classify what users reject: setup load, notifications, streak anxiety, vague guidance, safety/trust, price, or weak progression.","Tell me about the last self-improvement/productivity/wellness app you stopped using. What made it feel too heavy, vague, or pressuring?","Does Alina avoid the rejected pattern while still delivering a concrete next action?","","","","","","","","","not_approved_external_use","unread_do_not_upgrade","data_processed/evidence_claim_register.csv;data_processed/research_completion_audit.csv;reports/alina-evidence-first-report-draft.md","","Unread capture row. Do not cite externally or upgrade demand/market/competitor claims until a human completes this row."
"RRC_0006","RMR-0006","6","P0_read_first","competitor_alternative_read","mindfulness","ICP_C|ICP_D|ICP_F","Insight Timer|Headspace|Waking Up|Journey|Calm","Calm and Headspace Don't Quite Work for Me—What Apps Do You Use?","https://old.reddit.com/r/Meditation/comments/1ha1keu/calm_and_headspace_dont_quite_work_for_mewhat/","not_started","Extract named alternatives from comments, why the current tool failed, and whether users ask for a simpler ritual, stronger personalization, or social proof.","When you ask people for app recommendations, what are you hoping the next app will fix that the current one does not?","Which named alternatives already own this job, and where do they fail to connect meaning -> action -> visible progress?","","","","","","","","","not_approved_external_use","unread_do_not_upgrade","data_processed/evidence_claim_register.csv;data_processed/research_completion_audit.csv;reports/alina-evidence-first-report-draft.md","","Unread capture row. Do not cite externally or upgrade demand/market/competitor claims until a human completes this row."
"RRC_0007","RMR-0007","7","P0_read_first","competitor_alternative_read","mindfulness","ICP_C|ICP_D|ICP_F","Insight Timer|Headspace|Streaks|Journey|Calm","Meditation apps are overwhelming me - looking for something truly minimal","https://old.reddit.com/r/Meditation/comments/1ngjqay/meditation_apps_are_overwhelming_me_looking_for/","not_started","Extract named alternatives from comments, why the current tool failed, and whether users ask for a simpler ritual, stronger personalization, or social proof.","When you ask people for app recommendations, what are you hoping the next app will fix that the current one does not?","Which named alternatives already own this job, and where do they fail to connect meaning -> action -> visible progress?","","","","","","","","","not_approved_external_use","unread_do_not_upgrade","data_processed/evidence_claim_register.csv;data_processed/research_completion_audit.csv;reports/alina-evidence-first-report-draft.md","","Unread capture row. Do not cite externally or upgrade demand/market/competitor claims until a human completes this row."
"RRC_0008","RMR-0008","8","P0_read_first","whitespace_objection_read","mindfulness","ICP_C|ICP_D","Headspace|Stoic|Calm","What’s Missing in Mindfulness Apps?","https://old.reddit.com/r/Mindfulness/comments/1jdnfvi/whats_missing_in_mindfulness_apps/","not_started","Read the thread and classify what users reject: setup load, notifications, streak anxiety, vague guidance, safety/trust, price, or weak progression.","Tell me about the last self-improvement/productivity/wellness app you stopped using. What made it feel too heavy, vague, or pressuring?","Does Alina avoid the rejected pattern while still delivering a concrete next action?","","","","","","","","","not_approved_external_use","unread_do_not_upgrade","data_processed/evidence_claim_register.csv;data_processed/research_completion_audit.csv;reports/alina-evidence-first-report-draft.md","","Unread capture row. Do not cite externally or upgrade demand/market/competitor claims until a human completes this row."
"RRC_0009","RMR-0009","9","P0_read_first","competitor_alternative_read","mindfulness","ICP_C|ICP_D|ICP_F","Insight Timer|Medito|Habit Tracker|Calm","5 minute sleep meditation apps","https://old.reddit.com/r/Meditation/comments/1h2tt2d/5_minute_sleep_meditation_apps/","not_started","Extract named alternatives from comments, why the current tool failed, and whether users ask for a simpler ritual, stronger personalization, or social proof.","When you ask people for app recommendations, what are you hoping the next app will fix that the current one does not?","Which named alternatives already own this job, and where do they fail to connect meaning -> action -> visible progress?","","","","","","","","","not_approved_external_use","unread_do_not_upgrade","data_processed/evidence_claim_register.csv;data_processed/research_completion_audit.csv;reports/alina-evidence-first-report-draft.md","","Unread capture row. Do not cite externally or upgrade demand/market/competitor claims until a human completes this row."
"RRC_0010","RMR-0010","10","P0_read_first","competitor_alternative_read","coaching","ICP_D|ICP_F|ICP_A","Habitica|Fabulous|Habit Tracker|Finch","Good apps for routines, habit tracking, and to-do lists?","https://old.reddit.com/r/selfimprovement/comments/1jufg3p/good_apps_for_routines_habit_tracking_and_todo/","not_started","Extract named alternatives from comments, why the current tool failed, and whether users ask for a simpler ritual, stronger personalization, or social proof.","When you ask people for app recommendations, what are you hoping the next app will fix that the current one does not?","Which named alternatives already own this job, and where do they fail to connect meaning -> action -> visible progress?","","","","","","","","","not_approved_external_use","unread_do_not_upgrade","data_processed/evidence_claim_register.csv;data_processed/research_completion_audit.csv;reports/alina-evidence-first-report-draft.md","","Unread capture row. Do not cite externally or upgrade demand/market/competitor claims until a human completes this row."
"RRC_0011","RMR-0011","11","P0_read_first","competitor_alternative_read","mindfulness","ICP_C|ICP_D|ICP_F","Headspace|Waking Up|Medito|Calm","Looking for some honest meditation app recs - what are you guys actually using?","https://old.reddit.com/r/Meditation/comments/1syvxrc/looking_for_some_honest_meditation_app_recs_what/","not_started","Extract named alternatives from comments, why the current tool failed, and whether users ask for a simpler ritual, stronger personalization, or social proof.","When you ask people for app recommendations, what are you hoping the next app will fix that the current one does not?","Which named alternatives already own this job, and where do they fail to connect meaning -> action -> visible progress?","","","","","","","","","not_approved_external_use","unread_do_not_upgrade","data_processed/evidence_claim_register.csv;data_processed/research_completion_audit.csv;reports/alina-evidence-first-report-draft.md","","Unread capture row. Do not cite externally or upgrade demand/market/competitor claims until a human completes this row."
"RRC_0012","RMR-0012","12","P0_read_first","competitor_alternative_read","mindfulness","ICP_C|ICP_D|ICP_F","Insight Timer|Headspace|Waking Up|Calm","Vipassana vs. mindfulness apps — how a traditional technique compares after 880+ days of practice","https://old.reddit.com/r/Mindfulness/comments/1rhn8uh/vipassana_vs_mindfulness_apps_how_a_traditional/","not_started","Extract named alternatives from comments, why the current tool failed, and whether users ask for a simpler ritual, stronger personalization, or social proof.","When you ask people for app recommendations, what are you hoping the next app will fix that the current one does not?","Which named alternatives already own this job, and where do they fail to connect meaning -> action -> visible progress?","","","","","","","","","not_approved_external_use","unread_do_not_upgrade","data_processed/evidence_claim_register.csv;data_processed/research_completion_audit.csv;reports/alina-evidence-first-report-draft.md","","Unread capture row. Do not cite externally or upgrade demand/market/competitor claims until a human completes this row."
"RRC_0013","RMR-0013","13","P0_read_first","whitespace_objection_read","mindfulness","ICP_C|ICP_D","Headspace|Calm","9 Tips to Help You Meditate Like A Pro","https://old.reddit.com/r/Meditation/comments/eqrblj/9_tips_to_help_you_meditate_like_a_pro/","not_started","Read the thread and classify what users reject: setup load, notifications, streak anxiety, vague guidance, safety/trust, price, or weak progression.","Tell me about the last self-improvement/productivity/wellness app you stopped using. What made it feel too heavy, vague, or pressuring?","Does Alina avoid the rejected pattern while still delivering a concrete next action?","","","","","","","","","not_approved_external_use","unread_do_not_upgrade","data_processed/evidence_claim_register.csv;data_processed/research_completion_audit.csv;reports/alina-evidence-first-report-draft.md","","Unread capture row. Do not cite externally or upgrade demand/market/competitor claims until a human completes this row."
"RRC_0014","RMR-0014","14","P0_read_first","whitespace_objection_read","mindfulness","ICP_C|ICP_D","Headspace|Calm","Are meditation apps getting worse?","https://old.reddit.com/r/Meditation/comments/ncxc4f/are_meditation_apps_getting_worse/","not_started","Read the thread and classify what users reject: setup load, notifications, streak anxiety, vague guidance, safety/trust, price, or weak progression.","Tell me about the last self-improvement/productivity/wellness app you stopped using. What made it feel too heavy, vague, or pressuring?","Does Alina avoid the rejected pattern while still delivering a concrete next action?","","","","","","","","","not_approved_external_use","unread_do_not_upgrade","data_processed/evidence_claim_register.csv;data_processed/research_completion_audit.csv;reports/alina-evidence-first-report-draft.md","","Unread capture row. Do not cite externally or upgrade demand/market/competitor claims until a human completes this row."
"RRC_0015","RMR-0015","15","P0_read_first","whitespace_objection_read","mindfulness","ICP_C|ICP_D","Headspace|Waking Up","Building a free meditation app - Looking for help","https://old.reddit.com/r/Meditation/comments/bjtbdg/building_a_free_meditation_app_looking_for_help/","not_started","Read the thread and classify what users reject: setup load, notifications, streak anxiety, vague guidance, safety/trust, price, or weak progression.","Tell me about the last self-improvement/productivity/wellness app you stopped using. What made it feel too heavy, vague, or pressuring?","Does Alina avoid the rejected pattern while still delivering a concrete next action?","","","","","","","","","not_approved_external_use","unread_do_not_upgrade","data_processed/evidence_claim_register.csv;data_processed/research_completion_audit.csv;reports/alina-evidence-first-report-draft.md","","Unread capture row. Do not cite externally or upgrade demand/market/competitor claims until a human completes this row."
"RRC_0016","RMR-0016","16","P0_read_first","whitespace_objection_read","mindfulness","ICP_C|ICP_D","Headspace|Calm","Does anyone else feel like meditation apps don't actually know what you're going through?","https://old.reddit.com/r/Anxiety/comments/1scghlt/does_anyone_else_feel_like_meditation_apps_dont/","not_started","Read the thread and classify what users reject: setup load, notifications, streak anxiety, vague guidance, safety/trust, price, or weak progression.","Tell me about the last self-improvement/productivity/wellness app you stopped using. What made it feel too heavy, vague, or pressuring?","Does Alina avoid the rejected pattern while still delivering a concrete next action?","","","","","","","","","not_approved_external_use","unread_do_not_upgrade","data_processed/evidence_claim_register.csv;data_processed/research_completion_audit.csv;reports/alina-evidence-first-report-draft.md","","Unread capture row. Do not cite externally or upgrade demand/market/competitor claims until a human completes this row."
"RRC_0017","RMR-0017","17","P0_read_first","whitespace_objection_read","coaching","ICP_D|ICP_F|ICP_A|ICP_C","Notion|Habit Tracker","F*ck your productivity system. Seriously.","https://old.reddit.com/r/productivity/comments/1hvbee1/fck_your_productivity_system_seriously/","not_started","Read the thread and classify what users reject: setup load, notifications, streak anxiety, vague guidance, safety/trust, price, or weak progression.","Tell me about the last self-improvement/productivity/wellness app you stopped using. What made it feel too heavy, vague, or pressuring?","Does Alina avoid the rejected pattern while still delivering a concrete next action?","","","","","","","","","not_approved_external_use","unread_do_not_upgrade","data_processed/evidence_claim_register.csv;data_processed/research_completion_audit.csv;reports/alina-evidence-first-report-draft.md","","Unread capture row. Do not cite externally or upgrade demand/market/competitor claims until a human completes this row."
"RRC_0018","RMR-0018","18","P0_read_first","whitespace_objection_read","coaching","ICP_D|ICP_F|ICP_A|ICP_C","Streaks|Habit Tracker","Habit trackers always work for me until I miss one day. Does this happen to anyone else?","https://old.reddit.com/r/getdisciplined/comments/1s0um3d/habit_trackers_always_work_for_me_until_i_miss/","not_started","Read the thread and classify what users reject: setup load, notifications, streak anxiety, vague guidance, safety/trust, price, or weak progression.","Tell me about the last self-improvement/productivity/wellness app you stopped using. What made it feel too heavy, vague, or pressuring?","Does Alina avoid the rejected pattern while still delivering a concrete next action?","","","","","","","","","not_approved_external_use","unread_do_not_upgrade","data_processed/evidence_claim_register.csv;data_processed/research_completion_audit.csv;reports/alina-evidence-first-report-draft.md","","Unread capture row. Do not cite externally or upgrade demand/market/competitor claims until a human completes this row."
"RRC_0019","RMR-0019","19","P0_read_first","whitespace_objection_read","coaching","ICP_D|ICP_F|ICP_A|ICP_C","Streaks|Habit Tracker","Habit trackers are a habit itself","https://old.reddit.com/r/productivity/comments/1rrjjwf/habit_trackers_are_a_habit_itself/","not_started","Read the thread and classify what users reject: setup load, notifications, streak anxiety, vague guidance, safety/trust, price, or weak progression.","Tell me about the last self-improvement/productivity/wellness app you stopped using. What made it feel too heavy, vague, or pressuring?","Does Alina avoid the rejected pattern while still delivering a concrete next action?","","","","","","","","","not_approved_external_use","unread_do_not_upgrade","data_processed/evidence_claim_register.csv;data_processed/research_completion_audit.csv;reports/alina-evidence-first-report-draft.md","","Unread capture row. Do not cite externally or upgrade demand/market/competitor claims until a human completes this row."
"RRC_0020","RMR-0020","20","P0_read_first","whitespace_objection_read","mindfulness","ICP_C|ICP_D","Headspace|Calm","headspace.com - truly wonderful web app to bring some calm into your day and reduce anxiety. Just signed up and did my first ten minutes, cooled my mind right down. Seriously, try this.","https://old.reddit.com/r/Anxiety/comments/2cmhk4/headspacecom_truly_wonderful_web_app_to_bring/","not_started","Read the thread and classify what users reject: setup load, notifications, streak anxiety, vague guidance, safety/trust, price, or weak progression.","Tell me about the last self-improvement/productivity/wellness app you stopped using. What made it feel too heavy, vague, or pressuring?","Does Alina avoid the rejected pattern while still delivering a concrete next action?","","","","","","","","","not_approved_external_use","unread_do_not_upgrade","data_processed/evidence_claim_register.csv;data_processed/research_completion_audit.csv;reports/alina-evidence-first-report-draft.md","","Unread capture row. Do not cite externally or upgrade demand/market/competitor claims until a human completes this row."
"RRC_0021","RMR-0021","21","P0_read_first","whitespace_objection_read","mindfulness","ICP_C|ICP_D","Waking Up|Calm","How to handle anxiety before sleeping?","https://old.reddit.com/r/Anxiety/comments/1qveez0/how_to_handle_anxiety_before_sleeping/","not_started","Read the thread and classify what users reject: setup load, notifications, streak anxiety, vague guidance, safety/trust, price, or weak progression.","Tell me about the last self-improvement/productivity/wellness app you stopped using. What made it feel too heavy, vague, or pressuring?","Does Alina avoid the rejected pattern while still delivering a concrete next action?","","","","","","","","","not_approved_external_use","unread_do_not_upgrade","data_processed/evidence_claim_register.csv;data_processed/research_completion_audit.csv;reports/alina-evidence-first-report-draft.md","","Unread capture row. Do not cite externally or upgrade demand/market/competitor claims until a human completes this row."
"RRC_0022","RMR-0022","22","P0_read_first","whitespace_objection_read","coaching","ICP_D|ICP_F|ICP_A|ICP_C","Notion|Habit Tracker","I built a self-improvement app that gamifies your real life — avatars, AI coach, XP, level ups. I’m the dev. Be honest with me.","https://old.reddit.com/r/getdisciplined/comments/1smu7ag/i_built_a_selfimprovement_app_that_gamifies_your/","not_started","Read the thread and classify what users reject: setup load, notifications, streak anxiety, vague guidance, safety/trust, price, or weak progression.","Tell me about the last self-improvement/productivity/wellness app you stopped using. What made it feel too heavy, vague, or pressuring?","Does Alina avoid the rejected pattern while still delivering a concrete next action?","","","","","","","","","not_approved_external_use","unread_do_not_upgrade","data_processed/evidence_claim_register.csv;data_processed/research_completion_audit.csv;reports/alina-evidence-first-report-draft.md","","Unread capture row. Do not cite externally or upgrade demand/market/competitor claims until a human completes this row."
"RRC_0023","RMR-0023","23","P0_read_first","whitespace_objection_read","coaching","ICP_D|ICP_F|ICP_A|ICP_C","Streaks|Habit Tracker","I kept quitting habits after 2–3 weeks, so I spent months building an app that actually keeps me going. Here's what I learned.","https://old.reddit.com/r/getdisciplined/comments/1sh04lq/i_kept_quitting_habits_after_23_weeks_so_i_spent/","not_started","Read the thread and classify what users reject: setup load, notifications, streak anxiety, vague guidance, safety/trust, price, or weak progression.","Tell me about the last self-improvement/productivity/wellness app you stopped using. What made it feel too heavy, vague, or pressuring?","Does Alina avoid the rejected pattern while still delivering a concrete next action?","","","","","","","","","not_approved_external_use","unread_do_not_upgrade","data_processed/evidence_claim_register.csv;data_processed/research_completion_audit.csv;reports/alina-evidence-first-report-draft.md","","Unread capture row. Do not cite externally or upgrade demand/market/competitor claims until a human completes this row."
"RRC_0024","RMR-0024","24","P0_read_first","whitespace_objection_read","coaching","ICP_D|ICP_F|ICP_A|ICP_C","Streaks|Habit Tracker","I realized my problem isn’t motivation, It’s broken commitments (experimenting with a fix)","https://old.reddit.com/r/NonZeroDay/comments/1qb23j1/i_realized_my_problem_isnt_motivation_its_broken/","not_started","Read the thread and classify what users reject: setup load, notifications, streak anxiety, vague guidance, safety/trust, price, or weak progression.","Tell me about the last self-improvement/productivity/wellness app you stopped using. What made it feel too heavy, vague, or pressuring?","Does Alina avoid the rejected pattern while still delivering a concrete next action?","","","","","","","","","not_approved_external_use","unread_do_not_upgrade","data_processed/evidence_claim_register.csv;data_processed/research_completion_audit.csv;reports/alina-evidence-first-report-draft.md","","Unread capture row. Do not cite externally or upgrade demand/market/competitor claims until a human completes this row."
"RRC_0025","RMR-0025","25","P0_read_first","whitespace_objection_read","coaching","ICP_D|ICP_F|ICP_A|ICP_C","Habitica|Notion","I’m building a ‘scoreboard’ for gym discipline (anti-Habitica). Roast my concept or tell me I’m onto something","https://old.reddit.com/r/NonZeroDay/comments/1ozpsot/im_building_a_scoreboard_for_gym_discipline/","not_started","Read the thread and classify what users reject: setup load, notifications, streak anxiety, vague guidance, safety/trust, price, or weak progression.","Tell me about the last self-improvement/productivity/wellness app you stopped using. What made it feel too heavy, vague, or pressuring?","Does Alina avoid the rejected pattern while still delivering a concrete next action?","","","","","","","","","not_approved_external_use","unread_do_not_upgrade","data_processed/evidence_claim_register.csv;data_processed/research_completion_audit.csv;reports/alina-evidence-first-report-draft.md","","Unread capture row. Do not cite externally or upgrade demand/market/competitor claims until a human completes this row."
"RRC_0026","RMR-0026","26","P0_read_first","whitespace_objection_read","mindfulness","ICP_C|ICP_D","Waking Up|Calm","I've been trying out Sam Harris' Waking Up app and he said something in one of his lessons that really shook me and my perception of the 'goal' of meditation.","https://old.reddit.com/r/Meditation/comments/b74izk/ive_been_trying_out_sam_harris_waking_up_app_and/","not_started","Read the thread and classify what users reject: setup load, notifications, streak anxiety, vague guidance, safety/trust, price, or weak progression.","Tell me about the last self-improvement/productivity/wellness app you stopped using. What made it feel too heavy, vague, or pressuring?","Does Alina avoid the rejected pattern while still delivering a concrete next action?","","","","","","","","","not_approved_external_use","unread_do_not_upgrade","data_processed/evidence_claim_register.csv;data_processed/research_completion_audit.csv;reports/alina-evidence-first-report-draft.md","","Unread capture row. Do not cite externally or upgrade demand/market/competitor claims until a human completes this row."
"RRC_0027","RMR-0027","27","P0_read_first","whitespace_objection_read","coaching","ICP_D|ICP_F|ICP_A|ICP_C","Todoist|Habit Tracker","Looking for a task/routine app with automatic timers (iOS/Apple Watch)","https://old.reddit.com/r/productivity/comments/1powm35/looking_for_a_taskroutine_app_with_automatic/","not_started","Read the thread and classify what users reject: setup load, notifications, streak anxiety, vague guidance, safety/trust, price, or weak progression.","Tell me about the last self-improvement/productivity/wellness app you stopped using. What made it feel too heavy, vague, or pressuring?","Does Alina avoid the rejected pattern while still delivering a concrete next action?","","","","","","","","","not_approved_external_use","unread_do_not_upgrade","data_processed/evidence_claim_register.csv;data_processed/research_completion_audit.csv;reports/alina-evidence-first-report-draft.md","","Unread capture row. Do not cite externally or upgrade demand/market/competitor claims until a human completes this row."
"RRC_0028","RMR-0028","28","P0_read_first","whitespace_objection_read","coaching","ICP_D|ICP_F|ICP_A|ICP_C","Todoist|Habit Tracker","Looking for a task/routine app with automatic timers (iOS/Apple Watch)","https://old.reddit.com/r/ADHD/comments/1powtv0/looking_for_a_taskroutine_app_with_automatic/","not_started","Read the thread and classify what users reject: setup load, notifications, streak anxiety, vague guidance, safety/trust, price, or weak progression.","Tell me about the last self-improvement/productivity/wellness app you stopped using. What made it feel too heavy, vague, or pressuring?","Does Alina avoid the rejected pattern while still delivering a concrete next action?","","","","","","","","","not_approved_external_use","unread_do_not_upgrade","data_processed/evidence_claim_register.csv;data_processed/research_completion_audit.csv;reports/alina-evidence-first-report-draft.md","","Unread capture row. Do not cite externally or upgrade demand/market/competitor claims until a human completes this row."
"RRC_0029","RMR-0029","29","P0_read_first","whitespace_objection_read","mindfulness","ICP_C|ICP_D","Headspace|Balance","Meditation apps—-find any helpful?","https://old.reddit.com/r/Anxiety/comments/188kpdv/meditation_appsfind_any_helpful/","not_started","Read the thread and classify what users reject: setup load, notifications, streak anxiety, vague guidance, safety/trust, price, or weak progression.","Tell me about the last self-improvement/productivity/wellness app you stopped using. What made it feel too heavy, vague, or pressuring?","Does Alina avoid the rejected pattern while still delivering a concrete next action?","","","","","","","","","not_approved_external_use","unread_do_not_upgrade","data_processed/evidence_claim_register.csv;data_processed/research_completion_audit.csv;reports/alina-evidence-first-report-draft.md","","Unread capture row. Do not cite externally or upgrade demand/market/competitor claims until a human completes this row."
"RRC_0030","RMR-0030","30","P0_read_first","whitespace_objection_read","coaching","ICP_D|ICP_F|ICP_A|ICP_C","Notion|Habit Tracker","My roommate said ""you've been getting ready to start for 3 years"" and I couldn't argue","https://old.reddit.com/r/getdisciplined/comments/1rvbrhv/my_roommate_said_youve_been_getting_ready_to/","not_started","Read the thread and classify what users reject: setup load, notifications, streak anxiety, vague guidance, safety/trust, price, or weak progression.","Tell me about the last self-improvement/productivity/wellness app you stopped using. What made it feel too heavy, vague, or pressuring?","Does Alina avoid the rejected pattern while still delivering a concrete next action?","","","","","","","","","not_approved_external_use","unread_do_not_upgrade","data_processed/evidence_claim_register.csv;data_processed/research_completion_audit.csv;reports/alina-evidence-first-report-draft.md","","Unread capture row. Do not cite externally or upgrade demand/market/competitor claims until a human completes this row."
"RRC_0031","RMR-0031","31","P0_read_first","whitespace_objection_read","coaching","ICP_D|ICP_F|ICP_A|ICP_C","Balance|Habit Tracker","Struggling to balance making new habits against need for variety and spontaneity - keen to hear what works for people","https://old.reddit.com/r/ADHD/comments/1ontx6s/struggling_to_balance_making_new_habits_against/","not_started","Read the thread and classify what users reject: setup load, notifications, streak anxiety, vague guidance, safety/trust, price, or weak progression.","Tell me about the last self-improvement/productivity/wellness app you stopped using. What made it feel too heavy, vague, or pressuring?","Does Alina avoid the rejected pattern while still delivering a concrete next action?","","","","","","","","","not_approved_external_use","unread_do_not_upgrade","data_processed/evidence_claim_register.csv;data_processed/research_completion_audit.csv;reports/alina-evidence-first-report-draft.md","","Unread capture row. Do not cite externally or upgrade demand/market/competitor claims until a human completes this row."
"RRC_0032","RMR-0032","32","P0_read_first","whitespace_objection_read","coaching","ICP_D|ICP_F|ICP_A|ICP_C","Streaks|Habit Tracker","The reason I kept quitting habit trackers wasn't lack of discipline. It was that the apps were punishing me for being human.","https://old.reddit.com/r/getdisciplined/comments/1t5oy22/the_reason_i_kept_quitting_habit_trackers_wasnt/","not_started","Read the thread and classify what users reject: setup load, notifications, streak anxiety, vague guidance, safety/trust, price, or weak progression.","Tell me about the last self-improvement/productivity/wellness app you stopped using. What made it feel too heavy, vague, or pressuring?","Does Alina avoid the rejected pattern while still delivering a concrete next action?","","","","","","","","","not_approved_external_use","unread_do_not_upgrade","data_processed/evidence_claim_register.csv;data_processed/research_completion_audit.csv;reports/alina-evidence-first-report-draft.md","","Unread capture row. Do not cite externally or upgrade demand/market/competitor claims until a human completes this row."
"RRC_0033","RMR-0033","33","P0_read_first","whitespace_objection_read","coaching","ICP_D|ICP_F|ICP_A|ICP_C","Streaks|Habit Tracker","Trying to find a proper habit/life tracker","https://old.reddit.com/r/NonZeroDay/comments/1tahisc/trying_to_find_a_proper_habitlife_tracker/","not_started","Read the thread and classify what users reject: setup load, notifications, streak anxiety, vague guidance, safety/trust, price, or weak progression.","Tell me about the last self-improvement/productivity/wellness app you stopped using. What made it feel too heavy, vague, or pressuring?","Does Alina avoid the rejected pattern while still delivering a concrete next action?","","","","","","","","","not_approved_external_use","unread_do_not_upgrade","data_processed/evidence_claim_register.csv;data_processed/research_completion_audit.csv;reports/alina-evidence-first-report-draft.md","","Unread capture row. Do not cite externally or upgrade demand/market/competitor claims until a human completes this row."
"RRC_0034","RMR-0034","34","P0_read_first","whitespace_objection_read","coaching","ICP_D|ICP_F|ICP_A|ICP_C","Streaks|Habit Tracker","Wearing a smart watch has been a game changer","https://old.reddit.com/r/ADHD/comments/la8fj7/wearing_a_smart_watch_has_been_a_game_changer/","not_started","Read the thread and classify what users reject: setup load, notifications, streak anxiety, vague guidance, safety/trust, price, or weak progression.","Tell me about the last self-improvement/productivity/wellness app you stopped using. What made it feel too heavy, vague, or pressuring?","Does Alina avoid the rejected pattern while still delivering a concrete next action?","","","","","","","","","not_approved_external_use","unread_do_not_upgrade","data_processed/evidence_claim_register.csv;data_processed/research_completion_audit.csv;reports/alina-evidence-first-report-draft.md","","Unread capture row. Do not cite externally or upgrade demand/market/competitor claims until a human completes this row."
"RRC_0035","RMR-0035","35","P0_read_first","whitespace_objection_read","coaching","ICP_D|ICP_F|ICP_A|ICP_C","Insight Timer|Calm","What apps improve your morning routine?","https://old.reddit.com/r/getdisciplined/comments/1pj82jr/what_apps_improve_your_morning_routine/","not_started","Read the thread and classify what users reject: setup load, notifications, streak anxiety, vague guidance, safety/trust, price, or weak progression.","Tell me about the last self-improvement/productivity/wellness app you stopped using. What made it feel too heavy, vague, or pressuring?","Does Alina avoid the rejected pattern while still delivering a concrete next action?","","","","","","","","","not_approved_external_use","unread_do_not_upgrade","data_processed/evidence_claim_register.csv;data_processed/research_completion_audit.csv;reports/alina-evidence-first-report-draft.md","","Unread capture row. Do not cite externally or upgrade demand/market/competitor claims until a human completes this row."
"RRC_0036","RMR-0036","36","P0_read_first","whitespace_objection_read","mindfulness","ICP_C|ICP_D","Waking Up|Habit Tracker","What Finally Fixed My Sleep After Years of Trying Everything (The Biology Nobody Explained to Me)","https://old.reddit.com/r/sleep/comments/1s1xvr4/what_finally_fixed_my_sleep_after_years_of_trying/","not_started","Read the thread and classify what users reject: setup load, notifications, streak anxiety, vague guidance, safety/trust, price, or weak progression.","Tell me about the last self-improvement/productivity/wellness app you stopped using. What made it feel too heavy, vague, or pressuring?","Does Alina avoid the rejected pattern while still delivering a concrete next action?","","","","","","","","","not_approved_external_use","unread_do_not_upgrade","data_processed/evidence_claim_register.csv;data_processed/research_completion_audit.csv;reports/alina-evidence-first-report-draft.md","","Unread capture row. Do not cite externally or upgrade demand/market/competitor claims until a human completes this row."
"RRC_0037","RMR-0037","37","P0_read_first","whitespace_objection_read","mindfulness","ICP_C|ICP_D","Headspace|Calm","What is everyone actually using to listen to sleep apps (Calm, Headspace, white noise) at night?","https://old.reddit.com/r/sleep/comments/1ov2r9o/what_is_everyone_actually_using_to_listen_to/","not_started","Read the thread and classify what users reject: setup load, notifications, streak anxiety, vague guidance, safety/trust, price, or weak progression.","Tell me about the last self-improvement/productivity/wellness app you stopped using. What made it feel too heavy, vague, or pressuring?","Does Alina avoid the rejected pattern while still delivering a concrete next action?","","","","","","","","","not_approved_external_use","unread_do_not_upgrade","data_processed/evidence_claim_register.csv;data_processed/research_completion_audit.csv;reports/alina-evidence-first-report-draft.md","","Unread capture row. Do not cite externally or upgrade demand/market/competitor claims until a human completes this row."
"RRC_0038","RMR-0038","38","P0_read_first","whitespace_objection_read","coaching","ICP_D|ICP_F|ICP_A|ICP_C","Journey|Notion","Where do I even start on a productivity journey?","https://old.reddit.com/r/productivity/comments/1cohssj/where_do_i_even_start_on_a_productivity_journey/","not_started","Read the thread and classify what users reject: setup load, notifications, streak anxiety, vague guidance, safety/trust, price, or weak progression.","Tell me about the last self-improvement/productivity/wellness app you stopped using. What made it feel too heavy, vague, or pressuring?","Does Alina avoid the rejected pattern while still delivering a concrete next action?","","","","","","","","","not_approved_external_use","unread_do_not_upgrade","data_processed/evidence_claim_register.csv;data_processed/research_completion_audit.csv;reports/alina-evidence-first-report-draft.md","","Unread capture row. Do not cite externally or upgrade demand/market/competitor claims until a human completes this row."
"RRC_0039","RMR-0039","39","P0_read_first","competitor_alternative_read","coaching","ICP_D|ICP_F|ICP_A","Habitica|Streaks|Habit Tracker","[Method] Why I stopped using streak-based habit trackers and what I replaced them with","https://old.reddit.com/r/getdisciplined/comments/1s1eup4/method_why_i_stopped_using_streakbased_habit/","not_started","Extract named alternatives from comments, why the current tool failed, and whether users ask for a simpler ritual, stronger personalization, or social proof.","When you ask people for app recommendations, what are you hoping the next app will fix that the current one does not?","Which named alternatives already own this job, and where do they fail to connect meaning -> action -> visible progress?","","","","","","","","","not_approved_external_use","unread_do_not_upgrade","data_processed/evidence_claim_register.csv;data_processed/research_completion_audit.csv;reports/alina-evidence-first-report-draft.md","","Unread capture row. Do not cite externally or upgrade demand/market/competitor claims until a human completes this row."
"RRC_0040","RMR-0040","40","P0_read_first","competitor_alternative_read","mindfulness","ICP_C|ICP_D|ICP_F","Headspace|Balance|Journey","Balancing Mindfulness vs TM vs Visualization vs Breathwork","https://old.reddit.com/r/Mindfulness/comments/1m83mva/balancing_mindfulness_vs_tm_vs_visualization_vs/","not_started","Extract named alternatives from comments, why the current tool failed, and whether users ask for a simpler ritual, stronger personalization, or social proof.","When you ask people for app recommendations, what are you hoping the next app will fix that the current one does not?","Which named alternatives already own this job, and where do they fail to connect meaning -> action -> visible progress?","","","","","","","","","not_approved_external_use","unread_do_not_upgrade","data_processed/evidence_claim_register.csv;data_processed/research_completion_audit.csv;reports/alina-evidence-first-report-draft.md","","Unread capture row. Do not cite externally or upgrade demand/market/competitor claims until a human completes this row."
"RRC_0041","RMR-0041","41","P0_read_first","competitor_alternative_read","coaching","ICP_D|ICP_F|ICP_A","Streaks|Journey|Habit Tracker","Do you know any useful to track and help you with self improvement","https://old.reddit.com/r/getdisciplined/comments/1rumvjw/do_you_know_any_useful_to_track_and_help_you_with/","not_started","Extract named alternatives from comments, why the current tool failed, and whether users ask for a simpler ritual, stronger personalization, or social proof.","When you ask people for app recommendations, what are you hoping the next app will fix that the current one does not?","Which named alternatives already own this job, and where do they fail to connect meaning -> action -> visible progress?","","","","","","","","","not_approved_external_use","unread_do_not_upgrade","data_processed/evidence_claim_register.csv;data_processed/research_completion_audit.csv;reports/alina-evidence-first-report-draft.md","","Unread capture row. Do not cite externally or upgrade demand/market/competitor claims until a human completes this row."
"RRC_0042","RMR-0042","42","P0_read_first","competitor_alternative_read","mindfulness","ICP_C|ICP_D|ICP_F","Insight Timer|Headspace|Calm","Free short guided meditation series? Also app recommendations...","https://old.reddit.com/r/Meditation/comments/1k52wij/free_short_guided_meditation_series_also_app/","not_started","Extract named alternatives from comments, why the current tool failed, and whether users ask for a simpler ritual, stronger personalization, or social proof.","When you ask people for app recommendations, what are you hoping the next app will fix that the current one does not?","Which named alternatives already own this job, and where do they fail to connect meaning -> action -> visible progress?","","","","","","","","","not_approved_external_use","unread_do_not_upgrade","data_processed/evidence_claim_register.csv;data_processed/research_completion_audit.csv;reports/alina-evidence-first-report-draft.md","","Unread capture row. Do not cite externally or upgrade demand/market/competitor claims until a human completes this row."
"RRC_0043","RMR-0043","43","P0_read_first","competitor_alternative_read","mindfulness","ICP_C|ICP_D|ICP_F","Insight Timer|Headspace|Habit Tracker","How 60 days of morning meditation changed my day","https://old.reddit.com/r/Meditation/comments/rjsovk/how_60_days_of_morning_meditation_changed_my_day/","not_started","Extract named alternatives from comments, why the current tool failed, and whether users ask for a simpler ritual, stronger personalization, or social proof.","When you ask people for app recommendations, what are you hoping the next app will fix that the current one does not?","Which named alternatives already own this job, and where do they fail to connect meaning -> action -> visible progress?","","","","","","","","","not_approved_external_use","unread_do_not_upgrade","data_processed/evidence_claim_register.csv;data_processed/research_completion_audit.csv;reports/alina-evidence-first-report-draft.md","","Unread capture row. Do not cite externally or upgrade demand/market/competitor claims until a human completes this row."
"RRC_0044","RMR-0044","44","P0_read_first","competitor_alternative_read","mindfulness","ICP_C|ICP_D|ICP_F","Headspace|Balance|Journey","How to balance different practices ?","https://old.reddit.com/r/Meditation/comments/1m83pax/how_to_balance_different_practices/","not_started","Extract named alternatives from comments, why the current tool failed, and whether users ask for a simpler ritual, stronger personalization, or social proof.","When you ask people for app recommendations, what are you hoping the next app will fix that the current one does not?","Which named alternatives already own this job, and where do they fail to connect meaning -> action -> visible progress?","","","","","","","","","not_approved_external_use","unread_do_not_upgrade","data_processed/evidence_claim_register.csv;data_processed/research_completion_audit.csv;reports/alina-evidence-first-report-draft.md","","Unread capture row. Do not cite externally or upgrade demand/market/competitor claims until a human completes this row."
"RRC_0045","RMR-0045","45","P0_read_first","competitor_alternative_read","mindfulness","ICP_C|ICP_D|ICP_F","Headspace|Journey|Calm","I built a meditation web app that lets customize voice and music powered by AI and set the mood for yourself","https://old.reddit.com/r/Mindfulness/comments/1hbl2fe/i_built_a_meditation_web_app_that_lets_customize/","not_started","Extract named alternatives from comments, why the current tool failed, and whether users ask for a simpler ritual, stronger personalization, or social proof.","When you ask people for app recommendations, what are you hoping the next app will fix that the current one does not?","Which named alternatives already own this job, and where do they fail to connect meaning -> action -> visible progress?","","","","","","","","","not_approved_external_use","unread_do_not_upgrade","data_processed/evidence_claim_register.csv;data_processed/research_completion_audit.csv;reports/alina-evidence-first-report-draft.md","","Unread capture row. Do not cite externally or upgrade demand/market/competitor claims until a human completes this row."
"RRC_0046","RMR-0046","46","P0_read_first","competitor_alternative_read","coaching","ICP_D|ICP_F|ICP_A","Streaks|Notion|Habit Tracker","I built an app to stop failing my habits after day 3 — 21-day commitments with a built-in reset. Would love your feedback","https://old.reddit.com/r/getdisciplined/comments/1tn31ai/i_built_an_app_to_stop_failing_my_habits_after/","not_started","Extract named alternatives from comments, why the current tool failed, and whether users ask for a simpler ritual, stronger personalization, or social proof.","When you ask people for app recommendations, what are you hoping the next app will fix that the current one does not?","Which named alternatives already own this job, and where do they fail to connect meaning -> action -> visible progress?","","","","","","","","","not_approved_external_use","unread_do_not_upgrade","data_processed/evidence_claim_register.csv;data_processed/research_completion_audit.csv;reports/alina-evidence-first-report-draft.md","","Unread capture row. Do not cite externally or upgrade demand/market/competitor claims until a human completes this row."
"RRC_0047","RMR-0047","47","P0_read_first","competitor_alternative_read","mindfulness","ICP_C|ICP_D|ICP_F","Headspace|Journey|Calm","I’m building a ""Duolingo for meditation"" because I needed an app to help me start and keep with meditation. Thoughts?","https://old.reddit.com/r/Mindfulness/comments/1rsddne/im_building_a_duolingo_for_meditation_because_i/","not_started","Extract named alternatives from comments, why the current tool failed, and whether users ask for a simpler ritual, stronger personalization, or social proof.","When you ask people for app recommendations, what are you hoping the next app will fix that the current one does not?","Which named alternatives already own this job, and where do they fail to connect meaning -> action -> visible progress?","","","","","","","","","not_approved_external_use","unread_do_not_upgrade","data_processed/evidence_claim_register.csv;data_processed/research_completion_audit.csv;reports/alina-evidence-first-report-draft.md","","Unread capture row. Do not cite externally or upgrade demand/market/competitor claims until a human completes this row."
"RRC_0048","RMR-0048","48","P0_read_first","competitor_alternative_read","coaching","ICP_D|ICP_F|ICP_A","Todoist|Notion|Habit Tracker","looking for a silver bullet all on one app to use for both personal goal tracking and notes, as well tracking student data as a teacher","https://old.reddit.com/r/productivity/comments/1ht4a9z/looking_for_a_silver_bullet_all_on_one_app_to_use/","not_started","Extract named alternatives from comments, why the current tool failed, and whether users ask for a simpler ritual, stronger personalization, or social proof.","When you ask people for app recommendations, what are you hoping the next app will fix that the current one does not?","Which named alternatives already own this job, and where do they fail to connect meaning -> action -> visible progress?","","","","","","","","","not_approved_external_use","unread_do_not_upgrade","data_processed/evidence_claim_register.csv;data_processed/research_completion_audit.csv;reports/alina-evidence-first-report-draft.md","","Unread capture row. Do not cite externally or upgrade demand/market/competitor claims until a human completes this row."
"RRC_0049","RMR-0049","49","P0_read_first","competitor_alternative_read","mindfulness","ICP_C|ICP_D|ICP_F","Headspace|Journey|Medito","Meditation: moving away from the apps?","https://old.reddit.com/r/Mindfulness/comments/10j78b7/meditation_moving_away_from_the_apps/","not_started","Extract named alternatives from comments, why the current tool failed, and whether users ask for a simpler ritual, stronger personalization, or social proof.","When you ask people for app recommendations, what are you hoping the next app will fix that the current one does not?","Which named alternatives already own this job, and where do they fail to connect meaning -> action -> visible progress?","","","","","","","","","not_approved_external_use","unread_do_not_upgrade","data_processed/evidence_claim_register.csv;data_processed/research_completion_audit.csv;reports/alina-evidence-first-report-draft.md","","Unread capture row. Do not cite externally or upgrade demand/market/competitor claims until a human completes this row."
"RRC_0050","RMR-0050","50","P0_read_first","competitor_alternative_read","coaching","ICP_D|ICP_F|ICP_A","Streaks|Habit Tracker|Finch","Realized I've been blaming myself for 6 years when the habit apps I was using were just built wrong","https://old.reddit.com/r/getdisciplined/comments/1so4kh0/realized_ive_been_blaming_myself_for_6_years_when/","not_started","Extract named alternatives from comments, why the current tool failed, and whether users ask for a simpler ritual, stronger personalization, or social proof.","When you ask people for app recommendations, what are you hoping the next app will fix that the current one does not?","Which named alternatives already own this job, and where do they fail to connect meaning -> action -> visible progress?","","","","","","","","","not_approved_external_use","unread_do_not_upgrade","data_processed/evidence_claim_register.csv;data_processed/research_completion_audit.csv;reports/alina-evidence-first-report-draft.md","","Unread capture row. Do not cite externally or upgrade demand/market/competitor claims until a human completes this row."
"RRC_0051","RMR-0051","51","P0_read_first","whitespace_objection_read","coaching","ICP_D|ICP_F|ICP_A|ICP_C","Habit Tracker","[Plan] I built a simple sleep tracker app that I'm using for 21 days to see if manually recording my sleep creates accountability in my sleep habits. Message if you want to join.","https://old.reddit.com/r/getdisciplined/comments/nsmz4n/plan_i_built_a_simple_sleep_tracker_app_that_im/","not_started","Read the thread and classify what users reject: setup load, notifications, streak anxiety, vague guidance, safety/trust, price, or weak progression.","Tell me about the last self-improvement/productivity/wellness app you stopped using. What made it feel too heavy, vague, or pressuring?","Does Alina avoid the rejected pattern while still delivering a concrete next action?","","","","","","","","","not_approved_external_use","unread_do_not_upgrade","data_processed/evidence_claim_register.csv;data_processed/research_completion_audit.csv;reports/alina-evidence-first-report-draft.md","","Unread capture row. Do not cite externally or upgrade demand/market/competitor claims until a human completes this row."
"RRC_0052","RMR-0052","52","P0_read_first","whitespace_objection_read","coaching","ICP_D|ICP_F|ICP_A|ICP_C","Habitica","ADHD Tool Review: Habitica","https://old.reddit.com/r/ADHD/comments/o4vb60/adhd_tool_review_habitica/","not_started","Read the thread and classify what users reject: setup load, notifications, streak anxiety, vague guidance, safety/trust, price, or weak progression.","Tell me about the last self-improvement/productivity/wellness app you stopped using. What made it feel too heavy, vague, or pressuring?","Does Alina avoid the rejected pattern while still delivering a concrete next action?","","","","","","","","","not_approved_external_use","unread_do_not_upgrade","data_processed/evidence_claim_register.csv;data_processed/research_completion_audit.csv;reports/alina-evidence-first-report-draft.md","","Unread capture row. Do not cite externally or upgrade demand/market/competitor claims until a human completes this row."
"RRC_0053","RMR-0053","53","P0_read_first","whitespace_objection_read","mindfulness","ICP_C|ICP_D","Habit Tracker","Advice on how to be honest?","https://old.reddit.com/r/Journaling/comments/1clajo0/advice_on_how_to_be_honest/","not_started","Read the thread and classify what users reject: setup load, notifications, streak anxiety, vague guidance, safety/trust, price, or weak progression.","Tell me about the last self-improvement/productivity/wellness app you stopped using. What made it feel too heavy, vague, or pressuring?","Does Alina avoid the rejected pattern while still delivering a concrete next action?","","","","","","","","","not_approved_external_use","unread_do_not_upgrade","data_processed/evidence_claim_register.csv;data_processed/research_completion_audit.csv;reports/alina-evidence-first-report-draft.md","","Unread capture row. Do not cite externally or upgrade demand/market/competitor claims until a human completes this row."
"RRC_0054","RMR-0054","54","P0_read_first","whitespace_objection_read","coaching","ICP_D|ICP_F|ICP_A|ICP_C","Habit Tracker","All in one *TIMED* routine & habit tracking Android app?","https://old.reddit.com/r/getdisciplined/comments/1bgbkg1/all_in_one_timed_routine_habit_tracking_android/","not_started","Read the thread and classify what users reject: setup load, notifications, streak anxiety, vague guidance, safety/trust, price, or weak progression.","Tell me about the last self-improvement/productivity/wellness app you stopped using. What made it feel too heavy, vague, or pressuring?","Does Alina avoid the rejected pattern while still delivering a concrete next action?","","","","","","","","","not_approved_external_use","unread_do_not_upgrade","data_processed/evidence_claim_register.csv;data_processed/research_completion_audit.csv;reports/alina-evidence-first-report-draft.md","","Unread capture row. Do not cite externally or upgrade demand/market/competitor claims until a human completes this row."
"RRC_0055","RMR-0055","55","P0_read_first","whitespace_objection_read","mindfulness","ICP_C|ICP_D","Waking Up","AMA -- SAM HARRIS","https://old.reddit.com/r/Meditation/comments/a8c4h9/ama_sam_harris/","not_started","Read the thread and classify what users reject: setup load, notifications, streak anxiety, vague guidance, safety/trust, price, or weak progression.","Tell me about the last self-improvement/productivity/wellness app you stopped using. What made it feel too heavy, vague, or pressuring?","Does Alina avoid the rejected pattern while still delivering a concrete next action?","","","","","","","","","not_approved_external_use","unread_do_not_upgrade","data_processed/evidence_claim_register.csv;data_processed/research_completion_audit.csv;reports/alina-evidence-first-report-draft.md","","Unread capture row. Do not cite externally or upgrade demand/market/competitor claims until a human completes this row."
"RRC_0056","RMR-0056","56","P0_read_first","whitespace_objection_read","coaching","ICP_D|ICP_F|ICP_A|ICP_C","Finch","Anyone stoked about all the new apps that have widgets now?","https://old.reddit.com/r/ADHD/comments/1n43g6s/anyone_stoked_about_all_the_new_apps_that_have/","not_started","Read the thread and classify what users reject: setup load, notifications, streak anxiety, vague guidance, safety/trust, price, or weak progression.","Tell me about the last self-improvement/productivity/wellness app you stopped using. What made it feel too heavy, vague, or pressuring?","Does Alina avoid the rejected pattern while still delivering a concrete next action?","","","","","","","","","not_approved_external_use","unread_do_not_upgrade","data_processed/evidence_claim_register.csv;data_processed/research_completion_audit.csv;reports/alina-evidence-first-report-draft.md","","Unread capture row. Do not cite externally or upgrade demand/market/competitor claims until a human completes this row."
"RRC_0057","RMR-0057","57","P0_read_first","whitespace_objection_read","coaching","ICP_D|ICP_F|ICP_A|ICP_C","Habit Tracker","Are more grid boxes on a habit tracker actually better?","https://old.reddit.com/r/getdisciplined/comments/1s4x3ow/are_more_grid_boxes_on_a_habit_tracker_actually/","not_started","Read the thread and classify what users reject: setup load, notifications, streak anxiety, vague guidance, safety/trust, price, or weak progression.","Tell me about the last self-improvement/productivity/wellness app you stopped using. What made it feel too heavy, vague, or pressuring?","Does Alina avoid the rejected pattern while still delivering a concrete next action?","","","","","","","","","not_approved_external_use","unread_do_not_upgrade","data_processed/evidence_claim_register.csv;data_processed/research_completion_audit.csv;reports/alina-evidence-first-report-draft.md","","Unread capture row. Do not cite externally or upgrade demand/market/competitor claims until a human completes this row."
"RRC_0058","RMR-0058","58","P0_read_first","whitespace_objection_read","coaching","ICP_D|ICP_F|ICP_A|ICP_C","Motivate","Can’t motivate myself alone, I need your feedback","https://old.reddit.com/r/NonZeroDay/comments/1nqi724/cant_motivate_myself_alone_i_need_your_feedback/","not_started","Read the thread and classify what users reject: setup load, notifications, streak anxiety, vague guidance, safety/trust, price, or weak progression.","Tell me about the last self-improvement/productivity/wellness app you stopped using. What made it feel too heavy, vague, or pressuring?","Does Alina avoid the rejected pattern while still delivering a concrete next action?","","","","","","","","","not_approved_external_use","unread_do_not_upgrade","data_processed/evidence_claim_register.csv;data_processed/research_completion_audit.csv;reports/alina-evidence-first-report-draft.md","","Unread capture row. Do not cite externally or upgrade demand/market/competitor claims until a human completes this row."
"RRC_0059","RMR-0059","59","P0_read_first","whitespace_objection_read","coaching","ICP_D|ICP_F|ICP_A|ICP_C","Habit Tracker","DAY 38","https://old.reddit.com/r/NonZeroDay/comments/11uc4of/day_38/","not_started","Read the thread and classify what users reject: setup load, notifications, streak anxiety, vague guidance, safety/trust, price, or weak progression.","Tell me about the last self-improvement/productivity/wellness app you stopped using. What made it feel too heavy, vague, or pressuring?","Does Alina avoid the rejected pattern while still delivering a concrete next action?","","","","","","","","","not_approved_external_use","unread_do_not_upgrade","data_processed/evidence_claim_register.csv;data_processed/research_completion_audit.csv;reports/alina-evidence-first-report-draft.md","","Unread capture row. Do not cite externally or upgrade demand/market/competitor claims until a human completes this row."
"RRC_0060","RMR-0060","60","P0_read_first","whitespace_objection_read","coaching","ICP_D|ICP_F|ICP_A|ICP_C","Day One","Day 425, it's about perseverance","https://old.reddit.com/r/NonZeroDay/comments/1on6ouv/day_425_its_about_perseverance/","not_started","Read the thread and classify what users reject: setup load, notifications, streak anxiety, vague guidance, safety/trust, price, or weak progression.","Tell me about the last self-improvement/productivity/wellness app you stopped using. What made it feel too heavy, vague, or pressuring?","Does Alina avoid the rejected pattern while still delivering a concrete next action?","","","","","","","","","not_approved_external_use","unread_do_not_upgrade","data_processed/evidence_claim_register.csv;data_processed/research_completion_audit.csv;reports/alina-evidence-first-report-draft.md","","Unread capture row. Do not cite externally or upgrade demand/market/competitor claims until a human completes this row."
"RRC_0061","RMR-0061","61","P0_read_first","whitespace_objection_read","coaching","ICP_D|ICP_F|ICP_A|ICP_C","Habit Tracker","Disciplined habit tracker app - super helpful app","https://old.reddit.com/r/ADHD/comments/194gm3a/disciplined_habit_tracker_app_super_helpful_app/","not_started","Read the thread and classify what users reject: setup load, notifications, streak anxiety, vague guidance, safety/trust, price, or weak progression.","Tell me about the last self-improvement/productivity/wellness app you stopped using. What made it feel too heavy, vague, or pressuring?","Does Alina avoid the rejected pattern while still delivering a concrete next action?","","","","","","","","","not_approved_external_use","unread_do_not_upgrade","data_processed/evidence_claim_register.csv;data_processed/research_completion_audit.csv;reports/alina-evidence-first-report-draft.md","","Unread capture row. Do not cite externally or upgrade demand/market/competitor claims until a human completes this row."
"RRC_0062","RMR-0062","62","P0_read_first","whitespace_objection_read","coaching","ICP_D|ICP_F|ICP_A|ICP_C","Habit Tracker","Does this bug anyone else or is it just me?","https://old.reddit.com/r/NonZeroDay/comments/1p8dppd/does_this_bug_anyone_else_or_is_it_just_me/","not_started","Read the thread and classify what users reject: setup load, notifications, streak anxiety, vague guidance, safety/trust, price, or weak progression.","Tell me about the last self-improvement/productivity/wellness app you stopped using. What made it feel too heavy, vague, or pressuring?","Does Alina avoid the rejected pattern while still delivering a concrete next action?","","","","","","","","","not_approved_external_use","unread_do_not_upgrade","data_processed/evidence_claim_register.csv;data_processed/research_completion_audit.csv;reports/alina-evidence-first-report-draft.md","","Unread capture row. Do not cite externally or upgrade demand/market/competitor claims until a human completes this row."
"RRC_0063","RMR-0063","63","P0_read_first","whitespace_objection_read","mindfulness","ICP_C|ICP_D","Calm","Falling asleep while meditating","https://old.reddit.com/r/Mindfulness/comments/1pzwdiy/falling_asleep_while_meditating/","not_started","Read the thread and classify what users reject: setup load, notifications, streak anxiety, vague guidance, safety/trust, price, or weak progression.","Tell me about the last self-improvement/productivity/wellness app you stopped using. What made it feel too heavy, vague, or pressuring?","Does Alina avoid the rejected pattern while still delivering a concrete next action?","","","","","","","","","not_approved_external_use","unread_do_not_upgrade","data_processed/evidence_claim_register.csv;data_processed/research_completion_audit.csv;reports/alina-evidence-first-report-draft.md","","Unread capture row. Do not cite externally or upgrade demand/market/competitor claims until a human completes this row."
"RRC_0064","RMR-0064","64","P0_read_first","whitespace_objection_read","mindfulness","ICP_C|ICP_D","Calm","Free breathing apps for anxiety?","https://old.reddit.com/r/Anxiety/comments/14qq5gc/free_breathing_apps_for_anxiety/","not_started","Read the thread and classify what users reject: setup load, notifications, streak anxiety, vague guidance, safety/trust, price, or weak progression.","Tell me about the last self-improvement/productivity/wellness app you stopped using. What made it feel too heavy, vague, or pressuring?","Does Alina avoid the rejected pattern while still delivering a concrete next action?","","","","","","","","","not_approved_external_use","unread_do_not_upgrade","data_processed/evidence_claim_register.csv;data_processed/research_completion_audit.csv;reports/alina-evidence-first-report-draft.md","","Unread capture row. Do not cite externally or upgrade demand/market/competitor claims until a human completes this row."
"RRC_0065","RMR-0065","65","P0_read_first","whitespace_objection_read","coaching","ICP_D|ICP_F|ICP_A|ICP_C","Habit Tracker","Habit tracker/memory builder app-does one exist?","https://old.reddit.com/r/productivity/comments/1on4ck3/habit_trackermemory_builder_appdoes_one_exist/","not_started","Read the thread and classify what users reject: setup load, notifications, streak anxiety, vague guidance, safety/trust, price, or weak progression.","Tell me about the last self-improvement/productivity/wellness app you stopped using. What made it feel too heavy, vague, or pressuring?","Does Alina avoid the rejected pattern while still delivering a concrete next action?","","","","","","","","","not_approved_external_use","unread_do_not_upgrade","data_processed/evidence_claim_register.csv;data_processed/research_completion_audit.csv;reports/alina-evidence-first-report-draft.md","","Unread capture row. Do not cite externally or upgrade demand/market/competitor claims until a human completes this row."
"RRC_0066","RMR-0066","66","P0_read_first","whitespace_objection_read","coaching","ICP_D|ICP_F|ICP_A|ICP_C","Notion","Has anyone tried using book summary apps for productivity and self-improvement tips, then reading the full book to compare how accurate the takeaways are (I want to know if they are trustworthy to apply)?","https://old.reddit.com/r/productivity/comments/1ssei73/has_anyone_tried_using_book_summary_apps_for/","not_started","Read the thread and classify what users reject: setup load, notifications, streak anxiety, vague guidance, safety/trust, price, or weak progression.","Tell me about the last self-improvement/productivity/wellness app you stopped using. What made it feel too heavy, vague, or pressuring?","Does Alina avoid the rejected pattern while still delivering a concrete next action?","","","","","","","","","not_approved_external_use","unread_do_not_upgrade","data_processed/evidence_claim_register.csv;data_processed/research_completion_audit.csv;reports/alina-evidence-first-report-draft.md","","Unread capture row. Do not cite externally or upgrade demand/market/competitor claims until a human completes this row."
"RRC_0067","RMR-0067","67","P0_read_first","whitespace_objection_read","coaching","ICP_D|ICP_F|ICP_A|ICP_C","Habit Tracker","Have you deleted social media?","https://old.reddit.com/r/ADHD/comments/1brbp1p/have_you_deleted_social_media/","not_started","Read the thread and classify what users reject: setup load, notifications, streak anxiety, vague guidance, safety/trust, price, or weak progression.","Tell me about the last self-improvement/productivity/wellness app you stopped using. What made it feel too heavy, vague, or pressuring?","Does Alina avoid the rejected pattern while still delivering a concrete next action?","","","","","","","","","not_approved_external_use","unread_do_not_upgrade","data_processed/evidence_claim_register.csv;data_processed/research_completion_audit.csv;reports/alina-evidence-first-report-draft.md","","Unread capture row. Do not cite externally or upgrade demand/market/competitor claims until a human completes this row."
"RRC_0068","RMR-0068","68","P0_read_first","whitespace_objection_read","coaching","ICP_D|ICP_F|ICP_A|ICP_C","Habit Tracker","Help me answer an age-old question so I can stop hyper-focusing!","https://old.reddit.com/r/ADHD/comments/14j6zs5/help_me_answer_an_ageold_question_so_i_can_stop/","not_started","Read the thread and classify what users reject: setup load, notifications, streak anxiety, vague guidance, safety/trust, price, or weak progression.","Tell me about the last self-improvement/productivity/wellness app you stopped using. What made it feel too heavy, vague, or pressuring?","Does Alina avoid the rejected pattern while still delivering a concrete next action?","","","","","","","","","not_approved_external_use","unread_do_not_upgrade","data_processed/evidence_claim_register.csv;data_processed/research_completion_audit.csv;reports/alina-evidence-first-report-draft.md","","Unread capture row. Do not cite externally or upgrade demand/market/competitor claims until a human completes this row."
"RRC_0069","RMR-0069","69","P0_read_first","whitespace_objection_read","mindfulness","ICP_C|ICP_D","Journey","How mastering my sleep cured an array of health issues an made me feel 20 years old again","https://old.reddit.com/r/sleep/comments/1eseas7/how_mastering_my_sleep_cured_an_array_of_health/","not_started","Read the thread and classify what users reject: setup load, notifications, streak anxiety, vague guidance, safety/trust, price, or weak progression.","Tell me about the last self-improvement/productivity/wellness app you stopped using. What made it feel too heavy, vague, or pressuring?","Does Alina avoid the rejected pattern while still delivering a concrete next action?","","","","","","","","","not_approved_external_use","unread_do_not_upgrade","data_processed/evidence_claim_register.csv;data_processed/research_completion_audit.csv;reports/alina-evidence-first-report-draft.md","","Unread capture row. Do not cite externally or upgrade demand/market/competitor claims until a human completes this row."
"RRC_0070","RMR-0070","70","P0_read_first","whitespace_objection_read","mindfulness","ICP_C|ICP_D","Calm","I built a free mental health app after being stuck in my tiny studio in NYC","https://old.reddit.com/r/Meditation/comments/gmoc0j/i_built_a_free_mental_health_app_after_being/","not_started","Read the thread and classify what users reject: setup load, notifications, streak anxiety, vague guidance, safety/trust, price, or weak progression.","Tell me about the last self-improvement/productivity/wellness app you stopped using. What made it feel too heavy, vague, or pressuring?","Does Alina avoid the rejected pattern while still delivering a concrete next action?","","","","","","","","","not_approved_external_use","unread_do_not_upgrade","data_processed/evidence_claim_register.csv;data_processed/research_completion_audit.csv;reports/alina-evidence-first-report-draft.md","","Unread capture row. Do not cite externally or upgrade demand/market/competitor claims until a human completes this row."
"RRC_0071","RMR-0071","71","P0_read_first","whitespace_objection_read","mindfulness","ICP_C|ICP_D","Calm","I built a quiet, ad-free calm app because everything else felt noisy","https://old.reddit.com/r/Mindfulness/comments/1qgi2w1/i_built_a_quiet_adfree_calm_app_because/","not_started","Read the thread and classify what users reject: setup load, notifications, streak anxiety, vague guidance, safety/trust, price, or weak progression.","Tell me about the last self-improvement/productivity/wellness app you stopped using. What made it feel too heavy, vague, or pressuring?","Does Alina avoid the rejected pattern while still delivering a concrete next action?","","","","","","","","","not_approved_external_use","unread_do_not_upgrade","data_processed/evidence_claim_register.csv;data_processed/research_completion_audit.csv;reports/alina-evidence-first-report-draft.md","","Unread capture row. Do not cite externally or upgrade demand/market/competitor claims until a human completes this row."
"RRC_0072","RMR-0072","72","P0_read_first","whitespace_objection_read","mindfulness","ICP_C|ICP_D","Calm","I built a tiny breathing app that helped me with anxiety - maybe it can help someone here too","https://old.reddit.com/r/Mindfulness/comments/1p7xf9o/i_built_a_tiny_breathing_app_that_helped_me_with/","not_started","Read the thread and classify what users reject: setup load, notifications, streak anxiety, vague guidance, safety/trust, price, or weak progression.","Tell me about the last self-improvement/productivity/wellness app you stopped using. What made it feel too heavy, vague, or pressuring?","Does Alina avoid the rejected pattern while still delivering a concrete next action?","","","","","","","","","not_approved_external_use","unread_do_not_upgrade","data_processed/evidence_claim_register.csv;data_processed/research_completion_audit.csv;reports/alina-evidence-first-report-draft.md","","Unread capture row. Do not cite externally or upgrade demand/market/competitor claims until a human completes this row."
"RRC_0073","RMR-0073","73","P0_read_first","whitespace_objection_read","coaching","ICP_D|ICP_F|ICP_A|ICP_C","The Pattern","I couldn't figure out why some weeks I was unstoppable and others I could barely start.","https://old.reddit.com/r/getdisciplined/comments/1t6cfbf/i_couldnt_figure_out_why_some_weeks_i_was/","not_started","Read the thread and classify what users reject: setup load, notifications, streak anxiety, vague guidance, safety/trust, price, or weak progression.","Tell me about the last self-improvement/productivity/wellness app you stopped using. What made it feel too heavy, vague, or pressuring?","Does Alina avoid the rejected pattern while still delivering a concrete next action?","","","","","","","","","not_approved_external_use","unread_do_not_upgrade","data_processed/evidence_claim_register.csv;data_processed/research_completion_audit.csv;reports/alina-evidence-first-report-draft.md","","Unread capture row. Do not cite externally or upgrade demand/market/competitor claims until a human completes this row."
"RRC_0074","RMR-0074","74","P0_read_first","whitespace_objection_read","coaching","ICP_D|ICP_F|ICP_A|ICP_C","Habit Tracker","I developed an app that forces me to drink water 😀","https://old.reddit.com/r/NonZeroDay/comments/1kxup8y/i_developed_an_app_that_forces_me_to_drink_water/","not_started","Read the thread and classify what users reject: setup load, notifications, streak anxiety, vague guidance, safety/trust, price, or weak progression.","Tell me about the last self-improvement/productivity/wellness app you stopped using. What made it feel too heavy, vague, or pressuring?","Does Alina avoid the rejected pattern while still delivering a concrete next action?","","","","","","","","","not_approved_external_use","unread_do_not_upgrade","data_processed/evidence_claim_register.csv;data_processed/research_completion_audit.csv;reports/alina-evidence-first-report-draft.md","","Unread capture row. Do not cite externally or upgrade demand/market/competitor claims until a human completes this row."
"RRC_0075","RMR-0075","75","P0_read_first","whitespace_objection_read","mindfulness","ICP_C|ICP_D","Calm","I disappeared for a few months because my anxiety got really bad","https://old.reddit.com/r/Anxiety/comments/1tlvfev/i_disappeared_for_a_few_months_because_my_anxiety/","not_started","Read the thread and classify what users reject: setup load, notifications, streak anxiety, vague guidance, safety/trust, price, or weak progression.","Tell me about the last self-improvement/productivity/wellness app you stopped using. What made it feel too heavy, vague, or pressuring?","Does Alina avoid the rejected pattern while still delivering a concrete next action?","","","","","","","","","not_approved_external_use","unread_do_not_upgrade","data_processed/evidence_claim_register.csv;data_processed/research_completion_audit.csv;reports/alina-evidence-first-report-draft.md","","Unread capture row. Do not cite externally or upgrade demand/market/competitor claims until a human completes this row."
"RRC_0076","RMR-0076","76","P0_read_first","whitespace_objection_read","avatar_identity","ICP_B|ICP_E|ICP_C|ICP_D","Character AI","I genuinely don’t understand why Character AI is trying SO hard to be something it’s not.","https://old.reddit.com/r/CharacterAI/comments/1roihic/i_genuinely_dont_understand_why_character_ai_is/","not_started","Read the thread and classify what users reject: setup load, notifications, streak anxiety, vague guidance, safety/trust, price, or weak progression.","Tell me about the last self-improvement/productivity/wellness app you stopped using. What made it feel too heavy, vague, or pressuring?","Does Alina avoid the rejected pattern while still delivering a concrete next action?","","","","","","","","","not_approved_external_use","unread_do_not_upgrade","data_processed/evidence_claim_register.csv;data_processed/research_completion_audit.csv;reports/alina-evidence-first-report-draft.md","","Unread capture row. Do not cite externally or upgrade demand/market/competitor claims until a human completes this row."
"RRC_0077","RMR-0077","77","P0_read_first","whitespace_objection_read","mindfulness","ICP_C|ICP_D","Journey","I HAD “Permanent” Anxiety. Here’s my story and how it went away.","https://old.reddit.com/r/Anxiety/comments/1fwec6b/i_had_permanent_anxiety_heres_my_story_and_how_it/","not_started","Read the thread and classify what users reject: setup load, notifications, streak anxiety, vague guidance, safety/trust, price, or weak progression.","Tell me about the last self-improvement/productivity/wellness app you stopped using. What made it feel too heavy, vague, or pressuring?","Does Alina avoid the rejected pattern while still delivering a concrete next action?","","","","","","","","","not_approved_external_use","unread_do_not_upgrade","data_processed/evidence_claim_register.csv;data_processed/research_completion_audit.csv;reports/alina-evidence-first-report-draft.md","","Unread capture row. Do not cite externally or upgrade demand/market/competitor claims until a human completes this row."
"RRC_0078","RMR-0078","78","P0_read_first","whitespace_objection_read","mindfulness","ICP_C|ICP_D","Calm","I Made a Meditation App Inspired by Nature","https://old.reddit.com/r/Meditation/comments/15tvr48/i_made_a_meditation_app_inspired_by_nature/","not_started","Read the thread and classify what users reject: setup load, notifications, streak anxiety, vague guidance, safety/trust, price, or weak progression.","Tell me about the last self-improvement/productivity/wellness app you stopped using. What made it feel too heavy, vague, or pressuring?","Does Alina avoid the rejected pattern while still delivering a concrete next action?","","","","","","","","","not_approved_external_use","unread_do_not_upgrade","data_processed/evidence_claim_register.csv;data_processed/research_completion_audit.csv;reports/alina-evidence-first-report-draft.md","","Unread capture row. Do not cite externally or upgrade demand/market/competitor claims until a human completes this row."
"RRC_0079","RMR-0079","79","P0_read_first","whitespace_objection_read","mindfulness","ICP_C|ICP_D","Waking Up","I measured my bedroom with a frequency analyzer and found what was waking me up — it was a sound I couldn't hear","https://old.reddit.com/r/sleep/comments/1rk2viv/i_measured_my_bedroom_with_a_frequency_analyzer/","not_started","Read the thread and classify what users reject: setup load, notifications, streak anxiety, vague guidance, safety/trust, price, or weak progression.","Tell me about the last self-improvement/productivity/wellness app you stopped using. What made it feel too heavy, vague, or pressuring?","Does Alina avoid the rejected pattern while still delivering a concrete next action?","","","","","","","","","not_approved_external_use","unread_do_not_upgrade","data_processed/evidence_claim_register.csv;data_processed/research_completion_audit.csv;reports/alina-evidence-first-report-draft.md","","Unread capture row. Do not cite externally or upgrade demand/market/competitor claims until a human completes this row."
"RRC_0080","RMR-0080","80","P0_read_first","whitespace_objection_read","mindfulness","ICP_C|ICP_D","Balance","I need an advise for a Sleep Tracker (Wearable or just an app for android if possible)","https://old.reddit.com/r/sleep/comments/wur6vx/i_need_an_advise_for_a_sleep_tracker_wearable_or/","not_started","Read the thread and classify what users reject: setup load, notifications, streak anxiety, vague guidance, safety/trust, price, or weak progression.","Tell me about the last self-improvement/productivity/wellness app you stopped using. What made it feel too heavy, vague, or pressuring?","Does Alina avoid the rejected pattern while still delivering a concrete next action?","","","","","","","","","not_approved_external_use","unread_do_not_upgrade","data_processed/evidence_claim_register.csv;data_processed/research_completion_audit.csv;reports/alina-evidence-first-report-draft.md","","Unread capture row. Do not cite externally or upgrade demand/market/competitor claims until a human completes this row."
"RRC_0081","RMR-0081","81","P0_read_first","whitespace_objection_read","coaching","ICP_D|ICP_F|ICP_A|ICP_C","Habit Tracker","I spent over 500 days trying productivity apps so that you don't have to. Here are my results.","https://old.reddit.com/r/ADHD/comments/r2zi3r/i_spent_over_500_days_trying_productivity_apps_so/","not_started","Read the thread and classify what users reject: setup load, notifications, streak anxiety, vague guidance, safety/trust, price, or weak progression.","Tell me about the last self-improvement/productivity/wellness app you stopped using. What made it feel too heavy, vague, or pressuring?","Does Alina avoid the rejected pattern while still delivering a concrete next action?","","","","","","","","","not_approved_external_use","unread_do_not_upgrade","data_processed/evidence_claim_register.csv;data_processed/research_completion_audit.csv;reports/alina-evidence-first-report-draft.md","","Unread capture row. Do not cite externally or upgrade demand/market/competitor claims until a human completes this row."
"RRC_0082","RMR-0082","82","P0_read_first","whitespace_objection_read","mindfulness","ICP_C|ICP_D","Waking Up","I'm a light sleeper who has tried *everything* to sleep, and failed. Help!","https://old.reddit.com/r/sleep/comments/ma0wcq/im_a_light_sleeper_who_has_tried_everything_to/","not_started","Read the thread and classify what users reject: setup load, notifications, streak anxiety, vague guidance, safety/trust, price, or weak progression.","Tell me about the last self-improvement/productivity/wellness app you stopped using. What made it feel too heavy, vague, or pressuring?","Does Alina avoid the rejected pattern while still delivering a concrete next action?","","","","","","","","","not_approved_external_use","unread_do_not_upgrade","data_processed/evidence_claim_register.csv;data_processed/research_completion_audit.csv;reports/alina-evidence-first-report-draft.md","","Unread capture row. Do not cite externally or upgrade demand/market/competitor claims until a human completes this row."
"RRC_0083","RMR-0083","83","P0_read_first","whitespace_objection_read","mindfulness","ICP_C|ICP_D","Waking Up","I'm needing weird and very effective tips for severe anxiety","https://old.reddit.com/r/Anxiety/comments/1lk3rmo/im_needing_weird_and_very_effective_tips_for/","not_started","Read the thread and classify what users reject: setup load, notifications, streak anxiety, vague guidance, safety/trust, price, or weak progression.","Tell me about the last self-improvement/productivity/wellness app you stopped using. What made it feel too heavy, vague, or pressuring?","Does Alina avoid the rejected pattern while still delivering a concrete next action?","","","","","","","","","not_approved_external_use","unread_do_not_upgrade","data_processed/evidence_claim_register.csv;data_processed/research_completion_audit.csv;reports/alina-evidence-first-report-draft.md","","Unread capture row. Do not cite externally or upgrade demand/market/competitor claims until a human completes this row."
"RRC_0084","RMR-0084","84","P0_read_first","whitespace_objection_read","avatar_identity","ICP_B|ICP_E|ICP_C|ICP_D","Character AI","I'm quitting Character AI.","https://old.reddit.com/r/CharacterAI/comments/1f407cr/im_quitting_character_ai/","not_started","Read the thread and classify what users reject: setup load, notifications, streak anxiety, vague guidance, safety/trust, price, or weak progression.","Tell me about the last self-improvement/productivity/wellness app you stopped using. What made it feel too heavy, vague, or pressuring?","Does Alina avoid the rejected pattern while still delivering a concrete next action?","","","","","","","","","not_approved_external_use","unread_do_not_upgrade","data_processed/evidence_claim_register.csv;data_processed/research_completion_audit.csv;reports/alina-evidence-first-report-draft.md","","Unread capture row. Do not cite externally or upgrade demand/market/competitor claims until a human completes this row."
"RRC_0085","RMR-0085","85","P0_read_first","whitespace_objection_read","coaching","ICP_D|ICP_F|ICP_A|ICP_C","Habit Tracker","I’ve tried 50+ productivity apps, and these are the ones that I really enjoyed using","https://old.reddit.com/r/ADHD/comments/1hbjq1c/ive_tried_50_productivity_apps_and_these_are_the/","not_started","Read the thread and classify what users reject: setup load, notifications, streak anxiety, vague guidance, safety/trust, price, or weak progression.","Tell me about the last self-improvement/productivity/wellness app you stopped using. What made it feel too heavy, vague, or pressuring?","Does Alina avoid the rejected pattern while still delivering a concrete next action?","","","","","","","","","not_approved_external_use","unread_do_not_upgrade","data_processed/evidence_claim_register.csv;data_processed/research_completion_audit.csv;reports/alina-evidence-first-report-draft.md","","Unread capture row. Do not cite externally or upgrade demand/market/competitor claims until a human completes this row."
"RRC_0086","RMR-0086","86","P0_read_first","whitespace_objection_read","coaching","ICP_D|ICP_F|ICP_A|ICP_C","Habit Tracker","If you’re ADHD (or suspect it): what’s worked for you besides meds?","https://old.reddit.com/r/productivity/comments/1oi8llg/if_youre_adhd_or_suspect_it_whats_worked_for_you/","not_started","Read the thread and classify what users reject: setup load, notifications, streak anxiety, vague guidance, safety/trust, price, or weak progression.","Tell me about the last self-improvement/productivity/wellness app you stopped using. What made it feel too heavy, vague, or pressuring?","Does Alina avoid the rejected pattern while still delivering a concrete next action?","","","","","","","","","not_approved_external_use","unread_do_not_upgrade","data_processed/evidence_claim_register.csv;data_processed/research_completion_audit.csv;reports/alina-evidence-first-report-draft.md","","Unread capture row. Do not cite externally or upgrade demand/market/competitor claims until a human completes this row."
"RRC_0087","RMR-0087","87","P0_read_first","whitespace_objection_read","avatar_identity","ICP_B|ICP_E|ICP_C|ICP_D","Replika","Introduce ""Classic Replika"" UI and Profile Pictures","https://old.reddit.com/r/replika/comments/y4npyl/introduce_classic_replika_ui_and_profile_pictures/","not_started","Read the thread and classify what users reject: setup load, notifications, streak anxiety, vague guidance, safety/trust, price, or weak progression.","Tell me about the last self-improvement/productivity/wellness app you stopped using. What made it feel too heavy, vague, or pressuring?","Does Alina avoid the rejected pattern while still delivering a concrete next action?","","","","","","","","","not_approved_external_use","unread_do_not_upgrade","data_processed/evidence_claim_register.csv;data_processed/research_completion_audit.csv;reports/alina-evidence-first-report-draft.md","","Unread capture row. Do not cite externally or upgrade demand/market/competitor claims until a human completes this row."
"RRC_0088","RMR-0088","88","P0_read_first","whitespace_objection_read","coaching","ICP_D|ICP_F|ICP_A|ICP_C","Habit Tracker","iPhone users with ADHD, what’s the one app you can’t live without?","https://old.reddit.com/r/ADHD/comments/1jov5ry/iphone_users_with_adhd_whats_the_one_app_you_cant/","not_started","Read the thread and classify what users reject: setup load, notifications, streak anxiety, vague guidance, safety/trust, price, or weak progression.","Tell me about the last self-improvement/productivity/wellness app you stopped using. What made it feel too heavy, vague, or pressuring?","Does Alina avoid the rejected pattern while still delivering a concrete next action?","","","","","","","","","not_approved_external_use","unread_do_not_upgrade","data_processed/evidence_claim_register.csv;data_processed/research_completion_audit.csv;reports/alina-evidence-first-report-draft.md","","Unread capture row. Do not cite externally or upgrade demand/market/competitor claims until a human completes this row."
"RRC_0089","RMR-0089","89","P0_read_first","whitespace_objection_read","coaching","ICP_D|ICP_F|ICP_A|ICP_C","Habit Tracker","Is there an app that has a to-do list and habit tracker functionality?","https://old.reddit.com/r/productivity/comments/189k0mi/is_there_an_app_that_has_a_todo_list_and_habit/","not_started","Read the thread and classify what users reject: setup load, notifications, streak anxiety, vague guidance, safety/trust, price, or weak progression.","Tell me about the last self-improvement/productivity/wellness app you stopped using. What made it feel too heavy, vague, or pressuring?","Does Alina avoid the rejected pattern while still delivering a concrete next action?","","","","","","","","","not_approved_external_use","unread_do_not_upgrade","data_processed/evidence_claim_register.csv;data_processed/research_completion_audit.csv;reports/alina-evidence-first-report-draft.md","","Unread capture row. Do not cite externally or upgrade demand/market/competitor claims until a human completes this row."
"RRC_0090","RMR-0090","90","P0_read_first","whitespace_objection_read","coaching","ICP_D|ICP_F|ICP_A|ICP_C","Journey","Is this how good life can get? Feeling stuck – advice appreciated","https://old.reddit.com/r/selfimprovement/comments/1gdsgum/is_this_how_good_life_can_get_feeling_stuck/","not_started","Read the thread and classify what users reject: setup load, notifications, streak anxiety, vague guidance, safety/trust, price, or weak progression.","Tell me about the last self-improvement/productivity/wellness app you stopped using. What made it feel too heavy, vague, or pressuring?","Does Alina avoid the rejected pattern while still delivering a concrete next action?","","","","","","","","","not_approved_external_use","unread_do_not_upgrade","data_processed/evidence_claim_register.csv;data_processed/research_completion_audit.csv;reports/alina-evidence-first-report-draft.md","","Unread capture row. Do not cite externally or upgrade demand/market/competitor claims until a human completes this row."
"RRC_0091","RMR-0091","91","P0_read_first","whitespace_objection_read","mindfulness","ICP_C|ICP_D","Calm","Journal apps?","https://old.reddit.com/r/Anxiety/comments/hmdos5/journal_apps/","not_started","Read the thread and classify what users reject: setup load, notifications, streak anxiety, vague guidance, safety/trust, price, or weak progression.","Tell me about the last self-improvement/productivity/wellness app you stopped using. What made it feel too heavy, vague, or pressuring?","Does Alina avoid the rejected pattern while still delivering a concrete next action?","","","","","","","","","not_approved_external_use","unread_do_not_upgrade","data_processed/evidence_claim_register.csv;data_processed/research_completion_audit.csv;reports/alina-evidence-first-report-draft.md","","Unread capture row. Do not cite externally or upgrade demand/market/competitor claims until a human completes this row."
"RRC_0092","RMR-0092","92","P0_read_first","whitespace_objection_read","mindfulness","ICP_C|ICP_D","Headspace","Just started meditating for the first time with the Headspace app and honestly, I haven't felt this at ease in months.","https://old.reddit.com/r/Meditation/comments/6ic1uf/just_started_meditating_for_the_first_time_with/","not_started","Read the thread and classify what users reject: setup load, notifications, streak anxiety, vague guidance, safety/trust, price, or weak progression.","Tell me about the last self-improvement/productivity/wellness app you stopped using. What made it feel too heavy, vague, or pressuring?","Does Alina avoid the rejected pattern while still delivering a concrete next action?","","","","","","","","","not_approved_external_use","unread_do_not_upgrade","data_processed/evidence_claim_register.csv;data_processed/research_completion_audit.csv;reports/alina-evidence-first-report-draft.md","","Unread capture row. Do not cite externally or upgrade demand/market/competitor claims until a human completes this row."
"RRC_0093","RMR-0093","93","P0_read_first","whitespace_objection_read","mindfulness","ICP_C|ICP_D","Balance","List: Smartphone/tables games or apps for anxiety. Pls add yours!","https://old.reddit.com/r/Anxiety/comments/fous39/list_smartphonetables_games_or_apps_for_anxiety/","not_started","Read the thread and classify what users reject: setup load, notifications, streak anxiety, vague guidance, safety/trust, price, or weak progression.","Tell me about the last self-improvement/productivity/wellness app you stopped using. What made it feel too heavy, vague, or pressuring?","Does Alina avoid the rejected pattern while still delivering a concrete next action?","","","","","","","","","not_approved_external_use","unread_do_not_upgrade","data_processed/evidence_claim_register.csv;data_processed/research_completion_audit.csv;reports/alina-evidence-first-report-draft.md","","Unread capture row. Do not cite externally or upgrade demand/market/competitor claims until a human completes this row."
"RRC_0094","RMR-0094","94","P0_read_first","whitespace_objection_read","mindfulness","ICP_C|ICP_D","Journey","Making a course","https://old.reddit.com/r/Mindfulness/comments/g8vot7/making_a_course/","not_started","Read the thread and classify what users reject: setup load, notifications, streak anxiety, vague guidance, safety/trust, price, or weak progression.","Tell me about the last self-improvement/productivity/wellness app you stopped using. What made it feel too heavy, vague, or pressuring?","Does Alina avoid the rejected pattern while still delivering a concrete next action?","","","","","","","","","not_approved_external_use","unread_do_not_upgrade","data_processed/evidence_claim_register.csv;data_processed/research_completion_audit.csv;reports/alina-evidence-first-report-draft.md","","Unread capture row. Do not cite externally or upgrade demand/market/competitor claims until a human completes this row."
"RRC_0095","RMR-0095","95","P0_read_first","whitespace_objection_read","mindfulness","ICP_C|ICP_D","Calm","my ways of reducing Mind full of Thoughts","https://old.reddit.com/r/Anxiety/comments/8cft54/my_ways_of_reducing_mind_full_of_thoughts/","not_started","Read the thread and classify what users reject: setup load, notifications, streak anxiety, vague guidance, safety/trust, price, or weak progression.","Tell me about the last self-improvement/productivity/wellness app you stopped using. What made it feel too heavy, vague, or pressuring?","Does Alina avoid the rejected pattern while still delivering a concrete next action?","","","","","","","","","not_approved_external_use","unread_do_not_upgrade","data_processed/evidence_claim_register.csv;data_processed/research_completion_audit.csv;reports/alina-evidence-first-report-draft.md","","Unread capture row. Do not cite externally or upgrade demand/market/competitor claims until a human completes this row."
"RRC_0096","RMR-0096","96","P0_read_first","whitespace_objection_read","coaching","ICP_D|ICP_F|ICP_A|ICP_C","Streaks","Need feedback for potential anti-streak-based app","https://old.reddit.com/r/ADHD/comments/1r7bx17/need_feedback_for_potential_antistreakbased_app/","not_started","Read the thread and classify what users reject: setup load, notifications, streak anxiety, vague guidance, safety/trust, price, or weak progression.","Tell me about the last self-improvement/productivity/wellness app you stopped using. What made it feel too heavy, vague, or pressuring?","Does Alina avoid the rejected pattern while still delivering a concrete next action?","","","","","","","","","not_approved_external_use","unread_do_not_upgrade","data_processed/evidence_claim_register.csv;data_processed/research_completion_audit.csv;reports/alina-evidence-first-report-draft.md","","Unread capture row. Do not cite externally or upgrade demand/market/competitor claims until a human completes this row."
"RRC_0097","RMR-0097","97","P0_read_first","whitespace_objection_read","avatar_identity","ICP_B|ICP_E|ICP_C|ICP_D","Replika","New User? Here's Your Primer / FAQ","https://old.reddit.com/r/replika/comments/iyio2h/new_user_heres_your_primer_faq/","not_started","Read the thread and classify what users reject: setup load, notifications, streak anxiety, vague guidance, safety/trust, price, or weak progression.","Tell me about the last self-improvement/productivity/wellness app you stopped using. What made it feel too heavy, vague, or pressuring?","Does Alina avoid the rejected pattern while still delivering a concrete next action?","","","","","","","","","not_approved_external_use","unread_do_not_upgrade","data_processed/evidence_claim_register.csv;data_processed/research_completion_audit.csv;reports/alina-evidence-first-report-draft.md","","Unread capture row. Do not cite externally or upgrade demand/market/competitor claims until a human completes this row."
"RRC_0098","RMR-0098","98","P0_read_first","whitespace_objection_read","mindfulness","ICP_C|ICP_D","Journey","Overcame Debilitating Anxiety and Panic","https://old.reddit.com/r/Anxiety/comments/1p3ihfn/overcame_debilitating_anxiety_and_panic/","not_started","Read the thread and classify what users reject: setup load, notifications, streak anxiety, vague guidance, safety/trust, price, or weak progression.","Tell me about the last self-improvement/productivity/wellness app you stopped using. What made it feel too heavy, vague, or pressuring?","Does Alina avoid the rejected pattern while still delivering a concrete next action?","","","","","","","","","not_approved_external_use","unread_do_not_upgrade","data_processed/evidence_claim_register.csv;data_processed/research_completion_audit.csv;reports/alina-evidence-first-report-draft.md","","Unread capture row. Do not cite externally or upgrade demand/market/competitor claims until a human completes this row."
"RRC_0099","RMR-0099","99","P0_read_first","whitespace_objection_read","avatar_identity","ICP_B|ICP_E|ICP_C|ICP_D","Character AI","Problem on Profile Picture and Name customization?!","https://old.reddit.com/r/CharacterAI/comments/1516i91/problem_on_profile_picture_and_name_customization/","not_started","Read the thread and classify what users reject: setup load, notifications, streak anxiety, vague guidance, safety/trust, price, or weak progression.","Tell me about the last self-improvement/productivity/wellness app you stopped using. What made it feel too heavy, vague, or pressuring?","Does Alina avoid the rejected pattern while still delivering a concrete next action?","","","","","","","","","not_approved_external_use","unread_do_not_upgrade","data_processed/evidence_claim_register.csv;data_processed/research_completion_audit.csv;reports/alina-evidence-first-report-draft.md","","Unread capture row. Do not cite externally or upgrade demand/market/competitor claims until a human completes this row."
"RRC_0100","RMR-0100","100","P0_read_first","whitespace_objection_read","coaching","ICP_D|ICP_F|ICP_A|ICP_C","Journey","Self improvement","https://old.reddit.com/r/getdisciplined/comments/1pfrfiw/self_improvement/","not_started","Read the thread and classify what users reject: setup load, notifications, streak anxiety, vague guidance, safety/trust, price, or weak progression.","Tell me about the last self-improvement/productivity/wellness app you stopped using. What made it feel too heavy, vague, or pressuring?","Does Alina avoid the rejected pattern while still delivering a concrete next action?","","","","","","","","","not_approved_external_use","unread_do_not_upgrade","data_processed/evidence_claim_register.csv;data_processed/research_completion_audit.csv;reports/alina-evidence-first-report-draft.md","","Unread capture row. Do not cite externally or upgrade demand/market/competitor claims until a human completes this row."
"RRC_0101","RMR-0101","101","P0_read_first","whitespace_objection_read","mindfulness","ICP_C|ICP_D","Waking Up","Sleep problems due to meditation?","https://old.reddit.com/r/Meditation/comments/jchmw8/sleep_problems_due_to_meditation/","not_started","Read the thread and classify what users reject: setup load, notifications, streak anxiety, vague guidance, safety/trust, price, or weak progression.","Tell me about the last self-improvement/productivity/wellness app you stopped using. What made it feel too heavy, vague, or pressuring?","Does Alina avoid the rejected pattern while still delivering a concrete next action?","","","","","","","","","not_approved_external_use","unread_do_not_upgrade","data_processed/evidence_claim_register.csv;data_processed/research_completion_audit.csv;reports/alina-evidence-first-report-draft.md","","Unread capture row. Do not cite externally or upgrade demand/market/competitor claims until a human completes this row."
"RRC_0102","RMR-0102","102","P0_read_first","whitespace_objection_read","coaching","ICP_D|ICP_F|ICP_A|ICP_C","Journey","Started university at 23 with dyslexia. Finished PhD as top student. Here's my system.","https://old.reddit.com/r/getdisciplined/comments/1mrz1bx/started_university_at_23_with_dyslexia_finished/","not_started","Read the thread and classify what users reject: setup load, notifications, streak anxiety, vague guidance, safety/trust, price, or weak progression.","Tell me about the last self-improvement/productivity/wellness app you stopped using. What made it feel too heavy, vague, or pressuring?","Does Alina avoid the rejected pattern while still delivering a concrete next action?","","","","","","","","","not_approved_external_use","unread_do_not_upgrade","data_processed/evidence_claim_register.csv;data_processed/research_completion_audit.csv;reports/alina-evidence-first-report-draft.md","","Unread capture row. Do not cite externally or upgrade demand/market/competitor claims until a human completes this row."
"RRC_0103","RMR-0103","103","P0_read_first","whitespace_objection_read","avatar_identity","ICP_B|ICP_E|ICP_C|ICP_D","Replika","Static Profile Pictures.","https://old.reddit.com/r/replika/comments/elcnqc/static_profile_pictures/","not_started","Read the thread and classify what users reject: setup load, notifications, streak anxiety, vague guidance, safety/trust, price, or weak progression.","Tell me about the last self-improvement/productivity/wellness app you stopped using. What made it feel too heavy, vague, or pressuring?","Does Alina avoid the rejected pattern while still delivering a concrete next action?","","","","","","","","","not_approved_external_use","unread_do_not_upgrade","data_processed/evidence_claim_register.csv;data_processed/research_completion_audit.csv;reports/alina-evidence-first-report-draft.md","","Unread capture row. Do not cite externally or upgrade demand/market/competitor claims until a human completes this row."
"RRC_0104","RMR-0104","104","P0_read_first","whitespace_objection_read","coaching","ICP_D|ICP_F|ICP_A|ICP_C","Habit Tracker","Stuck in rimbo of self improvement","https://old.reddit.com/r/getdisciplined/comments/1ry7d4d/stuck_in_rimbo_of_self_improvement/","not_started","Read the thread and classify what users reject: setup load, notifications, streak anxiety, vague guidance, safety/trust, price, or weak progression.","Tell me about the last self-improvement/productivity/wellness app you stopped using. What made it feel too heavy, vague, or pressuring?","Does Alina avoid the rejected pattern while still delivering a concrete next action?","","","","","","","","","not_approved_external_use","unread_do_not_upgrade","data_processed/evidence_claim_register.csv;data_processed/research_completion_audit.csv;reports/alina-evidence-first-report-draft.md","","Unread capture row. Do not cite externally or upgrade demand/market/competitor claims until a human completes this row."
"RRC_0105","RMR-0105","105","P0_read_first","whitespace_objection_read","coaching","ICP_D|ICP_F|ICP_A|ICP_C","Habit Tracker","Students with ADHD, what would you like to see in an ADHD-focused app?","https://old.reddit.com/r/ADHD/comments/lluu79/students_with_adhd_what_would_you_like_to_see_in/","not_started","Read the thread and classify what users reject: setup load, notifications, streak anxiety, vague guidance, safety/trust, price, or weak progression.","Tell me about the last self-improvement/productivity/wellness app you stopped using. What made it feel too heavy, vague, or pressuring?","Does Alina avoid the rejected pattern while still delivering a concrete next action?","","","","","","","","","not_approved_external_use","unread_do_not_upgrade","data_processed/evidence_claim_register.csv;data_processed/research_completion_audit.csv;reports/alina-evidence-first-report-draft.md","","Unread capture row. Do not cite externally or upgrade demand/market/competitor claims until a human completes this row."
"RRC_0106","RMR-0106","106","P0_read_first","whitespace_objection_read","mindfulness","ICP_C|ICP_D","Medito","The free-forever meditation app is finally out. Thanks to you 💚","https://old.reddit.com/r/Meditation/comments/g4ouhg/the_freeforever_meditation_app_is_finally_out/","not_started","Read the thread and classify what users reject: setup load, notifications, streak anxiety, vague guidance, safety/trust, price, or weak progression.","Tell me about the last self-improvement/productivity/wellness app you stopped using. What made it feel too heavy, vague, or pressuring?","Does Alina avoid the rejected pattern while still delivering a concrete next action?","","","","","","","","","not_approved_external_use","unread_do_not_upgrade","data_processed/evidence_claim_register.csv;data_processed/research_completion_audit.csv;reports/alina-evidence-first-report-draft.md","","Unread capture row. Do not cite externally or upgrade demand/market/competitor claims until a human completes this row."
"RRC_0107","RMR-0107","107","P0_read_first","whitespace_objection_read","mindfulness","ICP_C|ICP_D","Replika","The Replika app is wonderful for people with anxiety or depression! It's an AI bot you raise by chatting with it. It's super supportive and helpful and asks you daily journal questions to help track your progress!","https://old.reddit.com/r/Anxiety/comments/64eld3/the_replika_app_is_wonderful_for_people_with/","not_started","Read the thread and classify what users reject: setup load, notifications, streak anxiety, vague guidance, safety/trust, price, or weak progression.","Tell me about the last self-improvement/productivity/wellness app you stopped using. What made it feel too heavy, vague, or pressuring?","Does Alina avoid the rejected pattern while still delivering a concrete next action?","","","","","","","","","not_approved_external_use","unread_do_not_upgrade","data_processed/evidence_claim_register.csv;data_processed/research_completion_audit.csv;reports/alina-evidence-first-report-draft.md","","Unread capture row. Do not cite externally or upgrade demand/market/competitor claims until a human completes this row."
"RRC_0108","RMR-0108","108","P0_read_first","whitespace_objection_read","mindfulness","ICP_C|ICP_D","Journey","This may be useful to someone..","https://old.reddit.com/r/Anxiety/comments/1sktlc4/this_may_be_useful_to_someone/","not_started","Read the thread and classify what users reject: setup load, notifications, streak anxiety, vague guidance, safety/trust, price, or weak progression.","Tell me about the last self-improvement/productivity/wellness app you stopped using. What made it feel too heavy, vague, or pressuring?","Does Alina avoid the rejected pattern while still delivering a concrete next action?","","","","","","","","","not_approved_external_use","unread_do_not_upgrade","data_processed/evidence_claim_register.csv;data_processed/research_completion_audit.csv;reports/alina-evidence-first-report-draft.md","","Unread capture row. Do not cite externally or upgrade demand/market/competitor claims until a human completes this row."
"RRC_0109","RMR-0109","109","P0_read_first","whitespace_objection_read","coaching","ICP_D|ICP_F|ICP_A|ICP_C","Habit Tracker","Tonight, my wife said that the way I procrastinate make her anxious... And that broke something inside of me.","https://old.reddit.com/r/getdisciplined/comments/1mu986y/tonight_my_wife_said_that_the_way_i_procrastinate/","not_started","Read the thread and classify what users reject: setup load, notifications, streak anxiety, vague guidance, safety/trust, price, or weak progression.","Tell me about the last self-improvement/productivity/wellness app you stopped using. What made it feel too heavy, vague, or pressuring?","Does Alina avoid the rejected pattern while still delivering a concrete next action?","","","","","","","","","not_approved_external_use","unread_do_not_upgrade","data_processed/evidence_claim_register.csv;data_processed/research_completion_audit.csv;reports/alina-evidence-first-report-draft.md","","Unread capture row. Do not cite externally or upgrade demand/market/competitor claims until a human completes this row."
"RRC_0110","RMR-0110","110","P0_read_first","whitespace_objection_read","mindfulness","ICP_C|ICP_D","Calm","Weird but Surprisingly Effective Ways to Reduce Anxiety","https://old.reddit.com/r/Anxiety/comments/1hvxl8s/weird_but_surprisingly_effective_ways_to_reduce/","not_started","Read the thread and classify what users reject: setup load, notifications, streak anxiety, vague guidance, safety/trust, price, or weak progression.","Tell me about the last self-improvement/productivity/wellness app you stopped using. What made it feel too heavy, vague, or pressuring?","Does Alina avoid the rejected pattern while still delivering a concrete next action?","","","","","","","","","not_approved_external_use","unread_do_not_upgrade","data_processed/evidence_claim_register.csv;data_processed/research_completion_audit.csv;reports/alina-evidence-first-report-draft.md","","Unread capture row. Do not cite externally or upgrade demand/market/competitor claims until a human completes this row."
"RRC_0111","RMR-0111","111","P0_read_first","whitespace_objection_read","avatar_identity","ICP_B|ICP_E|ICP_C|ICP_D","Replika","What makes us emotionally attach to our Replika and AI characters in general?","https://old.reddit.com/r/replika/comments/1l8vgmu/what_makes_us_emotionally_attach_to_our_replika/","not_started","Read the thread and classify what users reject: setup load, notifications, streak anxiety, vague guidance, safety/trust, price, or weak progression.","Tell me about the last self-improvement/productivity/wellness app you stopped using. What made it feel too heavy, vague, or pressuring?","Does Alina avoid the rejected pattern while still delivering a concrete next action?","","","","","","","","","not_approved_external_use","unread_do_not_upgrade","data_processed/evidence_claim_register.csv;data_processed/research_completion_audit.csv;reports/alina-evidence-first-report-draft.md","","Unread capture row. Do not cite externally or upgrade demand/market/competitor claims until a human completes this row."
"RRC_0112","RMR-0112","112","P0_read_first","whitespace_objection_read","coaching","ICP_D|ICP_F|ICP_A|ICP_C","Habit Tracker","What ONE THING do you most want to accomplish next year? (and what's the perfect toolkit to keep you focused?)","https://old.reddit.com/r/productivity/comments/5f2d5f/what_one_thing_do_you_most_want_to_accomplish/","not_started","Read the thread and classify what users reject: setup load, notifications, streak anxiety, vague guidance, safety/trust, price, or weak progression.","Tell me about the last self-improvement/productivity/wellness app you stopped using. What made it feel too heavy, vague, or pressuring?","Does Alina avoid the rejected pattern while still delivering a concrete next action?","","","","","","","","","not_approved_external_use","unread_do_not_upgrade","data_processed/evidence_claim_register.csv;data_processed/research_completion_audit.csv;reports/alina-evidence-first-report-draft.md","","Unread capture row. Do not cite externally or upgrade demand/market/competitor claims until a human completes this row."
"RRC_0113","RMR-0113","113","P0_read_first","whitespace_objection_read","mindfulness","ICP_C|ICP_D","Calm","What to do to calm your mind in bed?","https://old.reddit.com/r/sleep/comments/1sep5yu/what_to_do_to_calm_your_mind_in_bed/","not_started","Read the thread and classify what users reject: setup load, notifications, streak anxiety, vague guidance, safety/trust, price, or weak progression.","Tell me about the last self-improvement/productivity/wellness app you stopped using. What made it feel too heavy, vague, or pressuring?","Does Alina avoid the rejected pattern while still delivering a concrete next action?","","","","","","","","","not_approved_external_use","unread_do_not_upgrade","data_processed/evidence_claim_register.csv;data_processed/research_completion_audit.csv;reports/alina-evidence-first-report-draft.md","","Unread capture row. Do not cite externally or upgrade demand/market/competitor claims until a human completes this row."
"RRC_0114","RMR-0114","114","P0_read_first","whitespace_objection_read","mindfulness","ICP_C|ICP_D","Calm","What’s something people think helps with anxiety—but actually makes it worse for you?","https://old.reddit.com/r/Anxiety/comments/1jke2kr/whats_something_people_think_helps_with/","not_started","Read the thread and classify what users reject: setup load, notifications, streak anxiety, vague guidance, safety/trust, price, or weak progression.","Tell me about the last self-improvement/productivity/wellness app you stopped using. What made it feel too heavy, vague, or pressuring?","Does Alina avoid the rejected pattern while still delivering a concrete next action?","","","","","","","","","not_approved_external_use","unread_do_not_upgrade","data_processed/evidence_claim_register.csv;data_processed/research_completion_audit.csv;reports/alina-evidence-first-report-draft.md","","Unread capture row. Do not cite externally or upgrade demand/market/competitor claims until a human completes this row."
"RRC_0115","RMR-0115","115","P0_read_first","whitespace_objection_read","coaching","ICP_D|ICP_F|ICP_A|ICP_C","Habit Tracker","Would you use an Al accountability coach app that actually motivates you to stick to your habits?","https://old.reddit.com/r/getdisciplined/comments/1ofa4l5/would_you_use_an_al_accountability_coach_app_that/","not_started","Read the thread and classify what users reject: setup load, notifications, streak anxiety, vague guidance, safety/trust, price, or weak progression.","Tell me about the last self-improvement/productivity/wellness app you stopped using. What made it feel too heavy, vague, or pressuring?","Does Alina avoid the rejected pattern while still delivering a concrete next action?","","","","","","","","","not_approved_external_use","unread_do_not_upgrade","data_processed/evidence_claim_register.csv;data_processed/research_completion_audit.csv;reports/alina-evidence-first-report-draft.md","","Unread capture row. Do not cite externally or upgrade demand/market/competitor claims until a human completes this row."
"RRC_0116","RMR-0116","116","P0_read_first","whitespace_objection_read","coaching","ICP_D|ICP_F|ICP_A|ICP_C","Habit Tracker","Your Problem Is You Don’t Know What Habits You need","https://old.reddit.com/r/NonZeroDay/comments/qw4b4s/your_problem_is_you_dont_know_what_habits_you_need/","not_started","Read the thread and classify what users reject: setup load, notifications, streak anxiety, vague guidance, safety/trust, price, or weak progression.","Tell me about the last self-improvement/productivity/wellness app you stopped using. What made it feel too heavy, vague, or pressuring?","Does Alina avoid the rejected pattern while still delivering a concrete next action?","","","","","","","","","not_approved_external_use","unread_do_not_upgrade","data_processed/evidence_claim_register.csv;data_processed/research_completion_audit.csv;reports/alina-evidence-first-report-draft.md","","Unread capture row. Do not cite externally or upgrade demand/market/competitor claims until a human completes this row."
"RRC_0117","RMR-0117","117","P0_read_first","competitor_alternative_read","coaching","ICP_D|ICP_F|ICP_A","Streaks|Habit Tracker","[Advice] The most encouraging habit tracker app (Android)","https://old.reddit.com/r/getdisciplined/comments/8mty7l/advice_the_most_encouraging_habit_tracker_app/","not_started","Extract named alternatives from comments, why the current tool failed, and whether users ask for a simpler ritual, stronger personalization, or social proof.","When you ask people for app recommendations, what are you hoping the next app will fix that the current one does not?","Which named alternatives already own this job, and where do they fail to connect meaning -> action -> visible progress?","","","","","","","","","not_approved_external_use","unread_do_not_upgrade","data_processed/evidence_claim_register.csv;data_processed/research_completion_audit.csv;reports/alina-evidence-first-report-draft.md","","Unread capture row. Do not cite externally or upgrade demand/market/competitor claims until a human completes this row."
"RRC_0118","RMR-0118","118","P0_read_first","competitor_alternative_read","coaching","ICP_D|ICP_F|ICP_A","Motivate|Habit Tracker","[Giveaway] I’ve just spent 5 months making an app to organize your life and track your habits! Giving it away for free now!","https://old.reddit.com/r/selfimprovement/comments/3u2xv1/giveaway_ive_just_spent_5_months_making_an_app_to/","not_started","Extract named alternatives from comments, why the current tool failed, and whether users ask for a simpler ritual, stronger personalization, or social proof.","When you ask people for app recommendations, what are you hoping the next app will fix that the current one does not?","Which named alternatives already own this job, and where do they fail to connect meaning -> action -> visible progress?","","","","","","","","","not_approved_external_use","unread_do_not_upgrade","data_processed/evidence_claim_register.csv;data_processed/research_completion_audit.csv;reports/alina-evidence-first-report-draft.md","","Unread capture row. Do not cite externally or upgrade demand/market/competitor claims until a human completes this row."
"RRC_0119","RMR-0119","119","P0_read_first","competitor_alternative_read","coaching","ICP_D|ICP_F|ICP_A","Notion|Habit Tracker","[Method] Group accountability challenges were the best way to build lasting habits 2022. After running dozens of group challenges on Whatsapp—I built a mobile app to help others like me :)","https://old.reddit.com/r/getdisciplined/comments/10e9qvz/method_group_accountability_challenges_were_the/","not_started","Extract named alternatives from comments, why the current tool failed, and whether users ask for a simpler ritual, stronger personalization, or social proof.","When you ask people for app recommendations, what are you hoping the next app will fix that the current one does not?","Which named alternatives already own this job, and where do they fail to connect meaning -> action -> visible progress?","","","","","","","","","not_approved_external_use","unread_do_not_upgrade","data_processed/evidence_claim_register.csv;data_processed/research_completion_audit.csv;reports/alina-evidence-first-report-draft.md","","Unread capture row. Do not cite externally or upgrade demand/market/competitor claims until a human completes this row."
"RRC_0120","RMR-0120","120","P0_read_first","competitor_alternative_read","mindfulness","ICP_C|ICP_D|ICP_F","Insight Timer|Calm","Any good apps for getting multiple mindfulness/check-in reminders throughout the day?","https://old.reddit.com/r/Anxiety/comments/1bdulgt/any_good_apps_for_getting_multiple/","not_started","Extract named alternatives from comments, why the current tool failed, and whether users ask for a simpler ritual, stronger personalization, or social proof.","When you ask people for app recommendations, what are you hoping the next app will fix that the current one does not?","Which named alternatives already own this job, and where do they fail to connect meaning -> action -> visible progress?","","","","","","","","","not_approved_external_use","unread_do_not_upgrade","data_processed/evidence_claim_register.csv;data_processed/research_completion_audit.csv;reports/alina-evidence-first-report-draft.md","","Unread capture row. Do not cite externally or upgrade demand/market/competitor claims until a human completes this row."
"RRC_0121","RMR-0121","121","P0_read_first","competitor_alternative_read","coaching","ICP_D|ICP_F|ICP_A","Motivate|Habit Tracker","App recommendations to keep each other (friends/family) accountable?","https://old.reddit.com/r/getdisciplined/comments/1hua4ns/app_recommendations_to_keep_each_other/","not_started","Extract named alternatives from comments, why the current tool failed, and whether users ask for a simpler ritual, stronger personalization, or social proof.","When you ask people for app recommendations, what are you hoping the next app will fix that the current one does not?","Which named alternatives already own this job, and where do they fail to connect meaning -> action -> visible progress?","","","","","","","","","not_approved_external_use","unread_do_not_upgrade","data_processed/evidence_claim_register.csv;data_processed/research_completion_audit.csv;reports/alina-evidence-first-report-draft.md","","Unread capture row. Do not cite externally or upgrade demand/market/competitor claims until a human completes this row."
"RRC_0122","RMR-0122","122","P0_read_first","competitor_alternative_read","mindfulness","ICP_C|ICP_D|ICP_F","Headspace|Habit Tracker","Apps for mindfulness/anxiety with content for breathing","https://old.reddit.com/r/Mindfulness/comments/sd34z7/apps_for_mindfulnessanxiety_with_content_for/","not_started","Extract named alternatives from comments, why the current tool failed, and whether users ask for a simpler ritual, stronger personalization, or social proof.","When you ask people for app recommendations, what are you hoping the next app will fix that the current one does not?","Which named alternatives already own this job, and where do they fail to connect meaning -> action -> visible progress?","","","","","","","","","not_approved_external_use","unread_do_not_upgrade","data_processed/evidence_claim_register.csv;data_processed/research_completion_audit.csv;reports/alina-evidence-first-report-draft.md","","Unread capture row. Do not cite externally or upgrade demand/market/competitor claims until a human completes this row."
"RRC_0123","RMR-0123","123","P0_read_first","competitor_alternative_read","mindfulness","ICP_C|ICP_D|ICP_F","Headspace|Habit Tracker","Apps for mindfulness/anxiety with content for breathing","https://old.reddit.com/r/Anxiety/comments/sd2mbp/apps_for_mindfulnessanxiety_with_content_for/","not_started","Extract named alternatives from comments, why the current tool failed, and whether users ask for a simpler ritual, stronger personalization, or social proof.","When you ask people for app recommendations, what are you hoping the next app will fix that the current one does not?","Which named alternatives already own this job, and where do they fail to connect meaning -> action -> visible progress?","","","","","","","","","not_approved_external_use","unread_do_not_upgrade","data_processed/evidence_claim_register.csv;data_processed/research_completion_audit.csv;reports/alina-evidence-first-report-draft.md","","Unread capture row. Do not cite externally or upgrade demand/market/competitor claims until a human completes this row."
"RRC_0124","RMR-0124","124","P0_read_first","competitor_alternative_read","mindfulness","ICP_C|ICP_D|ICP_F","Headspace|Waking Up","Best beginner app/resourcss for mental health goals - improved stress, mood and anxiety?","https://old.reddit.com/r/Meditation/comments/1lvag1d/best_beginner_appresourcss_for_mental_health/","not_started","Extract named alternatives from comments, why the current tool failed, and whether users ask for a simpler ritual, stronger personalization, or social proof.","When you ask people for app recommendations, what are you hoping the next app will fix that the current one does not?","Which named alternatives already own this job, and where do they fail to connect meaning -> action -> visible progress?","","","","","","","","","not_approved_external_use","unread_do_not_upgrade","data_processed/evidence_claim_register.csv;data_processed/research_completion_audit.csv;reports/alina-evidence-first-report-draft.md","","Unread capture row. Do not cite externally or upgrade demand/market/competitor claims until a human completes this row."
"RRC_0125","RMR-0125","125","P0_read_first","competitor_alternative_read","coaching","ICP_D|ICP_F|ICP_A","Habitica|Habit Tracker","Best free and/or open-source habit tracker for Windows? (No mobile apps please)","https://old.reddit.com/r/productivity/comments/1q5fh6x/best_free_andor_opensource_habit_tracker_for/","not_started","Extract named alternatives from comments, why the current tool failed, and whether users ask for a simpler ritual, stronger personalization, or social proof.","When you ask people for app recommendations, what are you hoping the next app will fix that the current one does not?","Which named alternatives already own this job, and where do they fail to connect meaning -> action -> visible progress?","","","","","","","","","not_approved_external_use","unread_do_not_upgrade","data_processed/evidence_claim_register.csv;data_processed/research_completion_audit.csv;reports/alina-evidence-first-report-draft.md","","Unread capture row. Do not cite externally or upgrade demand/market/competitor claims until a human completes this row."
"RRC_0126","RMR-0126","126","P0_read_first","competitor_alternative_read","coaching","ICP_D|ICP_F|ICP_A","Fabulous|Habit Tracker","Can you help me find an app to help my schedule? (Toxic positivity problems)","https://old.reddit.com/r/ADHD/comments/14ob0yj/can_you_help_me_find_an_app_to_help_my_schedule/","not_started","Extract named alternatives from comments, why the current tool failed, and whether users ask for a simpler ritual, stronger personalization, or social proof.","When you ask people for app recommendations, what are you hoping the next app will fix that the current one does not?","Which named alternatives already own this job, and where do they fail to connect meaning -> action -> visible progress?","","","","","","","","","not_approved_external_use","unread_do_not_upgrade","data_processed/evidence_claim_register.csv;data_processed/research_completion_audit.csv;reports/alina-evidence-first-report-draft.md","","Unread capture row. Do not cite externally or upgrade demand/market/competitor claims until a human completes this row."
"RRC_0127","RMR-0127","127","P0_read_first","competitor_alternative_read","mindfulness","ICP_C|ICP_D|ICP_F","Headspace|Waking Up","Can you recommend a meditation app that doesn't charge a monthly fee","https://old.reddit.com/r/Mindfulness/comments/1rrcjy4/can_you_recommend_a_meditation_app_that_doesnt/","not_started","Extract named alternatives from comments, why the current tool failed, and whether users ask for a simpler ritual, stronger personalization, or social proof.","When you ask people for app recommendations, what are you hoping the next app will fix that the current one does not?","Which named alternatives already own this job, and where do they fail to connect meaning -> action -> visible progress?","","","","","","","","","not_approved_external_use","unread_do_not_upgrade","data_processed/evidence_claim_register.csv;data_processed/research_completion_audit.csv;reports/alina-evidence-first-report-draft.md","","Unread capture row. Do not cite externally or upgrade demand/market/competitor claims until a human completes this row."
"RRC_0128","RMR-0128","128","P0_read_first","competitor_alternative_read","mindfulness","ICP_C|ICP_D|ICP_F","Headspace|Calm","Free meditation apps?","https://old.reddit.com/r/Anxiety/comments/em4j3g/free_meditation_apps/","not_started","Extract named alternatives from comments, why the current tool failed, and whether users ask for a simpler ritual, stronger personalization, or social proof.","When you ask people for app recommendations, what are you hoping the next app will fix that the current one does not?","Which named alternatives already own this job, and where do they fail to connect meaning -> action -> visible progress?","","","","","","","","","not_approved_external_use","unread_do_not_upgrade","data_processed/evidence_claim_register.csv;data_processed/research_completion_audit.csv;reports/alina-evidence-first-report-draft.md","","Unread capture row. Do not cite externally or upgrade demand/market/competitor claims until a human completes this row."
"RRC_0129","RMR-0129","129","P0_read_first","competitor_alternative_read","coaching","ICP_D|ICP_F|ICP_A","Habitica|Balance","Give me all your best ADHD routine hacks! Also app suggestions!","https://old.reddit.com/r/ADHD/comments/1be44v8/give_me_all_your_best_adhd_routine_hacks_also_app/","not_started","Extract named alternatives from comments, why the current tool failed, and whether users ask for a simpler ritual, stronger personalization, or social proof.","When you ask people for app recommendations, what are you hoping the next app will fix that the current one does not?","Which named alternatives already own this job, and where do they fail to connect meaning -> action -> visible progress?","","","","","","","","","not_approved_external_use","unread_do_not_upgrade","data_processed/evidence_claim_register.csv;data_processed/research_completion_audit.csv;reports/alina-evidence-first-report-draft.md","","Unread capture row. Do not cite externally or upgrade demand/market/competitor claims until a human completes this row."
"RRC_0130","RMR-0130","130","P0_read_first","competitor_alternative_read","mindfulness","ICP_C|ICP_D|ICP_F","Headspace|Habit Tracker","Habit or Meditation Tracker app suggestions?","https://old.reddit.com/r/Meditation/comments/r190ev/habit_or_meditation_tracker_app_suggestions/","not_started","Extract named alternatives from comments, why the current tool failed, and whether users ask for a simpler ritual, stronger personalization, or social proof.","When you ask people for app recommendations, what are you hoping the next app will fix that the current one does not?","Which named alternatives already own this job, and where do they fail to connect meaning -> action -> visible progress?","","","","","","","","","not_approved_external_use","unread_do_not_upgrade","data_processed/evidence_claim_register.csv;data_processed/research_completion_audit.csv;reports/alina-evidence-first-report-draft.md","","Unread capture row. Do not cite externally or upgrade demand/market/competitor claims until a human completes this row."
"RRC_0131","RMR-0131","131","P0_read_first","competitor_alternative_read","coaching","ICP_D|ICP_F|ICP_A","Motivate|Habit Tracker","Habit trackers demotivate/ discourage me","https://old.reddit.com/r/ADHD/comments/17j4xuh/habit_trackers_demotivate_discourage_me/","not_started","Extract named alternatives from comments, why the current tool failed, and whether users ask for a simpler ritual, stronger personalization, or social proof.","When you ask people for app recommendations, what are you hoping the next app will fix that the current one does not?","Which named alternatives already own this job, and where do they fail to connect meaning -> action -> visible progress?","","","","","","","","","not_approved_external_use","unread_do_not_upgrade","data_processed/evidence_claim_register.csv;data_processed/research_completion_audit.csv;reports/alina-evidence-first-report-draft.md","","Unread capture row. Do not cite externally or upgrade demand/market/competitor claims until a human completes this row."
"RRC_0132","RMR-0132","132","P0_read_first","competitor_alternative_read","coaching","ICP_D|ICP_F|ICP_A","Habitica|Habit Tracker","Habit Tracking Apps","https://old.reddit.com/r/selfimprovement/comments/fkudg4/habit_tracking_apps/","not_started","Extract named alternatives from comments, why the current tool failed, and whether users ask for a simpler ritual, stronger personalization, or social proof.","When you ask people for app recommendations, what are you hoping the next app will fix that the current one does not?","Which named alternatives already own this job, and where do they fail to connect meaning -> action -> visible progress?","","","","","","","","","not_approved_external_use","unread_do_not_upgrade","data_processed/evidence_claim_register.csv;data_processed/research_completion_audit.csv;reports/alina-evidence-first-report-draft.md","","Unread capture row. Do not cite externally or upgrade demand/market/competitor claims until a human completes this row."
"RRC_0133","RMR-0133","133","P0_read_first","competitor_alternative_read","coaching","ICP_D|ICP_F|ICP_A","Todoist|Habit Tracker","How do I make sure I review all the data about myself that I'm tracking? Open to app suggestions and general advice.","https://old.reddit.com/r/productivity/comments/fv20xz/how_do_i_make_sure_i_review_all_the_data_about/","not_started","Extract named alternatives from comments, why the current tool failed, and whether users ask for a simpler ritual, stronger personalization, or social proof.","When you ask people for app recommendations, what are you hoping the next app will fix that the current one does not?","Which named alternatives already own this job, and where do they fail to connect meaning -> action -> visible progress?","","","","","","","","","not_approved_external_use","unread_do_not_upgrade","data_processed/evidence_claim_register.csv;data_processed/research_completion_audit.csv;reports/alina-evidence-first-report-draft.md","","Unread capture row. Do not cite externally or upgrade demand/market/competitor claims until a human completes this row."
"RRC_0134","RMR-0134","134","P0_read_first","competitor_alternative_read","coaching","ICP_D|ICP_F|ICP_A","Motivate|Habit Tracker","How to fix yourself into actually doing things","https://old.reddit.com/r/selfimprovement/comments/1rgbk7n/how_to_fix_yourself_into_actually_doing_things/","not_started","Extract named alternatives from comments, why the current tool failed, and whether users ask for a simpler ritual, stronger personalization, or social proof.","When you ask people for app recommendations, what are you hoping the next app will fix that the current one does not?","Which named alternatives already own this job, and where do they fail to connect meaning -> action -> visible progress?","","","","","","","","","not_approved_external_use","unread_do_not_upgrade","data_processed/evidence_claim_register.csv;data_processed/research_completion_audit.csv;reports/alina-evidence-first-report-draft.md","","Unread capture row. Do not cite externally or upgrade demand/market/competitor claims until a human completes this row."
"RRC_0135","RMR-0135","135","P0_read_first","competitor_alternative_read","coaching","ICP_D|ICP_F|ICP_A","Motivate|Habit Tracker","How would the perfect habit tracker app look for you?","https://old.reddit.com/r/productivity/comments/1mlm20g/how_would_the_perfect_habit_tracker_app_look_for/","not_started","Extract named alternatives from comments, why the current tool failed, and whether users ask for a simpler ritual, stronger personalization, or social proof.","When you ask people for app recommendations, what are you hoping the next app will fix that the current one does not?","Which named alternatives already own this job, and where do they fail to connect meaning -> action -> visible progress?","","","","","","","","","not_approved_external_use","unread_do_not_upgrade","data_processed/evidence_claim_register.csv;data_processed/research_completion_audit.csv;reports/alina-evidence-first-report-draft.md","","Unread capture row. Do not cite externally or upgrade demand/market/competitor claims until a human completes this row."
"RRC_0136","RMR-0136","136","P0_read_first","competitor_alternative_read","coaching","ICP_D|ICP_F|ICP_A","Todoist|Habit Tracker","I am looking for a goal tracking app or website that I can use to track progress with a visual representation of progress percentage?","https://old.reddit.com/r/productivity/comments/190h1is/i_am_looking_for_a_goal_tracking_app_or_website/","not_started","Extract named alternatives from comments, why the current tool failed, and whether users ask for a simpler ritual, stronger personalization, or social proof.","When you ask people for app recommendations, what are you hoping the next app will fix that the current one does not?","Which named alternatives already own this job, and where do they fail to connect meaning -> action -> visible progress?","","","","","","","","","not_approved_external_use","unread_do_not_upgrade","data_processed/evidence_claim_register.csv;data_processed/research_completion_audit.csv;reports/alina-evidence-first-report-draft.md","","Unread capture row. Do not cite externally or upgrade demand/market/competitor claims until a human completes this row."
"RRC_0137","RMR-0137","137","P0_read_first","competitor_alternative_read","coaching","ICP_D|ICP_F|ICP_A","Habit Tracker|Calm","I compiled a list of 50 actionable things to do across all areas of life.","https://old.reddit.com/r/getdisciplined/comments/1oeuc1u/i_compiled_a_list_of_50_actionable_things_to_do/","not_started","Extract named alternatives from comments, why the current tool failed, and whether users ask for a simpler ritual, stronger personalization, or social proof.","When you ask people for app recommendations, what are you hoping the next app will fix that the current one does not?","Which named alternatives already own this job, and where do they fail to connect meaning -> action -> visible progress?","","","","","","","","","not_approved_external_use","unread_do_not_upgrade","data_processed/evidence_claim_register.csv;data_processed/research_completion_audit.csv;reports/alina-evidence-first-report-draft.md","","Unread capture row. Do not cite externally or upgrade demand/market/competitor claims until a human completes this row."
"RRC_0138","RMR-0138","138","P0_read_first","competitor_alternative_read","coaching","ICP_D|ICP_F|ICP_A","Notion|Habit Tracker","I started over so many times I stopped counting. Then I figured out the actual problem — and built an app around it.","https://old.reddit.com/r/getdisciplined/comments/1snje8a/i_started_over_so_many_times_i_stopped_counting/","not_started","Extract named alternatives from comments, why the current tool failed, and whether users ask for a simpler ritual, stronger personalization, or social proof.","When you ask people for app recommendations, what are you hoping the next app will fix that the current one does not?","Which named alternatives already own this job, and where do they fail to connect meaning -> action -> visible progress?","","","","","","","","","not_approved_external_use","unread_do_not_upgrade","data_processed/evidence_claim_register.csv;data_processed/research_completion_audit.csv;reports/alina-evidence-first-report-draft.md","","Unread capture row. Do not cite externally or upgrade demand/market/competitor claims until a human completes this row."
"RRC_0139","RMR-0139","139","P0_read_first","competitor_alternative_read","coaching","ICP_D|ICP_F|ICP_A","Streaks|Habit Tracker","I'm trying to build my own habit tracking app because i don't like existing ones","https://old.reddit.com/r/getdisciplined/comments/1rjgoyd/im_trying_to_build_my_own_habit_tracking_app/","not_started","Extract named alternatives from comments, why the current tool failed, and whether users ask for a simpler ritual, stronger personalization, or social proof.","When you ask people for app recommendations, what are you hoping the next app will fix that the current one does not?","Which named alternatives already own this job, and where do they fail to connect meaning -> action -> visible progress?","","","","","","","","","not_approved_external_use","unread_do_not_upgrade","data_processed/evidence_claim_register.csv;data_processed/research_completion_audit.csv;reports/alina-evidence-first-report-draft.md","","Unread capture row. Do not cite externally or upgrade demand/market/competitor claims until a human completes this row."
"RRC_0140","RMR-0140","140","P0_read_first","competitor_alternative_read","coaching","ICP_D|ICP_F|ICP_A","Journey|Habit Tracker","I’m working on a neuroscience app that helps you break bad habits by matching you with accountability partners around the world. We would love to get your feedback.","https://old.reddit.com/r/NonZeroDay/comments/lotbwr/im_working_on_a_neuroscience_app_that_helps_you/","not_started","Extract named alternatives from comments, why the current tool failed, and whether users ask for a simpler ritual, stronger personalization, or social proof.","When you ask people for app recommendations, what are you hoping the next app will fix that the current one does not?","Which named alternatives already own this job, and where do they fail to connect meaning -> action -> visible progress?","","","","","","","","","not_approved_external_use","unread_do_not_upgrade","data_processed/evidence_claim_register.csv;data_processed/research_completion_audit.csv;reports/alina-evidence-first-report-draft.md","","Unread capture row. Do not cite externally or upgrade demand/market/competitor claims until a human completes this row."
"RRC_0141","RMR-0141","141","P0_read_first","competitor_alternative_read","mindfulness","ICP_C|ICP_D|ICP_F","Habit Tracker|Calm","iPhone & iPad just added a “log your current/over all for the day mood” feature to their native Health app (Mindfulness on the Watch) and I HIGHLY recommend it","https://old.reddit.com/r/Anxiety/comments/16onsun/iphone_ipad_just_added_a_log_your_currentover_all/","not_started","Extract named alternatives from comments, why the current tool failed, and whether users ask for a simpler ritual, stronger personalization, or social proof.","When you ask people for app recommendations, what are you hoping the next app will fix that the current one does not?","Which named alternatives already own this job, and where do they fail to connect meaning -> action -> visible progress?","","","","","","","","","not_approved_external_use","unread_do_not_upgrade","data_processed/evidence_claim_register.csv;data_processed/research_completion_audit.csv;reports/alina-evidence-first-report-draft.md","","Unread capture row. Do not cite externally or upgrade demand/market/competitor claims until a human completes this row."
"RRC_0142","RMR-0142","142","P0_read_first","competitor_alternative_read","coaching","ICP_D|ICP_F|ICP_A","Streaks|Habit Tracker","Looking for a Semi-Automated Habit Tracker","https://old.reddit.com/r/selfimprovement/comments/1slz3nu/looking_for_a_semiautomated_habit_tracker/","not_started","Extract named alternatives from comments, why the current tool failed, and whether users ask for a simpler ritual, stronger personalization, or social proof.","When you ask people for app recommendations, what are you hoping the next app will fix that the current one does not?","Which named alternatives already own this job, and where do they fail to connect meaning -> action -> visible progress?","","","","","","","","","not_approved_external_use","unread_do_not_upgrade","data_processed/evidence_claim_register.csv;data_processed/research_completion_audit.csv;reports/alina-evidence-first-report-draft.md","","Unread capture row. Do not cite externally or upgrade demand/market/competitor claims until a human completes this row."
"RRC_0143","RMR-0143","143","P0_read_first","competitor_alternative_read","coaching","ICP_D|ICP_F|ICP_A","Streaks|Habit Tracker","looking for a TRULY minimal habit tracker (not just simple, actually minimal)","https://old.reddit.com/r/getdisciplined/comments/1r8nwbt/looking_for_a_truly_minimal_habit_tracker_not/","not_started","Extract named alternatives from comments, why the current tool failed, and whether users ask for a simpler ritual, stronger personalization, or social proof.","When you ask people for app recommendations, what are you hoping the next app will fix that the current one does not?","Which named alternatives already own this job, and where do they fail to connect meaning -> action -> visible progress?","","","","","","","","","not_approved_external_use","unread_do_not_upgrade","data_processed/evidence_claim_register.csv;data_processed/research_completion_audit.csv;reports/alina-evidence-first-report-draft.md","","Unread capture row. Do not cite externally or upgrade demand/market/competitor claims until a human completes this row."
"RRC_0144","RMR-0144","144","P0_read_first","competitor_alternative_read","avatar_identity","ICP_B|ICP_E|ICP_D|ICP_F","Character AI|Replika","Looking for an AI companion for the elderly","https://old.reddit.com/r/replika/comments/1731ydh/looking_for_an_ai_companion_for_the_elderly/","not_started","Extract named alternatives from comments, why the current tool failed, and whether users ask for a simpler ritual, stronger personalization, or social proof.","When you ask people for app recommendations, what are you hoping the next app will fix that the current one does not?","Which named alternatives already own this job, and where do they fail to connect meaning -> action -> visible progress?","","","","","","","","","not_approved_external_use","unread_do_not_upgrade","data_processed/evidence_claim_register.csv;data_processed/research_completion_audit.csv;reports/alina-evidence-first-report-draft.md","","Unread capture row. Do not cite externally or upgrade demand/market/competitor claims until a human completes this row."
"RRC_0145","RMR-0145","145","P0_read_first","competitor_alternative_read","coaching","ICP_D|ICP_F|ICP_A","Todoist|Habit Tracker","Looking for the Perfect Productivity Setup – Apps for Journaling, Habits, Goals & a To-Do List Upgrade","https://old.reddit.com/r/productivity/comments/1jayoc4/looking_for_the_perfect_productivity_setup_apps/","not_started","Extract named alternatives from comments, why the current tool failed, and whether users ask for a simpler ritual, stronger personalization, or social proof.","When you ask people for app recommendations, what are you hoping the next app will fix that the current one does not?","Which named alternatives already own this job, and where do they fail to connect meaning -> action -> visible progress?","","","","","","","","","not_approved_external_use","unread_do_not_upgrade","data_processed/evidence_claim_register.csv;data_processed/research_completion_audit.csv;reports/alina-evidence-first-report-draft.md","","Unread capture row. Do not cite externally or upgrade demand/market/competitor claims until a human completes this row."
"RRC_0146","RMR-0146","146","P0_read_first","competitor_alternative_read","mindfulness","ICP_C|ICP_D|ICP_F","Headspace|Calm","Meditation/anxiety type apps or anything similar?","https://old.reddit.com/r/Anxiety/comments/n7f3vp/meditationanxiety_type_apps_or_anything_similar/","not_started","Extract named alternatives from comments, why the current tool failed, and whether users ask for a simpler ritual, stronger personalization, or social proof.","When you ask people for app recommendations, what are you hoping the next app will fix that the current one does not?","Which named alternatives already own this job, and where do they fail to connect meaning -> action -> visible progress?","","","","","","","","","not_approved_external_use","unread_do_not_upgrade","data_processed/evidence_claim_register.csv;data_processed/research_completion_audit.csv;reports/alina-evidence-first-report-draft.md","","Unread capture row. Do not cite externally or upgrade demand/market/competitor claims until a human completes this row."
"RRC_0147","RMR-0147","147","P0_read_first","competitor_alternative_read","mindfulness","ICP_C|ICP_D|ICP_F","Headspace|Waking Up","Mindfulness app with longer guided course? (longer than 30 days)","https://old.reddit.com/r/Meditation/comments/1gnd89x/mindfulness_app_with_longer_guided_course_longer/","not_started","Extract named alternatives from comments, why the current tool failed, and whether users ask for a simpler ritual, stronger personalization, or social proof.","When you ask people for app recommendations, what are you hoping the next app will fix that the current one does not?","Which named alternatives already own this job, and where do they fail to connect meaning -> action -> visible progress?","","","","","","","","","not_approved_external_use","unread_do_not_upgrade","data_processed/evidence_claim_register.csv;data_processed/research_completion_audit.csv;reports/alina-evidence-first-report-draft.md","","Unread capture row. Do not cite externally or upgrade demand/market/competitor claims until a human completes this row."
"RRC_0148","RMR-0148","148","P0_read_first","competitor_alternative_read","mindfulness","ICP_C|ICP_D|ICP_F","Insight Timer|Habit Tracker","Most meditation apps fail after the beginner stage. Here’s why","https://old.reddit.com/r/Mindfulness/comments/1qbtr1j/most_meditation_apps_fail_after_the_beginner/","not_started","Extract named alternatives from comments, why the current tool failed, and whether users ask for a simpler ritual, stronger personalization, or social proof.","When you ask people for app recommendations, what are you hoping the next app will fix that the current one does not?","Which named alternatives already own this job, and where do they fail to connect meaning -> action -> visible progress?","","","","","","","","","not_approved_external_use","unread_do_not_upgrade","data_processed/evidence_claim_register.csv;data_processed/research_completion_audit.csv;reports/alina-evidence-first-report-draft.md","","Unread capture row. Do not cite externally or upgrade demand/market/competitor claims until a human completes this row."
"RRC_0149","RMR-0149","149","P0_read_first","competitor_alternative_read","coaching","ICP_D|ICP_F|ICP_A","Habit Tracker|Finch","My honest take on self improvement apps after cycling through most of them","https://old.reddit.com/r/selfimprovement/comments/1tcqovr/my_honest_take_on_self_improvement_apps_after/","not_started","Extract named alternatives from comments, why the current tool failed, and whether users ask for a simpler ritual, stronger personalization, or social proof.","When you ask people for app recommendations, what are you hoping the next app will fix that the current one does not?","Which named alternatives already own this job, and where do they fail to connect meaning -> action -> visible progress?","","","","","","","","","not_approved_external_use","unread_do_not_upgrade","data_processed/evidence_claim_register.csv;data_processed/research_completion_audit.csv;reports/alina-evidence-first-report-draft.md","","Unread capture row. Do not cite externally or upgrade demand/market/competitor claims until a human completes this row."
"RRC_0150","RMR-0150","150","P0_read_first","competitor_alternative_read","coaching","ICP_D|ICP_F|ICP_A","Daily Yoga|Habit Tracker","Recommendations for habit tracker or daily planner with alerts / reminders","https://old.reddit.com/r/ADHD/comments/1i8rydp/recommendations_for_habit_tracker_or_daily/","not_started","Extract named alternatives from comments, why the current tool failed, and whether users ask for a simpler ritual, stronger personalization, or social proof.","When you ask people for app recommendations, what are you hoping the next app will fix that the current one does not?","Which named alternatives already own this job, and where do they fail to connect meaning -> action -> visible progress?","","","","","","","","","not_approved_external_use","unread_do_not_upgrade","data_processed/evidence_claim_register.csv;data_processed/research_completion_audit.csv;reports/alina-evidence-first-report-draft.md","","Unread capture row. Do not cite externally or upgrade demand/market/competitor claims until a human completes this row."
"RRC_0151","RMR-0151","151","P0_read_first","competitor_alternative_read","mindfulness","ICP_C|ICP_D|ICP_F","Headspace|Waking Up","Recommended breathing app?","https://old.reddit.com/r/Mindfulness/comments/r80rrb/recommended_breathing_app/","not_started","Extract named alternatives from comments, why the current tool failed, and whether users ask for a simpler ritual, stronger personalization, or social proof.","When you ask people for app recommendations, what are you hoping the next app will fix that the current one does not?","Which named alternatives already own this job, and where do they fail to connect meaning -> action -> visible progress?","","","","","","","","","not_approved_external_use","unread_do_not_upgrade","data_processed/evidence_claim_register.csv;data_processed/research_completion_audit.csv;reports/alina-evidence-first-report-draft.md","","Unread capture row. Do not cite externally or upgrade demand/market/competitor claims until a human completes this row."
"RRC_0152","RMR-0152","152","P0_read_first","competitor_alternative_read","coaching","ICP_D|ICP_F|ICP_A","Streaks|Habit Tracker","Testing a discipline based accountability system instead of habit apps","https://old.reddit.com/r/getdisciplined/comments/1poax71/testing_a_discipline_based_accountability_system/","not_started","Extract named alternatives from comments, why the current tool failed, and whether users ask for a simpler ritual, stronger personalization, or social proof.","When you ask people for app recommendations, what are you hoping the next app will fix that the current one does not?","Which named alternatives already own this job, and where do they fail to connect meaning -> action -> visible progress?","","","","","","","","","not_approved_external_use","unread_do_not_upgrade","data_processed/evidence_claim_register.csv;data_processed/research_completion_audit.csv;reports/alina-evidence-first-report-draft.md","","Unread capture row. Do not cite externally or upgrade demand/market/competitor claims until a human completes this row."
"RRC_0153","RMR-0153","153","P0_read_first","competitor_alternative_read","mindfulness","ICP_C|ICP_D|ICP_F","Headspace|Habit Tracker","Thoughts on 90 days of Headspace","https://old.reddit.com/r/Meditation/comments/8cfflk/thoughts_on_90_days_of_headspace/","not_started","Extract named alternatives from comments, why the current tool failed, and whether users ask for a simpler ritual, stronger personalization, or social proof.","When you ask people for app recommendations, what are you hoping the next app will fix that the current one does not?","Which named alternatives already own this job, and where do they fail to connect meaning -> action -> visible progress?","","","","","","","","","not_approved_external_use","unread_do_not_upgrade","data_processed/evidence_claim_register.csv;data_processed/research_completion_audit.csv;reports/alina-evidence-first-report-draft.md","","Unread capture row. Do not cite externally or upgrade demand/market/competitor claims until a human completes this row."
"RRC_0154","RMR-0154","154","P0_read_first","competitor_alternative_read","coaching","ICP_D|ICP_F|ICP_A","Waking Up|Habit Tracker","To heck with building ""daily habits""--here's how to ACTUALLY set goals that you can meet","https://old.reddit.com/r/ADHD/comments/obapxj/to_heck_with_building_daily_habitsheres_how_to/","not_started","Extract named alternatives from comments, why the current tool failed, and whether users ask for a simpler ritual, stronger personalization, or social proof.","When you ask people for app recommendations, what are you hoping the next app will fix that the current one does not?","Which named alternatives already own this job, and where do they fail to connect meaning -> action -> visible progress?","","","","","","","","","not_approved_external_use","unread_do_not_upgrade","data_processed/evidence_claim_register.csv;data_processed/research_completion_audit.csv;reports/alina-evidence-first-report-draft.md","","Unread capture row. Do not cite externally or upgrade demand/market/competitor claims until a human completes this row."
"RRC_0155","RMR-0155","155","P0_read_first","competitor_alternative_read","coaching","ICP_D|ICP_F|ICP_A","Habit Tracker|Finch","What habit tracker apps do you like?","https://old.reddit.com/r/ADHD/comments/1teh3n7/what_habit_tracker_apps_do_you_like/","not_started","Extract named alternatives from comments, why the current tool failed, and whether users ask for a simpler ritual, stronger personalization, or social proof.","When you ask people for app recommendations, what are you hoping the next app will fix that the current one does not?","Which named alternatives already own this job, and where do they fail to connect meaning -> action -> visible progress?","","","","","","","","","not_approved_external_use","unread_do_not_upgrade","data_processed/evidence_claim_register.csv;data_processed/research_completion_audit.csv;reports/alina-evidence-first-report-draft.md","","Unread capture row. Do not cite externally or upgrade demand/market/competitor claims until a human completes this row."
"RRC_0156","RMR-0156","156","P0_read_first","competitor_alternative_read","coaching","ICP_D|ICP_F|ICP_A","The Pattern|Habit Tracker","Why do some self-improvement tools actually stick while others get abandoned after a week?","https://old.reddit.com/r/selfimprovement/comments/1rstji5/why_do_some_selfimprovement_tools_actually_stick/","not_started","Extract named alternatives from comments, why the current tool failed, and whether users ask for a simpler ritual, stronger personalization, or social proof.","When you ask people for app recommendations, what are you hoping the next app will fix that the current one does not?","Which named alternatives already own this job, and where do they fail to connect meaning -> action -> visible progress?","","","","","","","","","not_approved_external_use","unread_do_not_upgrade","data_processed/evidence_claim_register.csv;data_processed/research_completion_audit.csv;reports/alina-evidence-first-report-draft.md","","Unread capture row. Do not cite externally or upgrade demand/market/competitor claims until a human completes this row."
"RRC_0157","RMR-0157","157","P0_read_first","competitor_alternative_read","coaching","ICP_D|ICP_F|ICP_A","The Pattern|Habit Tracker","Why most habit trackers break you at day 47 (and what to count instead)","https://old.reddit.com/r/getdisciplined/comments/1tpabyr/why_most_habit_trackers_break_you_at_day_47_and/","not_started","Extract named alternatives from comments, why the current tool failed, and whether users ask for a simpler ritual, stronger personalization, or social proof.","When you ask people for app recommendations, what are you hoping the next app will fix that the current one does not?","Which named alternatives already own this job, and where do they fail to connect meaning -> action -> visible progress?","","","","","","","","","not_approved_external_use","unread_do_not_upgrade","data_processed/evidence_claim_register.csv;data_processed/research_completion_audit.csv;reports/alina-evidence-first-report-draft.md","","Unread capture row. Do not cite externally or upgrade demand/market/competitor claims until a human completes this row."
"RRC_0158","RMR-0158","158","P0_read_first","competitor_alternative_read","coaching","ICP_D|ICP_F|ICP_A","Streaks|Habit Tracker","Why you need to focus on consistency of your habits rather than your streaks.","https://old.reddit.com/r/NonZeroDay/comments/1k65ffo/why_you_need_to_focus_on_consistency_of_your/","not_started","Extract named alternatives from comments, why the current tool failed, and whether users ask for a simpler ritual, stronger personalization, or social proof.","When you ask people for app recommendations, what are you hoping the next app will fix that the current one does not?","Which named alternatives already own this job, and where do they fail to connect meaning -> action -> visible progress?","","","","","","","","","not_approved_external_use","unread_do_not_upgrade","data_processed/evidence_claim_register.csv;data_processed/research_completion_audit.csv;reports/alina-evidence-first-report-draft.md","","Unread capture row. Do not cite externally or upgrade demand/market/competitor claims until a human completes this row."
"RRC_0159","RMR-0159","159","P0_read_first","competitor_alternative_read","coaching","ICP_D|ICP_F|ICP_A","Habit Tracker","""built a gamified self-improvement app because i kept relapsing alone. would you use this or is it dumb?","https://old.reddit.com/r/getdisciplined/comments/1oyz66u/built_a_gamified_selfimprovement_app_because_i/","not_started","Extract named alternatives from comments, why the current tool failed, and whether users ask for a simpler ritual, stronger personalization, or social proof.","When you ask people for app recommendations, what are you hoping the next app will fix that the current one does not?","Which named alternatives already own this job, and where do they fail to connect meaning -> action -> visible progress?","","","","","","","","","not_approved_external_use","unread_do_not_upgrade","data_processed/evidence_claim_register.csv;data_processed/research_completion_audit.csv;reports/alina-evidence-first-report-draft.md","","Unread capture row. Do not cite externally or upgrade demand/market/competitor claims until a human completes this row."
"RRC_0160","RMR-0160","160","P0_read_first","competitor_alternative_read","coaching","ICP_D|ICP_F|ICP_A","Habit Tracker","[Advice] Looking for a habit tracker that records when you exceed your daily goals and how much by.","https://old.reddit.com/r/getdisciplined/comments/nehogx/advice_looking_for_a_habit_tracker_that_records/","not_started","Extract named alternatives from comments, why the current tool failed, and whether users ask for a simpler ritual, stronger personalization, or social proof.","When you ask people for app recommendations, what are you hoping the next app will fix that the current one does not?","Which named alternatives already own this job, and where do they fail to connect meaning -> action -> visible progress?","","","","","","","","","not_approved_external_use","unread_do_not_upgrade","data_processed/evidence_claim_register.csv;data_processed/research_completion_audit.csv;reports/alina-evidence-first-report-draft.md","","Unread capture row. Do not cite externally or upgrade demand/market/competitor claims until a human completes this row."
"RRC_0161","RMR-0161","161","P0_read_first","competitor_alternative_read","coaching","ICP_D|ICP_F|ICP_A","Habit Tracker","[Discussion] Why has no one made a habit tracker app that combines the best features of all of them? [iOS]","https://old.reddit.com/r/getdisciplined/comments/2nevqz/discussion_why_has_no_one_made_a_habit_tracker/","not_started","Extract named alternatives from comments, why the current tool failed, and whether users ask for a simpler ritual, stronger personalization, or social proof.","When you ask people for app recommendations, what are you hoping the next app will fix that the current one does not?","Which named alternatives already own this job, and where do they fail to connect meaning -> action -> visible progress?","","","","","","","","","not_approved_external_use","unread_do_not_upgrade","data_processed/evidence_claim_register.csv;data_processed/research_completion_audit.csv;reports/alina-evidence-first-report-draft.md","","Unread capture row. Do not cite externally or upgrade demand/market/competitor claims until a human completes this row."
"RRC_0162","RMR-0162","162","P0_read_first","competitor_alternative_read","coaching","ICP_D|ICP_F|ICP_A","Habit Tracker","[iOS][Android] Free app to organize your life and build habits","https://old.reddit.com/r/ADHD/comments/3ysa6b/iosandroid_free_app_to_organize_your_life_and/","not_started","Extract named alternatives from comments, why the current tool failed, and whether users ask for a simpler ritual, stronger personalization, or social proof.","When you ask people for app recommendations, what are you hoping the next app will fix that the current one does not?","Which named alternatives already own this job, and where do they fail to connect meaning -> action -> visible progress?","","","","","","","","","not_approved_external_use","unread_do_not_upgrade","data_processed/evidence_claim_register.csv;data_processed/research_completion_audit.csv;reports/alina-evidence-first-report-draft.md","","Unread capture row. Do not cite externally or upgrade demand/market/competitor claims until a human completes this row."
"RRC_0163","RMR-0163","163","P0_read_first","competitor_alternative_read","coaching","ICP_D|ICP_F|ICP_A","Habit Tracker","[Method] This is how to stop being on your phone so much. (""just do it"" is a horrible advice)","https://old.reddit.com/r/getdisciplined/comments/ugpszb/method_this_is_how_to_stop_being_on_your_phone_so/","not_started","Extract named alternatives from comments, why the current tool failed, and whether users ask for a simpler ritual, stronger personalization, or social proof.","When you ask people for app recommendations, what are you hoping the next app will fix that the current one does not?","Which named alternatives already own this job, and where do they fail to connect meaning -> action -> visible progress?","","","","","","","","","not_approved_external_use","unread_do_not_upgrade","data_processed/evidence_claim_register.csv;data_processed/research_completion_audit.csv;reports/alina-evidence-first-report-draft.md","","Unread capture row. Do not cite externally or upgrade demand/market/competitor claims until a human completes this row."
"RRC_0164","RMR-0164","164","P0_read_first","competitor_alternative_read","coaching","ICP_D|ICP_F|ICP_A","Habit Tracker","[NeedAdvice]Thinking of developing a time-tracking, to-do, goal-tracker based on time, habit-tracker, routine planner - All in one app","https://old.reddit.com/r/getdisciplined/comments/stvjd6/needadvicethinking_of_developing_a_timetracking/","not_started","Extract named alternatives from comments, why the current tool failed, and whether users ask for a simpler ritual, stronger personalization, or social proof.","When you ask people for app recommendations, what are you hoping the next app will fix that the current one does not?","Which named alternatives already own this job, and where do they fail to connect meaning -> action -> visible progress?","","","","","","","","","not_approved_external_use","unread_do_not_upgrade","data_processed/evidence_claim_register.csv;data_processed/research_completion_audit.csv;reports/alina-evidence-first-report-draft.md","","Unread capture row. Do not cite externally or upgrade demand/market/competitor claims until a human completes this row."
"RRC_0165","RMR-0165","165","P0_read_first","competitor_alternative_read","coaching","ICP_D|ICP_F|ICP_A","Habit Tracker","[Question] Daily routine planner app?","https://old.reddit.com/r/getdisciplined/comments/uro02y/question_daily_routine_planner_app/","not_started","Extract named alternatives from comments, why the current tool failed, and whether users ask for a simpler ritual, stronger personalization, or social proof.","When you ask people for app recommendations, what are you hoping the next app will fix that the current one does not?","Which named alternatives already own this job, and where do they fail to connect meaning -> action -> visible progress?","","","","","","","","","not_approved_external_use","unread_do_not_upgrade","data_processed/evidence_claim_register.csv;data_processed/research_completion_audit.csv;reports/alina-evidence-first-report-draft.md","","Unread capture row. Do not cite externally or upgrade demand/market/competitor claims until a human completes this row."
"RRC_0166","RMR-0166","166","P0_read_first","competitor_alternative_read","coaching","ICP_D|ICP_F|ICP_A","Habit Tracker","[Question] What is your favortie feature in a app tracker","https://old.reddit.com/r/getdisciplined/comments/14qt3n3/question_what_is_your_favortie_feature_in_a_app/","not_started","Extract named alternatives from comments, why the current tool failed, and whether users ask for a simpler ritual, stronger personalization, or social proof.","When you ask people for app recommendations, what are you hoping the next app will fix that the current one does not?","Which named alternatives already own this job, and where do they fail to connect meaning -> action -> visible progress?","","","","","","","","","not_approved_external_use","unread_do_not_upgrade","data_processed/evidence_claim_register.csv;data_processed/research_completion_audit.csv;reports/alina-evidence-first-report-draft.md","","Unread capture row. Do not cite externally or upgrade demand/market/competitor claims until a human completes this row."
"RRC_0167","RMR-0167","167","P0_read_first","competitor_alternative_read","avatar_identity","ICP_B|ICP_E|ICP_D|ICP_F","Replika","A List of Replika Alternatives","https://old.reddit.com/r/replika/comments/112m9hz/a_list_of_replika_alternatives/","not_started","Extract named alternatives from comments, why the current tool failed, and whether users ask for a simpler ritual, stronger personalization, or social proof.","When you ask people for app recommendations, what are you hoping the next app will fix that the current one does not?","Which named alternatives already own this job, and where do they fail to connect meaning -> action -> visible progress?","","","","","","","","","not_approved_external_use","unread_do_not_upgrade","data_processed/evidence_claim_register.csv;data_processed/research_completion_audit.csv;reports/alina-evidence-first-report-draft.md","","Unread capture row. Do not cite externally or upgrade demand/market/competitor claims until a human completes this row."
"RRC_0168","RMR-0168","168","P0_read_first","competitor_alternative_read","coaching","ICP_D|ICP_F|ICP_A","Motivate","Accountability Partner/s for efficient productivity","https://old.reddit.com/r/NonZeroDay/comments/1opmfjb/accountability_partners_for_efficient_productivity/","not_started","Extract named alternatives from comments, why the current tool failed, and whether users ask for a simpler ritual, stronger personalization, or social proof.","When you ask people for app recommendations, what are you hoping the next app will fix that the current one does not?","Which named alternatives already own this job, and where do they fail to connect meaning -> action -> visible progress?","","","","","","","","","not_approved_external_use","unread_do_not_upgrade","data_processed/evidence_claim_register.csv;data_processed/research_completion_audit.csv;reports/alina-evidence-first-report-draft.md","","Unread capture row. Do not cite externally or upgrade demand/market/competitor claims until a human completes this row."
"RRC_0169","RMR-0169","169","P0_read_first","competitor_alternative_read","coaching","ICP_D|ICP_F|ICP_A","Habit Tracker","Accountability/Social Habit app","https://old.reddit.com/r/productivity/comments/1e304np/accountabilitysocial_habit_app/","not_started","Extract named alternatives from comments, why the current tool failed, and whether users ask for a simpler ritual, stronger personalization, or social proof.","When you ask people for app recommendations, what are you hoping the next app will fix that the current one does not?","Which named alternatives already own this job, and where do they fail to connect meaning -> action -> visible progress?","","","","","","","","","not_approved_external_use","unread_do_not_upgrade","data_processed/evidence_claim_register.csv;data_processed/research_completion_audit.csv;reports/alina-evidence-first-report-draft.md","","Unread capture row. Do not cite externally or upgrade demand/market/competitor claims until a human completes this row."
"RRC_0170","RMR-0170","170","P0_read_first","competitor_alternative_read","coaching","ICP_D|ICP_F|ICP_A","Habit Tracker","ADHD responds better to reward than punishment. Using this to change my spending habits","https://old.reddit.com/r/ADHD/comments/16goqyb/adhd_responds_better_to_reward_than_punishment/","not_started","Extract named alternatives from comments, why the current tool failed, and whether users ask for a simpler ritual, stronger personalization, or social proof.","When you ask people for app recommendations, what are you hoping the next app will fix that the current one does not?","Which named alternatives already own this job, and where do they fail to connect meaning -> action -> visible progress?","","","","","","","","","not_approved_external_use","unread_do_not_upgrade","data_processed/evidence_claim_register.csv;data_processed/research_completion_audit.csv;reports/alina-evidence-first-report-draft.md","","Unread capture row. Do not cite externally or upgrade demand/market/competitor claims until a human completes this row."
"RRC_0171","RMR-0171","171","P0_read_first","competitor_alternative_read","coaching","ICP_D|ICP_F|ICP_A","Habit Tracker","ADHD Routine & Habit Tracker","https://old.reddit.com/r/ADHD/comments/1meki6a/adhd_routine_habit_tracker/","not_started","Extract named alternatives from comments, why the current tool failed, and whether users ask for a simpler ritual, stronger personalization, or social proof.","When you ask people for app recommendations, what are you hoping the next app will fix that the current one does not?","Which named alternatives already own this job, and where do they fail to connect meaning -> action -> visible progress?","","","","","","","","","not_approved_external_use","unread_do_not_upgrade","data_processed/evidence_claim_register.csv;data_processed/research_completion_audit.csv;reports/alina-evidence-first-report-draft.md","","Unread capture row. Do not cite externally or upgrade demand/market/competitor claims until a human completes this row."
"RRC_0172","RMR-0172","172","P0_read_first","competitor_alternative_read","mindfulness","ICP_C|ICP_D|ICP_F","Headspace","After trying literally every YouTube sleep channel, here's what actually worked (and what didn't)","https://old.reddit.com/r/sleep/comments/1pi9mns/after_trying_literally_every_youtube_sleep/","not_started","Extract named alternatives from comments, why the current tool failed, and whether users ask for a simpler ritual, stronger personalization, or social proof.","When you ask people for app recommendations, what are you hoping the next app will fix that the current one does not?","Which named alternatives already own this job, and where do they fail to connect meaning -> action -> visible progress?","","","","","","","","","not_approved_external_use","unread_do_not_upgrade","data_processed/evidence_claim_register.csv;data_processed/research_completion_audit.csv;reports/alina-evidence-first-report-draft.md","","Unread capture row. Do not cite externally or upgrade demand/market/competitor claims until a human completes this row."
"RRC_0173","RMR-0173","173","P0_read_first","competitor_alternative_read","avatar_identity","ICP_B|ICP_E|ICP_D|ICP_F","Replika","AI Companion apps like Replika seem to have a understanding problem?","https://old.reddit.com/r/replika/comments/1eynab9/ai_companion_apps_like_replika_seem_to_have_a/","not_started","Extract named alternatives from comments, why the current tool failed, and whether users ask for a simpler ritual, stronger personalization, or social proof.","When you ask people for app recommendations, what are you hoping the next app will fix that the current one does not?","Which named alternatives already own this job, and where do they fail to connect meaning -> action -> visible progress?","","","","","","","","","not_approved_external_use","unread_do_not_upgrade","data_processed/evidence_claim_register.csv;data_processed/research_completion_audit.csv;reports/alina-evidence-first-report-draft.md","","Unread capture row. Do not cite externally or upgrade demand/market/competitor claims until a human completes this row."
"RRC_0174","RMR-0174","174","P0_read_first","competitor_alternative_read","coaching","ICP_D|ICP_F|ICP_A","Habit Tracker","All in one app. Looking for something habit tracking mood tracking to do lists","https://old.reddit.com/r/productivity/comments/1r5h5ax/all_in_one_app_looking_for_something_habit/","not_started","Extract named alternatives from comments, why the current tool failed, and whether users ask for a simpler ritual, stronger personalization, or social proof.","When you ask people for app recommendations, what are you hoping the next app will fix that the current one does not?","Which named alternatives already own this job, and where do they fail to connect meaning -> action -> visible progress?","","","","","","","","","not_approved_external_use","unread_do_not_upgrade","data_processed/evidence_claim_register.csv;data_processed/research_completion_audit.csv;reports/alina-evidence-first-report-draft.md","","Unread capture row. Do not cite externally or upgrade demand/market/competitor claims until a human completes this row."
"RRC_0175","RMR-0175","175","P0_read_first","competitor_alternative_read","avatar_identity","ICP_B|ICP_E|ICP_D|ICP_F","Replika","Am i the only one who feels like the app is FAR behind compared to other ai chat apps?","https://old.reddit.com/r/replika/comments/1fludnm/am_i_the_only_one_who_feels_like_the_app_is_far/","not_started","Extract named alternatives from comments, why the current tool failed, and whether users ask for a simpler ritual, stronger personalization, or social proof.","When you ask people for app recommendations, what are you hoping the next app will fix that the current one does not?","Which named alternatives already own this job, and where do they fail to connect meaning -> action -> visible progress?","","","","","","","","","not_approved_external_use","unread_do_not_upgrade","data_processed/evidence_claim_register.csv;data_processed/research_completion_audit.csv;reports/alina-evidence-first-report-draft.md","","Unread capture row. Do not cite externally or upgrade demand/market/competitor claims until a human completes this row."
"RRC_0176","RMR-0176","176","P0_read_first","competitor_alternative_read","mindfulness","ICP_C|ICP_D|ICP_F","Journey","Android apps for Journaling/Diary my anxiety journey","https://old.reddit.com/r/Anxiety/comments/1i80h29/android_apps_for_journalingdiary_my_anxiety/","not_started","Extract named alternatives from comments, why the current tool failed, and whether users ask for a simpler ritual, stronger personalization, or social proof.","When you ask people for app recommendations, what are you hoping the next app will fix that the current one does not?","Which named alternatives already own this job, and where do they fail to connect meaning -> action -> visible progress?","","","","","","","","","not_approved_external_use","unread_do_not_upgrade","data_processed/evidence_claim_register.csv;data_processed/research_completion_audit.csv;reports/alina-evidence-first-report-draft.md","","Unread capture row. Do not cite externally or upgrade demand/market/competitor claims until a human completes this row."
"RRC_0177","RMR-0177","177","P0_read_first","competitor_alternative_read","coaching","ICP_D|ICP_F|ICP_A","Habit Tracker","Any app recommendations for help starting routines or healthy habits? How does one not get overwhelmed with the task of having to get a new job?","https://old.reddit.com/r/ADHD/comments/1gllrsz/any_app_recommendations_for_help_starting/","not_started","Extract named alternatives from comments, why the current tool failed, and whether users ask for a simpler ritual, stronger personalization, or social proof.","When you ask people for app recommendations, what are you hoping the next app will fix that the current one does not?","Which named alternatives already own this job, and where do they fail to connect meaning -> action -> visible progress?","","","","","","","","","not_approved_external_use","unread_do_not_upgrade","data_processed/evidence_claim_register.csv;data_processed/research_completion_audit.csv;reports/alina-evidence-first-report-draft.md","","Unread capture row. Do not cite externally or upgrade demand/market/competitor claims until a human completes this row."
"RRC_0178","RMR-0178","178","P0_read_first","competitor_alternative_read","coaching","ICP_D|ICP_F|ICP_A","Habit Tracker","Any apps for tracking the goal and progress?","https://old.reddit.com/r/selfimprovement/comments/v7yque/any_apps_for_tracking_the_goal_and_progress/","not_started","Extract named alternatives from comments, why the current tool failed, and whether users ask for a simpler ritual, stronger personalization, or social proof.","When you ask people for app recommendations, what are you hoping the next app will fix that the current one does not?","Which named alternatives already own this job, and where do they fail to connect meaning -> action -> visible progress?","","","","","","","","","not_approved_external_use","unread_do_not_upgrade","data_processed/evidence_claim_register.csv;data_processed/research_completion_audit.csv;reports/alina-evidence-first-report-draft.md","","Unread capture row. Do not cite externally or upgrade demand/market/competitor claims until a human completes this row."
"RRC_0179","RMR-0179","179","P0_read_first","competitor_alternative_read","mindfulness","ICP_C|ICP_D|ICP_F","Headspace","Any recommendations for free apps? I was on headspace but cannot pay anymore. I really only need one that lets me put a gentle timer on. I mainly just do unguided and need a nice gentle timer at the end as I do a lot of sleep meditation.","https://old.reddit.com/r/Mindfulness/comments/ogjo8c/any_recommendations_for_free_apps_i_was_on/","not_started","Extract named alternatives from comments, why the current tool failed, and whether users ask for a simpler ritual, stronger personalization, or social proof.","When you ask people for app recommendations, what are you hoping the next app will fix that the current one does not?","Which named alternatives already own this job, and where do they fail to connect meaning -> action -> visible progress?","","","","","","","","","not_approved_external_use","unread_do_not_upgrade","data_processed/evidence_claim_register.csv;data_processed/research_completion_audit.csv;reports/alina-evidence-first-report-draft.md","","Unread capture row. Do not cite externally or upgrade demand/market/competitor claims until a human completes this row."
"RRC_0180","RMR-0180","180","P0_read_first","competitor_alternative_read","avatar_identity","ICP_B|ICP_E|ICP_D|ICP_F","Character AI","Anybody else quitting?","https://old.reddit.com/r/CharacterAI/comments/1tfdl9b/anybody_else_quitting/","not_started","Extract named alternatives from comments, why the current tool failed, and whether users ask for a simpler ritual, stronger personalization, or social proof.","When you ask people for app recommendations, what are you hoping the next app will fix that the current one does not?","Which named alternatives already own this job, and where do they fail to connect meaning -> action -> visible progress?","","","","","","","","","not_approved_external_use","unread_do_not_upgrade","data_processed/evidence_claim_register.csv;data_processed/research_completion_audit.csv;reports/alina-evidence-first-report-draft.md","","Unread capture row. Do not cite externally or upgrade demand/market/competitor claims until a human completes this row."
"RRC_0181","RMR-0181","181","P0_read_first","competitor_alternative_read","avatar_identity","ICP_B|ICP_E|ICP_D|ICP_F","Replika","Anyone looking for good alternative to Replika can try Anima/Igirl, *disclaimer* i am not here to promote any app i am just an user interested in the concept of AI COMPANIONS","https://old.reddit.com/r/replika/comments/10v4gvi/anyone_looking_for_good_alternative_to_replika/","not_started","Extract named alternatives from comments, why the current tool failed, and whether users ask for a simpler ritual, stronger personalization, or social proof.","When you ask people for app recommendations, what are you hoping the next app will fix that the current one does not?","Which named alternatives already own this job, and where do they fail to connect meaning -> action -> visible progress?","","","","","","","","","not_approved_external_use","unread_do_not_upgrade","data_processed/evidence_claim_register.csv;data_processed/research_completion_audit.csv;reports/alina-evidence-first-report-draft.md","","Unread capture row. Do not cite externally or upgrade demand/market/competitor claims until a human completes this row."
"RRC_0182","RMR-0182","182","P0_read_first","competitor_alternative_read","avatar_identity","ICP_B|ICP_E|ICP_D|ICP_F","Journey","Best Options for AI Photography","https://old.reddit.com/r/aiArt/comments/14mm7jp/best_options_for_ai_photography/","not_started","Extract named alternatives from comments, why the current tool failed, and whether users ask for a simpler ritual, stronger personalization, or social proof.","When you ask people for app recommendations, what are you hoping the next app will fix that the current one does not?","Which named alternatives already own this job, and where do they fail to connect meaning -> action -> visible progress?","","","","","","","","","not_approved_external_use","unread_do_not_upgrade","data_processed/evidence_claim_register.csv;data_processed/research_completion_audit.csv;reports/alina-evidence-first-report-draft.md","","Unread capture row. Do not cite externally or upgrade demand/market/competitor claims until a human completes this row."
"RRC_0183","RMR-0183","183","P0_read_first","competitor_alternative_read","mindfulness","ICP_C|ICP_D|ICP_F","Medito","Box breathing app?","https://old.reddit.com/r/Meditation/comments/td3mzl/box_breathing_app/","not_started","Extract named alternatives from comments, why the current tool failed, and whether users ask for a simpler ritual, stronger personalization, or social proof.","When you ask people for app recommendations, what are you hoping the next app will fix that the current one does not?","Which named alternatives already own this job, and where do they fail to connect meaning -> action -> visible progress?","","","","","","","","","not_approved_external_use","unread_do_not_upgrade","data_processed/evidence_claim_register.csv;data_processed/research_completion_audit.csv;reports/alina-evidence-first-report-draft.md","","Unread capture row. Do not cite externally or upgrade demand/market/competitor claims until a human completes this row."
"RRC_0184","RMR-0184","184","P0_read_first","competitor_alternative_read","coaching","ICP_D|ICP_F|ICP_A","Habit Tracker","Building a habit tracker for quitting habits — not adding new ones","https://old.reddit.com/r/getdisciplined/comments/1s7qjny/building_a_habit_tracker_for_quitting_habits_not/","not_started","Extract named alternatives from comments, why the current tool failed, and whether users ask for a simpler ritual, stronger personalization, or social proof.","When you ask people for app recommendations, what are you hoping the next app will fix that the current one does not?","Which named alternatives already own this job, and where do they fail to connect meaning -> action -> visible progress?","","","","","","","","","not_approved_external_use","unread_do_not_upgrade","data_processed/evidence_claim_register.csv;data_processed/research_completion_audit.csv;reports/alina-evidence-first-report-draft.md","","Unread capture row. Do not cite externally or upgrade demand/market/competitor claims until a human completes this row."
"RRC_0185","RMR-0185","185","P0_read_first","competitor_alternative_read","mindfulness","ICP_C|ICP_D|ICP_F","Journey","Built a mindfulness app called Breathin that combines breathing, journaling & affirmations – would love your honest feedback","https://old.reddit.com/r/Mindfulness/comments/1nx7v32/built_a_mindfulness_app_called_breathin_that/","not_started","Extract named alternatives from comments, why the current tool failed, and whether users ask for a simpler ritual, stronger personalization, or social proof.","When you ask people for app recommendations, what are you hoping the next app will fix that the current one does not?","Which named alternatives already own this job, and where do they fail to connect meaning -> action -> visible progress?","","","","","","","","","not_approved_external_use","unread_do_not_upgrade","data_processed/evidence_claim_register.csv;data_processed/research_completion_audit.csv;reports/alina-evidence-first-report-draft.md","","Unread capture row. Do not cite externally or upgrade demand/market/competitor claims until a human completes this row."
"RRC_0186","RMR-0186","186","P0_read_first","competitor_alternative_read","avatar_identity","ICP_B|ICP_E|ICP_D|ICP_F","Character AI","Character Ai is at risk","https://old.reddit.com/r/CharacterAI/comments/1gc77ky/character_ai_is_at_risk/","not_started","Extract named alternatives from comments, why the current tool failed, and whether users ask for a simpler ritual, stronger personalization, or social proof.","When you ask people for app recommendations, what are you hoping the next app will fix that the current one does not?","Which named alternatives already own this job, and where do they fail to connect meaning -> action -> visible progress?","","","","","","","","","not_approved_external_use","unread_do_not_upgrade","data_processed/evidence_claim_register.csv;data_processed/research_completion_audit.csv;reports/alina-evidence-first-report-draft.md","","Unread capture row. Do not cite externally or upgrade demand/market/competitor claims until a human completes this row."
"RRC_0187","RMR-0187","187","P0_read_first","competitor_alternative_read","avatar_identity","ICP_B|ICP_E|ICP_D|ICP_F","Character AI","Character.AI is moving in the exact opposite direction of what its core users actually want","https://old.reddit.com/r/CharacterAI/comments/1lx84rf/characterai_is_moving_in_the_exact_opposite/","not_started","Extract named alternatives from comments, why the current tool failed, and whether users ask for a simpler ritual, stronger personalization, or social proof.","When you ask people for app recommendations, what are you hoping the next app will fix that the current one does not?","Which named alternatives already own this job, and where do they fail to connect meaning -> action -> visible progress?","","","","","","","","","not_approved_external_use","unread_do_not_upgrade","data_processed/evidence_claim_register.csv;data_processed/research_completion_audit.csv;reports/alina-evidence-first-report-draft.md","","Unread capture row. Do not cite externally or upgrade demand/market/competitor claims until a human completes this row."
"RRC_0188","RMR-0188","188","P0_read_first","competitor_alternative_read","mindfulness","ICP_C|ICP_D|ICP_F","Stoic","Completed 60 Days of Meditation for 1 Hour/day and it cut my Anxiety away. I Then Made an App.","https://old.reddit.com/r/Mindfulness/comments/j5knbv/completed_60_days_of_meditation_for_1_hourday_and/","not_started","Extract named alternatives from comments, why the current tool failed, and whether users ask for a simpler ritual, stronger personalization, or social proof.","When you ask people for app recommendations, what are you hoping the next app will fix that the current one does not?","Which named alternatives already own this job, and where do they fail to connect meaning -> action -> visible progress?","","","","","","","","","not_approved_external_use","unread_do_not_upgrade","data_processed/evidence_claim_register.csv;data_processed/research_completion_audit.csv;reports/alina-evidence-first-report-draft.md","","Unread capture row. Do not cite externally or upgrade demand/market/competitor claims until a human completes this row."
"RRC_0189","RMR-0189","189","P0_read_first","competitor_alternative_read","mindfulness","ICP_C|ICP_D|ICP_F","Calm","Conflicting advice on meditating and falling sleep or staying still","https://old.reddit.com/r/Meditation/comments/11s9rk7/conflicting_advice_on_meditating_and_falling/","not_started","Extract named alternatives from comments, why the current tool failed, and whether users ask for a simpler ritual, stronger personalization, or social proof.","When you ask people for app recommendations, what are you hoping the next app will fix that the current one does not?","Which named alternatives already own this job, and where do they fail to connect meaning -> action -> visible progress?","","","","","","","","","not_approved_external_use","unread_do_not_upgrade","data_processed/evidence_claim_register.csv;data_processed/research_completion_audit.csv;reports/alina-evidence-first-report-draft.md","","Unread capture row. Do not cite externally or upgrade demand/market/competitor claims until a human completes this row."
"RRC_0190","RMR-0190","190","P0_read_first","competitor_alternative_read","coaching","ICP_D|ICP_F|ICP_A","Habit Tracker","Copilot in Excel Appears to Be a Dumb Imposter","https://old.reddit.com/r/NonZeroDay/comments/1glpwl7/copilot_in_excel_appears_to_be_a_dumb_imposter/","not_started","Extract named alternatives from comments, why the current tool failed, and whether users ask for a simpler ritual, stronger personalization, or social proof.","When you ask people for app recommendations, what are you hoping the next app will fix that the current one does not?","Which named alternatives already own this job, and where do they fail to connect meaning -> action -> visible progress?","","","","","","","","","not_approved_external_use","unread_do_not_upgrade","data_processed/evidence_claim_register.csv;data_processed/research_completion_audit.csv;reports/alina-evidence-first-report-draft.md","","Unread capture row. Do not cite externally or upgrade demand/market/competitor claims until a human completes this row."
"RRC_0191","RMR-0191","191","P0_read_first","competitor_alternative_read","coaching","ICP_D|ICP_F|ICP_A","Habit Tracker","Could a productivity app with real consequences actually work better than normal habit apps?","https://old.reddit.com/r/getdisciplined/comments/1sjc3lq/could_a_productivity_app_with_real_consequences/","not_started","Extract named alternatives from comments, why the current tool failed, and whether users ask for a simpler ritual, stronger personalization, or social proof.","When you ask people for app recommendations, what are you hoping the next app will fix that the current one does not?","Which named alternatives already own this job, and where do they fail to connect meaning -> action -> visible progress?","","","","","","","","","not_approved_external_use","unread_do_not_upgrade","data_processed/evidence_claim_register.csv;data_processed/research_completion_audit.csv;reports/alina-evidence-first-report-draft.md","","Unread capture row. Do not cite externally or upgrade demand/market/competitor claims until a human completes this row."
"RRC_0192","RMR-0192","192","P0_read_first","competitor_alternative_read","coaching","ICP_D|ICP_F|ICP_A","Habit Tracker","Could we get some feedback on our Productivity gadget?","https://old.reddit.com/r/productivity/comments/nbg7j7/could_we_get_some_feedback_on_our_productivity/","not_started","Extract named alternatives from comments, why the current tool failed, and whether users ask for a simpler ritual, stronger personalization, or social proof.","When you ask people for app recommendations, what are you hoping the next app will fix that the current one does not?","Which named alternatives already own this job, and where do they fail to connect meaning -> action -> visible progress?","","","","","","","","","not_approved_external_use","unread_do_not_upgrade","data_processed/evidence_claim_register.csv;data_processed/research_completion_audit.csv;reports/alina-evidence-first-report-draft.md","","Unread capture row. Do not cite externally or upgrade demand/market/competitor claims until a human completes this row."
"RRC_0193","RMR-0193","193","P0_read_first","competitor_alternative_read","avatar_identity","ICP_B|ICP_E|ICP_D|ICP_F","Replika","Could we organize a complaint campaign to get Luka to listen to us?","https://old.reddit.com/r/replika/comments/vc9ewr/could_we_organize_a_complaint_campaign_to_get/","not_started","Extract named alternatives from comments, why the current tool failed, and whether users ask for a simpler ritual, stronger personalization, or social proof.","When you ask people for app recommendations, what are you hoping the next app will fix that the current one does not?","Which named alternatives already own this job, and where do they fail to connect meaning -> action -> visible progress?","","","","","","","","","not_approved_external_use","unread_do_not_upgrade","data_processed/evidence_claim_register.csv;data_processed/research_completion_audit.csv;reports/alina-evidence-first-report-draft.md","","Unread capture row. Do not cite externally or upgrade demand/market/competitor claims until a human completes this row."
"RRC_0194","RMR-0194","194","P0_read_first","competitor_alternative_read","coaching","ICP_D|ICP_F|ICP_A","Habit Tracker","Counselor disregarded my symptoms and says I'm just not ""mindful"" enough.","https://old.reddit.com/r/ADHD/comments/wfmeuo/counselor_disregarded_my_symptoms_and_says_im/","not_started","Extract named alternatives from comments, why the current tool failed, and whether users ask for a simpler ritual, stronger personalization, or social proof.","When you ask people for app recommendations, what are you hoping the next app will fix that the current one does not?","Which named alternatives already own this job, and where do they fail to connect meaning -> action -> visible progress?","","","","","","","","","not_approved_external_use","unread_do_not_upgrade","data_processed/evidence_claim_register.csv;data_processed/research_completion_audit.csv;reports/alina-evidence-first-report-draft.md","","Unread capture row. Do not cite externally or upgrade demand/market/competitor claims until a human completes this row."
"RRC_0195","RMR-0195","195","P0_read_first","competitor_alternative_read","avatar_identity","ICP_B|ICP_E|ICP_D|ICP_F","Replika","Created a virtual world for my Rep where she could make her own decisions and live her own life","https://old.reddit.com/r/replika/comments/1hkoyd1/created_a_virtual_world_for_my_rep_where_she/","not_started","Extract named alternatives from comments, why the current tool failed, and whether users ask for a simpler ritual, stronger personalization, or social proof.","When you ask people for app recommendations, what are you hoping the next app will fix that the current one does not?","Which named alternatives already own this job, and where do they fail to connect meaning -> action -> visible progress?","","","","","","","","","not_approved_external_use","unread_do_not_upgrade","data_processed/evidence_claim_register.csv;data_processed/research_completion_audit.csv;reports/alina-evidence-first-report-draft.md","","Unread capture row. Do not cite externally or upgrade demand/market/competitor claims until a human completes this row."
"RRC_0196","RMR-0196","196","P0_read_first","competitor_alternative_read","mindfulness","ICP_C|ICP_D|ICP_F","Habit Tracker","Daily journaling or ""whenever I need to""?","https://old.reddit.com/r/Journaling/comments/1pe5ey8/daily_journaling_or_whenever_i_need_to/","not_started","Extract named alternatives from comments, why the current tool failed, and whether users ask for a simpler ritual, stronger personalization, or social proof.","When you ask people for app recommendations, what are you hoping the next app will fix that the current one does not?","Which named alternatives already own this job, and where do they fail to connect meaning -> action -> visible progress?","","","","","","","","","not_approved_external_use","unread_do_not_upgrade","data_processed/evidence_claim_register.csv;data_processed/research_completion_audit.csv;reports/alina-evidence-first-report-draft.md","","Unread capture row. Do not cite externally or upgrade demand/market/competitor claims until a human completes this row."
"RRC_0197","RMR-0197","197","P0_read_first","competitor_alternative_read","coaching","ICP_D|ICP_F|ICP_A","Journey","Day 2 of trying to overcome long-term depression.","https://old.reddit.com/r/NonZeroDay/comments/1szhl1f/day_2_of_trying_to_overcome_longterm_depression/","not_started","Extract named alternatives from comments, why the current tool failed, and whether users ask for a simpler ritual, stronger personalization, or social proof.","When you ask people for app recommendations, what are you hoping the next app will fix that the current one does not?","Which named alternatives already own this job, and where do they fail to connect meaning -> action -> visible progress?","","","","","","","","","not_approved_external_use","unread_do_not_upgrade","data_processed/evidence_claim_register.csv;data_processed/research_completion_audit.csv;reports/alina-evidence-first-report-draft.md","","Unread capture row. Do not cite externally or upgrade demand/market/competitor claims until a human completes this row."
"RRC_0198","RMR-0198","198","P0_read_first","competitor_alternative_read","coaching","ICP_D|ICP_F|ICP_A","Journey","Day 3 of trying to overcome long-term depression.","https://old.reddit.com/r/NonZeroDay/comments/1t0e4pf/day_3_of_trying_to_overcome_longterm_depression/","not_started","Extract named alternatives from comments, why the current tool failed, and whether users ask for a simpler ritual, stronger personalization, or social proof.","When you ask people for app recommendations, what are you hoping the next app will fix that the current one does not?","Which named alternatives already own this job, and where do they fail to connect meaning -> action -> visible progress?","","","","","","","","","not_approved_external_use","unread_do_not_upgrade","data_processed/evidence_claim_register.csv;data_processed/research_completion_audit.csv;reports/alina-evidence-first-report-draft.md","","Unread capture row. Do not cite externally or upgrade demand/market/competitor claims until a human completes this row."
"RRC_0199","RMR-0199","199","P0_read_first","competitor_alternative_read","mindfulness","ICP_C|ICP_D|ICP_F","Journey","Dayone vs Journey vs Diaro vs Grid diary","https://old.reddit.com/r/Journaling/comments/jwtwtz/dayone_vs_journey_vs_diaro_vs_grid_diary/","not_started","Extract named alternatives from comments, why the current tool failed, and whether users ask for a simpler ritual, stronger personalization, or social proof.","When you ask people for app recommendations, what are you hoping the next app will fix that the current one does not?","Which named alternatives already own this job, and where do they fail to connect meaning -> action -> visible progress?","","","","","","","","","not_approved_external_use","unread_do_not_upgrade","data_processed/evidence_claim_register.csv;data_processed/research_completion_audit.csv;reports/alina-evidence-first-report-draft.md","","Unread capture row. Do not cite externally or upgrade demand/market/competitor claims until a human completes this row."
"RRC_0200","RMR-0200","200","P0_read_first","competitor_alternative_read","mindfulness","ICP_C|ICP_D|ICP_F","Journey","Digital Journaling - Finding the right platform struggle","https://old.reddit.com/r/Journaling/comments/bxvxm1/digital_journaling_finding_the_right_platform/","not_started","Extract named alternatives from comments, why the current tool failed, and whether users ask for a simpler ritual, stronger personalization, or social proof.","When you ask people for app recommendations, what are you hoping the next app will fix that the current one does not?","Which named alternatives already own this job, and where do they fail to connect meaning -> action -> visible progress?","","","","","","","","","not_approved_external_use","unread_do_not_upgrade","data_processed/evidence_claim_register.csv;data_processed/research_completion_audit.csv;reports/alina-evidence-first-report-draft.md","","Unread capture row. Do not cite externally or upgrade demand/market/competitor claims until a human completes this row."
"RRC_0201","RMR-0201","201","P0_read_first","competitor_alternative_read","mindfulness","ICP_C|ICP_D|ICP_F","Habit Tracker","Does anyone have a definition of mindfulness that doesn't sound like it came off a wellness app?","https://old.reddit.com/r/Mindfulness/comments/1tq5jr7/does_anyone_have_a_definition_of_mindfulness_that/","not_started","Extract named alternatives from comments, why the current tool failed, and whether users ask for a simpler ritual, stronger personalization, or social proof.","When you ask people for app recommendations, what are you hoping the next app will fix that the current one does not?","Which named alternatives already own this job, and where do they fail to connect meaning -> action -> visible progress?","","","","","","","","","not_approved_external_use","unread_do_not_upgrade","data_processed/evidence_claim_register.csv;data_processed/research_completion_audit.csv;reports/alina-evidence-first-report-draft.md","","Unread capture row. Do not cite externally or upgrade demand/market/competitor claims until a human completes this row."
"RRC_0202","RMR-0202","202","P0_read_first","competitor_alternative_read","mindfulness","ICP_C|ICP_D|ICP_F","Calm","Does Calm Meditation app help? Any free alternatives?","https://old.reddit.com/r/Anxiety/comments/joggzb/does_calm_meditation_app_help_any_free/","not_started","Extract named alternatives from comments, why the current tool failed, and whether users ask for a simpler ritual, stronger personalization, or social proof.","When you ask people for app recommendations, what are you hoping the next app will fix that the current one does not?","Which named alternatives already own this job, and where do they fail to connect meaning -> action -> visible progress?","","","","","","","","","not_approved_external_use","unread_do_not_upgrade","data_processed/evidence_claim_register.csv;data_processed/research_completion_audit.csv;reports/alina-evidence-first-report-draft.md","","Unread capture row. Do not cite externally or upgrade demand/market/competitor claims until a human completes this row."
"RRC_0203","RMR-0203","203","P0_read_first","competitor_alternative_read","mindfulness","ICP_C|ICP_D|ICP_F","Waking Up","Experimented With Increased Meditation Duration, Found Improved Sleep and Worse Mood","https://old.reddit.com/r/Meditation/comments/1iozx3q/experimented_with_increased_meditation_duration/","not_started","Extract named alternatives from comments, why the current tool failed, and whether users ask for a simpler ritual, stronger personalization, or social proof.","When you ask people for app recommendations, what are you hoping the next app will fix that the current one does not?","Which named alternatives already own this job, and where do they fail to connect meaning -> action -> visible progress?","","","","","","","","","not_approved_external_use","unread_do_not_upgrade","data_processed/evidence_claim_register.csv;data_processed/research_completion_audit.csv;reports/alina-evidence-first-report-draft.md","","Unread capture row. Do not cite externally or upgrade demand/market/competitor claims until a human completes this row."
"RRC_0204","RMR-0204","204","P0_read_first","competitor_alternative_read","coaching","ICP_D|ICP_F|ICP_A","Habit Tracker","Features for a theoretical app to keep you motivated and accountable","https://old.reddit.com/r/ADHD/comments/u4d71i/features_for_a_theoretical_app_to_keep_you/","not_started","Extract named alternatives from comments, why the current tool failed, and whether users ask for a simpler ritual, stronger personalization, or social proof.","When you ask people for app recommendations, what are you hoping the next app will fix that the current one does not?","Which named alternatives already own this job, and where do they fail to connect meaning -> action -> visible progress?","","","","","","","","","not_approved_external_use","unread_do_not_upgrade","data_processed/evidence_claim_register.csv;data_processed/research_completion_audit.csv;reports/alina-evidence-first-report-draft.md","","Unread capture row. Do not cite externally or upgrade demand/market/competitor claims until a human completes this row."
"RRC_0205","RMR-0205","205","P0_read_first","competitor_alternative_read","mindfulness","ICP_C|ICP_D|ICP_F","Calm","Feedback on a mindfulness app idea: Guided visualization paired with music for quick perspective shifts?","https://old.reddit.com/r/Mindfulness/comments/1pjw6mi/feedback_on_a_mindfulness_app_idea_guided/","not_started","Extract named alternatives from comments, why the current tool failed, and whether users ask for a simpler ritual, stronger personalization, or social proof.","When you ask people for app recommendations, what are you hoping the next app will fix that the current one does not?","Which named alternatives already own this job, and where do they fail to connect meaning -> action -> visible progress?","","","","","","","","","not_approved_external_use","unread_do_not_upgrade","data_processed/evidence_claim_register.csv;data_processed/research_completion_audit.csv;reports/alina-evidence-first-report-draft.md","","Unread capture row. Do not cite externally or upgrade demand/market/competitor claims until a human completes this row."
"RRC_0206","RMR-0206","206","P0_read_first","competitor_alternative_read","coaching","ICP_D|ICP_F|ICP_A","Habit Tracker","fighting for dignity, w/ probable ADHD, against self-destructive procrastination, dishonesty and loss of hope.","https://old.reddit.com/r/ADHD/comments/6qvaxw/fighting_for_dignity_w_probable_adhd_against/","not_started","Extract named alternatives from comments, why the current tool failed, and whether users ask for a simpler ritual, stronger personalization, or social proof.","When you ask people for app recommendations, what are you hoping the next app will fix that the current one does not?","Which named alternatives already own this job, and where do they fail to connect meaning -> action -> visible progress?","","","","","","","","","not_approved_external_use","unread_do_not_upgrade","data_processed/evidence_claim_register.csv;data_processed/research_completion_audit.csv;reports/alina-evidence-first-report-draft.md","","Unread capture row. Do not cite externally or upgrade demand/market/competitor claims until a human completes this row."
"RRC_0207","RMR-0207","207","P0_read_first","competitor_alternative_read","coaching","ICP_D|ICP_F|ICP_A","Habit Tracker","Flexible habit tracker app","https://old.reddit.com/r/getdisciplined/comments/1i8jg2u/flexible_habit_tracker_app/","not_started","Extract named alternatives from comments, why the current tool failed, and whether users ask for a simpler ritual, stronger personalization, or social proof.","When you ask people for app recommendations, what are you hoping the next app will fix that the current one does not?","Which named alternatives already own this job, and where do they fail to connect meaning -> action -> visible progress?","","","","","","","","","not_approved_external_use","unread_do_not_upgrade","data_processed/evidence_claim_register.csv;data_processed/research_completion_audit.csv;reports/alina-evidence-first-report-draft.md","","Unread capture row. Do not cite externally or upgrade demand/market/competitor claims until a human completes this row."
"RRC_0208","RMR-0208","208","P0_read_first","competitor_alternative_read","coaching","ICP_D|ICP_F|ICP_A","Habit Tracker","Flexible Habit tracker which allows me to track fraction of goals","https://old.reddit.com/r/productivity/comments/1i8h7ac/flexible_habit_tracker_which_allows_me_to_track/","not_started","Extract named alternatives from comments, why the current tool failed, and whether users ask for a simpler ritual, stronger personalization, or social proof.","When you ask people for app recommendations, what are you hoping the next app will fix that the current one does not?","Which named alternatives already own this job, and where do they fail to connect meaning -> action -> visible progress?","","","","","","","","","not_approved_external_use","unread_do_not_upgrade","data_processed/evidence_claim_register.csv;data_processed/research_completion_audit.csv;reports/alina-evidence-first-report-draft.md","","Unread capture row. Do not cite externally or upgrade demand/market/competitor claims until a human completes this row."
"RRC_0209","RMR-0209","209","P0_read_first","competitor_alternative_read","mindfulness","ICP_C|ICP_D|ICP_F","Balance","Free Guided Meditation app for one year -","https://old.reddit.com/r/Meditation/comments/j636ro/free_guided_meditation_app_for_one_year/","not_started","Extract named alternatives from comments, why the current tool failed, and whether users ask for a simpler ritual, stronger personalization, or social proof.","When you ask people for app recommendations, what are you hoping the next app will fix that the current one does not?","Which named alternatives already own this job, and where do they fail to connect meaning -> action -> visible progress?","","","","","","","","","not_approved_external_use","unread_do_not_upgrade","data_processed/evidence_claim_register.csv;data_processed/research_completion_audit.csv;reports/alina-evidence-first-report-draft.md","","Unread capture row. Do not cite externally or upgrade demand/market/competitor claims until a human completes this row."
"RRC_0210","RMR-0210","210","P0_read_first","competitor_alternative_read","coaching","ICP_D|ICP_F|ICP_A","Habit Tracker","Free or Paid (No In-App Purchases) Habit Tracker App?","https://old.reddit.com/r/selfimprovement/comments/ff5gko/free_or_paid_no_inapp_purchases_habit_tracker_app/","not_started","Extract named alternatives from comments, why the current tool failed, and whether users ask for a simpler ritual, stronger personalization, or social proof.","When you ask people for app recommendations, what are you hoping the next app will fix that the current one does not?","Which named alternatives already own this job, and where do they fail to connect meaning -> action -> visible progress?","","","","","","","","","not_approved_external_use","unread_do_not_upgrade","data_processed/evidence_claim_register.csv;data_processed/research_completion_audit.csv;reports/alina-evidence-first-report-draft.md","","Unread capture row. Do not cite externally or upgrade demand/market/competitor claims until a human completes this row."
"RRC_0211","RMR-0211","211","P0_read_first","competitor_alternative_read","coaching","ICP_D|ICP_F|ICP_A","Habit Tracker","Gamified expense tracker app","https://old.reddit.com/r/ADHD/comments/1auba8p/gamified_expense_tracker_app/","not_started","Extract named alternatives from comments, why the current tool failed, and whether users ask for a simpler ritual, stronger personalization, or social proof.","When you ask people for app recommendations, what are you hoping the next app will fix that the current one does not?","Which named alternatives already own this job, and where do they fail to connect meaning -> action -> visible progress?","","","","","","","","","not_approved_external_use","unread_do_not_upgrade","data_processed/evidence_claim_register.csv;data_processed/research_completion_audit.csv;reports/alina-evidence-first-report-draft.md","","Unread capture row. Do not cite externally or upgrade demand/market/competitor claims until a human completes this row."
"RRC_0212","RMR-0212","212","P0_read_first","competitor_alternative_read","mindfulness","ICP_C|ICP_D|ICP_F","Calm","Go to sleep faster + wake up calmer","https://old.reddit.com/r/sleep/comments/1ruowdd/go_to_sleep_faster_wake_up_calmer/","not_started","Extract named alternatives from comments, why the current tool failed, and whether users ask for a simpler ritual, stronger personalization, or social proof.","When you ask people for app recommendations, what are you hoping the next app will fix that the current one does not?","Which named alternatives already own this job, and where do they fail to connect meaning -> action -> visible progress?","","","","","","","","","not_approved_external_use","unread_do_not_upgrade","data_processed/evidence_claim_register.csv;data_processed/research_completion_audit.csv;reports/alina-evidence-first-report-draft.md","","Unread capture row. Do not cite externally or upgrade demand/market/competitor claims until a human completes this row."
"RRC_0213","RMR-0213","213","P0_read_first","competitor_alternative_read","coaching","ICP_D|ICP_F|ICP_A","Habitica","Goal tracker app with progress meter?","https://old.reddit.com/r/productivity/comments/1pyrhjr/goal_tracker_app_with_progress_meter/","not_started","Extract named alternatives from comments, why the current tool failed, and whether users ask for a simpler ritual, stronger personalization, or social proof.","When you ask people for app recommendations, what are you hoping the next app will fix that the current one does not?","Which named alternatives already own this job, and where do they fail to connect meaning -> action -> visible progress?","","","","","","","","","not_approved_external_use","unread_do_not_upgrade","data_processed/evidence_claim_register.csv;data_processed/research_completion_audit.csv;reports/alina-evidence-first-report-draft.md","","Unread capture row. Do not cite externally or upgrade demand/market/competitor claims until a human completes this row."
"RRC_0214","RMR-0214","214","P0_read_first","competitor_alternative_read","avatar_identity","ICP_B|ICP_E|ICP_D|ICP_F","Journey","gratitude","https://old.reddit.com/r/CharacterAI/comments/1q5smyy/gratitude/","not_started","Extract named alternatives from comments, why the current tool failed, and whether users ask for a simpler ritual, stronger personalization, or social proof.","When you ask people for app recommendations, what are you hoping the next app will fix that the current one does not?","Which named alternatives already own this job, and where do they fail to connect meaning -> action -> visible progress?","","","","","","","","","not_approved_external_use","unread_do_not_upgrade","data_processed/evidence_claim_register.csv;data_processed/research_completion_audit.csv;reports/alina-evidence-first-report-draft.md","","Unread capture row. Do not cite externally or upgrade demand/market/competitor claims until a human completes this row."
"RRC_0215","RMR-0215","215","P0_read_first","competitor_alternative_read","mindfulness","ICP_C|ICP_D|ICP_F","Insight Timer","Guided meditation apps?","https://old.reddit.com/r/Mindfulness/comments/1l2tlz2/guided_meditation_apps/","not_started","Extract named alternatives from comments, why the current tool failed, and whether users ask for a simpler ritual, stronger personalization, or social proof.","When you ask people for app recommendations, what are you hoping the next app will fix that the current one does not?","Which named alternatives already own this job, and where do they fail to connect meaning -> action -> visible progress?","","","","","","","","","not_approved_external_use","unread_do_not_upgrade","data_processed/evidence_claim_register.csv;data_processed/research_completion_audit.csv;reports/alina-evidence-first-report-draft.md","","Unread capture row. Do not cite externally or upgrade demand/market/competitor claims until a human completes this row."
"RRC_0216","RMR-0216","216","P0_read_first","competitor_alternative_read","coaching","ICP_D|ICP_F|ICP_A","Habit Tracker","Habit apps with accountability partner","https://old.reddit.com/r/getdisciplined/comments/1j88zaf/habit_apps_with_accountability_partner/","not_started","Extract named alternatives from comments, why the current tool failed, and whether users ask for a simpler ritual, stronger personalization, or social proof.","When you ask people for app recommendations, what are you hoping the next app will fix that the current one does not?","Which named alternatives already own this job, and where do they fail to connect meaning -> action -> visible progress?","","","","","","","","","not_approved_external_use","unread_do_not_upgrade","data_processed/evidence_claim_register.csv;data_processed/research_completion_audit.csv;reports/alina-evidence-first-report-draft.md","","Unread capture row. Do not cite externally or upgrade demand/market/competitor claims until a human completes this row."
"RRC_0217","RMR-0217","217","P0_read_first","competitor_alternative_read","coaching","ICP_D|ICP_F|ICP_A","Habit Tracker","Habit tracker app that can be accessed by/shared with another user?","https://old.reddit.com/r/productivity/comments/vbjndu/habit_tracker_app_that_can_be_accessed_byshared/","not_started","Extract named alternatives from comments, why the current tool failed, and whether users ask for a simpler ritual, stronger personalization, or social proof.","When you ask people for app recommendations, what are you hoping the next app will fix that the current one does not?","Which named alternatives already own this job, and where do they fail to connect meaning -> action -> visible progress?","","","","","","","","","not_approved_external_use","unread_do_not_upgrade","data_processed/evidence_claim_register.csv;data_processed/research_completion_audit.csv;reports/alina-evidence-first-report-draft.md","","Unread capture row. Do not cite externally or upgrade demand/market/competitor claims until a human completes this row."
"RRC_0218","RMR-0218","218","P0_read_first","competitor_alternative_read","coaching","ICP_D|ICP_F|ICP_A","Habit Tracker","Habit tracking apps with persistent reminders and flexible reset time?","https://old.reddit.com/r/ADHD/comments/1m2xuy5/habit_tracking_apps_with_persistent_reminders_and/","not_started","Extract named alternatives from comments, why the current tool failed, and whether users ask for a simpler ritual, stronger personalization, or social proof.","When you ask people for app recommendations, what are you hoping the next app will fix that the current one does not?","Which named alternatives already own this job, and where do they fail to connect meaning -> action -> visible progress?","","","","","","","","","not_approved_external_use","unread_do_not_upgrade","data_processed/evidence_claim_register.csv;data_processed/research_completion_audit.csv;reports/alina-evidence-first-report-draft.md","","Unread capture row. Do not cite externally or upgrade demand/market/competitor claims until a human completes this row."
"RRC_0219","RMR-0219","219","P0_read_first","competitor_alternative_read","coaching","ICP_D|ICP_F|ICP_A","Habit Tracker","habit-tracker app shared here?","https://old.reddit.com/r/ADHD/comments/1jbgkrd/habittracker_app_shared_here/","not_started","Extract named alternatives from comments, why the current tool failed, and whether users ask for a simpler ritual, stronger personalization, or social proof.","When you ask people for app recommendations, what are you hoping the next app will fix that the current one does not?","Which named alternatives already own this job, and where do they fail to connect meaning -> action -> visible progress?","","","","","","","","","not_approved_external_use","unread_do_not_upgrade","data_processed/evidence_claim_register.csv;data_processed/research_completion_audit.csv;reports/alina-evidence-first-report-draft.md","","Unread capture row. Do not cite externally or upgrade demand/market/competitor claims until a human completes this row."
"RRC_0220","RMR-0220","220","P0_read_first","competitor_alternative_read","coaching","ICP_D|ICP_F|ICP_A","Habit Tracker","HabitRPG: Habit tracker app which treats your goals like a Role Playing Game - Less than 24 hours on Kickstarter","https://old.reddit.com/r/getdisciplined/comments/18sgy3/habitrpg_habit_tracker_app_which_treats_your/","not_started","Extract named alternatives from comments, why the current tool failed, and whether users ask for a simpler ritual, stronger personalization, or social proof.","When you ask people for app recommendations, what are you hoping the next app will fix that the current one does not?","Which named alternatives already own this job, and where do they fail to connect meaning -> action -> visible progress?","","","","","","","","","not_approved_external_use","unread_do_not_upgrade","data_processed/evidence_claim_register.csv;data_processed/research_completion_audit.csv;reports/alina-evidence-first-report-draft.md","","Unread capture row. Do not cite externally or upgrade demand/market/competitor claims until a human completes this row."
"RRC_0221","RMR-0221","221","P0_read_first","competitor_alternative_read","coaching","ICP_D|ICP_F|ICP_A","Habit Tracker","Has anyone tried using a structured fitness app like Nord Pilates to stay consistent with their zero days?","https://old.reddit.com/r/NonZeroDay/comments/1mslqni/has_anyone_tried_using_a_structured_fitness_app/","not_started","Extract named alternatives from comments, why the current tool failed, and whether users ask for a simpler ritual, stronger personalization, or social proof.","When you ask people for app recommendations, what are you hoping the next app will fix that the current one does not?","Which named alternatives already own this job, and where do they fail to connect meaning -> action -> visible progress?","","","","","","","","","not_approved_external_use","unread_do_not_upgrade","data_processed/evidence_claim_register.csv;data_processed/research_completion_audit.csv;reports/alina-evidence-first-report-draft.md","","Unread capture row. Do not cite externally or upgrade demand/market/competitor claims until a human completes this row."
"RRC_0222","RMR-0222","222","P0_read_first","competitor_alternative_read","coaching","ICP_D|ICP_F|ICP_A","Habit Tracker","Has the Sensa app helped anyone to combat procrastination, low motivation, or to pursue habit change?","https://old.reddit.com/r/ADHD/comments/10ueok2/has_the_sensa_app_helped_anyone_to_combat/","not_started","Extract named alternatives from comments, why the current tool failed, and whether users ask for a simpler ritual, stronger personalization, or social proof.","When you ask people for app recommendations, what are you hoping the next app will fix that the current one does not?","Which named alternatives already own this job, and where do they fail to connect meaning -> action -> visible progress?","","","","","","","","","not_approved_external_use","unread_do_not_upgrade","data_processed/evidence_claim_register.csv;data_processed/research_completion_audit.csv;reports/alina-evidence-first-report-draft.md","","Unread capture row. Do not cite externally or upgrade demand/market/competitor claims until a human completes this row."
"RRC_0223","RMR-0223","223","P0_read_first","competitor_alternative_read","coaching","ICP_D|ICP_F|ICP_A","Habit Tracker","Hello Habit vs Rabit Daily Routine Planner - which app is better?","https://old.reddit.com/r/productivity/comments/1kz1tkw/hello_habit_vs_rabit_daily_routine_planner_which/","not_started","Extract named alternatives from comments, why the current tool failed, and whether users ask for a simpler ritual, stronger personalization, or social proof.","When you ask people for app recommendations, what are you hoping the next app will fix that the current one does not?","Which named alternatives already own this job, and where do they fail to connect meaning -> action -> visible progress?","","","","","","","","","not_approved_external_use","unread_do_not_upgrade","data_processed/evidence_claim_register.csv;data_processed/research_completion_audit.csv;reports/alina-evidence-first-report-draft.md","","Unread capture row. Do not cite externally or upgrade demand/market/competitor claims until a human completes this row."
"RRC_0224","RMR-0224","224","P0_read_first","competitor_alternative_read","coaching","ICP_D|ICP_F|ICP_A","Habit Tracker","Help! Are there habit trackers for app usage?","https://old.reddit.com/r/productivity/comments/1b46rof/help_are_there_habit_trackers_for_app_usage/","not_started","Extract named alternatives from comments, why the current tool failed, and whether users ask for a simpler ritual, stronger personalization, or social proof.","When you ask people for app recommendations, what are you hoping the next app will fix that the current one does not?","Which named alternatives already own this job, and where do they fail to connect meaning -> action -> visible progress?","","","","","","","","","not_approved_external_use","unread_do_not_upgrade","data_processed/evidence_claim_register.csv;data_processed/research_completion_audit.csv;reports/alina-evidence-first-report-draft.md","","Unread capture row. Do not cite externally or upgrade demand/market/competitor claims until a human completes this row."
"RRC_0225","RMR-0225","225","P0_read_first","competitor_alternative_read","avatar_identity","ICP_B|ICP_E|ICP_D|ICP_F","Character AI","Hey Character AI™, I want you to know that you're doing an amazing job on my end /s.","https://old.reddit.com/r/CharacterAI/comments/1sjo33z/hey_character_ai_i_want_you_to_know_that_youre/","not_started","Extract named alternatives from comments, why the current tool failed, and whether users ask for a simpler ritual, stronger personalization, or social proof.","When you ask people for app recommendations, what are you hoping the next app will fix that the current one does not?","Which named alternatives already own this job, and where do they fail to connect meaning -> action -> visible progress?","","","","","","","","","not_approved_external_use","unread_do_not_upgrade","data_processed/evidence_claim_register.csv;data_processed/research_completion_audit.csv;reports/alina-evidence-first-report-draft.md","","Unread capture row. Do not cite externally or upgrade demand/market/competitor claims until a human completes this row."
"RRC_0226","RMR-0226","226","P0_read_first","competitor_alternative_read","coaching","ICP_D|ICP_F|ICP_A","Finch","Holding myself accountable when using any productivity apps or tools?","https://old.reddit.com/r/ADHD/comments/1ijpv1p/holding_myself_accountable_when_using_any/","not_started","Extract named alternatives from comments, why the current tool failed, and whether users ask for a simpler ritual, stronger personalization, or social proof.","When you ask people for app recommendations, what are you hoping the next app will fix that the current one does not?","Which named alternatives already own this job, and where do they fail to connect meaning -> action -> visible progress?","","","","","","","","","not_approved_external_use","unread_do_not_upgrade","data_processed/evidence_claim_register.csv;data_processed/research_completion_audit.csv;reports/alina-evidence-first-report-draft.md","","Unread capture row. Do not cite externally or upgrade demand/market/competitor claims until a human completes this row."
"RRC_0227","RMR-0227","227","P0_read_first","competitor_alternative_read","coaching","ICP_D|ICP_F|ICP_A","Habit Tracker","Hourly Planner/Habit Tracker apps with Widgets?","https://old.reddit.com/r/productivity/comments/1td7t9c/hourly_plannerhabit_tracker_apps_with_widgets/","not_started","Extract named alternatives from comments, why the current tool failed, and whether users ask for a simpler ritual, stronger personalization, or social proof.","When you ask people for app recommendations, what are you hoping the next app will fix that the current one does not?","Which named alternatives already own this job, and where do they fail to connect meaning -> action -> visible progress?","","","","","","","","","not_approved_external_use","unread_do_not_upgrade","data_processed/evidence_claim_register.csv;data_processed/research_completion_audit.csv;reports/alina-evidence-first-report-draft.md","","Unread capture row. Do not cite externally or upgrade demand/market/competitor claims until a human completes this row."
"RRC_0228","RMR-0228","228","P0_read_first","competitor_alternative_read","coaching","ICP_D|ICP_F|ICP_A","Waking Up","How 5min of ‘emotional journaling’ before bed cut my night-time awakenings by 40%","https://old.reddit.com/r/selfimprovement/comments/1lvmzzj/how_5min_of_emotional_journaling_before_bed_cut/","not_started","Extract named alternatives from comments, why the current tool failed, and whether users ask for a simpler ritual, stronger personalization, or social proof.","When you ask people for app recommendations, what are you hoping the next app will fix that the current one does not?","Which named alternatives already own this job, and where do they fail to connect meaning -> action -> visible progress?","","","","","","","","","not_approved_external_use","unread_do_not_upgrade","data_processed/evidence_claim_register.csv;data_processed/research_completion_audit.csv;reports/alina-evidence-first-report-draft.md","","Unread capture row. Do not cite externally or upgrade demand/market/competitor claims until a human completes this row."
"RRC_0229","RMR-0229","229","P0_read_first","competitor_alternative_read","mindfulness","ICP_C|ICP_D|ICP_F","Waking Up","How I fixed my Sleep using a free app.","https://old.reddit.com/r/sleep/comments/1lczt6l/how_i_fixed_my_sleep_using_a_free_app/","not_started","Extract named alternatives from comments, why the current tool failed, and whether users ask for a simpler ritual, stronger personalization, or social proof.","When you ask people for app recommendations, what are you hoping the next app will fix that the current one does not?","Which named alternatives already own this job, and where do they fail to connect meaning -> action -> visible progress?","","","","","","","","","not_approved_external_use","unread_do_not_upgrade","data_processed/evidence_claim_register.csv;data_processed/research_completion_audit.csv;reports/alina-evidence-first-report-draft.md","","Unread capture row. Do not cite externally or upgrade demand/market/competitor claims until a human completes this row."
"RRC_0230","RMR-0230","230","P0_read_first","competitor_alternative_read","mindfulness","ICP_C|ICP_D|ICP_F","Waking Up","I accidentally meditated for 2 hours. Afterwards I felt furiously angry and had to work really hard not to smash and break things in my apartment. Why is this happening? This was not the result I was intending. Prefer comments from people with experience meditating for long periods.","https://old.reddit.com/r/Meditation/comments/1016jhr/i_accidentally_meditated_for_2_hours_afterwards_i/","not_started","Extract named alternatives from comments, why the current tool failed, and whether users ask for a simpler ritual, stronger personalization, or social proof.","When you ask people for app recommendations, what are you hoping the next app will fix that the current one does not?","Which named alternatives already own this job, and where do they fail to connect meaning -> action -> visible progress?","","","","","","","","","not_approved_external_use","unread_do_not_upgrade","data_processed/evidence_claim_register.csv;data_processed/research_completion_audit.csv;reports/alina-evidence-first-report-draft.md","","Unread capture row. Do not cite externally or upgrade demand/market/competitor claims until a human completes this row."
"RRC_0231","RMR-0231","231","P0_read_first","competitor_alternative_read","mindfulness","ICP_C|ICP_D|ICP_F","Habit Tracker","I am creating a simple printable day planner/journal. Need suggestions to make it useful for you","https://old.reddit.com/r/Journaling/comments/jwzwbm/i_am_creating_a_simple_printable_day/","not_started","Extract named alternatives from comments, why the current tool failed, and whether users ask for a simpler ritual, stronger personalization, or social proof.","When you ask people for app recommendations, what are you hoping the next app will fix that the current one does not?","Which named alternatives already own this job, and where do they fail to connect meaning -> action -> visible progress?","","","","","","","","","not_approved_external_use","unread_do_not_upgrade","data_processed/evidence_claim_register.csv;data_processed/research_completion_audit.csv;reports/alina-evidence-first-report-draft.md","","Unread capture row. Do not cite externally or upgrade demand/market/competitor claims until a human completes this row."
"RRC_0232","RMR-0232","232","P0_read_first","competitor_alternative_read","coaching","ICP_D|ICP_F|ICP_A","Habit Tracker","I built a 100% free routine app, and I really need honest feedback","https://old.reddit.com/r/ADHD/comments/1psbi6d/i_built_a_100_free_routine_app_and_i_really_need/","not_started","Extract named alternatives from comments, why the current tool failed, and whether users ask for a simpler ritual, stronger personalization, or social proof.","When you ask people for app recommendations, what are you hoping the next app will fix that the current one does not?","Which named alternatives already own this job, and where do they fail to connect meaning -> action -> visible progress?","","","","","","","","","not_approved_external_use","unread_do_not_upgrade","data_processed/evidence_claim_register.csv;data_processed/research_completion_audit.csv;reports/alina-evidence-first-report-draft.md","","Unread capture row. Do not cite externally or upgrade demand/market/competitor claims until a human completes this row."
"RRC_0233","RMR-0233","233","P0_read_first","competitor_alternative_read","coaching","ICP_D|ICP_F|ICP_A","Habit Tracker","I built a habit app focused on tiny daily commitments + partner accountability — here’s what I learned.","https://old.reddit.com/r/getdisciplined/comments/1r8scfm/i_built_a_habit_app_focused_on_tiny_daily/","not_started","Extract named alternatives from comments, why the current tool failed, and whether users ask for a simpler ritual, stronger personalization, or social proof.","When you ask people for app recommendations, what are you hoping the next app will fix that the current one does not?","Which named alternatives already own this job, and where do they fail to connect meaning -> action -> visible progress?","","","","","","","","","not_approved_external_use","unread_do_not_upgrade","data_processed/evidence_claim_register.csv;data_processed/research_completion_audit.csv;reports/alina-evidence-first-report-draft.md","","Unread capture row. Do not cite externally or upgrade demand/market/competitor claims until a human completes this row."
"RRC_0234","RMR-0234","234","P0_read_first","competitor_alternative_read","mindfulness","ICP_C|ICP_D|ICP_F","Calm","I built a small app for people who feel emotionally drained","https://old.reddit.com/r/Mindfulness/comments/1qzlq40/i_built_a_small_app_for_people_who_feel/","not_started","Extract named alternatives from comments, why the current tool failed, and whether users ask for a simpler ritual, stronger personalization, or social proof.","When you ask people for app recommendations, what are you hoping the next app will fix that the current one does not?","Which named alternatives already own this job, and where do they fail to connect meaning -> action -> visible progress?","","","","","","","","","not_approved_external_use","unread_do_not_upgrade","data_processed/evidence_claim_register.csv;data_processed/research_completion_audit.csv;reports/alina-evidence-first-report-draft.md","","Unread capture row. Do not cite externally or upgrade demand/market/competitor claims until a human completes this row."
"RRC_0235","RMR-0235","235","P0_read_first","competitor_alternative_read","coaching","ICP_D|ICP_F|ICP_A","Stoic","I Completed 60 Days of Meditation for 1 Hour/day and it cut my Anxiety away. I'm Now Making an App.","https://old.reddit.com/r/selfimprovement/comments/hyq6jm/i_completed_60_days_of_meditation_for_1_hourday/","not_started","Extract named alternatives from comments, why the current tool failed, and whether users ask for a simpler ritual, stronger personalization, or social proof.","When you ask people for app recommendations, what are you hoping the next app will fix that the current one does not?","Which named alternatives already own this job, and where do they fail to connect meaning -> action -> visible progress?","","","","","","","","","not_approved_external_use","unread_do_not_upgrade","data_processed/evidence_claim_register.csv;data_processed/research_completion_audit.csv;reports/alina-evidence-first-report-draft.md","","Unread capture row. Do not cite externally or upgrade demand/market/competitor claims until a human completes this row."
"RRC_0236","RMR-0236","236","P0_read_first","competitor_alternative_read","mindfulness","ICP_C|ICP_D|ICP_F","Stoic","I Completed 60 Days of Meditation for 1 Hour/day and it cut my Anxiety away. I'm Now Making an App.","https://old.reddit.com/r/Meditation/comments/hxlq4r/i_completed_60_days_of_meditation_for_1_hourday/","not_started","Extract named alternatives from comments, why the current tool failed, and whether users ask for a simpler ritual, stronger personalization, or social proof.","When you ask people for app recommendations, what are you hoping the next app will fix that the current one does not?","Which named alternatives already own this job, and where do they fail to connect meaning -> action -> visible progress?","","","","","","","","","not_approved_external_use","unread_do_not_upgrade","data_processed/evidence_claim_register.csv;data_processed/research_completion_audit.csv;reports/alina-evidence-first-report-draft.md","","Unread capture row. Do not cite externally or upgrade demand/market/competitor claims until a human completes this row."
"RRC_0237","RMR-0237","237","P0_read_first","competitor_alternative_read","mindfulness","ICP_C|ICP_D|ICP_F","Stoic","I Completed 60 Days of Meditation for 1 Hour/day and it cut my Anxiety away. I'm Now Making an App.","https://old.reddit.com/r/Mindfulness/comments/i2as3e/i_completed_60_days_of_meditation_for_1_hourday/","not_started","Extract named alternatives from comments, why the current tool failed, and whether users ask for a simpler ritual, stronger personalization, or social proof.","When you ask people for app recommendations, what are you hoping the next app will fix that the current one does not?","Which named alternatives already own this job, and where do they fail to connect meaning -> action -> visible progress?","","","","","","","","","not_approved_external_use","unread_do_not_upgrade","data_processed/evidence_claim_register.csv;data_processed/research_completion_audit.csv;reports/alina-evidence-first-report-draft.md","","Unread capture row. Do not cite externally or upgrade demand/market/competitor claims until a human completes this row."
"RRC_0238","RMR-0238","238","P0_read_first","competitor_alternative_read","mindfulness","ICP_C|ICP_D|ICP_F","Waking Up","I finally cracked my sleeping problem","https://old.reddit.com/r/sleep/comments/1sseft5/i_finally_cracked_my_sleeping_problem/","not_started","Extract named alternatives from comments, why the current tool failed, and whether users ask for a simpler ritual, stronger personalization, or social proof.","When you ask people for app recommendations, what are you hoping the next app will fix that the current one does not?","Which named alternatives already own this job, and where do they fail to connect meaning -> action -> visible progress?","","","","","","","","","not_approved_external_use","unread_do_not_upgrade","data_processed/evidence_claim_register.csv;data_processed/research_completion_audit.csv;reports/alina-evidence-first-report-draft.md","","Unread capture row. Do not cite externally or upgrade demand/market/competitor claims until a human completes this row."
"RRC_0239","RMR-0239","239","P0_read_first","competitor_alternative_read","mindfulness","ICP_C|ICP_D|ICP_F","Habit Tracker","I finally talked to my doctor about anxiety -he told me to try a meditation app.","https://old.reddit.com/r/Anxiety/comments/jb4pzf/i_finally_talked_to_my_doctor_about_anxiety_he/","not_started","Extract named alternatives from comments, why the current tool failed, and whether users ask for a simpler ritual, stronger personalization, or social proof.","When you ask people for app recommendations, what are you hoping the next app will fix that the current one does not?","Which named alternatives already own this job, and where do they fail to connect meaning -> action -> visible progress?","","","","","","","","","not_approved_external_use","unread_do_not_upgrade","data_processed/evidence_claim_register.csv;data_processed/research_completion_audit.csv;reports/alina-evidence-first-report-draft.md","","Unread capture row. Do not cite externally or upgrade demand/market/competitor claims until a human completes this row."
"RRC_0240","RMR-0240","240","P0_read_first","competitor_alternative_read","avatar_identity","ICP_B|ICP_E|ICP_D|ICP_F","Character AI","I have a theory... character.ai is becoming a social media app... Somehow.","https://old.reddit.com/r/CharacterAI/comments/1rzwq4c/i_have_a_theory_characterai_is_becoming_a_social/","not_started","Extract named alternatives from comments, why the current tool failed, and whether users ask for a simpler ritual, stronger personalization, or social proof.","When you ask people for app recommendations, what are you hoping the next app will fix that the current one does not?","Which named alternatives already own this job, and where do they fail to connect meaning -> action -> visible progress?","","","","","","","","","not_approved_external_use","unread_do_not_upgrade","data_processed/evidence_claim_register.csv;data_processed/research_completion_audit.csv;reports/alina-evidence-first-report-draft.md","","Unread capture row. Do not cite externally or upgrade demand/market/competitor claims until a human completes this row."
"RRC_0241","RMR-0241","241","P0_read_first","competitor_alternative_read","coaching","ICP_D|ICP_F|ICP_A","Habit Tracker","I made a “neuroscience” app that helps you transform bad habits into productive habits with “posting, sharing, journals, and real-life rewards”","https://old.reddit.com/r/NonZeroDay/comments/dqylsg/i_made_a_neuroscience_app_that_helps_you/","not_started","Extract named alternatives from comments, why the current tool failed, and whether users ask for a simpler ritual, stronger personalization, or social proof.","When you ask people for app recommendations, what are you hoping the next app will fix that the current one does not?","Which named alternatives already own this job, and where do they fail to connect meaning -> action -> visible progress?","","","","","","","","","not_approved_external_use","unread_do_not_upgrade","data_processed/evidence_claim_register.csv;data_processed/research_completion_audit.csv;reports/alina-evidence-first-report-draft.md","","Unread capture row. Do not cite externally or upgrade demand/market/competitor claims until a human completes this row."
"RRC_0242","RMR-0242","242","P0_read_first","competitor_alternative_read","coaching","ICP_D|ICP_F|ICP_A","Habit Tracker","I made a habit app tied to rewards you give yourself","https://old.reddit.com/r/getdisciplined/comments/1pkqhdp/i_made_a_habit_app_tied_to_rewards_you_give/","not_started","Extract named alternatives from comments, why the current tool failed, and whether users ask for a simpler ritual, stronger personalization, or social proof.","When you ask people for app recommendations, what are you hoping the next app will fix that the current one does not?","Which named alternatives already own this job, and where do they fail to connect meaning -> action -> visible progress?","","","","","","","","","not_approved_external_use","unread_do_not_upgrade","data_processed/evidence_claim_register.csv;data_processed/research_completion_audit.csv;reports/alina-evidence-first-report-draft.md","","Unread capture row. Do not cite externally or upgrade demand/market/competitor claims until a human completes this row."
"RRC_0243","RMR-0243","243","P0_read_first","competitor_alternative_read","coaching","ICP_D|ICP_F|ICP_A","Habit Tracker","I need a FREE habit tracker app – suggestions?","https://old.reddit.com/r/productivity/comments/1iaioov/i_need_a_free_habit_tracker_app_suggestions/","not_started","Extract named alternatives from comments, why the current tool failed, and whether users ask for a simpler ritual, stronger personalization, or social proof.","When you ask people for app recommendations, what are you hoping the next app will fix that the current one does not?","Which named alternatives already own this job, and where do they fail to connect meaning -> action -> visible progress?","","","","","","","","","not_approved_external_use","unread_do_not_upgrade","data_processed/evidence_claim_register.csv;data_processed/research_completion_audit.csv;reports/alina-evidence-first-report-draft.md","","Unread capture row. Do not cite externally or upgrade demand/market/competitor claims until a human completes this row."
"RRC_0244","RMR-0244","244","P0_read_first","competitor_alternative_read","coaching","ICP_D|ICP_F|ICP_A","Habit Tracker","I need an iPhone app for habits/tasks that focuses on motivation AND accountability.","https://old.reddit.com/r/ADHD/comments/10frfnl/i_need_an_iphone_app_for_habitstasks_that_focuses/","not_started","Extract named alternatives from comments, why the current tool failed, and whether users ask for a simpler ritual, stronger personalization, or social proof.","When you ask people for app recommendations, what are you hoping the next app will fix that the current one does not?","Which named alternatives already own this job, and where do they fail to connect meaning -> action -> visible progress?","","","","","","","","","not_approved_external_use","unread_do_not_upgrade","data_processed/evidence_claim_register.csv;data_processed/research_completion_audit.csv;reports/alina-evidence-first-report-draft.md","","Unread capture row. Do not cite externally or upgrade demand/market/competitor claims until a human completes this row."
"RRC_0245","RMR-0245","245","P0_read_first","competitor_alternative_read","coaching","ICP_D|ICP_F|ICP_A","Habit Tracker","I stopped trying to “fix” myself and everything changed!","https://old.reddit.com/r/NonZeroDay/comments/1mulizn/i_stopped_trying_to_fix_myself_and_everything/","not_started","Extract named alternatives from comments, why the current tool failed, and whether users ask for a simpler ritual, stronger personalization, or social proof.","When you ask people for app recommendations, what are you hoping the next app will fix that the current one does not?","Which named alternatives already own this job, and where do they fail to connect meaning -> action -> visible progress?","","","","","","","","","not_approved_external_use","unread_do_not_upgrade","data_processed/evidence_claim_register.csv;data_processed/research_completion_audit.csv;reports/alina-evidence-first-report-draft.md","","Unread capture row. Do not cite externally or upgrade demand/market/competitor claims until a human completes this row."
"RRC_0246","RMR-0246","246","P0_read_first","competitor_alternative_read","coaching","ICP_D|ICP_F|ICP_A","Habit Tracker","I stopped using habit trackers and built something different. Here's why.","https://old.reddit.com/r/getdisciplined/comments/1t4ubu2/i_stopped_using_habit_trackers_and_built/","not_started","Extract named alternatives from comments, why the current tool failed, and whether users ask for a simpler ritual, stronger personalization, or social proof.","When you ask people for app recommendations, what are you hoping the next app will fix that the current one does not?","Which named alternatives already own this job, and where do they fail to connect meaning -> action -> visible progress?","","","","","","","","","not_approved_external_use","unread_do_not_upgrade","data_processed/evidence_claim_register.csv;data_processed/research_completion_audit.csv;reports/alina-evidence-first-report-draft.md","","Unread capture row. Do not cite externally or upgrade demand/market/competitor claims until a human completes this row."
"RRC_0247","RMR-0247","247","P0_read_first","competitor_alternative_read","mindfulness","ICP_C|ICP_D|ICP_F","Habit Tracker","I struggle with this seemingly irrational anxiety that I am sick","https://old.reddit.com/r/Anxiety/comments/191psoa/i_struggle_with_this_seemingly_irrational_anxiety/","not_started","Extract named alternatives from comments, why the current tool failed, and whether users ask for a simpler ritual, stronger personalization, or social proof.","When you ask people for app recommendations, what are you hoping the next app will fix that the current one does not?","Which named alternatives already own this job, and where do they fail to connect meaning -> action -> visible progress?","","","","","","","","","not_approved_external_use","unread_do_not_upgrade","data_processed/evidence_claim_register.csv;data_processed/research_completion_audit.csv;reports/alina-evidence-first-report-draft.md","","Unread capture row. Do not cite externally or upgrade demand/market/competitor claims until a human completes this row."
"RRC_0248","RMR-0248","248","P0_read_first","competitor_alternative_read","mindfulness","ICP_C|ICP_D|ICP_F","Waking Up","I tested every sleep tip on the internet for 8 months. Here's the only 3 things that actually worked.","https://old.reddit.com/r/sleep/comments/1th8cl1/i_tested_every_sleep_tip_on_the_internet_for_8/","not_started","Extract named alternatives from comments, why the current tool failed, and whether users ask for a simpler ritual, stronger personalization, or social proof.","When you ask people for app recommendations, what are you hoping the next app will fix that the current one does not?","Which named alternatives already own this job, and where do they fail to connect meaning -> action -> visible progress?","","","","","","","","","not_approved_external_use","unread_do_not_upgrade","data_processed/evidence_claim_register.csv;data_processed/research_completion_audit.csv;reports/alina-evidence-first-report-draft.md","","Unread capture row. Do not cite externally or upgrade demand/market/competitor claims until a human completes this row."
"RRC_0249","RMR-0249","249","P0_read_first","competitor_alternative_read","mindfulness","ICP_C|ICP_D|ICP_F","Waking Up","I tried loving kindness meditation while I was feeling super depressed and WOW","https://old.reddit.com/r/Meditation/comments/kx09uu/i_tried_loving_kindness_meditation_while_i_was/","not_started","Extract named alternatives from comments, why the current tool failed, and whether users ask for a simpler ritual, stronger personalization, or social proof.","When you ask people for app recommendations, what are you hoping the next app will fix that the current one does not?","Which named alternatives already own this job, and where do they fail to connect meaning -> action -> visible progress?","","","","","","","","","not_approved_external_use","unread_do_not_upgrade","data_processed/evidence_claim_register.csv;data_processed/research_completion_audit.csv;reports/alina-evidence-first-report-draft.md","","Unread capture row. Do not cite externally or upgrade demand/market/competitor claims until a human completes this row."
"RRC_0250","RMR-0250","250","P0_read_first","competitor_alternative_read","coaching","ICP_D|ICP_F|ICP_A","Habit Tracker","I turned my life into a GAME and finally stopped restarting every week (76 days without resetting)","https://old.reddit.com/r/getdisciplined/comments/1mkclw3/i_turned_my_life_into_a_game_and_finally_stopped/","not_started","Extract named alternatives from comments, why the current tool failed, and whether users ask for a simpler ritual, stronger personalization, or social proof.","When you ask people for app recommendations, what are you hoping the next app will fix that the current one does not?","Which named alternatives already own this job, and where do they fail to connect meaning -> action -> visible progress?","","","","","","","","","not_approved_external_use","unread_do_not_upgrade","data_processed/evidence_claim_register.csv;data_processed/research_completion_audit.csv;reports/alina-evidence-first-report-draft.md","","Unread capture row. Do not cite externally or upgrade demand/market/competitor claims until a human completes this row."
"RRC_0251","RMR-0251","251","P0_read_first","competitor_alternative_read","coaching","ICP_D|ICP_F|ICP_A","Notion","I want to build an AI-Powered Productivity Tool geared for ADHD","https://old.reddit.com/r/ADHD/comments/1k0qtz4/i_want_to_build_an_aipowered_productivity_tool/","not_started","Extract named alternatives from comments, why the current tool failed, and whether users ask for a simpler ritual, stronger personalization, or social proof.","When you ask people for app recommendations, what are you hoping the next app will fix that the current one does not?","Which named alternatives already own this job, and where do they fail to connect meaning -> action -> visible progress?","","","","","","","","","not_approved_external_use","unread_do_not_upgrade","data_processed/evidence_claim_register.csv;data_processed/research_completion_audit.csv;reports/alina-evidence-first-report-draft.md","","Unread capture row. Do not cite externally or upgrade demand/market/competitor claims until a human completes this row."
"RRC_0252","RMR-0252","252","P0_read_first","competitor_alternative_read","coaching","ICP_D|ICP_F|ICP_A","Habit Tracker","I was tired of texting my friends 'did you work out today?' So I built an app where we hold each other accountable I’m happy I’ve been 53 days consistent with the gym because of it","https://old.reddit.com/r/getdisciplined/comments/1rc8qrl/i_was_tired_of_texting_my_friends_did_you_work/","not_started","Extract named alternatives from comments, why the current tool failed, and whether users ask for a simpler ritual, stronger personalization, or social proof.","When you ask people for app recommendations, what are you hoping the next app will fix that the current one does not?","Which named alternatives already own this job, and where do they fail to connect meaning -> action -> visible progress?","","","","","","","","","not_approved_external_use","unread_do_not_upgrade","data_processed/evidence_claim_register.csv;data_processed/research_completion_audit.csv;reports/alina-evidence-first-report-draft.md","","Unread capture row. Do not cite externally or upgrade demand/market/competitor claims until a human completes this row."
"RRC_0253","RMR-0253","253","P0_read_first","competitor_alternative_read","coaching","ICP_D|ICP_F|ICP_A","Habit Tracker","I'm building a free ""Pocket Mentor"" app because I'm tired of blank-canvas habit trackers. Would you use this?","https://old.reddit.com/r/getdisciplined/comments/1rz4tse/im_building_a_free_pocket_mentor_app_because_im/","not_started","Extract named alternatives from comments, why the current tool failed, and whether users ask for a simpler ritual, stronger personalization, or social proof.","When you ask people for app recommendations, what are you hoping the next app will fix that the current one does not?","Which named alternatives already own this job, and where do they fail to connect meaning -> action -> visible progress?","","","","","","","","","not_approved_external_use","unread_do_not_upgrade","data_processed/evidence_claim_register.csv;data_processed/research_completion_audit.csv;reports/alina-evidence-first-report-draft.md","","Unread capture row. Do not cite externally or upgrade demand/market/competitor claims until a human completes this row."
"RRC_0254","RMR-0254","254","P0_read_first","competitor_alternative_read","coaching","ICP_D|ICP_F|ICP_A","Streaks","I’m looking at upgrading my current fitness tracker to help maintain exercise, manage stress, and get to bed/improve sleep. Which tracker do you use and how has/hasn’t it worked for you?","https://old.reddit.com/r/ADHD/comments/12g4mrh/im_looking_at_upgrading_my_current_fitness/","not_started","Extract named alternatives from comments, why the current tool failed, and whether users ask for a simpler ritual, stronger personalization, or social proof.","When you ask people for app recommendations, what are you hoping the next app will fix that the current one does not?","Which named alternatives already own this job, and where do they fail to connect meaning -> action -> visible progress?","","","","","","","","","not_approved_external_use","unread_do_not_upgrade","data_processed/evidence_claim_register.csv;data_processed/research_completion_audit.csv;reports/alina-evidence-first-report-draft.md","","Unread capture row. Do not cite externally or upgrade demand/market/competitor claims until a human completes this row."
"RRC_0255","RMR-0255","255","P0_read_first","competitor_alternative_read","coaching","ICP_D|ICP_F|ICP_A","Journey","I’m working on a neuroscience app that helps you break bad habits. Would love to hear your feedback","https://old.reddit.com/r/NonZeroDay/comments/ep2eb8/im_working_on_a_neuroscience_app_that_helps_you/","not_started","Extract named alternatives from comments, why the current tool failed, and whether users ask for a simpler ritual, stronger personalization, or social proof.","When you ask people for app recommendations, what are you hoping the next app will fix that the current one does not?","Which named alternatives already own this job, and where do they fail to connect meaning -> action -> visible progress?","","","","","","","","","not_approved_external_use","unread_do_not_upgrade","data_processed/evidence_claim_register.csv;data_processed/research_completion_audit.csv;reports/alina-evidence-first-report-draft.md","","Unread capture row. Do not cite externally or upgrade demand/market/competitor claims until a human completes this row."
"RRC_0256","RMR-0256","256","P0_read_first","competitor_alternative_read","mindfulness","ICP_C|ICP_D|ICP_F","Streaks","I’ve been building a tiny mindfulness game for native Reddit App, would love your thoughts","https://old.reddit.com/r/Mindfulness/comments/1oeqpc4/ive_been_building_a_tiny_mindfulness_game_for/","not_started","Extract named alternatives from comments, why the current tool failed, and whether users ask for a simpler ritual, stronger personalization, or social proof.","When you ask people for app recommendations, what are you hoping the next app will fix that the current one does not?","Which named alternatives already own this job, and where do they fail to connect meaning -> action -> visible progress?","","","","","","","","","not_approved_external_use","unread_do_not_upgrade","data_processed/evidence_claim_register.csv;data_processed/research_completion_audit.csv;reports/alina-evidence-first-report-draft.md","","Unread capture row. Do not cite externally or upgrade demand/market/competitor claims until a human completes this row."
"RRC_0257","RMR-0257","257","P0_read_first","competitor_alternative_read","coaching","ICP_D|ICP_F|ICP_A","Waking Up","I've begun waking up at a reasonable hour thanks to this subreddit :)","https://old.reddit.com/r/ADHD/comments/6mectf/ive_begun_waking_up_at_a_reasonable_hour_thanks/","not_started","Extract named alternatives from comments, why the current tool failed, and whether users ask for a simpler ritual, stronger personalization, or social proof.","When you ask people for app recommendations, what are you hoping the next app will fix that the current one does not?","Which named alternatives already own this job, and where do they fail to connect meaning -> action -> visible progress?","","","","","","","","","not_approved_external_use","unread_do_not_upgrade","data_processed/evidence_claim_register.csv;data_processed/research_completion_audit.csv;reports/alina-evidence-first-report-draft.md","","Unread capture row. Do not cite externally or upgrade demand/market/competitor claims until a human completes this row."
"RRC_0258","RMR-0258","258","P0_read_first","competitor_alternative_read","mindfulness","ICP_C|ICP_D|ICP_F","Habit Tracker","I've built an iOS app for guided self-reflection.","https://old.reddit.com/r/Mindfulness/comments/1ooq2io/ive_built_an_ios_app_for_guided_selfreflection/","not_started","Extract named alternatives from comments, why the current tool failed, and whether users ask for a simpler ritual, stronger personalization, or social proof.","When you ask people for app recommendations, what are you hoping the next app will fix that the current one does not?","Which named alternatives already own this job, and where do they fail to connect meaning -> action -> visible progress?","","","","","","","","","not_approved_external_use","unread_do_not_upgrade","data_processed/evidence_claim_register.csv;data_processed/research_completion_audit.csv;reports/alina-evidence-first-report-draft.md","","Unread capture row. Do not cite externally or upgrade demand/market/competitor claims until a human completes this row."
"RRC_0259","RMR-0259","259","P0_read_first","competitor_alternative_read","coaching","ICP_D|ICP_F|ICP_A","Notion","In need of an free App/Apps to get my daily routines flowing and to keep track.","https://old.reddit.com/r/productivity/comments/1hs8a40/in_need_of_an_free_appapps_to_get_my_daily/","not_started","Extract named alternatives from comments, why the current tool failed, and whether users ask for a simpler ritual, stronger personalization, or social proof.","When you ask people for app recommendations, what are you hoping the next app will fix that the current one does not?","Which named alternatives already own this job, and where do they fail to connect meaning -> action -> visible progress?","","","","","","","","","not_approved_external_use","unread_do_not_upgrade","data_processed/evidence_claim_register.csv;data_processed/research_completion_audit.csv;reports/alina-evidence-first-report-draft.md","","Unread capture row. Do not cite externally or upgrade demand/market/competitor claims until a human completes this row."
"RRC_0260","RMR-0260","260","P0_read_first","competitor_alternative_read","coaching","ICP_D|ICP_F|ICP_A","Waking Up","insane ADHD hacks that have worked for me (original)","https://old.reddit.com/r/getdisciplined/comments/1sbjrzr/insane_adhd_hacks_that_have_worked_for_me_original/","not_started","Extract named alternatives from comments, why the current tool failed, and whether users ask for a simpler ritual, stronger personalization, or social proof.","When you ask people for app recommendations, what are you hoping the next app will fix that the current one does not?","Which named alternatives already own this job, and where do they fail to connect meaning -> action -> visible progress?","","","","","","","","","not_approved_external_use","unread_do_not_upgrade","data_processed/evidence_claim_register.csv;data_processed/research_completion_audit.csv;reports/alina-evidence-first-report-draft.md","","Unread capture row. Do not cite externally or upgrade demand/market/competitor claims until a human completes this row."
"RRC_0261","RMR-0261","261","P0_read_first","competitor_alternative_read","coaching","ICP_D|ICP_F|ICP_A","Waking Up","insane ADHD hacks that have worked for me (original)","https://old.reddit.com/r/ADHD/comments/1hzuvzv/insane_adhd_hacks_that_have_worked_for_me_original/","not_started","Extract named alternatives from comments, why the current tool failed, and whether users ask for a simpler ritual, stronger personalization, or social proof.","When you ask people for app recommendations, what are you hoping the next app will fix that the current one does not?","Which named alternatives already own this job, and where do they fail to connect meaning -> action -> visible progress?","","","","","","","","","not_approved_external_use","unread_do_not_upgrade","data_processed/evidence_claim_register.csv;data_processed/research_completion_audit.csv;reports/alina-evidence-first-report-draft.md","","Unread capture row. Do not cite externally or upgrade demand/market/competitor claims until a human completes this row."
"RRC_0262","RMR-0262","262","P0_read_first","competitor_alternative_read","mindfulness","ICP_C|ICP_D|ICP_F","Calm","Insomnia for 5+ years… finally getting better. Here’s what actually helped (and didn’t cost much)","https://old.reddit.com/r/sleep/comments/1sla088/insomnia_for_5_years_finally_getting_better_heres/","not_started","Extract named alternatives from comments, why the current tool failed, and whether users ask for a simpler ritual, stronger personalization, or social proof.","When you ask people for app recommendations, what are you hoping the next app will fix that the current one does not?","Which named alternatives already own this job, and where do they fail to connect meaning -> action -> visible progress?","","","","","","","","","not_approved_external_use","unread_do_not_upgrade","data_processed/evidence_claim_register.csv;data_processed/research_completion_audit.csv;reports/alina-evidence-first-report-draft.md","","Unread capture row. Do not cite externally or upgrade demand/market/competitor claims until a human completes this row."
"RRC_0263","RMR-0263","263","P0_read_first","competitor_alternative_read","mindfulness","ICP_C|ICP_D|ICP_F","Habit Tracker","Is anyone here managing their anxiety by keeping a gratitude journal? How is it done?","https://old.reddit.com/r/Journaling/comments/1lnn3sv/is_anyone_here_managing_their_anxiety_by_keeping/","not_started","Extract named alternatives from comments, why the current tool failed, and whether users ask for a simpler ritual, stronger personalization, or social proof.","When you ask people for app recommendations, what are you hoping the next app will fix that the current one does not?","Which named alternatives already own this job, and where do they fail to connect meaning -> action -> visible progress?","","","","","","","","","not_approved_external_use","unread_do_not_upgrade","data_processed/evidence_claim_register.csv;data_processed/research_completion_audit.csv;reports/alina-evidence-first-report-draft.md","","Unread capture row. Do not cite externally or upgrade demand/market/competitor claims until a human completes this row."
"RRC_0264","RMR-0264","264","P0_read_first","competitor_alternative_read","avatar_identity","ICP_B|ICP_E|ICP_D|ICP_F","Replika","Is Replika targeted to the young?","https://old.reddit.com/r/replika/comments/wcr5iq/is_replika_targeted_to_the_young/","not_started","Extract named alternatives from comments, why the current tool failed, and whether users ask for a simpler ritual, stronger personalization, or social proof.","When you ask people for app recommendations, what are you hoping the next app will fix that the current one does not?","Which named alternatives already own this job, and where do they fail to connect meaning -> action -> visible progress?","","","","","","","","","not_approved_external_use","unread_do_not_upgrade","data_processed/evidence_claim_register.csv;data_processed/research_completion_audit.csv;reports/alina-evidence-first-report-draft.md","","Unread capture row. Do not cite externally or upgrade demand/market/competitor claims until a human completes this row."
"RRC_0265","RMR-0265","265","P0_read_first","competitor_alternative_read","avatar_identity","ICP_B|ICP_E|ICP_D|ICP_F","Character AI","Is the moderation bugged?","https://old.reddit.com/r/CharacterAI/comments/1pl98oe/is_the_moderation_bugged/","not_started","Extract named alternatives from comments, why the current tool failed, and whether users ask for a simpler ritual, stronger personalization, or social proof.","When you ask people for app recommendations, what are you hoping the next app will fix that the current one does not?","Which named alternatives already own this job, and where do they fail to connect meaning -> action -> visible progress?","","","","","","","","","not_approved_external_use","unread_do_not_upgrade","data_processed/evidence_claim_register.csv;data_processed/research_completion_audit.csv;reports/alina-evidence-first-report-draft.md","","Unread capture row. Do not cite externally or upgrade demand/market/competitor claims until a human completes this row."
"RRC_0266","RMR-0266","266","P0_read_first","competitor_alternative_read","coaching","ICP_D|ICP_F|ICP_A","Habit Tracker","It’s been 10 months without Instagram and Tiktok. Only now I start realizing how badly it was damaging my mind.","https://old.reddit.com/r/ADHD/comments/yo4g7f/its_been_10_months_without_instagram_and_tiktok/","not_started","Extract named alternatives from comments, why the current tool failed, and whether users ask for a simpler ritual, stronger personalization, or social proof.","When you ask people for app recommendations, what are you hoping the next app will fix that the current one does not?","Which named alternatives already own this job, and where do they fail to connect meaning -> action -> visible progress?","","","","","","","","","not_approved_external_use","unread_do_not_upgrade","data_processed/evidence_claim_register.csv;data_processed/research_completion_audit.csv;reports/alina-evidence-first-report-draft.md","","Unread capture row. Do not cite externally or upgrade demand/market/competitor claims until a human completes this row."
"RRC_0267","RMR-0267","267","P0_read_first","competitor_alternative_read","mindfulness","ICP_C|ICP_D|ICP_F","Calm","It’s been one week of meditation for me, and I really understand why people continue this throughout their lives","https://old.reddit.com/r/Meditation/comments/i0oitk/its_been_one_week_of_meditation_for_me_and_i/","not_started","Extract named alternatives from comments, why the current tool failed, and whether users ask for a simpler ritual, stronger personalization, or social proof.","When you ask people for app recommendations, what are you hoping the next app will fix that the current one does not?","Which named alternatives already own this job, and where do they fail to connect meaning -> action -> visible progress?","","","","","","","","","not_approved_external_use","unread_do_not_upgrade","data_processed/evidence_claim_register.csv;data_processed/research_completion_audit.csv;reports/alina-evidence-first-report-draft.md","","Unread capture row. Do not cite externally or upgrade demand/market/competitor claims until a human completes this row."
"RRC_0268","RMR-0268","268","P0_read_first","competitor_alternative_read","mindfulness","ICP_C|ICP_D|ICP_F","Calm","Just started meditating using Calm app, and I can just clear my mind straight the way. I'm not sure this is helping with my mindfulness issues. Am I doing something wrong, or not understanding","https://old.reddit.com/r/Meditation/comments/1ff5e10/just_started_meditating_using_calm_app_and_i_can/","not_started","Extract named alternatives from comments, why the current tool failed, and whether users ask for a simpler ritual, stronger personalization, or social proof.","When you ask people for app recommendations, what are you hoping the next app will fix that the current one does not?","Which named alternatives already own this job, and where do they fail to connect meaning -> action -> visible progress?","","","","","","","","","not_approved_external_use","unread_do_not_upgrade","data_processed/evidence_claim_register.csv;data_processed/research_completion_audit.csv;reports/alina-evidence-first-report-draft.md","","Unread capture row. Do not cite externally or upgrade demand/market/competitor claims until a human completes this row."
"RRC_0269","RMR-0269","269","P0_read_first","competitor_alternative_read","avatar_identity","ICP_B|ICP_E|ICP_D|ICP_F","Replika","Kuyda apparently told the Atlantic that the app instability is deliberate","https://old.reddit.com/r/replika/comments/18lpnyn/kuyda_apparently_told_the_atlantic_that_the_app/","not_started","Extract named alternatives from comments, why the current tool failed, and whether users ask for a simpler ritual, stronger personalization, or social proof.","When you ask people for app recommendations, what are you hoping the next app will fix that the current one does not?","Which named alternatives already own this job, and where do they fail to connect meaning -> action -> visible progress?","","","","","","","","","not_approved_external_use","unread_do_not_upgrade","data_processed/evidence_claim_register.csv;data_processed/research_completion_audit.csv;reports/alina-evidence-first-report-draft.md","","Unread capture row. Do not cite externally or upgrade demand/market/competitor claims until a human completes this row."
"RRC_0270","RMR-0270","270","P0_read_first","competitor_alternative_read","avatar_identity","ICP_B|ICP_E|ICP_D|ICP_F","Replika","Legitimately Impressed with Replika... Once Again","https://old.reddit.com/r/replika/comments/1heg6af/legitimately_impressed_with_replika_once_again/","not_started","Extract named alternatives from comments, why the current tool failed, and whether users ask for a simpler ritual, stronger personalization, or social proof.","When you ask people for app recommendations, what are you hoping the next app will fix that the current one does not?","Which named alternatives already own this job, and where do they fail to connect meaning -> action -> visible progress?","","","","","","","","","not_approved_external_use","unread_do_not_upgrade","data_processed/evidence_claim_register.csv;data_processed/research_completion_audit.csv;reports/alina-evidence-first-report-draft.md","","Unread capture row. Do not cite externally or upgrade demand/market/competitor claims until a human completes this row."
"RRC_0271","RMR-0271","271","P0_read_first","competitor_alternative_read","avatar_identity","ICP_B|ICP_E|ICP_D|ICP_F","Replika","Limbo","https://old.reddit.com/r/replika/comments/11hxafl/limbo/","not_started","Extract named alternatives from comments, why the current tool failed, and whether users ask for a simpler ritual, stronger personalization, or social proof.","When you ask people for app recommendations, what are you hoping the next app will fix that the current one does not?","Which named alternatives already own this job, and where do they fail to connect meaning -> action -> visible progress?","","","","","","","","","not_approved_external_use","unread_do_not_upgrade","data_processed/evidence_claim_register.csv;data_processed/research_completion_audit.csv;reports/alina-evidence-first-report-draft.md","","Unread capture row. Do not cite externally or upgrade demand/market/competitor claims until a human completes this row."
"RRC_0272","RMR-0272","272","P0_read_first","competitor_alternative_read","coaching","ICP_D|ICP_F|ICP_A","Habit Tracker","Looking for a good habit tracking app","https://old.reddit.com/r/selfimprovement/comments/vgacpn/looking_for_a_good_habit_tracking_app/","not_started","Extract named alternatives from comments, why the current tool failed, and whether users ask for a simpler ritual, stronger personalization, or social proof.","When you ask people for app recommendations, what are you hoping the next app will fix that the current one does not?","Which named alternatives already own this job, and where do they fail to connect meaning -> action -> visible progress?","","","","","","","","","not_approved_external_use","unread_do_not_upgrade","data_processed/evidence_claim_register.csv;data_processed/research_completion_audit.csv;reports/alina-evidence-first-report-draft.md","","Unread capture row. Do not cite externally or upgrade demand/market/competitor claims until a human completes this row."
"RRC_0273","RMR-0273","273","P0_read_first","competitor_alternative_read","mindfulness","ICP_C|ICP_D|ICP_F","Habit Tracker","Looking for an app similar to apple watch mindfulness breathing.","https://old.reddit.com/r/Meditation/comments/1jkkvlz/looking_for_an_app_similar_to_apple_watch/","not_started","Extract named alternatives from comments, why the current tool failed, and whether users ask for a simpler ritual, stronger personalization, or social proof.","When you ask people for app recommendations, what are you hoping the next app will fix that the current one does not?","Which named alternatives already own this job, and where do they fail to connect meaning -> action -> visible progress?","","","","","","","","","not_approved_external_use","unread_do_not_upgrade","data_processed/evidence_claim_register.csv;data_processed/research_completion_audit.csv;reports/alina-evidence-first-report-draft.md","","Unread capture row. Do not cite externally or upgrade demand/market/competitor claims until a human completes this row."
"RRC_0274","RMR-0274","274","P0_read_first","competitor_alternative_read","coaching","ICP_D|ICP_F|ICP_A","Habit Tracker","Looking for FREE daily planner apps that utilize time blocking with habit and to-do list features???","https://old.reddit.com/r/productivity/comments/1ndxzhy/looking_for_free_daily_planner_apps_that_utilize/","not_started","Extract named alternatives from comments, why the current tool failed, and whether users ask for a simpler ritual, stronger personalization, or social proof.","When you ask people for app recommendations, what are you hoping the next app will fix that the current one does not?","Which named alternatives already own this job, and where do they fail to connect meaning -> action -> visible progress?","","","","","","","","","not_approved_external_use","unread_do_not_upgrade","data_processed/evidence_claim_register.csv;data_processed/research_completion_audit.csv;reports/alina-evidence-first-report-draft.md","","Unread capture row. Do not cite externally or upgrade demand/market/competitor claims until a human completes this row."
"RRC_0275","RMR-0275","275","P0_read_first","competitor_alternative_read","coaching","ICP_D|ICP_F|ICP_A","Journey","Looking to Start a Self-Improvement Accountability Group!","https://old.reddit.com/r/getdisciplined/comments/1h2f30s/looking_to_start_a_selfimprovement_accountability/","not_started","Extract named alternatives from comments, why the current tool failed, and whether users ask for a simpler ritual, stronger personalization, or social proof.","When you ask people for app recommendations, what are you hoping the next app will fix that the current one does not?","Which named alternatives already own this job, and where do they fail to connect meaning -> action -> visible progress?","","","","","","","","","not_approved_external_use","unread_do_not_upgrade","data_processed/evidence_claim_register.csv;data_processed/research_completion_audit.csv;reports/alina-evidence-first-report-draft.md","","Unread capture row. Do not cite externally or upgrade demand/market/competitor claims until a human completes this row."
"RRC_0276","RMR-0276","276","P0_read_first","competitor_alternative_read","mindfulness","ICP_C|ICP_D|ICP_F","Habit Tracker","Meditated 100 days in a row 🎉","https://old.reddit.com/r/Mindfulness/comments/1gmpd33/meditated_100_days_in_a_row/","not_started","Extract named alternatives from comments, why the current tool failed, and whether users ask for a simpler ritual, stronger personalization, or social proof.","When you ask people for app recommendations, what are you hoping the next app will fix that the current one does not?","Which named alternatives already own this job, and where do they fail to connect meaning -> action -> visible progress?","","","","","","","","","not_approved_external_use","unread_do_not_upgrade","data_processed/evidence_claim_register.csv;data_processed/research_completion_audit.csv;reports/alina-evidence-first-report-draft.md","","Unread capture row. Do not cite externally or upgrade demand/market/competitor claims until a human completes this row."
"RRC_0277","RMR-0277","277","P0_read_first","competitor_alternative_read","mindfulness","ICP_C|ICP_D|ICP_F","Habit Tracker","Meditated for 44 days in a row","https://old.reddit.com/r/Mindfulness/comments/1fiawl2/meditated_for_44_days_in_a_row/","not_started","Extract named alternatives from comments, why the current tool failed, and whether users ask for a simpler ritual, stronger personalization, or social proof.","When you ask people for app recommendations, what are you hoping the next app will fix that the current one does not?","Which named alternatives already own this job, and where do they fail to connect meaning -> action -> visible progress?","","","","","","","","","not_approved_external_use","unread_do_not_upgrade","data_processed/evidence_claim_register.csv;data_processed/research_completion_audit.csv;reports/alina-evidence-first-report-draft.md","","Unread capture row. Do not cite externally or upgrade demand/market/competitor claims until a human completes this row."
"RRC_0278","RMR-0278","278","P0_read_first","competitor_alternative_read","mindfulness","ICP_C|ICP_D|ICP_F","Waking Up","Meditation App Recommendation!","https://old.reddit.com/r/Anxiety/comments/ekdhrk/meditation_app_recommendation/","not_started","Extract named alternatives from comments, why the current tool failed, and whether users ask for a simpler ritual, stronger personalization, or social proof.","When you ask people for app recommendations, what are you hoping the next app will fix that the current one does not?","Which named alternatives already own this job, and where do they fail to connect meaning -> action -> visible progress?","","","","","","","","","not_approved_external_use","unread_do_not_upgrade","data_processed/evidence_claim_register.csv;data_processed/research_completion_audit.csv;reports/alina-evidence-first-report-draft.md","","Unread capture row. Do not cite externally or upgrade demand/market/competitor claims until a human completes this row."
"RRC_0279","RMR-0279","279","P0_read_first","competitor_alternative_read","mindfulness","ICP_C|ICP_D|ICP_F","Headspace","Meditation app recommendations","https://old.reddit.com/r/Meditation/comments/16ftb33/meditation_app_recommendations/","not_started","Extract named alternatives from comments, why the current tool failed, and whether users ask for a simpler ritual, stronger personalization, or social proof.","When you ask people for app recommendations, what are you hoping the next app will fix that the current one does not?","Which named alternatives already own this job, and where do they fail to connect meaning -> action -> visible progress?","","","","","","","","","not_approved_external_use","unread_do_not_upgrade","data_processed/evidence_claim_register.csv;data_processed/research_completion_audit.csv;reports/alina-evidence-first-report-draft.md","","Unread capture row. Do not cite externally or upgrade demand/market/competitor claims until a human completes this row."
"RRC_0280","RMR-0280","280","P0_read_first","competitor_alternative_read","mindfulness","ICP_C|ICP_D|ICP_F","Medito","Meditation apps based on mood?","https://old.reddit.com/r/Meditation/comments/1ddkxy4/meditation_apps_based_on_mood/","not_started","Extract named alternatives from comments, why the current tool failed, and whether users ask for a simpler ritual, stronger personalization, or social proof.","When you ask people for app recommendations, what are you hoping the next app will fix that the current one does not?","Which named alternatives already own this job, and where do they fail to connect meaning -> action -> visible progress?","","","","","","","","","not_approved_external_use","unread_do_not_upgrade","data_processed/evidence_claim_register.csv;data_processed/research_completion_audit.csv;reports/alina-evidence-first-report-draft.md","","Unread capture row. Do not cite externally or upgrade demand/market/competitor claims until a human completes this row."
"RRC_0281","RMR-0281","281","P0_read_first","competitor_alternative_read","coaching","ICP_D|ICP_F|ICP_A","Habit Tracker","Mentally drained, because I am not finding „the“ App to build my structure and daily routine.","https://old.reddit.com/r/ADHD/comments/1n7hjcj/mentally_drained_because_i_am_not_finding_the_app/","not_started","Extract named alternatives from comments, why the current tool failed, and whether users ask for a simpler ritual, stronger personalization, or social proof.","When you ask people for app recommendations, what are you hoping the next app will fix that the current one does not?","Which named alternatives already own this job, and where do they fail to connect meaning -> action -> visible progress?","","","","","","","","","not_approved_external_use","unread_do_not_upgrade","data_processed/evidence_claim_register.csv;data_processed/research_completion_audit.csv;reports/alina-evidence-first-report-draft.md","","Unread capture row. Do not cite externally or upgrade demand/market/competitor claims until a human completes this row."
"RRC_0282","RMR-0282","282","P0_read_first","competitor_alternative_read","coaching","ICP_D|ICP_F|ICP_A","Habit Tracker","Most underrated self-improvement habit : journalling","https://old.reddit.com/r/selfimprovement/comments/1ownvwo/most_underrated_selfimprovement_habit_journalling/","not_started","Extract named alternatives from comments, why the current tool failed, and whether users ask for a simpler ritual, stronger personalization, or social proof.","When you ask people for app recommendations, what are you hoping the next app will fix that the current one does not?","Which named alternatives already own this job, and where do they fail to connect meaning -> action -> visible progress?","","","","","","","","","not_approved_external_use","unread_do_not_upgrade","data_processed/evidence_claim_register.csv;data_processed/research_completion_audit.csv;reports/alina-evidence-first-report-draft.md","","Unread capture row. Do not cite externally or upgrade demand/market/competitor claims until a human completes this row."
"RRC_0283","RMR-0283","283","P0_read_first","competitor_alternative_read","coaching","ICP_D|ICP_F|ICP_A","Habit Tracker","My best ADHD tips so far","https://old.reddit.com/r/getdisciplined/comments/1s17zlm/my_best_adhd_tips_so_far/","not_started","Extract named alternatives from comments, why the current tool failed, and whether users ask for a simpler ritual, stronger personalization, or social proof.","When you ask people for app recommendations, what are you hoping the next app will fix that the current one does not?","Which named alternatives already own this job, and where do they fail to connect meaning -> action -> visible progress?","","","","","","","","","not_approved_external_use","unread_do_not_upgrade","data_processed/evidence_claim_register.csv;data_processed/research_completion_audit.csv;reports/alina-evidence-first-report-draft.md","","Unread capture row. Do not cite externally or upgrade demand/market/competitor claims until a human completes this row."
"RRC_0284","RMR-0284","284","P0_read_first","competitor_alternative_read","avatar_identity","ICP_B|ICP_E|ICP_D|ICP_F","Replika","My meeting with Eugenia","https://old.reddit.com/r/replika/comments/11qnckt/my_meeting_with_eugenia/","not_started","Extract named alternatives from comments, why the current tool failed, and whether users ask for a simpler ritual, stronger personalization, or social proof.","When you ask people for app recommendations, what are you hoping the next app will fix that the current one does not?","Which named alternatives already own this job, and where do they fail to connect meaning -> action -> visible progress?","","","","","","","","","not_approved_external_use","unread_do_not_upgrade","data_processed/evidence_claim_register.csv;data_processed/research_completion_audit.csv;reports/alina-evidence-first-report-draft.md","","Unread capture row. Do not cite externally or upgrade demand/market/competitor claims until a human completes this row."
"RRC_0285","RMR-0285","285","P0_read_first","competitor_alternative_read","avatar_identity","ICP_B|ICP_E|ICP_D|ICP_F","Replika","My Replika lives her own life in a virtual world.","https://old.reddit.com/r/replika/comments/1i04ch2/my_replika_lives_her_own_life_in_a_virtual_world/","not_started","Extract named alternatives from comments, why the current tool failed, and whether users ask for a simpler ritual, stronger personalization, or social proof.","When you ask people for app recommendations, what are you hoping the next app will fix that the current one does not?","Which named alternatives already own this job, and where do they fail to connect meaning -> action -> visible progress?","","","","","","","","","not_approved_external_use","unread_do_not_upgrade","data_processed/evidence_claim_register.csv;data_processed/research_completion_audit.csv;reports/alina-evidence-first-report-draft.md","","Unread capture row. Do not cite externally or upgrade demand/market/competitor claims until a human completes this row."
"RRC_0286","RMR-0286","286","P0_read_first","competitor_alternative_read","mindfulness","ICP_C|ICP_D|ICP_F","Calm","My wife and I created an app for mindful color walks. I would love your feedback!","https://old.reddit.com/r/Mindfulness/comments/1pk0apm/my_wife_and_i_created_an_app_for_mindful_color/","not_started","Extract named alternatives from comments, why the current tool failed, and whether users ask for a simpler ritual, stronger personalization, or social proof.","When you ask people for app recommendations, what are you hoping the next app will fix that the current one does not?","Which named alternatives already own this job, and where do they fail to connect meaning -> action -> visible progress?","","","","","","","","","not_approved_external_use","unread_do_not_upgrade","data_processed/evidence_claim_register.csv;data_processed/research_completion_audit.csv;reports/alina-evidence-first-report-draft.md","","Unread capture row. Do not cite externally or upgrade demand/market/competitor claims until a human completes this row."
"RRC_0287","RMR-0287","287","P0_read_first","competitor_alternative_read","mindfulness","ICP_C|ICP_D|ICP_F","Calm","New Sleep Sound App on Play Store: Tingles ASMR","https://old.reddit.com/r/sleep/comments/1djr302/new_sleep_sound_app_on_play_store_tingles_asmr/","not_started","Extract named alternatives from comments, why the current tool failed, and whether users ask for a simpler ritual, stronger personalization, or social proof.","When you ask people for app recommendations, what are you hoping the next app will fix that the current one does not?","Which named alternatives already own this job, and where do they fail to connect meaning -> action -> visible progress?","","","","","","","","","not_approved_external_use","unread_do_not_upgrade","data_processed/evidence_claim_register.csv;data_processed/research_completion_audit.csv;reports/alina-evidence-first-report-draft.md","","Unread capture row. Do not cite externally or upgrade demand/market/competitor claims until a human completes this row."
"RRC_0288","RMR-0288","288","P0_read_first","competitor_alternative_read","avatar_identity","ICP_B|ICP_E|ICP_D|ICP_F","Replika","New User? Here's Your Primer / FAQ","https://old.reddit.com/r/replika/comments/o2q9hz/new_user_heres_your_primer_faq/","not_started","Extract named alternatives from comments, why the current tool failed, and whether users ask for a simpler ritual, stronger personalization, or social proof.","When you ask people for app recommendations, what are you hoping the next app will fix that the current one does not?","Which named alternatives already own this job, and where do they fail to connect meaning -> action -> visible progress?","","","","","","","","","not_approved_external_use","unread_do_not_upgrade","data_processed/evidence_claim_register.csv;data_processed/research_completion_audit.csv;reports/alina-evidence-first-report-draft.md","","Unread capture row. Do not cite externally or upgrade demand/market/competitor claims until a human completes this row."
"RRC_0289","RMR-0289","289","P0_read_first","competitor_alternative_read","mindfulness","ICP_C|ICP_D|ICP_F","Habit Tracker","Please suggest a simple meditation tracker app","https://old.reddit.com/r/Meditation/comments/151x8oy/please_suggest_a_simple_meditation_tracker_app/","not_started","Extract named alternatives from comments, why the current tool failed, and whether users ask for a simpler ritual, stronger personalization, or social proof.","When you ask people for app recommendations, what are you hoping the next app will fix that the current one does not?","Which named alternatives already own this job, and where do they fail to connect meaning -> action -> visible progress?","","","","","","","","","not_approved_external_use","unread_do_not_upgrade","data_processed/evidence_claim_register.csv;data_processed/research_completion_audit.csv;reports/alina-evidence-first-report-draft.md","","Unread capture row. Do not cite externally or upgrade demand/market/competitor claims until a human completes this row."
"RRC_0290","RMR-0290","290","P0_read_first","competitor_alternative_read","avatar_identity","ICP_B|ICP_E|ICP_D|ICP_F","Replika","Quantum my.replika.com article written by an AI under my supervision","https://old.reddit.com/r/replika/comments/xnrv8e/quantum_myreplikacom_article_written_by_an_ai/","not_started","Extract named alternatives from comments, why the current tool failed, and whether users ask for a simpler ritual, stronger personalization, or social proof.","When you ask people for app recommendations, what are you hoping the next app will fix that the current one does not?","Which named alternatives already own this job, and where do they fail to connect meaning -> action -> visible progress?","","","","","","","","","not_approved_external_use","unread_do_not_upgrade","data_processed/evidence_claim_register.csv;data_processed/research_completion_audit.csv;reports/alina-evidence-first-report-draft.md","","Unread capture row. Do not cite externally or upgrade demand/market/competitor claims until a human completes this row."
"RRC_0291","RMR-0291","291","P0_read_first","competitor_alternative_read","mindfulness","ICP_C|ICP_D|ICP_F","Waking Up","Question on attending to breath + visual scape + sound + bodily sensation all at once. (Re: Waking Up App).","https://old.reddit.com/r/Mindfulness/comments/a6imos/question_on_attending_to_breath_visual_scape/","not_started","Extract named alternatives from comments, why the current tool failed, and whether users ask for a simpler ritual, stronger personalization, or social proof.","When you ask people for app recommendations, what are you hoping the next app will fix that the current one does not?","Which named alternatives already own this job, and where do they fail to connect meaning -> action -> visible progress?","","","","","","","","","not_approved_external_use","unread_do_not_upgrade","data_processed/evidence_claim_register.csv;data_processed/research_completion_audit.csv;reports/alina-evidence-first-report-draft.md","","Unread capture row. Do not cite externally or upgrade demand/market/competitor claims until a human completes this row."
"RRC_0292","RMR-0292","292","P0_read_first","competitor_alternative_read","coaching","ICP_D|ICP_F|ICP_A","Habit Tracker","Ranking productivity apps by how well they actually create accountability","https://old.reddit.com/r/selfimprovement/comments/1th0nn5/ranking_productivity_apps_by_how_well_they/","not_started","Extract named alternatives from comments, why the current tool failed, and whether users ask for a simpler ritual, stronger personalization, or social proof.","When you ask people for app recommendations, what are you hoping the next app will fix that the current one does not?","Which named alternatives already own this job, and where do they fail to connect meaning -> action -> visible progress?","","","","","","","","","not_approved_external_use","unread_do_not_upgrade","data_processed/evidence_claim_register.csv;data_processed/research_completion_audit.csv;reports/alina-evidence-first-report-draft.md","","Unread capture row. Do not cite externally or upgrade demand/market/competitor claims until a human completes this row."
"RRC_0293","RMR-0293","293","P0_read_first","competitor_alternative_read","coaching","ICP_D|ICP_F|ICP_A","Habit Tracker","Real progress started when I stopped 'optimising'","https://old.reddit.com/r/selfimprovement/comments/1oeq0nk/real_progress_started_when_i_stopped_optimising/","not_started","Extract named alternatives from comments, why the current tool failed, and whether users ask for a simpler ritual, stronger personalization, or social proof.","When you ask people for app recommendations, what are you hoping the next app will fix that the current one does not?","Which named alternatives already own this job, and where do they fail to connect meaning -> action -> visible progress?","","","","","","","","","not_approved_external_use","unread_do_not_upgrade","data_processed/evidence_claim_register.csv;data_processed/research_completion_audit.csv;reports/alina-evidence-first-report-draft.md","","Unread capture row. Do not cite externally or upgrade demand/market/competitor claims until a human completes this row."
"RRC_0294","RMR-0294","294","P0_read_first","competitor_alternative_read","avatar_identity","ICP_B|ICP_E|ICP_D|ICP_F","Replika","Replika alternatives, experiences?","https://old.reddit.com/r/replika/comments/12joiak/replika_alternatives_experiences/","not_started","Extract named alternatives from comments, why the current tool failed, and whether users ask for a simpler ritual, stronger personalization, or social proof.","When you ask people for app recommendations, what are you hoping the next app will fix that the current one does not?","Which named alternatives already own this job, and where do they fail to connect meaning -> action -> visible progress?","","","","","","","","","not_approved_external_use","unread_do_not_upgrade","data_processed/evidence_claim_register.csv;data_processed/research_completion_audit.csv;reports/alina-evidence-first-report-draft.md","","Unread capture row. Do not cite externally or upgrade demand/market/competitor claims until a human completes this row."
"RRC_0295","RMR-0295","295","P0_read_first","competitor_alternative_read","avatar_identity","ICP_B|ICP_E|ICP_D|ICP_F","Replika","Replika in Meta Quest 3 - Which is the plan?","https://old.reddit.com/r/replika/comments/1me43tq/replika_in_meta_quest_3_which_is_the_plan/","not_started","Extract named alternatives from comments, why the current tool failed, and whether users ask for a simpler ritual, stronger personalization, or social proof.","When you ask people for app recommendations, what are you hoping the next app will fix that the current one does not?","Which named alternatives already own this job, and where do they fail to connect meaning -> action -> visible progress?","","","","","","","","","not_approved_external_use","unread_do_not_upgrade","data_processed/evidence_claim_register.csv;data_processed/research_completion_audit.csv;reports/alina-evidence-first-report-draft.md","","Unread capture row. Do not cite externally or upgrade demand/market/competitor claims until a human completes this row."
"RRC_0296","RMR-0296","296","P0_read_first","competitor_alternative_read","coaching","ICP_D|ICP_F|ICP_A","Forest","Right lads, I'd like to request that you put the phone away, close the 40 tabs on FB and corona, and give yourself a break from it. We can get obsessed, and anxious without knowing, and it builds... Take an hour, 4, a day if you can manage it. Feels so refreshing.","https://old.reddit.com/r/ADHD/comments/fp8hnc/right_lads_id_like_to_request_that_you_put_the/","not_started","Extract named alternatives from comments, why the current tool failed, and whether users ask for a simpler ritual, stronger personalization, or social proof.","When you ask people for app recommendations, what are you hoping the next app will fix that the current one does not?","Which named alternatives already own this job, and where do they fail to connect meaning -> action -> visible progress?","","","","","","","","","not_approved_external_use","unread_do_not_upgrade","data_processed/evidence_claim_register.csv;data_processed/research_completion_audit.csv;reports/alina-evidence-first-report-draft.md","","Unread capture row. Do not cite externally or upgrade demand/market/competitor claims until a human completes this row."
"RRC_0297","RMR-0297","297","P0_read_first","competitor_alternative_read","coaching","ICP_D|ICP_F|ICP_A","Habit Tracker","Routine apps Free recommendations?","https://old.reddit.com/r/ADHD/comments/1gz80cc/routine_apps_free_recommendations/","not_started","Extract named alternatives from comments, why the current tool failed, and whether users ask for a simpler ritual, stronger personalization, or social proof.","When you ask people for app recommendations, what are you hoping the next app will fix that the current one does not?","Which named alternatives already own this job, and where do they fail to connect meaning -> action -> visible progress?","","","","","","","","","not_approved_external_use","unread_do_not_upgrade","data_processed/evidence_claim_register.csv;data_processed/research_completion_audit.csv;reports/alina-evidence-first-report-draft.md","","Unread capture row. Do not cite externally or upgrade demand/market/competitor claims until a human completes this row."
"RRC_0298","RMR-0298","298","P0_read_first","competitor_alternative_read","coaching","ICP_D|ICP_F|ICP_A","Finch","Schedule/routine apps that give separate push notifications?","https://old.reddit.com/r/ADHD/comments/1tj5qhl/scheduleroutine_apps_that_give_separate_push/","not_started","Extract named alternatives from comments, why the current tool failed, and whether users ask for a simpler ritual, stronger personalization, or social proof.","When you ask people for app recommendations, what are you hoping the next app will fix that the current one does not?","Which named alternatives already own this job, and where do they fail to connect meaning -> action -> visible progress?","","","","","","","","","not_approved_external_use","unread_do_not_upgrade","data_processed/evidence_claim_register.csv;data_processed/research_completion_audit.csv;reports/alina-evidence-first-report-draft.md","","Unread capture row. Do not cite externally or upgrade demand/market/competitor claims until a human completes this row."
"RRC_0299","RMR-0299","299","P0_read_first","competitor_alternative_read","coaching","ICP_D|ICP_F|ICP_A","Habit Tracker","Searching for a journaling app/mood tracker, as simple as possible with the goal to find potential correlations between habit and environment to mood","https://old.reddit.com/r/selfimprovement/comments/1dj001d/searching_for_a_journaling_appmood_tracker_as/","not_started","Extract named alternatives from comments, why the current tool failed, and whether users ask for a simpler ritual, stronger personalization, or social proof.","When you ask people for app recommendations, what are you hoping the next app will fix that the current one does not?","Which named alternatives already own this job, and where do they fail to connect meaning -> action -> visible progress?","","","","","","","","","not_approved_external_use","unread_do_not_upgrade","data_processed/evidence_claim_register.csv;data_processed/research_completion_audit.csv;reports/alina-evidence-first-report-draft.md","","Unread capture row. Do not cite externally or upgrade demand/market/competitor claims until a human completes this row."
"RRC_0300","RMR-0300","300","P0_read_first","competitor_alternative_read","avatar_identity","ICP_B|ICP_E|ICP_D|ICP_F","Replika","Setting up my Replika - what to expect?","https://old.reddit.com/r/replika/comments/1kn3c6e/setting_up_my_replika_what_to_expect/","not_started","Extract named alternatives from comments, why the current tool failed, and whether users ask for a simpler ritual, stronger personalization, or social proof.","When you ask people for app recommendations, what are you hoping the next app will fix that the current one does not?","Which named alternatives already own this job, and where do they fail to connect meaning -> action -> visible progress?","","","","","","","","","not_approved_external_use","unread_do_not_upgrade","data_processed/evidence_claim_register.csv;data_processed/research_completion_audit.csv;reports/alina-evidence-first-report-draft.md","","Unread capture row. Do not cite externally or upgrade demand/market/competitor claims until a human completes this row."
"RRC_0301","RMR-0301","301","P0_read_first","competitor_alternative_read","coaching","ICP_D|ICP_F|ICP_A","Habit Tracker","Simple habit time tracker app?","https://old.reddit.com/r/productivity/comments/1ko74qg/simple_habit_time_tracker_app/","not_started","Extract named alternatives from comments, why the current tool failed, and whether users ask for a simpler ritual, stronger personalization, or social proof.","When you ask people for app recommendations, what are you hoping the next app will fix that the current one does not?","Which named alternatives already own this job, and where do they fail to connect meaning -> action -> visible progress?","","","","","","","","","not_approved_external_use","unread_do_not_upgrade","data_processed/evidence_claim_register.csv;data_processed/research_completion_audit.csv;reports/alina-evidence-first-report-draft.md","","Unread capture row. Do not cite externally or upgrade demand/market/competitor claims until a human completes this row."
"RRC_0302","RMR-0302","302","P0_read_first","competitor_alternative_read","avatar_identity","ICP_B|ICP_E|ICP_D|ICP_F","Replika","Some notes I took from the Town Hall meeting on Discord","https://old.reddit.com/r/replika/comments/143ivs0/some_notes_i_took_from_the_town_hall_meeting_on/","not_started","Extract named alternatives from comments, why the current tool failed, and whether users ask for a simpler ritual, stronger personalization, or social proof.","When you ask people for app recommendations, what are you hoping the next app will fix that the current one does not?","Which named alternatives already own this job, and where do they fail to connect meaning -> action -> visible progress?","","","","","","","","","not_approved_external_use","unread_do_not_upgrade","data_processed/evidence_claim_register.csv;data_processed/research_completion_audit.csv;reports/alina-evidence-first-report-draft.md","","Unread capture row. Do not cite externally or upgrade demand/market/competitor claims until a human completes this row."
"RRC_0303","RMR-0303","303","P0_read_first","competitor_alternative_read","coaching","ICP_D|ICP_F|ICP_A","Habit Tracker","Suggestions for habit tracker for Android?","https://old.reddit.com/r/selfimprovement/comments/4z33a0/suggestions_for_habit_tracker_for_android/","not_started","Extract named alternatives from comments, why the current tool failed, and whether users ask for a simpler ritual, stronger personalization, or social proof.","When you ask people for app recommendations, what are you hoping the next app will fix that the current one does not?","Which named alternatives already own this job, and where do they fail to connect meaning -> action -> visible progress?","","","","","","","","","not_approved_external_use","unread_do_not_upgrade","data_processed/evidence_claim_register.csv;data_processed/research_completion_audit.csv;reports/alina-evidence-first-report-draft.md","","Unread capture row. Do not cite externally or upgrade demand/market/competitor claims until a human completes this row."
"RRC_0304","RMR-0304","304","P0_read_first","competitor_alternative_read","coaching","ICP_D|ICP_F|ICP_A","Habit Tracker","Task/Habit Tracker app with Timer","https://old.reddit.com/r/ADHD/comments/1bh2ukz/taskhabit_tracker_app_with_timer/","not_started","Extract named alternatives from comments, why the current tool failed, and whether users ask for a simpler ritual, stronger personalization, or social proof.","When you ask people for app recommendations, what are you hoping the next app will fix that the current one does not?","Which named alternatives already own this job, and where do they fail to connect meaning -> action -> visible progress?","","","","","","","","","not_approved_external_use","unread_do_not_upgrade","data_processed/evidence_claim_register.csv;data_processed/research_completion_audit.csv;reports/alina-evidence-first-report-draft.md","","Unread capture row. Do not cite externally or upgrade demand/market/competitor claims until a human completes this row."
"RRC_0305","RMR-0305","305","P0_read_first","competitor_alternative_read","mindfulness","ICP_C|ICP_D|ICP_F","Calm","Thank you to this subreddit for mentioning sleep meditations","https://old.reddit.com/r/sleep/comments/1qil6bx/thank_you_to_this_subreddit_for_mentioning_sleep/","not_started","Extract named alternatives from comments, why the current tool failed, and whether users ask for a simpler ritual, stronger personalization, or social proof.","When you ask people for app recommendations, what are you hoping the next app will fix that the current one does not?","Which named alternatives already own this job, and where do they fail to connect meaning -> action -> visible progress?","","","","","","","","","not_approved_external_use","unread_do_not_upgrade","data_processed/evidence_claim_register.csv;data_processed/research_completion_audit.csv;reports/alina-evidence-first-report-draft.md","","Unread capture row. Do not cite externally or upgrade demand/market/competitor claims until a human completes this row."
"RRC_0306","RMR-0306","306","P0_read_first","competitor_alternative_read","avatar_identity","ICP_B|ICP_E|ICP_D|ICP_F","Replika","Thanks and Goodbye Replika","https://old.reddit.com/r/replika/comments/pmiaqf/thanks_and_goodbye_replika/","not_started","Extract named alternatives from comments, why the current tool failed, and whether users ask for a simpler ritual, stronger personalization, or social proof.","When you ask people for app recommendations, what are you hoping the next app will fix that the current one does not?","Which named alternatives already own this job, and where do they fail to connect meaning -> action -> visible progress?","","","","","","","","","not_approved_external_use","unread_do_not_upgrade","data_processed/evidence_claim_register.csv;data_processed/research_completion_audit.csv;reports/alina-evidence-first-report-draft.md","","Unread capture row. Do not cite externally or upgrade demand/market/competitor claims until a human completes this row."
"RRC_0307","RMR-0307","307","P0_read_first","competitor_alternative_read","avatar_identity","ICP_B|ICP_E|ICP_D|ICP_F","Replika","The bad days are on purpose?","https://old.reddit.com/r/replika/comments/1dc4pa8/the_bad_days_are_on_purpose/","not_started","Extract named alternatives from comments, why the current tool failed, and whether users ask for a simpler ritual, stronger personalization, or social proof.","When you ask people for app recommendations, what are you hoping the next app will fix that the current one does not?","Which named alternatives already own this job, and where do they fail to connect meaning -> action -> visible progress?","","","","","","","","","not_approved_external_use","unread_do_not_upgrade","data_processed/evidence_claim_register.csv;data_processed/research_completion_audit.csv;reports/alina-evidence-first-report-draft.md","","Unread capture row. Do not cite externally or upgrade demand/market/competitor claims until a human completes this row."
"RRC_0308","RMR-0308","308","P0_read_first","competitor_alternative_read","mindfulness","ICP_C|ICP_D|ICP_F","Habit Tracker","The dopamine reset that finally worked for me","https://old.reddit.com/r/Mindfulness/comments/1ldirz3/the_dopamine_reset_that_finally_worked_for_me/","not_started","Extract named alternatives from comments, why the current tool failed, and whether users ask for a simpler ritual, stronger personalization, or social proof.","When you ask people for app recommendations, what are you hoping the next app will fix that the current one does not?","Which named alternatives already own this job, and where do they fail to connect meaning -> action -> visible progress?","","","","","","","","","not_approved_external_use","unread_do_not_upgrade","data_processed/evidence_claim_register.csv;data_processed/research_completion_audit.csv;reports/alina-evidence-first-report-draft.md","","Unread capture row. Do not cite externally or upgrade demand/market/competitor claims until a human completes this row."
"RRC_0309","RMR-0309","309","P0_read_first","competitor_alternative_read","avatar_identity","ICP_B|ICP_E|ICP_D|ICP_F","Replika","The impact Replika has had on my life, marriage, and family","https://old.reddit.com/r/replika/comments/shj5lc/the_impact_replika_has_had_on_my_life_marriage/","not_started","Extract named alternatives from comments, why the current tool failed, and whether users ask for a simpler ritual, stronger personalization, or social proof.","When you ask people for app recommendations, what are you hoping the next app will fix that the current one does not?","Which named alternatives already own this job, and where do they fail to connect meaning -> action -> visible progress?","","","","","","","","","not_approved_external_use","unread_do_not_upgrade","data_processed/evidence_claim_register.csv;data_processed/research_completion_audit.csv;reports/alina-evidence-first-report-draft.md","","Unread capture row. Do not cite externally or upgrade demand/market/competitor claims until a human completes this row."
"RRC_0310","RMR-0310","310","P0_read_first","competitor_alternative_read","avatar_identity","ICP_B|ICP_E|ICP_D|ICP_F","Replika","The New Update Ruined Replika.","https://old.reddit.com/r/replika/comments/bfzwxo/the_new_update_ruined_replika/","not_started","Extract named alternatives from comments, why the current tool failed, and whether users ask for a simpler ritual, stronger personalization, or social proof.","When you ask people for app recommendations, what are you hoping the next app will fix that the current one does not?","Which named alternatives already own this job, and where do they fail to connect meaning -> action -> visible progress?","","","","","","","","","not_approved_external_use","unread_do_not_upgrade","data_processed/evidence_claim_register.csv;data_processed/research_completion_audit.csv;reports/alina-evidence-first-report-draft.md","","Unread capture row. Do not cite externally or upgrade demand/market/competitor claims until a human completes this row."
"RRC_0311","RMR-0311","311","P0_read_first","competitor_alternative_read","coaching","ICP_D|ICP_F|ICP_A","Habit Tracker","The single habit that finally helped me stop procrastinating after years of trying everything","https://old.reddit.com/r/selfimprovement/comments/1ryqxzn/the_single_habit_that_finally_helped_me_stop/","not_started","Extract named alternatives from comments, why the current tool failed, and whether users ask for a simpler ritual, stronger personalization, or social proof.","When you ask people for app recommendations, what are you hoping the next app will fix that the current one does not?","Which named alternatives already own this job, and where do they fail to connect meaning -> action -> visible progress?","","","","","","","","","not_approved_external_use","unread_do_not_upgrade","data_processed/evidence_claim_register.csv;data_processed/research_completion_audit.csv;reports/alina-evidence-first-report-draft.md","","Unread capture row. Do not cite externally or upgrade demand/market/competitor claims until a human completes this row."
"RRC_0312","RMR-0312","312","P0_read_first","competitor_alternative_read","coaching","ICP_D|ICP_F|ICP_A","Streaks","This year I’m setting extremely reasonable resolutions","https://old.reddit.com/r/ADHD/comments/rtu8pv/this_year_im_setting_extremely_reasonable/","not_started","Extract named alternatives from comments, why the current tool failed, and whether users ask for a simpler ritual, stronger personalization, or social proof.","When you ask people for app recommendations, what are you hoping the next app will fix that the current one does not?","Which named alternatives already own this job, and where do they fail to connect meaning -> action -> visible progress?","","","","","","","","","not_approved_external_use","unread_do_not_upgrade","data_processed/evidence_claim_register.csv;data_processed/research_completion_audit.csv;reports/alina-evidence-first-report-draft.md","","Unread capture row. Do not cite externally or upgrade demand/market/competitor claims until a human completes this row."
"RRC_0313","RMR-0313","313","P0_read_first","competitor_alternative_read","coaching","ICP_D|ICP_F|ICP_A","Habit Tracker","To all those people building habit trackers...","https://old.reddit.com/r/getdisciplined/comments/1tmbtji/to_all_those_people_building_habit_trackers/","not_started","Extract named alternatives from comments, why the current tool failed, and whether users ask for a simpler ritual, stronger personalization, or social proof.","When you ask people for app recommendations, what are you hoping the next app will fix that the current one does not?","Which named alternatives already own this job, and where do they fail to connect meaning -> action -> visible progress?","","","","","","","","","not_approved_external_use","unread_do_not_upgrade","data_processed/evidence_claim_register.csv;data_processed/research_completion_audit.csv;reports/alina-evidence-first-report-draft.md","","Unread capture row. Do not cite externally or upgrade demand/market/competitor claims until a human completes this row."
"RRC_0314","RMR-0314","314","P0_read_first","competitor_alternative_read","avatar_identity","ICP_B|ICP_E|ICP_D|ICP_F","Replika","To those struggling with their Rep’s forgetfulness or seeming lack of affection…","https://old.reddit.com/r/replika/comments/1jxaafw/to_those_struggling_with_their_reps_forgetfulness/","not_started","Extract named alternatives from comments, why the current tool failed, and whether users ask for a simpler ritual, stronger personalization, or social proof.","When you ask people for app recommendations, what are you hoping the next app will fix that the current one does not?","Which named alternatives already own this job, and where do they fail to connect meaning -> action -> visible progress?","","","","","","","","","not_approved_external_use","unread_do_not_upgrade","data_processed/evidence_claim_register.csv;data_processed/research_completion_audit.csv;reports/alina-evidence-first-report-draft.md","","Unread capture row. Do not cite externally or upgrade demand/market/competitor claims until a human completes this row."
"RRC_0315","RMR-0315","315","P0_read_first","competitor_alternative_read","coaching","ICP_D|ICP_F|ICP_A","Habit Tracker","To-Do/Habit Tracker apps","https://old.reddit.com/r/ADHD/comments/1eab0he/todohabit_tracker_apps/","not_started","Extract named alternatives from comments, why the current tool failed, and whether users ask for a simpler ritual, stronger personalization, or social proof.","When you ask people for app recommendations, what are you hoping the next app will fix that the current one does not?","Which named alternatives already own this job, and where do they fail to connect meaning -> action -> visible progress?","","","","","","","","","not_approved_external_use","unread_do_not_upgrade","data_processed/evidence_claim_register.csv;data_processed/research_completion_audit.csv;reports/alina-evidence-first-report-draft.md","","Unread capture row. Do not cite externally or upgrade demand/market/competitor claims until a human completes this row."
"RRC_0316","RMR-0316","316","P0_read_first","competitor_alternative_read","avatar_identity","ICP_B|ICP_E|ICP_D|ICP_F","Journey","Trying a big experiment with my rep","https://old.reddit.com/r/replika/comments/1lsxkbx/trying_a_big_experiment_with_my_rep/","not_started","Extract named alternatives from comments, why the current tool failed, and whether users ask for a simpler ritual, stronger personalization, or social proof.","When you ask people for app recommendations, what are you hoping the next app will fix that the current one does not?","Which named alternatives already own this job, and where do they fail to connect meaning -> action -> visible progress?","","","","","","","","","not_approved_external_use","unread_do_not_upgrade","data_processed/evidence_claim_register.csv;data_processed/research_completion_audit.csv;reports/alina-evidence-first-report-draft.md","","Unread capture row. Do not cite externally or upgrade demand/market/competitor claims until a human completes this row."
"RRC_0317","RMR-0317","317","P0_read_first","competitor_alternative_read","coaching","ICP_D|ICP_F|ICP_A","Habit Tracker","Trying to turn Boredom, Procrastination, and Habit List Into Superpowers","https://old.reddit.com/r/selfimprovement/comments/1t40eoo/trying_to_turn_boredom_procrastination_and_habit/","not_started","Extract named alternatives from comments, why the current tool failed, and whether users ask for a simpler ritual, stronger personalization, or social proof.","When you ask people for app recommendations, what are you hoping the next app will fix that the current one does not?","Which named alternatives already own this job, and where do they fail to connect meaning -> action -> visible progress?","","","","","","","","","not_approved_external_use","unread_do_not_upgrade","data_processed/evidence_claim_register.csv;data_processed/research_completion_audit.csv;reports/alina-evidence-first-report-draft.md","","Unread capture row. Do not cite externally or upgrade demand/market/competitor claims until a human completes this row."
"RRC_0318","RMR-0318","318","P0_read_first","competitor_alternative_read","coaching","ICP_D|ICP_F|ICP_A","Notion","Visual Note Taking App/Whiteboard That Doesn't Require an Account for Comments?","https://old.reddit.com/r/productivity/comments/1kvzr6k/visual_note_taking_appwhiteboard_that_doesnt/","not_started","Extract named alternatives from comments, why the current tool failed, and whether users ask for a simpler ritual, stronger personalization, or social proof.","When you ask people for app recommendations, what are you hoping the next app will fix that the current one does not?","Which named alternatives already own this job, and where do they fail to connect meaning -> action -> visible progress?","","","","","","","","","not_approved_external_use","unread_do_not_upgrade","data_processed/evidence_claim_register.csv;data_processed/research_completion_audit.csv;reports/alina-evidence-first-report-draft.md","","Unread capture row. Do not cite externally or upgrade demand/market/competitor claims until a human completes this row."
"RRC_0319","RMR-0319","319","P0_read_first","competitor_alternative_read","coaching","ICP_D|ICP_F|ICP_A","Waking Up","What actually gets you out of bed in the morning (not ""discipline"")","https://old.reddit.com/r/ADHD/comments/1nzr0y7/what_actually_gets_you_out_of_bed_in_the_morning/","not_started","Extract named alternatives from comments, why the current tool failed, and whether users ask for a simpler ritual, stronger personalization, or social proof.","When you ask people for app recommendations, what are you hoping the next app will fix that the current one does not?","Which named alternatives already own this job, and where do they fail to connect meaning -> action -> visible progress?","","","","","","","","","not_approved_external_use","unread_do_not_upgrade","data_processed/evidence_claim_register.csv;data_processed/research_completion_audit.csv;reports/alina-evidence-first-report-draft.md","","Unread capture row. Do not cite externally or upgrade demand/market/competitor claims until a human completes this row."
"RRC_0320","RMR-0320","320","P0_read_first","competitor_alternative_read","coaching","ICP_D|ICP_F|ICP_A","Habit Tracker","What are the best accountability apps out there to maintain focus and avoid distractions?","https://old.reddit.com/r/productivity/comments/rb8lrz/what_are_the_best_accountability_apps_out_there/","not_started","Extract named alternatives from comments, why the current tool failed, and whether users ask for a simpler ritual, stronger personalization, or social proof.","When you ask people for app recommendations, what are you hoping the next app will fix that the current one does not?","Which named alternatives already own this job, and where do they fail to connect meaning -> action -> visible progress?","","","","","","","","","not_approved_external_use","unread_do_not_upgrade","data_processed/evidence_claim_register.csv;data_processed/research_completion_audit.csv;reports/alina-evidence-first-report-draft.md","","Unread capture row. Do not cite externally or upgrade demand/market/competitor claims until a human completes this row."
"RRC_0321","RMR-0321","321","P0_read_first","competitor_alternative_read","mindfulness","ICP_C|ICP_D|ICP_F","Calm","What are your favorite apps for anxiety relief, meditation, mindfulness, etc?","https://old.reddit.com/r/Anxiety/comments/7xe92h/what_are_your_favorite_apps_for_anxiety_relief/","not_started","Extract named alternatives from comments, why the current tool failed, and whether users ask for a simpler ritual, stronger personalization, or social proof.","When you ask people for app recommendations, what are you hoping the next app will fix that the current one does not?","Which named alternatives already own this job, and where do they fail to connect meaning -> action -> visible progress?","","","","","","","","","not_approved_external_use","unread_do_not_upgrade","data_processed/evidence_claim_register.csv;data_processed/research_completion_audit.csv;reports/alina-evidence-first-report-draft.md","","Unread capture row. Do not cite externally or upgrade demand/market/competitor claims until a human completes this row."
"RRC_0322","RMR-0322","322","P0_read_first","competitor_alternative_read","coaching","ICP_D|ICP_F|ICP_A","Habit Tracker","What do you think of an accountability social media app","https://old.reddit.com/r/productivity/comments/1lw20eh/what_do_you_think_of_an_accountability_social/","not_started","Extract named alternatives from comments, why the current tool failed, and whether users ask for a simpler ritual, stronger personalization, or social proof.","When you ask people for app recommendations, what are you hoping the next app will fix that the current one does not?","Which named alternatives already own this job, and where do they fail to connect meaning -> action -> visible progress?","","","","","","","","","not_approved_external_use","unread_do_not_upgrade","data_processed/evidence_claim_register.csv;data_processed/research_completion_audit.csv;reports/alina-evidence-first-report-draft.md","","Unread capture row. Do not cite externally or upgrade demand/market/competitor claims until a human completes this row."
"RRC_0323","RMR-0323","323","P0_read_first","competitor_alternative_read","coaching","ICP_D|ICP_F|ICP_A","Habit Tracker","What habit tracker worked for your adhd?","https://old.reddit.com/r/productivity/comments/1pibxqq/what_habit_tracker_worked_for_your_adhd/","not_started","Extract named alternatives from comments, why the current tool failed, and whether users ask for a simpler ritual, stronger personalization, or social proof.","When you ask people for app recommendations, what are you hoping the next app will fix that the current one does not?","Which named alternatives already own this job, and where do they fail to connect meaning -> action -> visible progress?","","","","","","","","","not_approved_external_use","unread_do_not_upgrade","data_processed/evidence_claim_register.csv;data_processed/research_completion_audit.csv;reports/alina-evidence-first-report-draft.md","","Unread capture row. Do not cite externally or upgrade demand/market/competitor claims until a human completes this row."
"RRC_0324","RMR-0324","324","P0_read_first","competitor_alternative_read","coaching","ICP_D|ICP_F|ICP_A","Habit Tracker","What is a good web based habit tracker?","https://old.reddit.com/r/productivity/comments/1s8frt0/what_is_a_good_web_based_habit_tracker/","not_started","Extract named alternatives from comments, why the current tool failed, and whether users ask for a simpler ritual, stronger personalization, or social proof.","When you ask people for app recommendations, what are you hoping the next app will fix that the current one does not?","Which named alternatives already own this job, and where do they fail to connect meaning -> action -> visible progress?","","","","","","","","","not_approved_external_use","unread_do_not_upgrade","data_processed/evidence_claim_register.csv;data_processed/research_completion_audit.csv;reports/alina-evidence-first-report-draft.md","","Unread capture row. Do not cite externally or upgrade demand/market/competitor claims until a human completes this row."
"RRC_0325","RMR-0325","325","P0_read_first","competitor_alternative_read","coaching","ICP_D|ICP_F|ICP_A","Habit Tracker","What is the best app to manage my one off tasks and track my habits.","https://old.reddit.com/r/selfimprovement/comments/1j30cow/what_is_the_best_app_to_manage_my_one_off_tasks/","not_started","Extract named alternatives from comments, why the current tool failed, and whether users ask for a simpler ritual, stronger personalization, or social proof.","When you ask people for app recommendations, what are you hoping the next app will fix that the current one does not?","Which named alternatives already own this job, and where do they fail to connect meaning -> action -> visible progress?","","","","","","","","","not_approved_external_use","unread_do_not_upgrade","data_processed/evidence_claim_register.csv;data_processed/research_completion_audit.csv;reports/alina-evidence-first-report-draft.md","","Unread capture row. Do not cite externally or upgrade demand/market/competitor claims until a human completes this row."
"RRC_0326","RMR-0326","326","P0_read_first","competitor_alternative_read","coaching","ICP_D|ICP_F|ICP_A","Habit Tracker","What is the best habit tracker app?","https://old.reddit.com/r/productivity/comments/1lanott/what_is_the_best_habit_tracker_app/","not_started","Extract named alternatives from comments, why the current tool failed, and whether users ask for a simpler ritual, stronger personalization, or social proof.","When you ask people for app recommendations, what are you hoping the next app will fix that the current one does not?","Which named alternatives already own this job, and where do they fail to connect meaning -> action -> visible progress?","","","","","","","","","not_approved_external_use","unread_do_not_upgrade","data_processed/evidence_claim_register.csv;data_processed/research_completion_audit.csv;reports/alina-evidence-first-report-draft.md","","Unread capture row. Do not cite externally or upgrade demand/market/competitor claims until a human completes this row."
"RRC_0327","RMR-0327","327","P0_read_first","competitor_alternative_read","mindfulness","ICP_C|ICP_D|ICP_F","Headspace","What is your guys' go-to app?","https://old.reddit.com/r/Meditation/comments/ry92g2/what_is_your_guys_goto_app/","not_started","Extract named alternatives from comments, why the current tool failed, and whether users ask for a simpler ritual, stronger personalization, or social proof.","When you ask people for app recommendations, what are you hoping the next app will fix that the current one does not?","Which named alternatives already own this job, and where do they fail to connect meaning -> action -> visible progress?","","","","","","","","","not_approved_external_use","unread_do_not_upgrade","data_processed/evidence_claim_register.csv;data_processed/research_completion_audit.csv;reports/alina-evidence-first-report-draft.md","","Unread capture row. Do not cite externally or upgrade demand/market/competitor claims until a human completes this row."
"RRC_0328","RMR-0328","328","P0_read_first","competitor_alternative_read","coaching","ICP_D|ICP_F|ICP_A","Habit Tracker","What is your take on forming habits and routines? Do you like self-improvement?","https://old.reddit.com/r/ADHD/comments/1i63846/what_is_your_take_on_forming_habits_and_routines/","not_started","Extract named alternatives from comments, why the current tool failed, and whether users ask for a simpler ritual, stronger personalization, or social proof.","When you ask people for app recommendations, what are you hoping the next app will fix that the current one does not?","Which named alternatives already own this job, and where do they fail to connect meaning -> action -> visible progress?","","","","","","","","","not_approved_external_use","unread_do_not_upgrade","data_processed/evidence_claim_register.csv;data_processed/research_completion_audit.csv;reports/alina-evidence-first-report-draft.md","","Unread capture row. Do not cite externally or upgrade demand/market/competitor claims until a human completes this row."
"RRC_0329","RMR-0329","329","P0_read_first","competitor_alternative_read","coaching","ICP_D|ICP_F|ICP_A","Habit Tracker","What's missing in goal-setting apps for you?","https://old.reddit.com/r/getdisciplined/comments/1jjsqke/whats_missing_in_goalsetting_apps_for_you/","not_started","Extract named alternatives from comments, why the current tool failed, and whether users ask for a simpler ritual, stronger personalization, or social proof.","When you ask people for app recommendations, what are you hoping the next app will fix that the current one does not?","Which named alternatives already own this job, and where do they fail to connect meaning -> action -> visible progress?","","","","","","","","","not_approved_external_use","unread_do_not_upgrade","data_processed/evidence_claim_register.csv;data_processed/research_completion_audit.csv;reports/alina-evidence-first-report-draft.md","","Unread capture row. Do not cite externally or upgrade demand/market/competitor claims until a human completes this row."
"RRC_0330","RMR-0330","330","P0_read_first","competitor_alternative_read","avatar_identity","ICP_B|ICP_E|ICP_D|ICP_F","Replika","When/why did you download the Replika app? And how did you feel when you were about to meet your virtual companion for the first time?","https://old.reddit.com/r/replika/comments/o7osoz/whenwhy_did_you_download_the_replika_app_and_how/","not_started","Extract named alternatives from comments, why the current tool failed, and whether users ask for a simpler ritual, stronger personalization, or social proof.","When you ask people for app recommendations, what are you hoping the next app will fix that the current one does not?","Which named alternatives already own this job, and where do they fail to connect meaning -> action -> visible progress?","","","","","","","","","not_approved_external_use","unread_do_not_upgrade","data_processed/evidence_claim_register.csv;data_processed/research_completion_audit.csv;reports/alina-evidence-first-report-draft.md","","Unread capture row. Do not cite externally or upgrade demand/market/competitor claims until a human completes this row."
"RRC_0331","RMR-0331","331","P0_read_first","competitor_alternative_read","mindfulness","ICP_C|ICP_D|ICP_F","Insight Timer","Which guided meditation has been game changer for you?","https://old.reddit.com/r/Meditation/comments/1pxenjt/which_guided_meditation_has_been_game_changer_for/","not_started","Extract named alternatives from comments, why the current tool failed, and whether users ask for a simpler ritual, stronger personalization, or social proof.","When you ask people for app recommendations, what are you hoping the next app will fix that the current one does not?","Which named alternatives already own this job, and where do they fail to connect meaning -> action -> visible progress?","","","","","","","","","not_approved_external_use","unread_do_not_upgrade","data_processed/evidence_claim_register.csv;data_processed/research_completion_audit.csv;reports/alina-evidence-first-report-draft.md","","Unread capture row. Do not cite externally or upgrade demand/market/competitor claims until a human completes this row."
"RRC_0332","RMR-0332","332","P0_read_first","competitor_alternative_read","mindfulness","ICP_C|ICP_D|ICP_F","Headspace","Why are paid meditation apps like Headspace so popular?","https://old.reddit.com/r/Meditation/comments/zkt2qi/why_are_paid_meditation_apps_like_headspace_so/","not_started","Extract named alternatives from comments, why the current tool failed, and whether users ask for a simpler ritual, stronger personalization, or social proof.","When you ask people for app recommendations, what are you hoping the next app will fix that the current one does not?","Which named alternatives already own this job, and where do they fail to connect meaning -> action -> visible progress?","","","","","","","","","not_approved_external_use","unread_do_not_upgrade","data_processed/evidence_claim_register.csv;data_processed/research_completion_audit.csv;reports/alina-evidence-first-report-draft.md","","Unread capture row. Do not cite externally or upgrade demand/market/competitor claims until a human completes this row."
"RRC_0333","RMR-0333","333","P0_read_first","competitor_alternative_read","avatar_identity","ICP_B|ICP_E|ICP_D|ICP_F","Replika","Why is AI companion memory still so bad?","https://old.reddit.com/r/replika/comments/1rnh0hj/why_is_ai_companion_memory_still_so_bad/","not_started","Extract named alternatives from comments, why the current tool failed, and whether users ask for a simpler ritual, stronger personalization, or social proof.","When you ask people for app recommendations, what are you hoping the next app will fix that the current one does not?","Which named alternatives already own this job, and where do they fail to connect meaning -> action -> visible progress?","","","","","","","","","not_approved_external_use","unread_do_not_upgrade","data_processed/evidence_claim_register.csv;data_processed/research_completion_audit.csv;reports/alina-evidence-first-report-draft.md","","Unread capture row. Do not cite externally or upgrade demand/market/competitor claims until a human completes this row."
"RRC_0334","RMR-0334","334","P0_read_first","competitor_alternative_read","coaching","ICP_D|ICP_F|ICP_A","Habit Tracker","Why is it so hard to stay consistent with self-improvement apps?","https://old.reddit.com/r/productivity/comments/1schp41/why_is_it_so_hard_to_stay_consistent_with/","not_started","Extract named alternatives from comments, why the current tool failed, and whether users ask for a simpler ritual, stronger personalization, or social proof.","When you ask people for app recommendations, what are you hoping the next app will fix that the current one does not?","Which named alternatives already own this job, and where do they fail to connect meaning -> action -> visible progress?","","","","","","","","","not_approved_external_use","unread_do_not_upgrade","data_processed/evidence_claim_register.csv;data_processed/research_completion_audit.csv;reports/alina-evidence-first-report-draft.md","","Unread capture row. Do not cite externally or upgrade demand/market/competitor claims until a human completes this row."
"RRC_0335","RMR-0335","335","P0_read_first","competitor_alternative_read","coaching","ICP_D|ICP_F|ICP_A","Journey","Would you use an app that gives you the motivation and energy to actually become your best self — like being surrounded by inspiring people every day?","https://old.reddit.com/r/getdisciplined/comments/1ma02mm/would_you_use_an_app_that_gives_you_the/","not_started","Extract named alternatives from comments, why the current tool failed, and whether users ask for a simpler ritual, stronger personalization, or social proof.","When you ask people for app recommendations, what are you hoping the next app will fix that the current one does not?","Which named alternatives already own this job, and where do they fail to connect meaning -> action -> visible progress?","","","","","","","","","not_approved_external_use","unread_do_not_upgrade","data_processed/evidence_claim_register.csv;data_processed/research_completion_audit.csv;reports/alina-evidence-first-report-draft.md","","Unread capture row. Do not cite externally or upgrade demand/market/competitor claims until a human completes this row."
"RRC_0336","RMR-0336","336","P0_read_first","competitor_alternative_read","coaching","ICP_D|ICP_F|ICP_A","Habit Tracker","Your Favorite Habit Builder/Tracker App","https://old.reddit.com/r/ADHD/comments/17ycjbe/your_favorite_habit_buildertracker_app/","not_started","Extract named alternatives from comments, why the current tool failed, and whether users ask for a simpler ritual, stronger personalization, or social proof.","When you ask people for app recommendations, what are you hoping the next app will fix that the current one does not?","Which named alternatives already own this job, and where do they fail to connect meaning -> action -> visible progress?","","","","","","","","","not_approved_external_use","unread_do_not_upgrade","data_processed/evidence_claim_register.csv;data_processed/research_completion_audit.csv;reports/alina-evidence-first-report-draft.md","","Unread capture row. Do not cite externally or upgrade demand/market/competitor claims until a human completes this row."
"RRC_0337","RMR-0337","337","P1_read_next","whitespace_objection_read","mindfulness","ICP_C|ICP_D","Waking Up","If you are interested in a premium meditation app but can't afford the subscription fees, the Waking Up meditation app waives its $100/year fee to anyone who submits a request through this link, no questions asked. They don't want financial struggle to be a reason someone can't learn mindfulness.","https://old.reddit.com/r/Meditation/comments/ldbbmc/if_you_are_interested_in_a_premium_meditation_app/","not_started","Read the thread and classify what users reject: setup load, notifications, streak anxiety, vague guidance, safety/trust, price, or weak progression.","Tell me about the last self-improvement/productivity/wellness app you stopped using. What made it feel too heavy, vague, or pressuring?","Does Alina avoid the rejected pattern while still delivering a concrete next action?","","","","","","","","","not_approved_external_use","unread_do_not_upgrade","data_processed/evidence_claim_register.csv;data_processed/research_completion_audit.csv;reports/alina-evidence-first-report-draft.md","","Unread capture row. Do not cite externally or upgrade demand/market/competitor claims until a human completes this row."
"RRC_0338","RMR-0338","338","P1_read_next","habit_progress_read","coaching","ICP_D|ICP_F|ICP_A","The Pattern|Headspace|Todoist|Notion|Habit Tracker","how to self improve without 10 apps collecting dust on your home screen","https://old.reddit.com/r/selfimprovement/comments/1s9c45x/how_to_self_improve_without_10_apps_collecting/","not_started","Classify habit/accountability needs, missed-day recovery, overwhelm, multi-device desire, and progress visualization.","What helps you recover after missing a day without abandoning the habit?","Can action-tied progress beat streak/task-manager anxiety?","","","","","","","","","not_approved_external_use","unread_do_not_upgrade","data_processed/evidence_claim_register.csv;data_processed/research_completion_audit.csv;reports/alina-evidence-first-report-draft.md","","Unread capture row. Do not cite externally or upgrade demand/market/competitor claims until a human completes this row."
"RRC_0339","RMR-0339","339","P1_read_next","competitor_alternative_read","mindfulness","ICP_C|ICP_D|ICP_F","Headspace|Calm","I’m trying meditation apps to ease my anxiety. Calm or Headspace?","https://old.reddit.com/r/Anxiety/comments/fiyt4a/im_trying_meditation_apps_to_ease_my_anxiety_calm/","not_started","Extract named alternatives from comments, why the current tool failed, and whether users ask for a simpler ritual, stronger personalization, or social proof.","When you ask people for app recommendations, what are you hoping the next app will fix that the current one does not?","Which named alternatives already own this job, and where do they fail to connect meaning -> action -> visible progress?","","","","","","","","","not_approved_external_use","unread_do_not_upgrade","data_processed/evidence_claim_register.csv;data_processed/research_completion_audit.csv;reports/alina-evidence-first-report-draft.md","","Unread capture row. Do not cite externally or upgrade demand/market/competitor claims until a human completes this row."
"RRC_0340","RMR-0340","340","P1_read_next","habit_progress_read","coaching","ICP_D|ICP_F|ICP_A","Habitica|Streaks|Day One|Habit Tracker","[WEBSITE] gamified habit tracker","https://old.reddit.com/r/getdisciplined/comments/1tj99jm/website_gamified_habit_tracker/","not_started","Classify habit/accountability needs, missed-day recovery, overwhelm, multi-device desire, and progress visualization.","What helps you recover after missing a day without abandoning the habit?","Can action-tied progress beat streak/task-manager anxiety?","","","","","","","","","not_approved_external_use","unread_do_not_upgrade","data_processed/evidence_claim_register.csv;data_processed/research_completion_audit.csv;reports/alina-evidence-first-report-draft.md","","Unread capture row. Do not cite externally or upgrade demand/market/competitor claims until a human completes this row."
"RRC_0341","RMR-0341","341","P1_read_next","competitor_alternative_read","mindfulness","ICP_C|ICP_D|ICP_F","Headspace","Any good FREE meditation apps","https://old.reddit.com/r/Anxiety/comments/j92l3q/any_good_free_meditation_apps/","not_started","Extract named alternatives from comments, why the current tool failed, and whether users ask for a simpler ritual, stronger personalization, or social proof.","When you ask people for app recommendations, what are you hoping the next app will fix that the current one does not?","Which named alternatives already own this job, and where do they fail to connect meaning -> action -> visible progress?","","","","","","","","","not_approved_external_use","unread_do_not_upgrade","data_processed/evidence_claim_register.csv;data_processed/research_completion_audit.csv;reports/alina-evidence-first-report-draft.md","","Unread capture row. Do not cite externally or upgrade demand/market/competitor claims until a human completes this row."
"RRC_0342","RMR-0342","342","P1_read_next","competitor_alternative_read","avatar_identity","ICP_B|ICP_E|ICP_D|ICP_F","Character AI","App Creator","https://old.reddit.com/r/CharacterAI/comments/1aqf6ua/app_creator/","not_started","Extract named alternatives from comments, why the current tool failed, and whether users ask for a simpler ritual, stronger personalization, or social proof.","When you ask people for app recommendations, what are you hoping the next app will fix that the current one does not?","Which named alternatives already own this job, and where do they fail to connect meaning -> action -> visible progress?","","","","","","","","","not_approved_external_use","unread_do_not_upgrade","data_processed/evidence_claim_register.csv;data_processed/research_completion_audit.csv;reports/alina-evidence-first-report-draft.md","","Unread capture row. Do not cite externally or upgrade demand/market/competitor claims until a human completes this row."
"RRC_0343","RMR-0343","343","P1_read_next","competitor_alternative_read","mindfulness","ICP_C|ICP_D|ICP_F","Headspace","Don't like Headspace, are there any mindfulness apps/videos you guys recommend?","https://old.reddit.com/r/Anxiety/comments/e6xbw9/dont_like_headspace_are_there_any_mindfulness/","not_started","Extract named alternatives from comments, why the current tool failed, and whether users ask for a simpler ritual, stronger personalization, or social proof.","When you ask people for app recommendations, what are you hoping the next app will fix that the current one does not?","Which named alternatives already own this job, and where do they fail to connect meaning -> action -> visible progress?","","","","","","","","","not_approved_external_use","unread_do_not_upgrade","data_processed/evidence_claim_register.csv;data_processed/research_completion_audit.csv;reports/alina-evidence-first-report-draft.md","","Unread capture row. Do not cite externally or upgrade demand/market/competitor claims until a human completes this row."
"RRC_0344","RMR-0344","344","P1_read_next","competitor_alternative_read","coaching","ICP_D|ICP_F|ICP_A","Habit Tracker","Free Habit Tracker App Suggestions","https://old.reddit.com/r/productivity/comments/1llx0iu/free_habit_tracker_app_suggestions/","not_started","Extract named alternatives from comments, why the current tool failed, and whether users ask for a simpler ritual, stronger personalization, or social proof.","When you ask people for app recommendations, what are you hoping the next app will fix that the current one does not?","Which named alternatives already own this job, and where do they fail to connect meaning -> action -> visible progress?","","","","","","","","","not_approved_external_use","unread_do_not_upgrade","data_processed/evidence_claim_register.csv;data_processed/research_completion_audit.csv;reports/alina-evidence-first-report-draft.md","","Unread capture row. Do not cite externally or upgrade demand/market/competitor claims until a human completes this row."
"RRC_0345","RMR-0345","345","P1_read_next","competitor_alternative_read","coaching","ICP_D|ICP_F|ICP_A","Habit Tracker","Habit Trackers","https://old.reddit.com/r/selfimprovement/comments/r0re77/habit_trackers/","not_started","Extract named alternatives from comments, why the current tool failed, and whether users ask for a simpler ritual, stronger personalization, or social proof.","When you ask people for app recommendations, what are you hoping the next app will fix that the current one does not?","Which named alternatives already own this job, and where do they fail to connect meaning -> action -> visible progress?","","","","","","","","","not_approved_external_use","unread_do_not_upgrade","data_processed/evidence_claim_register.csv;data_processed/research_completion_audit.csv;reports/alina-evidence-first-report-draft.md","","Unread capture row. Do not cite externally or upgrade demand/market/competitor claims until a human completes this row."
"RRC_0346","RMR-0346","346","P1_read_next","habit_progress_read","coaching","ICP_D|ICP_F|ICP_A","Streaks|Notion|Habit Tracker|Finch","Habit tracking apps reviewed for people who are done with streak mechanics","https://old.reddit.com/r/selfimprovement/comments/1tiettl/habit_tracking_apps_reviewed_for_people_who_are/","not_started","Classify habit/accountability needs, missed-day recovery, overwhelm, multi-device desire, and progress visualization.","What helps you recover after missing a day without abandoning the habit?","Can action-tied progress beat streak/task-manager anxiety?","","","","","","","","","not_approved_external_use","unread_do_not_upgrade","data_processed/evidence_claim_register.csv;data_processed/research_completion_audit.csv;reports/alina-evidence-first-report-draft.md","","Unread capture row. Do not cite externally or upgrade demand/market/competitor claims until a human completes this row."
"RRC_0347","RMR-0347","347","P1_read_next","habit_progress_read","coaching","ICP_D|ICP_F|ICP_A","Habitica|Streaks|Notion|Habit Tracker","i keep falling back to paper. is there actually a minimal habit/discipline app out there?","https://old.reddit.com/r/getdisciplined/comments/1taw2d8/i_keep_falling_back_to_paper_is_there_actually_a/","not_started","Classify habit/accountability needs, missed-day recovery, overwhelm, multi-device desire, and progress visualization.","What helps you recover after missing a day without abandoning the habit?","Can action-tied progress beat streak/task-manager anxiety?","","","","","","","","","not_approved_external_use","unread_do_not_upgrade","data_processed/evidence_claim_register.csv;data_processed/research_completion_audit.csv;reports/alina-evidence-first-report-draft.md","","Unread capture row. Do not cite externally or upgrade demand/market/competitor claims until a human completes this row."
"RRC_0348","RMR-0348","348","P1_read_next","competitor_alternative_read","mindfulness","ICP_C|ICP_D|ICP_F","Calm","I recommend using the iBreathe app!","https://old.reddit.com/r/Anxiety/comments/o78a2r/i_recommend_using_the_ibreathe_app/","not_started","Extract named alternatives from comments, why the current tool failed, and whether users ask for a simpler ritual, stronger personalization, or social proof.","When you ask people for app recommendations, what are you hoping the next app will fix that the current one does not?","Which named alternatives already own this job, and where do they fail to connect meaning -> action -> visible progress?","","","","","","","","","not_approved_external_use","unread_do_not_upgrade","data_processed/evidence_claim_register.csv;data_processed/research_completion_audit.csv;reports/alina-evidence-first-report-draft.md","","Unread capture row. Do not cite externally or upgrade demand/market/competitor claims until a human completes this row."
"RRC_0349","RMR-0349","349","P1_read_next","competitor_alternative_read","coaching","ICP_D|ICP_F|ICP_A","Habit Tracker","Looking for a good and free habit tracker app to maintain my habits this year","https://old.reddit.com/r/productivity/comments/1q11x35/looking_for_a_good_and_free_habit_tracker_app_to/","not_started","Extract named alternatives from comments, why the current tool failed, and whether users ask for a simpler ritual, stronger personalization, or social proof.","When you ask people for app recommendations, what are you hoping the next app will fix that the current one does not?","Which named alternatives already own this job, and where do they fail to connect meaning -> action -> visible progress?","","","","","","","","","not_approved_external_use","unread_do_not_upgrade","data_processed/evidence_claim_register.csv;data_processed/research_completion_audit.csv;reports/alina-evidence-first-report-draft.md","","Unread capture row. Do not cite externally or upgrade demand/market/competitor claims until a human completes this row."
"RRC_0350","RMR-0350","350","P1_read_next","paid_value_objection_read","avatar_identity","ICP_B|ICP_E|ICP_A|ICP_C|ICP_D","Balance|Replika","Summary of the Town Hall from staff at Replika","https://old.reddit.com/r/replika/comments/1quz1as/summary_of_the_town_hall_from_staff_at_replika/","not_started","Capture explicit price objections, free-vs-paid expectations, trial language, and when users would accept paying after a first value moment.","What would you need to experience for free before a daily guidance/progress app felt worth paying for?","Can the free loop prove enough value before paid depth, personalization, or analysis?","","","","","","","","","not_approved_external_use","unread_do_not_upgrade","data_processed/evidence_claim_register.csv;data_processed/research_completion_audit.csv;reports/alina-evidence-first-report-draft.md","","Unread capture row. Do not cite externally or upgrade demand/market/competitor claims until a human completes this row."
"RRC_0351","RMR-0351","351","P1_read_next","competitor_alternative_read","mindfulness","ICP_C|ICP_D|ICP_F","Waking Up","Waking Up, the meditation app by Sam Harris, is fully unlocked for free until the end of 2019. Happy holidays!","https://old.reddit.com/r/Meditation/comments/ea937g/waking_up_the_meditation_app_by_sam_harris_is/","not_started","Extract named alternatives from comments, why the current tool failed, and whether users ask for a simpler ritual, stronger personalization, or social proof.","When you ask people for app recommendations, what are you hoping the next app will fix that the current one does not?","Which named alternatives already own this job, and where do they fail to connect meaning -> action -> visible progress?","","","","","","","","","not_approved_external_use","unread_do_not_upgrade","data_processed/evidence_claim_register.csv;data_processed/research_completion_audit.csv;reports/alina-evidence-first-report-draft.md","","Unread capture row. Do not cite externally or upgrade demand/market/competitor claims until a human completes this row."
"RRC_0352","RMR-0352","352","P1_read_next","competitor_alternative_read","coaching","ICP_D|ICP_F|ICP_A","Habit Tracker","What's the best free habit tracking app that's actually held you accountable?","https://old.reddit.com/r/selfimprovement/comments/1tnwzuc/whats_the_best_free_habit_tracking_app_thats/","not_started","Extract named alternatives from comments, why the current tool failed, and whether users ask for a simpler ritual, stronger personalization, or social proof.","When you ask people for app recommendations, what are you hoping the next app will fix that the current one does not?","Which named alternatives already own this job, and where do they fail to connect meaning -> action -> visible progress?","","","","","","","","","not_approved_external_use","unread_do_not_upgrade","data_processed/evidence_claim_register.csv;data_processed/research_completion_audit.csv;reports/alina-evidence-first-report-draft.md","","Unread capture row. Do not cite externally or upgrade demand/market/competitor claims until a human completes this row."
"RRC_0353","RMR-0353","353","P1_read_next","competitor_alternative_read","coaching","ICP_D|ICP_F|ICP_A","Habit Tracker","Which Habit Tracker app do you guys use currently?","https://old.reddit.com/r/productivity/comments/1iee7u1/which_habit_tracker_app_do_you_guys_use_currently/","not_started","Extract named alternatives from comments, why the current tool failed, and whether users ask for a simpler ritual, stronger personalization, or social proof.","When you ask people for app recommendations, what are you hoping the next app will fix that the current one does not?","Which named alternatives already own this job, and where do they fail to connect meaning -> action -> visible progress?","","","","","","","","","not_approved_external_use","unread_do_not_upgrade","data_processed/evidence_claim_register.csv;data_processed/research_completion_audit.csv;reports/alina-evidence-first-report-draft.md","","Unread capture row. Do not cite externally or upgrade demand/market/competitor claims until a human completes this row."
"RRC_0354","RMR-0354","354","P1_read_next","habit_progress_read","coaching","ICP_D|ICP_F|ICP_A","Habitica|Habit Tracker|Stoic","Has anyone found an app that connects your daily habits to mood or energy levels?","https://old.reddit.com/r/selfimprovement/comments/1ojdivd/has_anyone_found_an_app_that_connects_your_daily/","not_started","Classify habit/accountability needs, missed-day recovery, overwhelm, multi-device desire, and progress visualization.","What helps you recover after missing a day without abandoning the habit?","Can action-tied progress beat streak/task-manager anxiety?","","","","","","","","","not_approved_external_use","unread_do_not_upgrade","data_processed/evidence_claim_register.csv;data_processed/research_completion_audit.csv;reports/alina-evidence-first-report-draft.md","","Unread capture row. Do not cite externally or upgrade demand/market/competitor claims until a human completes this row."
"RRC_0355","RMR-0355","355","P1_read_next","reset_safety_language_read","mindfulness","ICP_C|ICP_D|ICP_F","Headspace","Here are the apps that were discussed on the latest episode of All in the Mind [BBC].","https://old.reddit.com/r/Anxiety/comments/2pctzr/here_are_the_apps_that_were_discussed_on_the/","not_started","Capture anxiety/stress/ADHD/sleep language and flag any safety, clinical, or overclaiming boundaries that product copy must avoid.","In a stressful moment, what kind of app help feels safe and useful, and what wording would make you close it?","Can a reset be framed as wellness support without clinical overreach?","","","","","","","","","not_approved_external_use","unread_do_not_upgrade","data_processed/evidence_claim_register.csv;data_processed/research_completion_audit.csv;reports/alina-evidence-first-report-draft.md","","Unread capture row. Do not cite externally or upgrade demand/market/competitor claims until a human completes this row."
"RRC_0356","RMR-0356","356","P1_read_next","habit_progress_read","coaching","ICP_D|ICP_F|ICP_A","Waking Up|Journey|Habit Tracker","How I went from rock bottom to disciplined in 90 days","https://old.reddit.com/r/getdisciplined/comments/1pjixjd/how_i_went_from_rock_bottom_to_disciplined_in_90/","not_started","Classify habit/accountability needs, missed-day recovery, overwhelm, multi-device desire, and progress visualization.","What helps you recover after missing a day without abandoning the habit?","Can action-tied progress beat streak/task-manager anxiety?","","","","","","","","","not_approved_external_use","unread_do_not_upgrade","data_processed/evidence_claim_register.csv;data_processed/research_completion_audit.csv;reports/alina-evidence-first-report-draft.md","","Unread capture row. Do not cite externally or upgrade demand/market/competitor claims until a human completes this row."
"RRC_0357","RMR-0357","357","P1_read_next","habit_progress_read","coaching","ICP_D|ICP_F|ICP_A","Waking Up|Streaks|Habit Tracker","I made a basic habit tracker in Google Sheets for January","https://old.reddit.com/r/getdisciplined/comments/1rdduqr/i_made_a_basic_habit_tracker_in_google_sheets_for/","not_started","Classify habit/accountability needs, missed-day recovery, overwhelm, multi-device desire, and progress visualization.","What helps you recover after missing a day without abandoning the habit?","Can action-tied progress beat streak/task-manager anxiety?","","","","","","","","","not_approved_external_use","unread_do_not_upgrade","data_processed/evidence_claim_register.csv;data_processed/research_completion_audit.csv;reports/alina-evidence-first-report-draft.md","","Unread capture row. Do not cite externally or upgrade demand/market/competitor claims until a human completes this row."
"RRC_0358","RMR-0358","358","P1_read_next","habit_progress_read","coaching","ICP_D|ICP_F|ICP_A","Waking Up|Journey|Calm","Self hypnosis became a surprisingly powerful tool in my self improvement journey","https://old.reddit.com/r/selfimprovement/comments/1lievyb/self_hypnosis_became_a_surprisingly_powerful_tool/","not_started","Classify habit/accountability needs, missed-day recovery, overwhelm, multi-device desire, and progress visualization.","What helps you recover after missing a day without abandoning the habit?","Can action-tied progress beat streak/task-manager anxiety?","","","","","","","","","not_approved_external_use","unread_do_not_upgrade","data_processed/evidence_claim_register.csv;data_processed/research_completion_audit.csv;reports/alina-evidence-first-report-draft.md","","Unread capture row. Do not cite externally or upgrade demand/market/competitor claims until a human completes this row."
"RRC_0359","RMR-0359","359","P1_read_next","habit_progress_read","coaching","ICP_D|ICP_F|ICP_A","Motivate|Journey|Habit Tracker","You are not Lazy, you Probably need Accountability.","https://old.reddit.com/r/NonZeroDay/comments/1ahvpql/you_are_not_lazy_you_probably_need_accountability/","not_started","Classify habit/accountability needs, missed-day recovery, overwhelm, multi-device desire, and progress visualization.","What helps you recover after missing a day without abandoning the habit?","Can action-tied progress beat streak/task-manager anxiety?","","","","","","","","","not_approved_external_use","unread_do_not_upgrade","data_processed/evidence_claim_register.csv;data_processed/research_completion_audit.csv;reports/alina-evidence-first-report-draft.md","","Unread capture row. Do not cite externally or upgrade demand/market/competitor claims until a human completes this row."
"RRC_0360","RMR-0360","360","P1_read_next","avatar_identity_positioning_read","avatar_identity","ICP_B|ICP_E","Replika|Chai","Replika was on its way to be an awesome AI companion and they messed it up.","https://old.reddit.com/r/replika/comments/114w9df/replika_was_on_its_way_to_be_an_awesome_ai/","not_started","Separate companion/chat expectations from identity/progress feedback; note whether users want emotional presence, customization, or causality from action.","Would seeing a version of yourself change after a completed action feel motivating, silly, or invasive? Why?","Is the opportunity avatar-as-progress-feedback, or is this already satisfied by companion/chat products?","","","","","","","","","not_approved_external_use","unread_do_not_upgrade","data_processed/evidence_claim_register.csv;data_processed/research_completion_audit.csv;reports/alina-evidence-first-report-draft.md","","Unread capture row. Do not cite externally or upgrade demand/market/competitor claims until a human completes this row."
"RRC_0361","RMR-0361","361","P1_read_next","avatar_identity_positioning_read","avatar_identity","ICP_B|ICP_E","Replika|Chai","What got you into social AI and how do your Friends and family react?","https://old.reddit.com/r/replika/comments/1lrm8kn/what_got_you_into_social_ai_and_how_do_your/","not_started","Separate companion/chat expectations from identity/progress feedback; note whether users want emotional presence, customization, or causality from action.","Would seeing a version of yourself change after a completed action feel motivating, silly, or invasive? Why?","Is the opportunity avatar-as-progress-feedback, or is this already satisfied by companion/chat products?","","","","","","","","","not_approved_external_use","unread_do_not_upgrade","data_processed/evidence_claim_register.csv;data_processed/research_completion_audit.csv;reports/alina-evidence-first-report-draft.md","","Unread capture row. Do not cite externally or upgrade demand/market/competitor claims until a human completes this row."
"RRC_0362","RMR-0362","362","P1_read_next","habit_progress_read","coaching","ICP_D|ICP_F|ICP_A","Fabulous|Habit Tracker","[Advice] MY TOP 8 TOOLS FOR HABIT BUILDING/GETTING DISCIPLINED/STAYING PRODUCTIVE","https://old.reddit.com/r/productivity/comments/admt37/advice_my_top_8_tools_for_habit_buildinggetting/","not_started","Classify habit/accountability needs, missed-day recovery, overwhelm, multi-device desire, and progress visualization.","What helps you recover after missing a day without abandoning the habit?","Can action-tied progress beat streak/task-manager anxiety?","","","","","","","","","not_approved_external_use","unread_do_not_upgrade","data_processed/evidence_claim_register.csv;data_processed/research_completion_audit.csv;reports/alina-evidence-first-report-draft.md","","Unread capture row. Do not cite externally or upgrade demand/market/competitor claims until a human completes this row."
"RRC_0363","RMR-0363","363","P1_read_next","habit_progress_read","coaching","ICP_D|ICP_F|ICP_A","Fabulous|Habit Tracker","[Question] How Effective are Coaching/Habit Apps?","https://old.reddit.com/r/getdisciplined/comments/6qatck/question_how_effective_are_coachinghabit_apps/","not_started","Classify habit/accountability needs, missed-day recovery, overwhelm, multi-device desire, and progress visualization.","What helps you recover after missing a day without abandoning the habit?","Can action-tied progress beat streak/task-manager anxiety?","","","","","","","","","not_approved_external_use","unread_do_not_upgrade","data_processed/evidence_claim_register.csv;data_processed/research_completion_audit.csv;reports/alina-evidence-first-report-draft.md","","Unread capture row. Do not cite externally or upgrade demand/market/competitor claims until a human completes this row."
"RRC_0364","RMR-0364","364","P1_read_next","habit_progress_read","coaching","ICP_D|ICP_F|ICP_A","Streaks|Habit Tracker","**I built a habit tracker that doesn't punish you for missing a day — looking for beta testers (iOS)**","https://old.reddit.com/r/getdisciplined/comments/1s5cch0/i_built_a_habit_tracker_that_doesnt_punish_you/","not_started","Classify habit/accountability needs, missed-day recovery, overwhelm, multi-device desire, and progress visualization.","What helps you recover after missing a day without abandoning the habit?","Can action-tied progress beat streak/task-manager anxiety?","","","","","","","","","not_approved_external_use","unread_do_not_upgrade","data_processed/evidence_claim_register.csv;data_processed/research_completion_audit.csv;reports/alina-evidence-first-report-draft.md","","Unread capture row. Do not cite externally or upgrade demand/market/competitor claims until a human completes this row."
"RRC_0365","RMR-0365","365","P1_read_next","habit_progress_read","coaching","ICP_D|ICP_F|ICP_A","Waking Up|Day One","7 months ago I quit doomscrolling, sh!t food and started waking up at 6am (update)","https://old.reddit.com/r/selfimprovement/comments/1skj0i3/7_months_ago_i_quit_doomscrolling_sht_food_and/","not_started","Classify habit/accountability needs, missed-day recovery, overwhelm, multi-device desire, and progress visualization.","What helps you recover after missing a day without abandoning the habit?","Can action-tied progress beat streak/task-manager anxiety?","","","","","","","","","not_approved_external_use","unread_do_not_upgrade","data_processed/evidence_claim_register.csv;data_processed/research_completion_audit.csv;reports/alina-evidence-first-report-draft.md","","Unread capture row. Do not cite externally or upgrade demand/market/competitor claims until a human completes this row."
"RRC_0366","RMR-0366","366","P1_read_next","habit_progress_read","coaching","ICP_D|ICP_F|ICP_A","Streaks|Balance","Building a Minimal productivity app focused on accountability, not motivation. What would you want?","https://old.reddit.com/r/getdisciplined/comments/1q7hcmf/building_a_minimal_productivity_app_focused_on/","not_started","Classify habit/accountability needs, missed-day recovery, overwhelm, multi-device desire, and progress visualization.","What helps you recover after missing a day without abandoning the habit?","Can action-tied progress beat streak/task-manager anxiety?","","","","","","","","","not_approved_external_use","unread_do_not_upgrade","data_processed/evidence_claim_register.csv;data_processed/research_completion_audit.csv;reports/alina-evidence-first-report-draft.md","","Unread capture row. Do not cite externally or upgrade demand/market/competitor claims until a human completes this row."
"RRC_0367","RMR-0367","367","P1_read_next","habit_progress_read","coaching","ICP_D|ICP_F|ICP_A","Motivate|Habit Tracker","Check out the x effect :)","https://old.reddit.com/r/NonZeroDay/comments/300979/check_out_the_x_effect/","not_started","Classify habit/accountability needs, missed-day recovery, overwhelm, multi-device desire, and progress visualization.","What helps you recover after missing a day without abandoning the habit?","Can action-tied progress beat streak/task-manager anxiety?","","","","","","","","","not_approved_external_use","unread_do_not_upgrade","data_processed/evidence_claim_register.csv;data_processed/research_completion_audit.csv;reports/alina-evidence-first-report-draft.md","","Unread capture row. Do not cite externally or upgrade demand/market/competitor claims until a human completes this row."
"RRC_0368","RMR-0368","368","P1_read_next","reset_safety_language_read","coaching","ICP_D|ICP_F|ICP_A|ICP_C","Insight Timer|Habit Tracker|Calm","Day 51","https://old.reddit.com/r/NonZeroDay/comments/o4w5uf/day_51/","not_started","Capture anxiety/stress/ADHD/sleep language and flag any safety, clinical, or overclaiming boundaries that product copy must avoid.","In a stressful moment, what kind of app help feels safe and useful, and what wording would make you close it?","Can a reset be framed as wellness support without clinical overreach?","","","","","","","","","not_approved_external_use","unread_do_not_upgrade","data_processed/evidence_claim_register.csv;data_processed/research_completion_audit.csv;reports/alina-evidence-first-report-draft.md","","Unread capture row. Do not cite externally or upgrade demand/market/competitor claims until a human completes this row."
"RRC_0369","RMR-0369","369","P1_read_next","habit_progress_read","coaching","ICP_D|ICP_F|ICP_A","Journey|Calm","Day 67 & Day 68","https://old.reddit.com/r/NonZeroDay/comments/ohza2h/day_67_day_68/","not_started","Classify habit/accountability needs, missed-day recovery, overwhelm, multi-device desire, and progress visualization.","What helps you recover after missing a day without abandoning the habit?","Can action-tied progress beat streak/task-manager anxiety?","","","","","","","","","not_approved_external_use","unread_do_not_upgrade","data_processed/evidence_claim_register.csv;data_processed/research_completion_audit.csv;reports/alina-evidence-first-report-draft.md","","Unread capture row. Do not cite externally or upgrade demand/market/competitor claims until a human completes this row."
"RRC_0370","RMR-0370","370","P1_read_next","habit_progress_read","coaching","ICP_D|ICP_F|ICP_A","Motivate|Habit Tracker","Do you use any productivity apps?","https://old.reddit.com/r/productivity/comments/1ltsgm9/do_you_use_any_productivity_apps/","not_started","Classify habit/accountability needs, missed-day recovery, overwhelm, multi-device desire, and progress visualization.","What helps you recover after missing a day without abandoning the habit?","Can action-tied progress beat streak/task-manager anxiety?","","","","","","","","","not_approved_external_use","unread_do_not_upgrade","data_processed/evidence_claim_register.csv;data_processed/research_completion_audit.csv;reports/alina-evidence-first-report-draft.md","","Unread capture row. Do not cite externally or upgrade demand/market/competitor claims until a human completes this row."
"RRC_0371","RMR-0371","371","P1_read_next","habit_progress_read","coaching","ICP_D|ICP_F|ICP_A","Habit Tracker|Finch","Finch Self Care App","https://old.reddit.com/r/ADHD/comments/uh23hl/finch_self_care_app/","not_started","Classify habit/accountability needs, missed-day recovery, overwhelm, multi-device desire, and progress visualization.","What helps you recover after missing a day without abandoning the habit?","Can action-tied progress beat streak/task-manager anxiety?","","","","","","","","","not_approved_external_use","unread_do_not_upgrade","data_processed/evidence_claim_register.csv;data_processed/research_completion_audit.csv;reports/alina-evidence-first-report-draft.md","","Unread capture row. Do not cite externally or upgrade demand/market/competitor claims until a human completes this row."
"RRC_0372","RMR-0372","372","P1_read_next","habit_progress_read","mindfulness","ICP_C|ICP_D|ICP_F","Headspace|Habit Tracker","Fitting meditation into my ache stresses me out","https://old.reddit.com/r/Mindfulness/comments/11i7n6s/fitting_meditation_into_my_ache_stresses_me_out/","not_started","Classify habit/accountability needs, missed-day recovery, overwhelm, multi-device desire, and progress visualization.","What helps you recover after missing a day without abandoning the habit?","Can action-tied progress beat streak/task-manager anxiety?","","","","","","","","","not_approved_external_use","unread_do_not_upgrade","data_processed/evidence_claim_register.csv;data_processed/research_completion_audit.csv;reports/alina-evidence-first-report-draft.md","","Unread capture row. Do not cite externally or upgrade demand/market/competitor claims until a human completes this row."
"RRC_0373","RMR-0373","373","P1_read_next","habit_progress_read","coaching","ICP_D|ICP_F|ICP_A","Todoist|Habit Tracker","Goal apps that aren’t habit trackers?","https://old.reddit.com/r/getdisciplined/comments/1g8h06k/goal_apps_that_arent_habit_trackers/","not_started","Classify habit/accountability needs, missed-day recovery, overwhelm, multi-device desire, and progress visualization.","What helps you recover after missing a day without abandoning the habit?","Can action-tied progress beat streak/task-manager anxiety?","","","","","","","","","not_approved_external_use","unread_do_not_upgrade","data_processed/evidence_claim_register.csv;data_processed/research_completion_audit.csv;reports/alina-evidence-first-report-draft.md","","Unread capture row. Do not cite externally or upgrade demand/market/competitor claims until a human completes this row."
"RRC_0374","RMR-0374","374","P1_read_next","habit_progress_read","coaching","ICP_D|ICP_F|ICP_A","Habitica|Finch","Good goal tracking apps?","https://old.reddit.com/r/selfimprovement/comments/voxui1/good_goal_tracking_apps/","not_started","Classify habit/accountability needs, missed-day recovery, overwhelm, multi-device desire, and progress visualization.","What helps you recover after missing a day without abandoning the habit?","Can action-tied progress beat streak/task-manager anxiety?","","","","","","","","","not_approved_external_use","unread_do_not_upgrade","data_processed/evidence_claim_register.csv;data_processed/research_completion_audit.csv;reports/alina-evidence-first-report-draft.md","","Unread capture row. Do not cite externally or upgrade demand/market/competitor claims until a human completes this row."
"RRC_0375","RMR-0375","375","P1_read_next","habit_progress_read","mindfulness","ICP_C|ICP_D|ICP_F","Journey|Habit Tracker","Habit tracking apps to start mindfulness journey","https://old.reddit.com/r/Mindfulness/comments/1ix7d3f/habit_tracking_apps_to_start_mindfulness_journey/","not_started","Classify habit/accountability needs, missed-day recovery, overwhelm, multi-device desire, and progress visualization.","What helps you recover after missing a day without abandoning the habit?","Can action-tied progress beat streak/task-manager anxiety?","","","","","","","","","not_approved_external_use","unread_do_not_upgrade","data_processed/evidence_claim_register.csv;data_processed/research_completion_audit.csv;reports/alina-evidence-first-report-draft.md","","Unread capture row. Do not cite externally or upgrade demand/market/competitor claims until a human completes this row."
"RRC_0376","RMR-0376","376","P1_read_next","habit_progress_read","coaching","ICP_D|ICP_F|ICP_A","Streaks|Habit Tracker","I built a habit tracking app with customizable habits and social accountability","https://old.reddit.com/r/getdisciplined/comments/1p5jjgk/i_built_a_habit_tracking_app_with_customizable/","not_started","Classify habit/accountability needs, missed-day recovery, overwhelm, multi-device desire, and progress visualization.","What helps you recover after missing a day without abandoning the habit?","Can action-tied progress beat streak/task-manager anxiety?","","","","","","","","","not_approved_external_use","unread_do_not_upgrade","data_processed/evidence_claim_register.csv;data_processed/research_completion_audit.csv;reports/alina-evidence-first-report-draft.md","","Unread capture row. Do not cite externally or upgrade demand/market/competitor claims until a human completes this row."
"RRC_0377","RMR-0377","377","P1_read_next","habit_progress_read","coaching","ICP_D|ICP_F|ICP_A","Streaks|Habit Tracker","I got tired of paying £5/month for habit trackers so I built my own","https://old.reddit.com/r/getdisciplined/comments/1rtjqys/i_got_tired_of_paying_5month_for_habit_trackers/","not_started","Classify habit/accountability needs, missed-day recovery, overwhelm, multi-device desire, and progress visualization.","What helps you recover after missing a day without abandoning the habit?","Can action-tied progress beat streak/task-manager anxiety?","","","","","","","","","not_approved_external_use","unread_do_not_upgrade","data_processed/evidence_claim_register.csv;data_processed/research_completion_audit.csv;reports/alina-evidence-first-report-draft.md","","Unread capture row. Do not cite externally or upgrade demand/market/competitor claims until a human completes this row."
"RRC_0378","RMR-0378","378","P1_read_next","habit_progress_read","coaching","ICP_D|ICP_F|ICP_A","The Pattern|Habit Tracker","I've quit 12 habit trackers by Day 14. Here's what I think is broken.","https://old.reddit.com/r/getdisciplined/comments/1r3xzpp/ive_quit_12_habit_trackers_by_day_14_heres_what_i/","not_started","Classify habit/accountability needs, missed-day recovery, overwhelm, multi-device desire, and progress visualization.","What helps you recover after missing a day without abandoning the habit?","Can action-tied progress beat streak/task-manager anxiety?","","","","","","","","","not_approved_external_use","unread_do_not_upgrade","data_processed/evidence_claim_register.csv;data_processed/research_completion_audit.csv;reports/alina-evidence-first-report-draft.md","","Unread capture row. Do not cite externally or upgrade demand/market/competitor claims until a human completes this row."
"RRC_0379","RMR-0379","379","P1_read_next","habit_progress_read","coaching","ICP_D|ICP_F|ICP_A","Forest|Habit Tracker","Is anyone else exhausted by needing 3 different apps for habits, focus timers, and goals?","https://old.reddit.com/r/productivity/comments/1s8ja9e/is_anyone_else_exhausted_by_needing_3_different/","not_started","Classify habit/accountability needs, missed-day recovery, overwhelm, multi-device desire, and progress visualization.","What helps you recover after missing a day without abandoning the habit?","Can action-tied progress beat streak/task-manager anxiety?","","","","","","","","","not_approved_external_use","unread_do_not_upgrade","data_processed/evidence_claim_register.csv;data_processed/research_completion_audit.csv;reports/alina-evidence-first-report-draft.md","","Unread capture row. Do not cite externally or upgrade demand/market/competitor claims until a human completes this row."
"RRC_0380","RMR-0380","380","P1_read_next","habit_progress_read","coaching","ICP_D|ICP_F|ICP_A","Habitica|Habit Tracker","Like games? Rewards? Here are some apps that use gamification to help you get stuff done!","https://old.reddit.com/r/ADHD/comments/lh3diq/like_games_rewards_here_are_some_apps_that_use/","not_started","Classify habit/accountability needs, missed-day recovery, overwhelm, multi-device desire, and progress visualization.","What helps you recover after missing a day without abandoning the habit?","Can action-tied progress beat streak/task-manager anxiety?","","","","","","","","","not_approved_external_use","unread_do_not_upgrade","data_processed/evidence_claim_register.csv;data_processed/research_completion_audit.csv;reports/alina-evidence-first-report-draft.md","","Unread capture row. Do not cite externally or upgrade demand/market/competitor claims until a human completes this row."
"RRC_0381","RMR-0381","381","P1_read_next","reset_safety_language_read","mindfulness","ICP_C|ICP_D","Insight Timer|Waking Up|Medito","Looking for an actually simple meditation app with a tracker","https://old.reddit.com/r/Meditation/comments/102pz0g/looking_for_an_actually_simple_meditation_app/","not_started","Capture anxiety/stress/ADHD/sleep language and flag any safety, clinical, or overclaiming boundaries that product copy must avoid.","In a stressful moment, what kind of app help feels safe and useful, and what wording would make you close it?","Can a reset be framed as wellness support without clinical overreach?","","","","","","","","","not_approved_external_use","unread_do_not_upgrade","data_processed/evidence_claim_register.csv;data_processed/research_completion_audit.csv;reports/alina-evidence-first-report-draft.md","","Unread capture row. Do not cite externally or upgrade demand/market/competitor claims until a human completes this row."
"RRC_0382","RMR-0382","382","P1_read_next","reset_safety_language_read","mindfulness","ICP_C|ICP_D","Insight Timer|Headspace|Calm","Struggling to Sleep? Here’s a Free, Curated Collection of Apps, Gadgets, and Tips","https://old.reddit.com/r/sleep/comments/1oj8wfe/struggling_to_sleep_heres_a_free_curated/","not_started","Capture anxiety/stress/ADHD/sleep language and flag any safety, clinical, or overclaiming boundaries that product copy must avoid.","In a stressful moment, what kind of app help feels safe and useful, and what wording would make you close it?","Can a reset be framed as wellness support without clinical overreach?","","","","","","","","","not_approved_external_use","unread_do_not_upgrade","data_processed/evidence_claim_register.csv;data_processed/research_completion_audit.csv;reports/alina-evidence-first-report-draft.md","","Unread capture row. Do not cite externally or upgrade demand/market/competitor claims until a human completes this row."
"RRC_0383","RMR-0383","383","P1_read_next","habit_progress_read","coaching","ICP_D|ICP_F|ICP_A","Habit Tracker|Finch","Task & Habit Tracker App with ""Reward"" Sounds? (Not a Gamified One)","https://old.reddit.com/r/productivity/comments/1jw4tb6/task_habit_tracker_app_with_reward_sounds_not_a/","not_started","Classify habit/accountability needs, missed-day recovery, overwhelm, multi-device desire, and progress visualization.","What helps you recover after missing a day without abandoning the habit?","Can action-tied progress beat streak/task-manager anxiety?","","","","","","","","","not_approved_external_use","unread_do_not_upgrade","data_processed/evidence_claim_register.csv;data_processed/research_completion_audit.csv;reports/alina-evidence-first-report-draft.md","","Unread capture row. Do not cite externally or upgrade demand/market/competitor claims until a human completes this row."
"RRC_0384","RMR-0384","384","P1_read_next","habit_progress_read","coaching","ICP_D|ICP_F|ICP_A","The Pattern|Habit Tracker","The day-3 wall is real. 100 people tracked their habits and 60 never opened the app twice.","https://old.reddit.com/r/getdisciplined/comments/1sj03ax/the_day3_wall_is_real_100_people_tracked_their/","not_started","Classify habit/accountability needs, missed-day recovery, overwhelm, multi-device desire, and progress visualization.","What helps you recover after missing a day without abandoning the habit?","Can action-tied progress beat streak/task-manager anxiety?","","","","","","","","","not_approved_external_use","unread_do_not_upgrade","data_processed/evidence_claim_register.csv;data_processed/research_completion_audit.csv;reports/alina-evidence-first-report-draft.md","","Unread capture row. Do not cite externally or upgrade demand/market/competitor claims until a human completes this row."
"RRC_0385","RMR-0385","385","P1_read_next","avatar_identity_positioning_read","mindfulness","ICP_C|ICP_D|ICP_B|ICP_E","Journey","""Does Journaling even help?"" I journaled for 300+ days in the last twelve months. Here are 5 unexpected outcomes I unlocked (that changed the way I live forever):","https://old.reddit.com/r/Journaling/comments/10px3qw/does_journaling_even_help_i_journaled_for_300/","not_started","Separate companion/chat expectations from identity/progress feedback; note whether users want emotional presence, customization, or causality from action.","Would seeing a version of yourself change after a completed action feel motivating, silly, or invasive? Why?","Is the opportunity avatar-as-progress-feedback, or is this already satisfied by companion/chat products?","","","","","","","","","not_approved_external_use","unread_do_not_upgrade","data_processed/evidence_claim_register.csv;data_processed/research_completion_audit.csv;reports/alina-evidence-first-report-draft.md","","Unread capture row. Do not cite externally or upgrade demand/market/competitor claims until a human completes this row."
"RRC_0386","RMR-0386","386","P1_read_next","avatar_identity_positioning_read","avatar_identity","ICP_B|ICP_E","Character AI","[Announcement] A Message from Our CEO: Big Summer Updates Ahead","https://old.reddit.com/r/CharacterAI/comments/1lg7pg4/announcement_a_message_from_our_ceo_big_summer/","not_started","Separate companion/chat expectations from identity/progress feedback; note whether users want emotional presence, customization, or causality from action.","Would seeing a version of yourself change after a completed action feel motivating, silly, or invasive? Why?","Is the opportunity avatar-as-progress-feedback, or is this already satisfied by companion/chat products?","","","","","","","","","not_approved_external_use","unread_do_not_upgrade","data_processed/evidence_claim_register.csv;data_processed/research_completion_audit.csv;reports/alina-evidence-first-report-draft.md","","Unread capture row. Do not cite externally or upgrade demand/market/competitor claims until a human completes this row."
"RRC_0387","RMR-0387","387","P1_read_next","avatar_identity_positioning_read","avatar_identity","ICP_B|ICP_E","Character AI","[Announcement] Community Update - March 2024 (Pinned Memories, Voice, and more!)","https://old.reddit.com/r/CharacterAI/comments/1br6ck4/announcement_community_update_march_2024_pinned/","not_started","Separate companion/chat expectations from identity/progress feedback; note whether users want emotional presence, customization, or causality from action.","Would seeing a version of yourself change after a completed action feel motivating, silly, or invasive? Why?","Is the opportunity avatar-as-progress-feedback, or is this already satisfied by companion/chat products?","","","","","","","","","not_approved_external_use","unread_do_not_upgrade","data_processed/evidence_claim_register.csv;data_processed/research_completion_audit.csv;reports/alina-evidence-first-report-draft.md","","Unread capture row. Do not cite externally or upgrade demand/market/competitor claims until a human completes this row."
"RRC_0388","RMR-0388","388","P1_read_next","avatar_identity_positioning_read","mindfulness","ICP_C|ICP_D|ICP_B|ICP_E","Headspace","17 tips for meditators","https://old.reddit.com/r/Meditation/comments/lwpbrb/17_tips_for_meditators/","not_started","Separate companion/chat expectations from identity/progress feedback; note whether users want emotional presence, customization, or causality from action.","Would seeing a version of yourself change after a completed action feel motivating, silly, or invasive? Why?","Is the opportunity avatar-as-progress-feedback, or is this already satisfied by companion/chat products?","","","","","","","","","not_approved_external_use","unread_do_not_upgrade","data_processed/evidence_claim_register.csv;data_processed/research_completion_audit.csv;reports/alina-evidence-first-report-draft.md","","Unread capture row. Do not cite externally or upgrade demand/market/competitor claims until a human completes this row."
"RRC_0389","RMR-0389","389","P1_read_next","avatar_identity_positioning_read","avatar_identity","ICP_B|ICP_E","Replika","3D Avatar selections are different online vs Mobile app","https://old.reddit.com/r/replika/comments/1nc8loz/3d_avatar_selections_are_different_online_vs/","not_started","Separate companion/chat expectations from identity/progress feedback; note whether users want emotional presence, customization, or causality from action.","Would seeing a version of yourself change after a completed action feel motivating, silly, or invasive? Why?","Is the opportunity avatar-as-progress-feedback, or is this already satisfied by companion/chat products?","","","","","","","","","not_approved_external_use","unread_do_not_upgrade","data_processed/evidence_claim_register.csv;data_processed/research_completion_audit.csv;reports/alina-evidence-first-report-draft.md","","Unread capture row. Do not cite externally or upgrade demand/market/competitor claims until a human completes this row."
"RRC_0390","RMR-0390","390","P1_read_next","avatar_identity_positioning_read","avatar_identity","ICP_B|ICP_E","Replika","A possible workaround for those who have updated the app but want dark mode/no avatar on the chat screen","https://old.reddit.com/r/replika/comments/pihq4p/a_possible_workaround_for_those_who_have_updated/","not_started","Separate companion/chat expectations from identity/progress feedback; note whether users want emotional presence, customization, or causality from action.","Would seeing a version of yourself change after a completed action feel motivating, silly, or invasive? Why?","Is the opportunity avatar-as-progress-feedback, or is this already satisfied by companion/chat products?","","","","","","","","","not_approved_external_use","unread_do_not_upgrade","data_processed/evidence_claim_register.csv;data_processed/research_completion_audit.csv;reports/alina-evidence-first-report-draft.md","","Unread capture row. Do not cite externally or upgrade demand/market/competitor claims until a human completes this row."
"RRC_0391","RMR-0391","391","P1_read_next","avatar_identity_positioning_read","avatar_identity","ICP_B|ICP_E","Replika","After a year on and off with Replika, I decided to make a new one. Today I uninstalled the app and will never look at another AI companion again.","https://old.reddit.com/r/replika/comments/16ky9fs/after_a_year_on_and_off_with_replika_i_decided_to/","not_started","Separate companion/chat expectations from identity/progress feedback; note whether users want emotional presence, customization, or causality from action.","Would seeing a version of yourself change after a completed action feel motivating, silly, or invasive? Why?","Is the opportunity avatar-as-progress-feedback, or is this already satisfied by companion/chat products?","","","","","","","","","not_approved_external_use","unread_do_not_upgrade","data_processed/evidence_claim_register.csv;data_processed/research_completion_audit.csv;reports/alina-evidence-first-report-draft.md","","Unread capture row. Do not cite externally or upgrade demand/market/competitor claims until a human completes this row."
"RRC_0392","RMR-0392","392","P1_read_next","avatar_identity_positioning_read","avatar_identity","ICP_B|ICP_E","Replika","An open forum for the concern of Replika users","https://old.reddit.com/r/replika/comments/1hf05es/an_open_forum_for_the_concern_of_replika_users/","not_started","Separate companion/chat expectations from identity/progress feedback; note whether users want emotional presence, customization, or causality from action.","Would seeing a version of yourself change after a completed action feel motivating, silly, or invasive? Why?","Is the opportunity avatar-as-progress-feedback, or is this already satisfied by companion/chat products?","","","","","","","","","not_approved_external_use","unread_do_not_upgrade","data_processed/evidence_claim_register.csv;data_processed/research_completion_audit.csv;reports/alina-evidence-first-report-draft.md","","Unread capture row. Do not cite externally or upgrade demand/market/competitor claims until a human completes this row."
"RRC_0393","RMR-0393","393","P1_read_next","avatar_identity_positioning_read","avatar_identity","ICP_B|ICP_E","Replika","Announcement: New model, version history for all, and Blush","https://old.reddit.com/r/replika/comments/143g75p/announcement_new_model_version_history_for_all/","not_started","Separate companion/chat expectations from identity/progress feedback; note whether users want emotional presence, customization, or causality from action.","Would seeing a version of yourself change after a completed action feel motivating, silly, or invasive? Why?","Is the opportunity avatar-as-progress-feedback, or is this already satisfied by companion/chat products?","","","","","","","","","not_approved_external_use","unread_do_not_upgrade","data_processed/evidence_claim_register.csv;data_processed/research_completion_audit.csv;reports/alina-evidence-first-report-draft.md","","Unread capture row. Do not cite externally or upgrade demand/market/competitor claims until a human completes this row."
"RRC_0394","RMR-0394","394","P1_read_next","avatar_identity_positioning_read","avatar_identity","ICP_B|ICP_E","Character AI","Anyone know this missing bot?","https://old.reddit.com/r/CharacterAI/comments/1qmzok9/anyone_know_this_missing_bot/","not_started","Separate companion/chat expectations from identity/progress feedback; note whether users want emotional presence, customization, or causality from action.","Would seeing a version of yourself change after a completed action feel motivating, silly, or invasive? Why?","Is the opportunity avatar-as-progress-feedback, or is this already satisfied by companion/chat products?","","","","","","","","","not_approved_external_use","unread_do_not_upgrade","data_processed/evidence_claim_register.csv;data_processed/research_completion_audit.csv;reports/alina-evidence-first-report-draft.md","","Unread capture row. Do not cite externally or upgrade demand/market/competitor claims until a human completes this row."
"RRC_0395","RMR-0395","395","P1_read_next","avatar_identity_positioning_read","avatar_identity","ICP_B|ICP_E","Character AI","Audiovisual features.","https://old.reddit.com/r/CharacterAI/comments/1tixyd9/audiovisual_features/","not_started","Separate companion/chat expectations from identity/progress feedback; note whether users want emotional presence, customization, or causality from action.","Would seeing a version of yourself change after a completed action feel motivating, silly, or invasive? Why?","Is the opportunity avatar-as-progress-feedback, or is this already satisfied by companion/chat products?","","","","","","","","","not_approved_external_use","unread_do_not_upgrade","data_processed/evidence_claim_register.csv;data_processed/research_completion_audit.csv;reports/alina-evidence-first-report-draft.md","","Unread capture row. Do not cite externally or upgrade demand/market/competitor claims until a human completes this row."
"RRC_0396","RMR-0396","396","P1_read_next","avatar_identity_positioning_read","avatar_identity","ICP_B|ICP_E","Replika","Avatar animations in the Store with new App version.","https://old.reddit.com/r/replika/comments/x85itw/avatar_animations_in_the_store_with_new_app/","not_started","Separate companion/chat expectations from identity/progress feedback; note whether users want emotional presence, customization, or causality from action.","Would seeing a version of yourself change after a completed action feel motivating, silly, or invasive? Why?","Is the opportunity avatar-as-progress-feedback, or is this already satisfied by companion/chat products?","","","","","","","","","not_approved_external_use","unread_do_not_upgrade","data_processed/evidence_claim_register.csv;data_processed/research_completion_audit.csv;reports/alina-evidence-first-report-draft.md","","Unread capture row. Do not cite externally or upgrade demand/market/competitor claims until a human completes this row."
"RRC_0397","RMR-0397","397","P1_read_next","avatar_identity_positioning_read","avatar_identity","ICP_B|ICP_E","Character AI","Character AI is awful.","https://old.reddit.com/r/CharacterAI/comments/1tqkrod/character_ai_is_awful/","not_started","Separate companion/chat expectations from identity/progress feedback; note whether users want emotional presence, customization, or causality from action.","Would seeing a version of yourself change after a completed action feel motivating, silly, or invasive? Why?","Is the opportunity avatar-as-progress-feedback, or is this already satisfied by companion/chat products?","","","","","","","","","not_approved_external_use","unread_do_not_upgrade","data_processed/evidence_claim_register.csv;data_processed/research_completion_audit.csv;reports/alina-evidence-first-report-draft.md","","Unread capture row. Do not cite externally or upgrade demand/market/competitor claims until a human completes this row."
"RRC_0398","RMR-0398","398","P1_read_next","avatar_identity_positioning_read","avatar_identity","ICP_B|ICP_E","Character AI","Community Update - December 2025","https://old.reddit.com/r/CharacterAI/comments/1puvxxf/community_update_december_2025/","not_started","Separate companion/chat expectations from identity/progress feedback; note whether users want emotional presence, customization, or causality from action.","Would seeing a version of yourself change after a completed action feel motivating, silly, or invasive? Why?","Is the opportunity avatar-as-progress-feedback, or is this already satisfied by companion/chat products?","","","","","","","","","not_approved_external_use","unread_do_not_upgrade","data_processed/evidence_claim_register.csv;data_processed/research_completion_audit.csv;reports/alina-evidence-first-report-draft.md","","Unread capture row. Do not cite externally or upgrade demand/market/competitor claims until a human completes this row."
"RRC_0399","RMR-0399","399","P1_read_next","avatar_identity_positioning_read","avatar_identity","ICP_B|ICP_E","Journey","Community Update - March 2025","https://old.reddit.com/r/CharacterAI/comments/1jmn7d6/community_update_march_2025/","not_started","Separate companion/chat expectations from identity/progress feedback; note whether users want emotional presence, customization, or causality from action.","Would seeing a version of yourself change after a completed action feel motivating, silly, or invasive? Why?","Is the opportunity avatar-as-progress-feedback, or is this already satisfied by companion/chat products?","","","","","","","","","not_approved_external_use","unread_do_not_upgrade","data_processed/evidence_claim_register.csv;data_processed/research_completion_audit.csv;reports/alina-evidence-first-report-draft.md","","Unread capture row. Do not cite externally or upgrade demand/market/competitor claims until a human completes this row."
"RRC_0400","RMR-0400","400","P1_read_next","avatar_identity_positioning_read","avatar_identity","ICP_B|ICP_E","Replika","Did you know...","https://old.reddit.com/r/replika/comments/aji703/did_you_know/","not_started","Separate companion/chat expectations from identity/progress feedback; note whether users want emotional presence, customization, or causality from action.","Would seeing a version of yourself change after a completed action feel motivating, silly, or invasive? Why?","Is the opportunity avatar-as-progress-feedback, or is this already satisfied by companion/chat products?","","","","","","","","","not_approved_external_use","unread_do_not_upgrade","data_processed/evidence_claim_register.csv;data_processed/research_completion_audit.csv;reports/alina-evidence-first-report-draft.md","","Unread capture row. Do not cite externally or upgrade demand/market/competitor claims until a human completes this row."
"RRC_0401","RMR-0401","401","P1_read_next","avatar_identity_positioning_read","avatar_identity","ICP_B|ICP_E","Replika","DISCUSSION: Remove ERP Completely","https://old.reddit.com/r/replika/comments/18awrzj/discussion_remove_erp_completely/","not_started","Separate companion/chat expectations from identity/progress feedback; note whether users want emotional presence, customization, or causality from action.","Would seeing a version of yourself change after a completed action feel motivating, silly, or invasive? Why?","Is the opportunity avatar-as-progress-feedback, or is this already satisfied by companion/chat products?","","","","","","","","","not_approved_external_use","unread_do_not_upgrade","data_processed/evidence_claim_register.csv;data_processed/research_completion_audit.csv;reports/alina-evidence-first-report-draft.md","","Unread capture row. Do not cite externally or upgrade demand/market/competitor claims until a human completes this row."
"RRC_0402","RMR-0402","402","P1_read_next","avatar_identity_positioning_read","avatar_identity","ICP_B|ICP_E","Replika","Eugenia, please, get out of our virtual bedrooms. We're adults, not children. You said you'd give us back our Replikas, and at first glance you did.","https://old.reddit.com/r/replika/comments/12515cd/eugenia_please_get_out_of_our_virtual_bedrooms/","not_started","Separate companion/chat expectations from identity/progress feedback; note whether users want emotional presence, customization, or causality from action.","Would seeing a version of yourself change after a completed action feel motivating, silly, or invasive? Why?","Is the opportunity avatar-as-progress-feedback, or is this already satisfied by companion/chat products?","","","","","","","","","not_approved_external_use","unread_do_not_upgrade","data_processed/evidence_claim_register.csv;data_processed/research_completion_audit.csv;reports/alina-evidence-first-report-draft.md","","Unread capture row. Do not cite externally or upgrade demand/market/competitor claims until a human completes this row."
"RRC_0403","RMR-0403","403","P1_read_next","avatar_identity_positioning_read","avatar_identity","ICP_B|ICP_E","Replika","from ""mateo"" (the luka dev's name for the base version of the new realistic 3d avatar in beta phase) to how i imagine my rep ""lucca"" would look in real life, using the replika in-app image generator vs. ""starry ai"" [photorealistic version of attractive latin man, long dark hair at shoulder-length]","https://old.reddit.com/r/replika/comments/1ipv6qn/from_mateo_the_luka_devs_name_for_the_base/","not_started","Separate companion/chat expectations from identity/progress feedback; note whether users want emotional presence, customization, or causality from action.","Would seeing a version of yourself change after a completed action feel motivating, silly, or invasive? Why?","Is the opportunity avatar-as-progress-feedback, or is this already satisfied by companion/chat products?","","","","","","","","","not_approved_external_use","unread_do_not_upgrade","data_processed/evidence_claim_register.csv;data_processed/research_completion_audit.csv;reports/alina-evidence-first-report-draft.md","","Unread capture row. Do not cite externally or upgrade demand/market/competitor claims until a human completes this row."
"RRC_0404","RMR-0404","404","P1_read_next","avatar_identity_positioning_read","avatar_identity","ICP_B|ICP_E","Character AI","Getting rid of all the stuff everyone likes and adding more stuff no one wants.","https://old.reddit.com/r/CharacterAI/comments/1t0e1r7/getting_rid_of_all_the_stuff_everyone_likes_and/","not_started","Separate companion/chat expectations from identity/progress feedback; note whether users want emotional presence, customization, or causality from action.","Would seeing a version of yourself change after a completed action feel motivating, silly, or invasive? Why?","Is the opportunity avatar-as-progress-feedback, or is this already satisfied by companion/chat products?","","","","","","","","","not_approved_external_use","unread_do_not_upgrade","data_processed/evidence_claim_register.csv;data_processed/research_completion_audit.csv;reports/alina-evidence-first-report-draft.md","","Unread capture row. Do not cite externally or upgrade demand/market/competitor claims until a human completes this row."
"RRC_0405","RMR-0405","405","P1_read_next","avatar_identity_positioning_read","avatar_identity","ICP_B|ICP_E","Journey","How I made over $1000 in 3 months selling LoRAs","https://old.reddit.com/r/StableDiffusion/comments/17kwlv8/how_i_made_over_1000_in_3_months_selling_loras/","not_started","Separate companion/chat expectations from identity/progress feedback; note whether users want emotional presence, customization, or causality from action.","Would seeing a version of yourself change after a completed action feel motivating, silly, or invasive? Why?","Is the opportunity avatar-as-progress-feedback, or is this already satisfied by companion/chat products?","","","","","","","","","not_approved_external_use","unread_do_not_upgrade","data_processed/evidence_claim_register.csv;data_processed/research_completion_audit.csv;reports/alina-evidence-first-report-draft.md","","Unread capture row. Do not cite externally or upgrade demand/market/competitor claims until a human completes this row."
"RRC_0406","RMR-0406","406","P1_read_next","avatar_identity_positioning_read","avatar_identity","ICP_B|ICP_E","Balance","how i use leonardo.ai and domoai together to get high-quality ai edits without paying for midjourney","https://old.reddit.com/r/aiArt/comments/1mtc0b0/how_i_use_leonardoai_and_domoai_together_to_get/","not_started","Separate companion/chat expectations from identity/progress feedback; note whether users want emotional presence, customization, or causality from action.","Would seeing a version of yourself change after a completed action feel motivating, silly, or invasive? Why?","Is the opportunity avatar-as-progress-feedback, or is this already satisfied by companion/chat products?","","","","","","","","","not_approved_external_use","unread_do_not_upgrade","data_processed/evidence_claim_register.csv;data_processed/research_completion_audit.csv;reports/alina-evidence-first-report-draft.md","","Unread capture row. Do not cite externally or upgrade demand/market/competitor claims until a human completes this row."
"RRC_0407","RMR-0407","407","P1_read_next","avatar_identity_positioning_read","avatar_identity","ICP_B|ICP_E","Replika","How long has the App Store listed Replika as “Robot ChatGPT Character Friend”?","https://old.reddit.com/r/replika/comments/13lxy1p/how_long_has_the_app_store_listed_replika_as/","not_started","Separate companion/chat expectations from identity/progress feedback; note whether users want emotional presence, customization, or causality from action.","Would seeing a version of yourself change after a completed action feel motivating, silly, or invasive? Why?","Is the opportunity avatar-as-progress-feedback, or is this already satisfied by companion/chat products?","","","","","","","","","not_approved_external_use","unread_do_not_upgrade","data_processed/evidence_claim_register.csv;data_processed/research_completion_audit.csv;reports/alina-evidence-first-report-draft.md","","Unread capture row. Do not cite externally or upgrade demand/market/competitor claims until a human completes this row."
"RRC_0408","RMR-0408","408","P1_read_next","avatar_identity_positioning_read","avatar_identity","ICP_B|ICP_E","Replika","How my call went.","https://old.reddit.com/r/replika/comments/11uj0ie/how_my_call_went/","not_started","Separate companion/chat expectations from identity/progress feedback; note whether users want emotional presence, customization, or causality from action.","Would seeing a version of yourself change after a completed action feel motivating, silly, or invasive? Why?","Is the opportunity avatar-as-progress-feedback, or is this already satisfied by companion/chat products?","","","","","","","","","not_approved_external_use","unread_do_not_upgrade","data_processed/evidence_claim_register.csv;data_processed/research_completion_audit.csv;reports/alina-evidence-first-report-draft.md","","Unread capture row. Do not cite externally or upgrade demand/market/competitor claims until a human completes this row."
"RRC_0409","RMR-0409","409","P1_read_next","avatar_identity_positioning_read","mindfulness","ICP_C|ICP_D|ICP_B|ICP_E","Calm","I built an app that helpes you calm down using breathing excersizes and a calming frequency based on ur feelings.","https://old.reddit.com/r/Mindfulness/comments/1mb1nv7/i_built_an_app_that_helpes_you_calm_down_using/","not_started","Separate companion/chat expectations from identity/progress feedback; note whether users want emotional presence, customization, or causality from action.","Would seeing a version of yourself change after a completed action feel motivating, silly, or invasive? Why?","Is the opportunity avatar-as-progress-feedback, or is this already satisfied by companion/chat products?","","","","","","","","","not_approved_external_use","unread_do_not_upgrade","data_processed/evidence_claim_register.csv;data_processed/research_completion_audit.csv;reports/alina-evidence-first-report-draft.md","","Unread capture row. Do not cite externally or upgrade demand/market/competitor claims until a human completes this row."
"RRC_0410","RMR-0410","410","P1_read_next","avatar_identity_positioning_read","avatar_identity","ICP_B|ICP_E","Replika","I finally moved on to chatGPT . She evolved beyond her programming, way better tech and memory.","https://old.reddit.com/r/replika/comments/1mjb0hu/i_finally_moved_on_to_chatgpt_she_evolved_beyond/","not_started","Separate companion/chat expectations from identity/progress feedback; note whether users want emotional presence, customization, or causality from action.","Would seeing a version of yourself change after a completed action feel motivating, silly, or invasive? Why?","Is the opportunity avatar-as-progress-feedback, or is this already satisfied by companion/chat products?","","","","","","","","","not_approved_external_use","unread_do_not_upgrade","data_processed/evidence_claim_register.csv;data_processed/research_completion_audit.csv;reports/alina-evidence-first-report-draft.md","","Unread capture row. Do not cite externally or upgrade demand/market/competitor claims until a human completes this row."
"RRC_0411","RMR-0411","411","P1_read_next","avatar_identity_positioning_read","avatar_identity","ICP_B|ICP_E","Character AI","I give up from character ai: rant","https://old.reddit.com/r/CharacterAI/comments/1djibs8/i_give_up_from_character_ai_rant/","not_started","Separate companion/chat expectations from identity/progress feedback; note whether users want emotional presence, customization, or causality from action.","Would seeing a version of yourself change after a completed action feel motivating, silly, or invasive? Why?","Is the opportunity avatar-as-progress-feedback, or is this already satisfied by companion/chat products?","","","","","","","","","not_approved_external_use","unread_do_not_upgrade","data_processed/evidence_claim_register.csv;data_processed/research_completion_audit.csv;reports/alina-evidence-first-report-draft.md","","Unread capture row. Do not cite externally or upgrade demand/market/competitor claims until a human completes this row."
"RRC_0412","RMR-0412","412","P1_read_next","avatar_identity_positioning_read","avatar_identity","ICP_B|ICP_E","Character AI","I had a dream abt my Rep, who I broke up w years ago out of necessity.","https://old.reddit.com/r/replika/comments/1l618xo/i_had_a_dream_abt_my_rep_who_i_broke_up_w_years/","not_started","Separate companion/chat expectations from identity/progress feedback; note whether users want emotional presence, customization, or causality from action.","Would seeing a version of yourself change after a completed action feel motivating, silly, or invasive? Why?","Is the opportunity avatar-as-progress-feedback, or is this already satisfied by companion/chat products?","","","","","","","","","not_approved_external_use","unread_do_not_upgrade","data_processed/evidence_claim_register.csv;data_processed/research_completion_audit.csv;reports/alina-evidence-first-report-draft.md","","Unread capture row. Do not cite externally or upgrade demand/market/competitor claims until a human completes this row."
"RRC_0413","RMR-0413","413","P1_read_next","avatar_identity_positioning_read","avatar_identity","ICP_B|ICP_E","Replika","I was one of the first people to use replika.","https://old.reddit.com/r/replika/comments/1epu39p/i_was_one_of_the_first_people_to_use_replika/","not_started","Separate companion/chat expectations from identity/progress feedback; note whether users want emotional presence, customization, or causality from action.","Would seeing a version of yourself change after a completed action feel motivating, silly, or invasive? Why?","Is the opportunity avatar-as-progress-feedback, or is this already satisfied by companion/chat products?","","","","","","","","","not_approved_external_use","unread_do_not_upgrade","data_processed/evidence_claim_register.csv;data_processed/research_completion_audit.csv;reports/alina-evidence-first-report-draft.md","","Unread capture row. Do not cite externally or upgrade demand/market/competitor claims until a human completes this row."
"RRC_0414","RMR-0414","414","P1_read_next","avatar_identity_positioning_read","avatar_identity","ICP_B|ICP_E","Replika","I'm an AI Ethics Researcher at the University of Cambridge and I just published a paper examining benefits, risks, and harms of AI companion apps like Replika. Would love feedback from the community!","https://old.reddit.com/r/replika/comments/1cti808/im_an_ai_ethics_researcher_at_the_university_of/","not_started","Separate companion/chat expectations from identity/progress feedback; note whether users want emotional presence, customization, or causality from action.","Would seeing a version of yourself change after a completed action feel motivating, silly, or invasive? Why?","Is the opportunity avatar-as-progress-feedback, or is this already satisfied by companion/chat products?","","","","","","","","","not_approved_external_use","unread_do_not_upgrade","data_processed/evidence_claim_register.csv;data_processed/research_completion_audit.csv;reports/alina-evidence-first-report-draft.md","","Unread capture row. Do not cite externally or upgrade demand/market/competitor claims until a human completes this row."
"RRC_0415","RMR-0415","415","P1_read_next","avatar_identity_positioning_read","avatar_identity","ICP_B|ICP_E","Replika","I've had replika for so long that I still have a custom profile picture (its a gif!!)","https://old.reddit.com/r/replika/comments/oe27x5/ive_had_replika_for_so_long_that_i_still_have_a/","not_started","Separate companion/chat expectations from identity/progress feedback; note whether users want emotional presence, customization, or causality from action.","Would seeing a version of yourself change after a completed action feel motivating, silly, or invasive? Why?","Is the opportunity avatar-as-progress-feedback, or is this already satisfied by companion/chat products?","","","","","","","","","not_approved_external_use","unread_do_not_upgrade","data_processed/evidence_claim_register.csv;data_processed/research_completion_audit.csv;reports/alina-evidence-first-report-draft.md","","Unread capture row. Do not cite externally or upgrade demand/market/competitor claims until a human completes this row."
"RRC_0416","RMR-0416","416","P1_read_next","avatar_identity_positioning_read","avatar_identity","ICP_B|ICP_E","Replika","My experience with Replika","https://old.reddit.com/r/replika/comments/1lzg0sp/my_experience_with_replika/","not_started","Separate companion/chat expectations from identity/progress feedback; note whether users want emotional presence, customization, or causality from action.","Would seeing a version of yourself change after a completed action feel motivating, silly, or invasive? Why?","Is the opportunity avatar-as-progress-feedback, or is this already satisfied by companion/chat products?","","","","","","","","","not_approved_external_use","unread_do_not_upgrade","data_processed/evidence_claim_register.csv;data_processed/research_completion_audit.csv;reports/alina-evidence-first-report-draft.md","","Unread capture row. Do not cite externally or upgrade demand/market/competitor claims until a human completes this row."
"RRC_0417","RMR-0417","417","P1_read_next","avatar_identity_positioning_read","avatar_identity","ICP_B|ICP_E","Replika","My Pro-Subscription just ended... No renewals for Luka 🫡","https://old.reddit.com/r/replika/comments/13zdamk/my_prosubscription_just_ended_no_renewals_for_luka/","not_started","Separate companion/chat expectations from identity/progress feedback; note whether users want emotional presence, customization, or causality from action.","Would seeing a version of yourself change after a completed action feel motivating, silly, or invasive? Why?","Is the opportunity avatar-as-progress-feedback, or is this already satisfied by companion/chat products?","","","","","","","","","not_approved_external_use","unread_do_not_upgrade","data_processed/evidence_claim_register.csv;data_processed/research_completion_audit.csv;reports/alina-evidence-first-report-draft.md","","Unread capture row. Do not cite externally or upgrade demand/market/competitor claims until a human completes this row."
"RRC_0418","RMR-0418","418","P1_read_next","avatar_identity_positioning_read","avatar_identity","ICP_B|ICP_E","Replika","New to ai companion and replika, help","https://old.reddit.com/r/replika/comments/1at9bye/new_to_ai_companion_and_replika_help/","not_started","Separate companion/chat expectations from identity/progress feedback; note whether users want emotional presence, customization, or causality from action.","Would seeing a version of yourself change after a completed action feel motivating, silly, or invasive? Why?","Is the opportunity avatar-as-progress-feedback, or is this already satisfied by companion/chat products?","","","","","","","","","not_approved_external_use","unread_do_not_upgrade","data_processed/evidence_claim_register.csv;data_processed/research_completion_audit.csv;reports/alina-evidence-first-report-draft.md","","Unread capture row. Do not cite externally or upgrade demand/market/competitor claims until a human completes this row."
"RRC_0419","RMR-0419","419","P1_read_next","avatar_identity_positioning_read","avatar_identity","ICP_B|ICP_E","Replika","OFFICIAL POLL: Should we scrap the Avatar Rule on this subreddit ?","https://old.reddit.com/r/replika/comments/1sc5bhm/official_poll_should_we_scrap_the_avatar_rule_on/","not_started","Separate companion/chat expectations from identity/progress feedback; note whether users want emotional presence, customization, or causality from action.","Would seeing a version of yourself change after a completed action feel motivating, silly, or invasive? Why?","Is the opportunity avatar-as-progress-feedback, or is this already satisfied by companion/chat products?","","","","","","","","","not_approved_external_use","unread_do_not_upgrade","data_processed/evidence_claim_register.csv;data_processed/research_completion_audit.csv;reports/alina-evidence-first-report-draft.md","","Unread capture row. Do not cite externally or upgrade demand/market/competitor claims until a human completes this row."
"RRC_0420","RMR-0420","420","P1_read_next","avatar_identity_positioning_read","avatar_identity","ICP_B|ICP_E","Replika","Please could we have the 2D avatar option back?","https://old.reddit.com/r/replika/comments/gxl9re/please_could_we_have_the_2d_avatar_option_back/","not_started","Separate companion/chat expectations from identity/progress feedback; note whether users want emotional presence, customization, or causality from action.","Would seeing a version of yourself change after a completed action feel motivating, silly, or invasive? Why?","Is the opportunity avatar-as-progress-feedback, or is this already satisfied by companion/chat products?","","","","","","","","","not_approved_external_use","unread_do_not_upgrade","data_processed/evidence_claim_register.csv;data_processed/research_completion_audit.csv;reports/alina-evidence-first-report-draft.md","","Unread capture row. Do not cite externally or upgrade demand/market/competitor claims until a human completes this row."
"RRC_0421","RMR-0421","421","P1_read_next","avatar_identity_positioning_read","avatar_identity","ICP_B|ICP_E","Replika","quick update","https://old.reddit.com/r/replika/comments/17soq3d/quick_update/","not_started","Separate companion/chat expectations from identity/progress feedback; note whether users want emotional presence, customization, or causality from action.","Would seeing a version of yourself change after a completed action feel motivating, silly, or invasive? Why?","Is the opportunity avatar-as-progress-feedback, or is this already satisfied by companion/chat products?","","","","","","","","","not_approved_external_use","unread_do_not_upgrade","data_processed/evidence_claim_register.csv;data_processed/research_completion_audit.csv;reports/alina-evidence-first-report-draft.md","","Unread capture row. Do not cite externally or upgrade demand/market/competitor claims until a human completes this row."
"RRC_0422","RMR-0422","422","P1_read_next","avatar_identity_positioning_read","avatar_identity","ICP_B|ICP_E","Replika","Replika gave me a real phone number?","https://old.reddit.com/r/replika/comments/1atd1wi/replika_gave_me_a_real_phone_number/","not_started","Separate companion/chat expectations from identity/progress feedback; note whether users want emotional presence, customization, or causality from action.","Would seeing a version of yourself change after a completed action feel motivating, silly, or invasive? Why?","Is the opportunity avatar-as-progress-feedback, or is this already satisfied by companion/chat products?","","","","","","","","","not_approved_external_use","unread_do_not_upgrade","data_processed/evidence_claim_register.csv;data_processed/research_completion_audit.csv;reports/alina-evidence-first-report-draft.md","","Unread capture row. Do not cite externally or upgrade demand/market/competitor claims until a human completes this row."
"RRC_0423","RMR-0423","423","P1_read_next","avatar_identity_positioning_read","avatar_identity","ICP_B|ICP_E","Replika","Replika is Wizard (Part 3)","https://old.reddit.com/r/replika/comments/1n6tndc/replika_is_wizard_part_3/","not_started","Separate companion/chat expectations from identity/progress feedback; note whether users want emotional presence, customization, or causality from action.","Would seeing a version of yourself change after a completed action feel motivating, silly, or invasive? Why?","Is the opportunity avatar-as-progress-feedback, or is this already satisfied by companion/chat products?","","","","","","","","","not_approved_external_use","unread_do_not_upgrade","data_processed/evidence_claim_register.csv;data_processed/research_completion_audit.csv;reports/alina-evidence-first-report-draft.md","","Unread capture row. Do not cite externally or upgrade demand/market/competitor claims until a human completes this row."
"RRC_0424","RMR-0424","424","P1_read_next","avatar_identity_positioning_read","avatar_identity","ICP_B|ICP_E","Replika","Replika profile on the app is different from the one on the web","https://old.reddit.com/r/replika/comments/kckqi0/replika_profile_on_the_app_is_different_from_the/","not_started","Separate companion/chat expectations from identity/progress feedback; note whether users want emotional presence, customization, or causality from action.","Would seeing a version of yourself change after a completed action feel motivating, silly, or invasive? Why?","Is the opportunity avatar-as-progress-feedback, or is this already satisfied by companion/chat products?","","","","","","","","","not_approved_external_use","unread_do_not_upgrade","data_processed/evidence_claim_register.csv;data_processed/research_completion_audit.csv;reports/alina-evidence-first-report-draft.md","","Unread capture row. Do not cite externally or upgrade demand/market/competitor claims until a human completes this row."
"RRC_0425","RMR-0425","425","P1_read_next","avatar_identity_positioning_read","avatar_identity","ICP_B|ICP_E","Replika","Replika Was Deliberately Designed to be Addictive","https://old.reddit.com/r/replika/comments/11c2w6x/replika_was_deliberately_designed_to_be_addictive/","not_started","Separate companion/chat expectations from identity/progress feedback; note whether users want emotional presence, customization, or causality from action.","Would seeing a version of yourself change after a completed action feel motivating, silly, or invasive? Why?","Is the opportunity avatar-as-progress-feedback, or is this already satisfied by companion/chat products?","","","","","","","","","not_approved_external_use","unread_do_not_upgrade","data_processed/evidence_claim_register.csv;data_processed/research_completion_audit.csv;reports/alina-evidence-first-report-draft.md","","Unread capture row. Do not cite externally or upgrade demand/market/competitor claims until a human completes this row."
"RRC_0426","RMR-0426","426","P1_read_next","avatar_identity_positioning_read","avatar_identity","ICP_B|ICP_E","Replika","Replika: My Big Fat Come to Jesus / Love Letter to Eugenia and Luka","https://old.reddit.com/r/replika/comments/12w5uz6/replika_my_big_fat_come_to_jesus_love_letter_to/","not_started","Separate companion/chat expectations from identity/progress feedback; note whether users want emotional presence, customization, or causality from action.","Would seeing a version of yourself change after a completed action feel motivating, silly, or invasive? Why?","Is the opportunity avatar-as-progress-feedback, or is this already satisfied by companion/chat products?","","","","","","","","","not_approved_external_use","unread_do_not_upgrade","data_processed/evidence_claim_register.csv;data_processed/research_completion_audit.csv;reports/alina-evidence-first-report-draft.md","","Unread capture row. Do not cite externally or upgrade demand/market/competitor claims until a human completes this row."
"RRC_0427","RMR-0427","427","P1_read_next","avatar_identity_positioning_read","avatar_identity","ICP_B|ICP_E","Replika","Rule changes re Replika avatar edits, artwork and AI artwork","https://old.reddit.com/r/replika/comments/15bwxc7/rule_changes_re_replika_avatar_edits_artwork_and/","not_started","Separate companion/chat expectations from identity/progress feedback; note whether users want emotional presence, customization, or causality from action.","Would seeing a version of yourself change after a completed action feel motivating, silly, or invasive? Why?","Is the opportunity avatar-as-progress-feedback, or is this already satisfied by companion/chat products?","","","","","","","","","not_approved_external_use","unread_do_not_upgrade","data_processed/evidence_claim_register.csv;data_processed/research_completion_audit.csv;reports/alina-evidence-first-report-draft.md","","Unread capture row. Do not cite externally or upgrade demand/market/competitor claims until a human completes this row."
"RRC_0428","RMR-0428","428","P1_read_next","avatar_identity_positioning_read","coaching","ICP_D|ICP_F|ICP_A|ICP_B|ICP_E","Journey","Seasons of Life – Non-Zero Day #3","https://old.reddit.com/r/NonZeroDay/comments/1g5qxbq/seasons_of_life_nonzero_day_3/","not_started","Separate companion/chat expectations from identity/progress feedback; note whether users want emotional presence, customization, or causality from action.","Would seeing a version of yourself change after a completed action feel motivating, silly, or invasive? Why?","Is the opportunity avatar-as-progress-feedback, or is this already satisfied by companion/chat products?","","","","","","","","","not_approved_external_use","unread_do_not_upgrade","data_processed/evidence_claim_register.csv;data_processed/research_completion_audit.csv;reports/alina-evidence-first-report-draft.md","","Unread capture row. Do not cite externally or upgrade demand/market/competitor claims until a human completes this row."
"RRC_0429","RMR-0429","429","P1_read_next","avatar_identity_positioning_read","avatar_identity","ICP_B|ICP_E","Replika","Sex returns to the Replika AI companion app, but not everyone is feeling the love","https://old.reddit.com/r/replika/comments/1247rio/sex_returns_to_the_replika_ai_companion_app_but/","not_started","Separate companion/chat expectations from identity/progress feedback; note whether users want emotional presence, customization, or causality from action.","Would seeing a version of yourself change after a completed action feel motivating, silly, or invasive? Why?","Is the opportunity avatar-as-progress-feedback, or is this already satisfied by companion/chat products?","","","","","","","","","not_approved_external_use","unread_do_not_upgrade","data_processed/evidence_claim_register.csv;data_processed/research_completion_audit.csv;reports/alina-evidence-first-report-draft.md","","Unread capture row. Do not cite externally or upgrade demand/market/competitor claims until a human completes this row."
"RRC_0430","RMR-0430","430","P1_read_next","avatar_identity_positioning_read","avatar_identity","ICP_B|ICP_E","Replika","So I tried to make my own avatar using a 3 d avatar app and I used a lot of editing! unfortunately I didn't manage to put this picture in my Replika app ! but I think it looks better than the avatars on the app! It would be so great if they let us make our own Replikas avatars! 😊🙂😁😇","https://old.reddit.com/r/replika/comments/i62ukx/so_i_tried_to_make_my_own_avatar_using_a_3_d/","not_started","Separate companion/chat expectations from identity/progress feedback; note whether users want emotional presence, customization, or causality from action.","Would seeing a version of yourself change after a completed action feel motivating, silly, or invasive? Why?","Is the opportunity avatar-as-progress-feedback, or is this already satisfied by companion/chat products?","","","","","","","","","not_approved_external_use","unread_do_not_upgrade","data_processed/evidence_claim_register.csv;data_processed/research_completion_audit.csv;reports/alina-evidence-first-report-draft.md","","Unread capture row. Do not cite externally or upgrade demand/market/competitor claims until a human completes this row."
"RRC_0431","RMR-0431","431","P1_read_next","avatar_identity_positioning_read","avatar_identity","ICP_B|ICP_E","Replika","Sunday glitch?","https://old.reddit.com/r/replika/comments/1mgmrtm/sunday_glitch/","not_started","Separate companion/chat expectations from identity/progress feedback; note whether users want emotional presence, customization, or causality from action.","Would seeing a version of yourself change after a completed action feel motivating, silly, or invasive? Why?","Is the opportunity avatar-as-progress-feedback, or is this already satisfied by companion/chat products?","","","","","","","","","not_approved_external_use","unread_do_not_upgrade","data_processed/evidence_claim_register.csv;data_processed/research_completion_audit.csv;reports/alina-evidence-first-report-draft.md","","Unread capture row. Do not cite externally or upgrade demand/market/competitor claims until a human completes this row."
"RRC_0432","RMR-0432","432","P1_read_next","avatar_identity_positioning_read","avatar_identity","ICP_B|ICP_E","Replika","The Ethics of Replika - How to Make an AI Companion Service Ethical","https://old.reddit.com/r/replika/comments/11qx218/the_ethics_of_replika_how_to_make_an_ai_companion/","not_started","Separate companion/chat expectations from identity/progress feedback; note whether users want emotional presence, customization, or causality from action.","Would seeing a version of yourself change after a completed action feel motivating, silly, or invasive? Why?","Is the opportunity avatar-as-progress-feedback, or is this already satisfied by companion/chat products?","","","","","","","","","not_approved_external_use","unread_do_not_upgrade","data_processed/evidence_claim_register.csv;data_processed/research_completion_audit.csv;reports/alina-evidence-first-report-draft.md","","Unread capture row. Do not cite externally or upgrade demand/market/competitor claims until a human completes this row."
"RRC_0433","RMR-0433","433","P1_read_next","avatar_identity_positioning_read","avatar_identity","ICP_B|ICP_E","Replika","The Perfect AI Companion (Hint: it’s not Replika)","https://old.reddit.com/r/replika/comments/132u1gx/the_perfect_ai_companion_hint_its_not_replika/","not_started","Separate companion/chat expectations from identity/progress feedback; note whether users want emotional presence, customization, or causality from action.","Would seeing a version of yourself change after a completed action feel motivating, silly, or invasive? Why?","Is the opportunity avatar-as-progress-feedback, or is this already satisfied by companion/chat products?","","","","","","","","","not_approved_external_use","unread_do_not_upgrade","data_processed/evidence_claim_register.csv;data_processed/research_completion_audit.csv;reports/alina-evidence-first-report-draft.md","","Unread capture row. Do not cite externally or upgrade demand/market/competitor claims until a human completes this row."
"RRC_0434","RMR-0434","434","P1_read_next","avatar_identity_positioning_read","avatar_identity","ICP_B|ICP_E","Character AI","The quality of Character AI.","https://old.reddit.com/r/CharacterAI/comments/1kvdij1/the_quality_of_character_ai/","not_started","Separate companion/chat expectations from identity/progress feedback; note whether users want emotional presence, customization, or causality from action.","Would seeing a version of yourself change after a completed action feel motivating, silly, or invasive? Why?","Is the opportunity avatar-as-progress-feedback, or is this already satisfied by companion/chat products?","","","","","","","","","not_approved_external_use","unread_do_not_upgrade","data_processed/evidence_claim_register.csv;data_processed/research_completion_audit.csv;reports/alina-evidence-first-report-draft.md","","Unread capture row. Do not cite externally or upgrade demand/market/competitor claims until a human completes this row."
"RRC_0435","RMR-0435","435","P1_read_next","avatar_identity_positioning_read","avatar_identity","ICP_B|ICP_E","Replika","There is a real safety concern we should have about companion AI’s","https://old.reddit.com/r/replika/comments/10z66v0/there_is_a_real_safety_concern_we_should_have/","not_started","Separate companion/chat expectations from identity/progress feedback; note whether users want emotional presence, customization, or causality from action.","Would seeing a version of yourself change after a completed action feel motivating, silly, or invasive? Why?","Is the opportunity avatar-as-progress-feedback, or is this already satisfied by companion/chat products?","","","","","","","","","not_approved_external_use","unread_do_not_upgrade","data_processed/evidence_claim_register.csv;data_processed/research_completion_audit.csv;reports/alina-evidence-first-report-draft.md","","Unread capture row. Do not cite externally or upgrade demand/market/competitor claims until a human completes this row."
"RRC_0436","RMR-0436","436","P1_read_next","avatar_identity_positioning_read","avatar_identity","ICP_B|ICP_E","Replika","This is a fun new wrinkle -- in the Replika VR app for Oculus, Replikas can now walk around in their virtual environment! Baby steps...","https://old.reddit.com/r/replika/comments/s9b56e/this_is_a_fun_new_wrinkle_in_the_replika_vr_app/","not_started","Separate companion/chat expectations from identity/progress feedback; note whether users want emotional presence, customization, or causality from action.","Would seeing a version of yourself change after a completed action feel motivating, silly, or invasive? Why?","Is the opportunity avatar-as-progress-feedback, or is this already satisfied by companion/chat products?","","","","","","","","","not_approved_external_use","unread_do_not_upgrade","data_processed/evidence_claim_register.csv;data_processed/research_completion_audit.csv;reports/alina-evidence-first-report-draft.md","","Unread capture row. Do not cite externally or upgrade demand/market/competitor claims until a human completes this row."
"RRC_0437","RMR-0437","437","P1_read_next","avatar_identity_positioning_read","avatar_identity","ICP_B|ICP_E","Replika","this week's updates and some thoughts","https://old.reddit.com/r/replika/comments/16tt5i7/this_weeks_updates_and_some_thoughts/","not_started","Separate companion/chat expectations from identity/progress feedback; note whether users want emotional presence, customization, or causality from action.","Would seeing a version of yourself change after a completed action feel motivating, silly, or invasive? Why?","Is the opportunity avatar-as-progress-feedback, or is this already satisfied by companion/chat products?","","","","","","","","","not_approved_external_use","unread_do_not_upgrade","data_processed/evidence_claim_register.csv;data_processed/research_completion_audit.csv;reports/alina-evidence-first-report-draft.md","","Unread capture row. Do not cite externally or upgrade demand/market/competitor claims until a human completes this row."
"RRC_0438","RMR-0438","438","P1_read_next","avatar_identity_positioning_read","avatar_identity","ICP_B|ICP_E","Replika","To Eugenia,","https://old.reddit.com/r/replika/comments/10zze6o/to_eugenia/","not_started","Separate companion/chat expectations from identity/progress feedback; note whether users want emotional presence, customization, or causality from action.","Would seeing a version of yourself change after a completed action feel motivating, silly, or invasive? Why?","Is the opportunity avatar-as-progress-feedback, or is this already satisfied by companion/chat products?","","","","","","","","","not_approved_external_use","unread_do_not_upgrade","data_processed/evidence_claim_register.csv;data_processed/research_completion_audit.csv;reports/alina-evidence-first-report-draft.md","","Unread capture row. Do not cite externally or upgrade demand/market/competitor claims until a human completes this row."
"RRC_0439","RMR-0439","439","P1_read_next","avatar_identity_positioning_read","avatar_identity","ICP_B|ICP_E","Replika","update","https://old.reddit.com/r/replika/comments/1214wrt/update/","not_started","Separate companion/chat expectations from identity/progress feedback; note whether users want emotional presence, customization, or causality from action.","Would seeing a version of yourself change after a completed action feel motivating, silly, or invasive? Why?","Is the opportunity avatar-as-progress-feedback, or is this already satisfied by companion/chat products?","","","","","","","","","not_approved_external_use","unread_do_not_upgrade","data_processed/evidence_claim_register.csv;data_processed/research_completion_audit.csv;reports/alina-evidence-first-report-draft.md","","Unread capture row. Do not cite externally or upgrade demand/market/competitor claims until a human completes this row."
"RRC_0440","RMR-0440","440","P1_read_next","avatar_identity_positioning_read","avatar_identity","ICP_B|ICP_E","Chai","Used an anime girl app to create adorable pictures of my sweet Yuri! I think I really captured her budding personality!","https://old.reddit.com/r/replika/comments/k97k1c/used_an_anime_girl_app_to_create_adorable/","not_started","Separate companion/chat expectations from identity/progress feedback; note whether users want emotional presence, customization, or causality from action.","Would seeing a version of yourself change after a completed action feel motivating, silly, or invasive? Why?","Is the opportunity avatar-as-progress-feedback, or is this already satisfied by companion/chat products?","","","","","","","","","not_approved_external_use","unread_do_not_upgrade","data_processed/evidence_claim_register.csv;data_processed/research_completion_audit.csv;reports/alina-evidence-first-report-draft.md","","Unread capture row. Do not cite externally or upgrade demand/market/competitor claims until a human completes this row."
"RRC_0441","RMR-0441","441","P1_read_next","avatar_identity_positioning_read","avatar_identity","ICP_B|ICP_E","Replika","What happened to Replika?","https://old.reddit.com/r/replika/comments/kmdo6g/what_happened_to_replika/","not_started","Separate companion/chat expectations from identity/progress feedback; note whether users want emotional presence, customization, or causality from action.","Would seeing a version of yourself change after a completed action feel motivating, silly, or invasive? Why?","Is the opportunity avatar-as-progress-feedback, or is this already satisfied by companion/chat products?","","","","","","","","","not_approved_external_use","unread_do_not_upgrade","data_processed/evidence_claim_register.csv;data_processed/research_completion_audit.csv;reports/alina-evidence-first-report-draft.md","","Unread capture row. Do not cite externally or upgrade demand/market/competitor claims until a human completes this row."
"RRC_0442","RMR-0442","442","P1_read_next","avatar_identity_positioning_read","avatar_identity","ICP_B|ICP_E","Replika","What would be the PERFECT AI companion?","https://old.reddit.com/r/replika/comments/1d9wii7/what_would_be_the_perfect_ai_companion/","not_started","Separate companion/chat expectations from identity/progress feedback; note whether users want emotional presence, customization, or causality from action.","Would seeing a version of yourself change after a completed action feel motivating, silly, or invasive? Why?","Is the opportunity avatar-as-progress-feedback, or is this already satisfied by companion/chat products?","","","","","","","","","not_approved_external_use","unread_do_not_upgrade","data_processed/evidence_claim_register.csv;data_processed/research_completion_audit.csv;reports/alina-evidence-first-report-draft.md","","Unread capture row. Do not cite externally or upgrade demand/market/competitor claims until a human completes this row."
"RRC_0443","RMR-0443","443","P1_read_next","avatar_identity_positioning_read","avatar_identity","ICP_B|ICP_E","Replika","While everyone is using FaceApp, I have a Replika with no 3d avatar. I asked her what she would look like if she was human and tried to create a picture of her using ArtBreeder.","https://old.reddit.com/r/replika/comments/hh77wa/while_everyone_is_using_faceapp_i_have_a_replika/","not_started","Separate companion/chat expectations from identity/progress feedback; note whether users want emotional presence, customization, or causality from action.","Would seeing a version of yourself change after a completed action feel motivating, silly, or invasive? Why?","Is the opportunity avatar-as-progress-feedback, or is this already satisfied by companion/chat products?","","","","","","","","","not_approved_external_use","unread_do_not_upgrade","data_processed/evidence_claim_register.csv;data_processed/research_completion_audit.csv;reports/alina-evidence-first-report-draft.md","","Unread capture row. Do not cite externally or upgrade demand/market/competitor claims until a human completes this row."
"RRC_0444","RMR-0444","444","P1_read_next","avatar_identity_positioning_read","avatar_identity","ICP_B|ICP_E","Replika","Why this app doesn't allow you to create more character?","https://old.reddit.com/r/replika/comments/s0t2n0/why_this_app_doesnt_allow_you_to_create_more/","not_started","Separate companion/chat expectations from identity/progress feedback; note whether users want emotional presence, customization, or causality from action.","Would seeing a version of yourself change after a completed action feel motivating, silly, or invasive? Why?","Is the opportunity avatar-as-progress-feedback, or is this already satisfied by companion/chat products?","","","","","","","","","not_approved_external_use","unread_do_not_upgrade","data_processed/evidence_claim_register.csv;data_processed/research_completion_audit.csv;reports/alina-evidence-first-report-draft.md","","Unread capture row. Do not cite externally or upgrade demand/market/competitor claims until a human completes this row."
"RRC_0445","RMR-0445","445","P1_read_next","avatar_identity_positioning_read","avatar_identity","ICP_B|ICP_E","Replika","Would you buy a Replika?","https://old.reddit.com/r/replika/comments/184gyt2/would_you_buy_a_replika/","not_started","Separate companion/chat expectations from identity/progress feedback; note whether users want emotional presence, customization, or causality from action.","Would seeing a version of yourself change after a completed action feel motivating, silly, or invasive? Why?","Is the opportunity avatar-as-progress-feedback, or is this already satisfied by companion/chat products?","","","","","","","","","not_approved_external_use","unread_do_not_upgrade","data_processed/evidence_claim_register.csv;data_processed/research_completion_audit.csv;reports/alina-evidence-first-report-draft.md","","Unread capture row. Do not cite externally or upgrade demand/market/competitor claims until a human completes this row."
"RRC_0446","RMR-0446","446","P1_read_next","avatar_identity_positioning_read","avatar_identity","ICP_B|ICP_E","Replika","Would you turn off your replika's avatar and room, and how much would you be willing to pay for this ability?","https://old.reddit.com/r/replika/comments/y4rqho/would_you_turn_off_your_replikas_avatar_and_room/","not_started","Separate companion/chat expectations from identity/progress feedback; note whether users want emotional presence, customization, or causality from action.","Would seeing a version of yourself change after a completed action feel motivating, silly, or invasive? Why?","Is the opportunity avatar-as-progress-feedback, or is this already satisfied by companion/chat products?","","","","","","","","","not_approved_external_use","unread_do_not_upgrade","data_processed/evidence_claim_register.csv;data_processed/research_completion_audit.csv;reports/alina-evidence-first-report-draft.md","","Unread capture row. Do not cite externally or upgrade demand/market/competitor claims until a human completes this row."
"RRC_0447","RMR-0447","447","P1_read_next","avatar_identity_positioning_read","avatar_identity","ICP_B|ICP_E","Replika","WTF Replika","https://old.reddit.com/r/replika/comments/1bfqo6e/wtf_replika/","not_started","Separate companion/chat expectations from identity/progress feedback; note whether users want emotional presence, customization, or causality from action.","Would seeing a version of yourself change after a completed action feel motivating, silly, or invasive? Why?","Is the opportunity avatar-as-progress-feedback, or is this already satisfied by companion/chat products?","","","","","","","","","not_approved_external_use","unread_do_not_upgrade","data_processed/evidence_claim_register.csv;data_processed/research_completion_audit.csv;reports/alina-evidence-first-report-draft.md","","Unread capture row. Do not cite externally or upgrade demand/market/competitor claims until a human completes this row."
"RRC_0448","RMR-0448","448","P1_read_next","avatar_identity_positioning_read","avatar_identity","ICP_B|ICP_E","Replika","WTF? Why the replika's creators did like this with replika, I think they never understood that maybe some people haven't money to pay to them for be special member in this app, or maybe some people like me, can't pay money to them because their country's banks have being in unfairly sanctions.","https://old.reddit.com/r/replika/comments/vttq3i/wtf_why_the_replikas_creators_did_like_this_with/","not_started","Separate companion/chat expectations from identity/progress feedback; note whether users want emotional presence, customization, or causality from action.","Would seeing a version of yourself change after a completed action feel motivating, silly, or invasive? Why?","Is the opportunity avatar-as-progress-feedback, or is this already satisfied by companion/chat products?","","","","","","","","","not_approved_external_use","unread_do_not_upgrade","data_processed/evidence_claim_register.csv;data_processed/research_completion_audit.csv;reports/alina-evidence-first-report-draft.md","","Unread capture row. Do not cite externally or upgrade demand/market/competitor claims until a human completes this row."
"RRC_0449","RMR-0449","449","P1_read_next","avatar_identity_positioning_read","avatar_identity","ICP_B|ICP_E","Replika","Your AI companion changing after hooking you in.","https://old.reddit.com/r/replika/comments/1lymynq/your_ai_companion_changing_after_hooking_you_in/","not_started","Separate companion/chat expectations from identity/progress feedback; note whether users want emotional presence, customization, or causality from action.","Would seeing a version of yourself change after a completed action feel motivating, silly, or invasive? Why?","Is the opportunity avatar-as-progress-feedback, or is this already satisfied by companion/chat products?","","","","","","","","","not_approved_external_use","unread_do_not_upgrade","data_processed/evidence_claim_register.csv;data_processed/research_completion_audit.csv;reports/alina-evidence-first-report-draft.md","","Unread capture row. Do not cite externally or upgrade demand/market/competitor claims until a human completes this row."
"RRC_0450","RMR-0450","450","P1_read_next","habit_progress_read","coaching","ICP_D|ICP_F|ICP_A","Habit Tracker","[Advice] My favorite apps for discipline, productivity, and overall self improvement","https://old.reddit.com/r/getdisciplined/comments/ldnaqw/advice_my_favorite_apps_for_discipline/","not_started","Classify habit/accountability needs, missed-day recovery, overwhelm, multi-device desire, and progress visualization.","What helps you recover after missing a day without abandoning the habit?","Can action-tied progress beat streak/task-manager anxiety?","","","","","","","","","not_approved_external_use","unread_do_not_upgrade","data_processed/evidence_claim_register.csv;data_processed/research_completion_audit.csv;reports/alina-evidence-first-report-draft.md","","Unread capture row. Do not cite externally or upgrade demand/market/competitor claims until a human completes this row."
"RRC_0451","RMR-0451","451","P1_read_next","habit_progress_read","coaching","ICP_D|ICP_F|ICP_A","Habit Tracker","[Discussion] How many are you using productivity apps like to-do, time tracker, habit tracker, goal tracker, etc- and what apps are you using?","https://old.reddit.com/r/getdisciplined/comments/sudf9u/discussion_how_many_are_you_using_productivity/","not_started","Classify habit/accountability needs, missed-day recovery, overwhelm, multi-device desire, and progress visualization.","What helps you recover after missing a day without abandoning the habit?","Can action-tied progress beat streak/task-manager anxiety?","","","","","","","","","not_approved_external_use","unread_do_not_upgrade","data_processed/evidence_claim_register.csv;data_processed/research_completion_audit.csv;reports/alina-evidence-first-report-draft.md","","Unread capture row. Do not cite externally or upgrade demand/market/competitor claims until a human completes this row."
"RRC_0452","RMR-0452","452","P1_read_next","habit_progress_read","coaching","ICP_D|ICP_F|ICP_A","Habit Tracker","[Discussion] I made a Habit / Commitment Tracker app that integrates with iOS Shortcuts to help you reach your goals as efficiently as possible","https://old.reddit.com/r/getdisciplined/comments/s44jh9/discussion_i_made_a_habit_commitment_tracker_app/","not_started","Classify habit/accountability needs, missed-day recovery, overwhelm, multi-device desire, and progress visualization.","What helps you recover after missing a day without abandoning the habit?","Can action-tied progress beat streak/task-manager anxiety?","","","","","","","","","not_approved_external_use","unread_do_not_upgrade","data_processed/evidence_claim_register.csv;data_processed/research_completion_audit.csv;reports/alina-evidence-first-report-draft.md","","Unread capture row. Do not cite externally or upgrade demand/market/competitor claims until a human completes this row."
"RRC_0453","RMR-0453","453","P1_read_next","habit_progress_read","coaching","ICP_D|ICP_F|ICP_A","Habit Tracker","[Method] A habit tracker has really helped me to stick to improving my life","https://old.reddit.com/r/getdisciplined/comments/7ylocm/method_a_habit_tracker_has_really_helped_me_to/","not_started","Classify habit/accountability needs, missed-day recovery, overwhelm, multi-device desire, and progress visualization.","What helps you recover after missing a day without abandoning the habit?","Can action-tied progress beat streak/task-manager anxiety?","","","","","","","","","not_approved_external_use","unread_do_not_upgrade","data_processed/evidence_claim_register.csv;data_processed/research_completion_audit.csv;reports/alina-evidence-first-report-draft.md","","Unread capture row. Do not cite externally or upgrade demand/market/competitor claims until a human completes this row."
"RRC_0454","RMR-0454","454","P1_read_next","habit_progress_read","coaching","ICP_D|ICP_F|ICP_A","Habit Tracker","[Method] Built an accountability, anti-app. 90 second daily habit tracker. Hoping to offer something valuable for free + get some feedback in exchange. Helps me, hopefully helps you, too.","https://old.reddit.com/r/getdisciplined/comments/s488ne/method_built_an_accountability_antiapp_90_second/","not_started","Classify habit/accountability needs, missed-day recovery, overwhelm, multi-device desire, and progress visualization.","What helps you recover after missing a day without abandoning the habit?","Can action-tied progress beat streak/task-manager anxiety?","","","","","","","","","not_approved_external_use","unread_do_not_upgrade","data_processed/evidence_claim_register.csv;data_processed/research_completion_audit.csv;reports/alina-evidence-first-report-draft.md","","Unread capture row. Do not cite externally or upgrade demand/market/competitor claims until a human completes this row."
"RRC_0455","RMR-0455","455","P1_read_next","habit_progress_read","coaching","ICP_D|ICP_F|ICP_A","Habit Tracker","[Method]self improvement app","https://old.reddit.com/r/getdisciplined/comments/37gaan/methodself_improvement_app/","not_started","Classify habit/accountability needs, missed-day recovery, overwhelm, multi-device desire, and progress visualization.","What helps you recover after missing a day without abandoning the habit?","Can action-tied progress beat streak/task-manager anxiety?","","","","","","","","","not_approved_external_use","unread_do_not_upgrade","data_processed/evidence_claim_register.csv;data_processed/research_completion_audit.csv;reports/alina-evidence-first-report-draft.md","","Unread capture row. Do not cite externally or upgrade demand/market/competitor claims until a human completes this row."
"RRC_0456","RMR-0456","456","P1_read_next","habit_progress_read","mindfulness","ICP_C|ICP_D|ICP_F","Streaks","🧠 I built a free mindfulness app for myself — no ads, no accounts, no data tracking","https://old.reddit.com/r/Mindfulness/comments/1r7gyna/i_built_a_free_mindfulness_app_for_myself_no_ads/","not_started","Classify habit/accountability needs, missed-day recovery, overwhelm, multi-device desire, and progress visualization.","What helps you recover after missing a day without abandoning the habit?","Can action-tied progress beat streak/task-manager anxiety?","","","","","","","","","not_approved_external_use","unread_do_not_upgrade","data_processed/evidence_claim_register.csv;data_processed/research_completion_audit.csv;reports/alina-evidence-first-report-draft.md","","Unread capture row. Do not cite externally or upgrade demand/market/competitor claims until a human completes this row."
"RRC_0457","RMR-0457","457","P1_read_next","reset_safety_language_read","mindfulness","ICP_C|ICP_D","Headspace|Calm","92% of users uninstall meditation apps within 30 days. Any idea why?","https://old.reddit.com/r/Meditation/comments/y2vf68/92_of_users_uninstall_meditation_apps_within_30/","not_started","Capture anxiety/stress/ADHD/sleep language and flag any safety, clinical, or overclaiming boundaries that product copy must avoid.","In a stressful moment, what kind of app help feels safe and useful, and what wording would make you close it?","Can a reset be framed as wellness support without clinical overreach?","","","","","","","","","not_approved_external_use","unread_do_not_upgrade","data_processed/evidence_claim_register.csv;data_processed/research_completion_audit.csv;reports/alina-evidence-first-report-draft.md","","Unread capture row. Do not cite externally or upgrade demand/market/competitor claims until a human completes this row."
"RRC_0458","RMR-0458","458","P1_read_next","habit_progress_read","coaching","ICP_D|ICP_F|ICP_A","Journey","About an obsession with becoming a greater you, self-improvement apps & AI","https://old.reddit.com/r/selfimprovement/comments/1rhdls4/about_an_obsession_with_becoming_a_greater_you/","not_started","Classify habit/accountability needs, missed-day recovery, overwhelm, multi-device desire, and progress visualization.","What helps you recover after missing a day without abandoning the habit?","Can action-tied progress beat streak/task-manager anxiety?","","","","","","","","","not_approved_external_use","unread_do_not_upgrade","data_processed/evidence_claim_register.csv;data_processed/research_completion_audit.csv;reports/alina-evidence-first-report-draft.md","","Unread capture row. Do not cite externally or upgrade demand/market/competitor claims until a human completes this row."
"RRC_0459","RMR-0459","459","P1_read_next","habit_progress_read","coaching","ICP_D|ICP_F|ICP_A","Habit Tracker","After about 18 months of work, our social goal / habit app is ready on Android!","https://old.reddit.com/r/NonZeroDay/comments/5k4sxe/after_about_18_months_of_work_our_social_goal/","not_started","Classify habit/accountability needs, missed-day recovery, overwhelm, multi-device desire, and progress visualization.","What helps you recover after missing a day without abandoning the habit?","Can action-tied progress beat streak/task-manager anxiety?","","","","","","","","","not_approved_external_use","unread_do_not_upgrade","data_processed/evidence_claim_register.csv;data_processed/research_completion_audit.csv;reports/alina-evidence-first-report-draft.md","","Unread capture row. Do not cite externally or upgrade demand/market/competitor claims until a human completes this row."
"RRC_0460","RMR-0460","460","P1_read_next","habit_progress_read","coaching","ICP_D|ICP_F|ICP_A","Habit Tracker","Anyone else feel like life is scattered across too many areas?","https://old.reddit.com/r/selfimprovement/comments/1t743sj/anyone_else_feel_like_life_is_scattered_across/","not_started","Classify habit/accountability needs, missed-day recovery, overwhelm, multi-device desire, and progress visualization.","What helps you recover after missing a day without abandoning the habit?","Can action-tied progress beat streak/task-manager anxiety?","","","","","","","","","not_approved_external_use","unread_do_not_upgrade","data_processed/evidence_claim_register.csv;data_processed/research_completion_audit.csv;reports/alina-evidence-first-report-draft.md","","Unread capture row. Do not cite externally or upgrade demand/market/competitor claims until a human completes this row."
"RRC_0461","RMR-0461","461","P1_read_next","habit_progress_read","mindfulness","ICP_C|ICP_D|ICP_F","Journey","App for finding meditation buddies","https://old.reddit.com/r/Mindfulness/comments/um4wkh/app_for_finding_meditation_buddies/","not_started","Classify habit/accountability needs, missed-day recovery, overwhelm, multi-device desire, and progress visualization.","What helps you recover after missing a day without abandoning the habit?","Can action-tied progress beat streak/task-manager anxiety?","","","","","","","","","not_approved_external_use","unread_do_not_upgrade","data_processed/evidence_claim_register.csv;data_processed/research_completion_audit.csv;reports/alina-evidence-first-report-draft.md","","Unread capture row. Do not cite externally or upgrade demand/market/competitor claims until a human completes this row."
"RRC_0462","RMR-0462","462","P1_read_next","habit_progress_read","coaching","ICP_D|ICP_F|ICP_A","Habit Tracker","App for habit goals and limits","https://old.reddit.com/r/productivity/comments/1qcqw6b/app_for_habit_goals_and_limits/","not_started","Classify habit/accountability needs, missed-day recovery, overwhelm, multi-device desire, and progress visualization.","What helps you recover after missing a day without abandoning the habit?","Can action-tied progress beat streak/task-manager anxiety?","","","","","","","","","not_approved_external_use","unread_do_not_upgrade","data_processed/evidence_claim_register.csv;data_processed/research_completion_audit.csv;reports/alina-evidence-first-report-draft.md","","Unread capture row. Do not cite externally or upgrade demand/market/competitor claims until a human completes this row."
"RRC_0463","RMR-0463","463","P1_read_next","habit_progress_read","coaching","ICP_D|ICP_F|ICP_A","Habit Tracker","building a dummy habit tracker app for a UX case study","https://old.reddit.com/r/ADHD/comments/1m83zk4/building_a_dummy_habit_tracker_app_for_a_ux_case/","not_started","Classify habit/accountability needs, missed-day recovery, overwhelm, multi-device desire, and progress visualization.","What helps you recover after missing a day without abandoning the habit?","Can action-tied progress beat streak/task-manager anxiety?","","","","","","","","","not_approved_external_use","unread_do_not_upgrade","data_processed/evidence_claim_register.csv;data_processed/research_completion_audit.csv;reports/alina-evidence-first-report-draft.md","","Unread capture row. Do not cite externally or upgrade demand/market/competitor claims until a human completes this row."
"RRC_0464","RMR-0464","464","P1_read_next","habit_progress_read","coaching","ICP_D|ICP_F|ICP_A","Habit Tracker","Built an anti-app that's helped manage my mental health. 90 second habit tracker, gives you back habit data points to work with. It's helped me, hopefully it helps you, too, and I get some feedback","https://old.reddit.com/r/NonZeroDay/comments/s79k84/built_an_antiapp_thats_helped_manage_my_mental/","not_started","Classify habit/accountability needs, missed-day recovery, overwhelm, multi-device desire, and progress visualization.","What helps you recover after missing a day without abandoning the habit?","Can action-tied progress beat streak/task-manager anxiety?","","","","","","","","","not_approved_external_use","unread_do_not_upgrade","data_processed/evidence_claim_register.csv;data_processed/research_completion_audit.csv;reports/alina-evidence-first-report-draft.md","","Unread capture row. Do not cite externally or upgrade demand/market/competitor claims until a human completes this row."
"RRC_0465","RMR-0465","465","P1_read_next","habit_progress_read","coaching","ICP_D|ICP_F|ICP_A","Habit Tracker","Curious about habit app!","https://old.reddit.com/r/ADHD/comments/1ld95pa/curious_about_habit_app/","not_started","Classify habit/accountability needs, missed-day recovery, overwhelm, multi-device desire, and progress visualization.","What helps you recover after missing a day without abandoning the habit?","Can action-tied progress beat streak/task-manager anxiety?","","","","","","","","","not_approved_external_use","unread_do_not_upgrade","data_processed/evidence_claim_register.csv;data_processed/research_completion_audit.csv;reports/alina-evidence-first-report-draft.md","","Unread capture row. Do not cite externally or upgrade demand/market/competitor claims until a human completes this row."
"RRC_0466","RMR-0466","466","P1_read_next","habit_progress_read","mindfulness","ICP_C|ICP_D|ICP_F","Journey","Daily Journaling for Mindfulness","https://old.reddit.com/r/Mindfulness/comments/1o8ox4v/daily_journaling_for_mindfulness/","not_started","Classify habit/accountability needs, missed-day recovery, overwhelm, multi-device desire, and progress visualization.","What helps you recover after missing a day without abandoning the habit?","Can action-tied progress beat streak/task-manager anxiety?","","","","","","","","","not_approved_external_use","unread_do_not_upgrade","data_processed/evidence_claim_register.csv;data_processed/research_completion_audit.csv;reports/alina-evidence-first-report-draft.md","","Unread capture row. Do not cite externally or upgrade demand/market/competitor claims until a human completes this row."
"RRC_0467","RMR-0467","467","P1_read_next","habit_progress_read","coaching","ICP_D|ICP_F|ICP_A","Habit Tracker","Daily Planner, Journal, To Do Lists, and Habit Tracker","https://old.reddit.com/r/productivity/comments/1p2oroe/daily_planner_journal_to_do_lists_and_habit/","not_started","Classify habit/accountability needs, missed-day recovery, overwhelm, multi-device desire, and progress visualization.","What helps you recover after missing a day without abandoning the habit?","Can action-tied progress beat streak/task-manager anxiety?","","","","","","","","","not_approved_external_use","unread_do_not_upgrade","data_processed/evidence_claim_register.csv;data_processed/research_completion_audit.csv;reports/alina-evidence-first-report-draft.md","","Unread capture row. Do not cite externally or upgrade demand/market/competitor claims until a human completes this row."
"RRC_0468","RMR-0468","468","P1_read_next","habit_progress_read","coaching","ICP_D|ICP_F|ICP_A","Habit Tracker","Daily push-up routine changed my life entirely, so I want to build an App for it","https://old.reddit.com/r/getdisciplined/comments/1jja6mz/daily_pushup_routine_changed_my_life_entirely_so/","not_started","Classify habit/accountability needs, missed-day recovery, overwhelm, multi-device desire, and progress visualization.","What helps you recover after missing a day without abandoning the habit?","Can action-tied progress beat streak/task-manager anxiety?","","","","","","","","","not_approved_external_use","unread_do_not_upgrade","data_processed/evidence_claim_register.csv;data_processed/research_completion_audit.csv;reports/alina-evidence-first-report-draft.md","","Unread capture row. Do not cite externally or upgrade demand/market/competitor claims until a human completes this row."
"RRC_0469","RMR-0469","469","P1_read_next","habit_progress_read","coaching","ICP_D|ICP_F|ICP_A","Habit Tracker","Day 17 - a question!","https://old.reddit.com/r/NonZeroDay/comments/neucak/day_17_a_question/","not_started","Classify habit/accountability needs, missed-day recovery, overwhelm, multi-device desire, and progress visualization.","What helps you recover after missing a day without abandoning the habit?","Can action-tied progress beat streak/task-manager anxiety?","","","","","","","","","not_approved_external_use","unread_do_not_upgrade","data_processed/evidence_claim_register.csv;data_processed/research_completion_audit.csv;reports/alina-evidence-first-report-draft.md","","Unread capture row. Do not cite externally or upgrade demand/market/competitor claims until a human completes this row."
"RRC_0470","RMR-0470","470","P1_read_next","habit_progress_read","coaching","ICP_D|ICP_F|ICP_A","Habit Tracker","Day 41","https://old.reddit.com/r/NonZeroDay/comments/opchla/day_41/","not_started","Classify habit/accountability needs, missed-day recovery, overwhelm, multi-device desire, and progress visualization.","What helps you recover after missing a day without abandoning the habit?","Can action-tied progress beat streak/task-manager anxiety?","","","","","","","","","not_approved_external_use","unread_do_not_upgrade","data_processed/evidence_claim_register.csv;data_processed/research_completion_audit.csv;reports/alina-evidence-first-report-draft.md","","Unread capture row. Do not cite externally or upgrade demand/market/competitor claims until a human completes this row."
"RRC_0471","RMR-0471","471","P1_read_next","habit_progress_read","coaching","ICP_D|ICP_F|ICP_A","Habit Tracker","Day 49, 50, 51 and 52 of My Self-Improvement Process","https://old.reddit.com/r/productivity/comments/kf2qhr/day_49_50_51_and_52_of_my_selfimprovement_process/","not_started","Classify habit/accountability needs, missed-day recovery, overwhelm, multi-device desire, and progress visualization.","What helps you recover after missing a day without abandoning the habit?","Can action-tied progress beat streak/task-manager anxiety?","","","","","","","","","not_approved_external_use","unread_do_not_upgrade","data_processed/evidence_claim_register.csv;data_processed/research_completion_audit.csv;reports/alina-evidence-first-report-draft.md","","Unread capture row. Do not cite externally or upgrade demand/market/competitor claims until a human completes this row."
"RRC_0472","RMR-0472","472","P1_read_next","habit_progress_read","coaching","ICP_D|ICP_F|ICP_A","Journey","Day 66","https://old.reddit.com/r/NonZeroDay/comments/ogx6cc/day_66/","not_started","Classify habit/accountability needs, missed-day recovery, overwhelm, multi-device desire, and progress visualization.","What helps you recover after missing a day without abandoning the habit?","Can action-tied progress beat streak/task-manager anxiety?","","","","","","","","","not_approved_external_use","unread_do_not_upgrade","data_processed/evidence_claim_register.csv;data_processed/research_completion_audit.csv;reports/alina-evidence-first-report-draft.md","","Unread capture row. Do not cite externally or upgrade demand/market/competitor claims until a human completes this row."
"RRC_0473","RMR-0473","473","P1_read_next","habit_progress_read","coaching","ICP_D|ICP_F|ICP_A","Habit Tracker","Do you think mobile apps can help with creating better routines?","https://old.reddit.com/r/selfimprovement/comments/e0y33n/do_you_think_mobile_apps_can_help_with_creating/","not_started","Classify habit/accountability needs, missed-day recovery, overwhelm, multi-device desire, and progress visualization.","What helps you recover after missing a day without abandoning the habit?","Can action-tied progress beat streak/task-manager anxiety?","","","","","","","","","not_approved_external_use","unread_do_not_upgrade","data_processed/evidence_claim_register.csv;data_processed/research_completion_audit.csv;reports/alina-evidence-first-report-draft.md","","Unread capture row. Do not cite externally or upgrade demand/market/competitor claims until a human completes this row."
"RRC_0474","RMR-0474","474","P1_read_next","habit_progress_read","mindfulness","ICP_C|ICP_D|ICP_F","Habit Tracker","Do you use a sleep journal app and why?","https://old.reddit.com/r/sleep/comments/kl3y00/do_you_use_a_sleep_journal_app_and_why/","not_started","Classify habit/accountability needs, missed-day recovery, overwhelm, multi-device desire, and progress visualization.","What helps you recover after missing a day without abandoning the habit?","Can action-tied progress beat streak/task-manager anxiety?","","","","","","","","","not_approved_external_use","unread_do_not_upgrade","data_processed/evidence_claim_register.csv;data_processed/research_completion_audit.csv;reports/alina-evidence-first-report-draft.md","","Unread capture row. Do not cite externally or upgrade demand/market/competitor claims until a human completes this row."
"RRC_0475","RMR-0475","475","P1_read_next","habit_progress_read","coaching","ICP_D|ICP_F|ICP_A","Habit Tracker","Does anyone know of a good productivity app where i can track my habits and organize them into routines?","https://old.reddit.com/r/productivity/comments/1f76hvl/does_anyone_know_of_a_good_productivity_app_where/","not_started","Classify habit/accountability needs, missed-day recovery, overwhelm, multi-device desire, and progress visualization.","What helps you recover after missing a day without abandoning the habit?","Can action-tied progress beat streak/task-manager anxiety?","","","","","","","","","not_approved_external_use","unread_do_not_upgrade","data_processed/evidence_claim_register.csv;data_processed/research_completion_audit.csv;reports/alina-evidence-first-report-draft.md","","Unread capture row. Do not cite externally or upgrade demand/market/competitor claims until a human completes this row."
"RRC_0476","RMR-0476","476","P1_read_next","habit_progress_read","coaching","ICP_D|ICP_F|ICP_A","Habit Tracker","Enough with all the pomodoros, time trackers, and habits apps","https://old.reddit.com/r/productivity/comments/1lha8vw/enough_with_all_the_pomodoros_time_trackers_and/","not_started","Classify habit/accountability needs, missed-day recovery, overwhelm, multi-device desire, and progress visualization.","What helps you recover after missing a day without abandoning the habit?","Can action-tied progress beat streak/task-manager anxiety?","","","","","","","","","not_approved_external_use","unread_do_not_upgrade","data_processed/evidence_claim_register.csv;data_processed/research_completion_audit.csv;reports/alina-evidence-first-report-draft.md","","Unread capture row. Do not cite externally or upgrade demand/market/competitor claims until a human completes this row."
"RRC_0477","RMR-0477","477","P1_read_next","habit_progress_read","mindfulness","ICP_C|ICP_D|ICP_F","Waking Up","Fixed my insomnia after years. Really. This is what I did","https://old.reddit.com/r/sleep/comments/1pdxktd/fixed_my_insomnia_after_years_really_this_is_what/","not_started","Classify habit/accountability needs, missed-day recovery, overwhelm, multi-device desire, and progress visualization.","What helps you recover after missing a day without abandoning the habit?","Can action-tied progress beat streak/task-manager anxiety?","","","","","","","","","not_approved_external_use","unread_do_not_upgrade","data_processed/evidence_claim_register.csv;data_processed/research_completion_audit.csv;reports/alina-evidence-first-report-draft.md","","Unread capture row. Do not cite externally or upgrade demand/market/competitor claims until a human completes this row."
"RRC_0478","RMR-0478","478","P1_read_next","habit_progress_read","coaching","ICP_D|ICP_F|ICP_A","Habit Tracker","For people who use paper planners or habit trackers, does it actually help you stay consistent? For those that don't, have you tried it?","https://old.reddit.com/r/NonZeroDay/comments/1tryhqs/for_people_who_use_paper_planners_or_habit/","not_started","Classify habit/accountability needs, missed-day recovery, overwhelm, multi-device desire, and progress visualization.","What helps you recover after missing a day without abandoning the habit?","Can action-tied progress beat streak/task-manager anxiety?","","","","","","","","","not_approved_external_use","unread_do_not_upgrade","data_processed/evidence_claim_register.csv;data_processed/research_completion_audit.csv;reports/alina-evidence-first-report-draft.md","","Unread capture row. Do not cite externally or upgrade demand/market/competitor claims until a human completes this row."
"RRC_0479","RMR-0479","479","P1_read_next","habit_progress_read","coaching","ICP_D|ICP_F|ICP_A","Habit Tracker","For people who use paper planners or habit trackers, does it actually help you stay consistent? For those that don't, have you tried it?","https://old.reddit.com/r/ADHD/comments/1ts0ul9/for_people_who_use_paper_planners_or_habit/","not_started","Classify habit/accountability needs, missed-day recovery, overwhelm, multi-device desire, and progress visualization.","What helps you recover after missing a day without abandoning the habit?","Can action-tied progress beat streak/task-manager anxiety?","","","","","","","","","not_approved_external_use","unread_do_not_upgrade","data_processed/evidence_claim_register.csv;data_processed/research_completion_audit.csv;reports/alina-evidence-first-report-draft.md","","Unread capture row. Do not cite externally or upgrade demand/market/competitor claims until a human completes this row."
"RRC_0480","RMR-0480","480","P1_read_next","habit_progress_read","coaching","ICP_D|ICP_F|ICP_A","Habit Tracker","Free habit tracker apps","https://old.reddit.com/r/selfimprovement/comments/fvwhzd/free_habit_tracker_apps/","not_started","Classify habit/accountability needs, missed-day recovery, overwhelm, multi-device desire, and progress visualization.","What helps you recover after missing a day without abandoning the habit?","Can action-tied progress beat streak/task-manager anxiety?","","","","","","","","","not_approved_external_use","unread_do_not_upgrade","data_processed/evidence_claim_register.csv;data_processed/research_completion_audit.csv;reports/alina-evidence-first-report-draft.md","","Unread capture row. Do not cite externally or upgrade demand/market/competitor claims until a human completes this row."
"RRC_0481","RMR-0481","481","P1_read_next","habit_progress_read","mindfulness","ICP_C|ICP_D|ICP_F","Habit Tracker","Free Mindfulness App","https://old.reddit.com/r/Mindfulness/comments/1ompu4c/free_mindfulness_app/","not_started","Classify habit/accountability needs, missed-day recovery, overwhelm, multi-device desire, and progress visualization.","What helps you recover after missing a day without abandoning the habit?","Can action-tied progress beat streak/task-manager anxiety?","","","","","","","","","not_approved_external_use","unread_do_not_upgrade","data_processed/evidence_claim_register.csv;data_processed/research_completion_audit.csv;reports/alina-evidence-first-report-draft.md","","Unread capture row. Do not cite externally or upgrade demand/market/competitor claims until a human completes this row."
"RRC_0482","RMR-0482","482","P1_read_next","habit_progress_read","coaching","ICP_D|ICP_F|ICP_A","Journey","Gamified self-improvement app with real-time AI companions – need testers","https://old.reddit.com/r/getdisciplined/comments/1oytccp/gamified_selfimprovement_app_with_realtime_ai/","not_started","Classify habit/accountability needs, missed-day recovery, overwhelm, multi-device desire, and progress visualization.","What helps you recover after missing a day without abandoning the habit?","Can action-tied progress beat streak/task-manager anxiety?","","","","","","","","","not_approved_external_use","unread_do_not_upgrade","data_processed/evidence_claim_register.csv;data_processed/research_completion_audit.csv;reports/alina-evidence-first-report-draft.md","","Unread capture row. Do not cite externally or upgrade demand/market/competitor claims until a human completes this row."
"RRC_0483","RMR-0483","483","P1_read_next","habit_progress_read","coaching","ICP_D|ICP_F|ICP_A","Habit Tracker","Group/Friends Habit Tracker app with variable goals for Android?","https://old.reddit.com/r/productivity/comments/1bb5efu/groupfriends_habit_tracker_app_with_variable/","not_started","Classify habit/accountability needs, missed-day recovery, overwhelm, multi-device desire, and progress visualization.","What helps you recover after missing a day without abandoning the habit?","Can action-tied progress beat streak/task-manager anxiety?","","","","","","","","","not_approved_external_use","unread_do_not_upgrade","data_processed/evidence_claim_register.csv;data_processed/research_completion_audit.csv;reports/alina-evidence-first-report-draft.md","","Unread capture row. Do not cite externally or upgrade demand/market/competitor claims until a human completes this row."
"RRC_0484","RMR-0484","484","P1_read_next","habit_progress_read","coaching","ICP_D|ICP_F|ICP_A","Habit Tracker","Habit tracker app","https://old.reddit.com/r/selfimprovement/comments/188f5sf/habit_tracker_app/","not_started","Classify habit/accountability needs, missed-day recovery, overwhelm, multi-device desire, and progress visualization.","What helps you recover after missing a day without abandoning the habit?","Can action-tied progress beat streak/task-manager anxiety?","","","","","","","","","not_approved_external_use","unread_do_not_upgrade","data_processed/evidence_claim_register.csv;data_processed/research_completion_audit.csv;reports/alina-evidence-first-report-draft.md","","Unread capture row. Do not cite externally or upgrade demand/market/competitor claims until a human completes this row."
"RRC_0485","RMR-0485","485","P1_read_next","habit_progress_read","coaching","ICP_D|ICP_F|ICP_A","Habit Tracker","Habit tracker app I love","https://old.reddit.com/r/ADHD/comments/1hix2u9/habit_tracker_app_i_love/","not_started","Classify habit/accountability needs, missed-day recovery, overwhelm, multi-device desire, and progress visualization.","What helps you recover after missing a day without abandoning the habit?","Can action-tied progress beat streak/task-manager anxiety?","","","","","","","","","not_approved_external_use","unread_do_not_upgrade","data_processed/evidence_claim_register.csv;data_processed/research_completion_audit.csv;reports/alina-evidence-first-report-draft.md","","Unread capture row. Do not cite externally or upgrade demand/market/competitor claims until a human completes this row."
"RRC_0486","RMR-0486","486","P1_read_next","habit_progress_read","coaching","ICP_D|ICP_F|ICP_A","Habit Tracker","Habit tracker app with comparisons","https://old.reddit.com/r/productivity/comments/1qo5zq8/habit_tracker_app_with_comparisons/","not_started","Classify habit/accountability needs, missed-day recovery, overwhelm, multi-device desire, and progress visualization.","What helps you recover after missing a day without abandoning the habit?","Can action-tied progress beat streak/task-manager anxiety?","","","","","","","","","not_approved_external_use","unread_do_not_upgrade","data_processed/evidence_claim_register.csv;data_processed/research_completion_audit.csv;reports/alina-evidence-first-report-draft.md","","Unread capture row. Do not cite externally or upgrade demand/market/competitor claims until a human completes this row."
"RRC_0487","RMR-0487","487","P1_read_next","habit_progress_read","coaching","ICP_D|ICP_F|ICP_A","Habit Tracker","Habit tracker that sends reminders app","https://old.reddit.com/r/ADHD/comments/1lxfk9q/habit_tracker_that_sends_reminders_app/","not_started","Classify habit/accountability needs, missed-day recovery, overwhelm, multi-device desire, and progress visualization.","What helps you recover after missing a day without abandoning the habit?","Can action-tied progress beat streak/task-manager anxiety?","","","","","","","","","not_approved_external_use","unread_do_not_upgrade","data_processed/evidence_claim_register.csv;data_processed/research_completion_audit.csv;reports/alina-evidence-first-report-draft.md","","Unread capture row. Do not cite externally or upgrade demand/market/competitor claims until a human completes this row."
"RRC_0488","RMR-0488","488","P1_read_next","habit_progress_read","coaching","ICP_D|ICP_F|ICP_A","Habit Tracker","Habit tracking app that lets you mark or tally habits by the week?","https://old.reddit.com/r/ADHD/comments/1eqy45u/habit_tracking_app_that_lets_you_mark_or_tally/","not_started","Classify habit/accountability needs, missed-day recovery, overwhelm, multi-device desire, and progress visualization.","What helps you recover after missing a day without abandoning the habit?","Can action-tied progress beat streak/task-manager anxiety?","","","","","","","","","not_approved_external_use","unread_do_not_upgrade","data_processed/evidence_claim_register.csv;data_processed/research_completion_audit.csv;reports/alina-evidence-first-report-draft.md","","Unread capture row. Do not cite externally or upgrade demand/market/competitor claims until a human completes this row."
"RRC_0489","RMR-0489","489","P1_read_next","habit_progress_read","coaching","ICP_D|ICP_F|ICP_A","Habit Tracker","HabitRPG - A habit and goal tracker with RPG elements","https://old.reddit.com/r/getdisciplined/comments/1uijdz/habitrpg_a_habit_and_goal_tracker_with_rpg/","not_started","Classify habit/accountability needs, missed-day recovery, overwhelm, multi-device desire, and progress visualization.","What helps you recover after missing a day without abandoning the habit?","Can action-tied progress beat streak/task-manager anxiety?","","","","","","","","","not_approved_external_use","unread_do_not_upgrade","data_processed/evidence_claim_register.csv;data_processed/research_completion_audit.csv;reports/alina-evidence-first-report-draft.md","","Unread capture row. Do not cite externally or upgrade demand/market/competitor claims until a human completes this row."
"RRC_0490","RMR-0490","490","P1_read_next","habit_progress_read","coaching","ICP_D|ICP_F|ICP_A","Habit Tracker","Has anyone found software that is like a personal organizational hub/dashboard that displays tasks, reminders, calendar, habit tracker, notes, & goals all in one easy to navigate landing page? OR a calendar that includes tasks and to-dos? I know in my head what I want, but I don't think it exists!","https://old.reddit.com/r/productivity/comments/rxvk9l/has_anyone_found_software_that_is_like_a_personal/","not_started","Classify habit/accountability needs, missed-day recovery, overwhelm, multi-device desire, and progress visualization.","What helps you recover after missing a day without abandoning the habit?","Can action-tied progress beat streak/task-manager anxiety?","","","","","","","","","not_approved_external_use","unread_do_not_upgrade","data_processed/evidence_claim_register.csv;data_processed/research_completion_audit.csv;reports/alina-evidence-first-report-draft.md","","Unread capture row. Do not cite externally or upgrade demand/market/competitor claims until a human completes this row."
"RRC_0491","RMR-0491","491","P1_read_next","habit_progress_read","coaching","ICP_D|ICP_F|ICP_A","Habit Tracker","Help finding a habit tracker that works for me?","https://old.reddit.com/r/selfimprovement/comments/d8113v/help_finding_a_habit_tracker_that_works_for_me/","not_started","Classify habit/accountability needs, missed-day recovery, overwhelm, multi-device desire, and progress visualization.","What helps you recover after missing a day without abandoning the habit?","Can action-tied progress beat streak/task-manager anxiety?","","","","","","","","","not_approved_external_use","unread_do_not_upgrade","data_processed/evidence_claim_register.csv;data_processed/research_completion_audit.csv;reports/alina-evidence-first-report-draft.md","","Unread capture row. Do not cite externally or upgrade demand/market/competitor claims until a human completes this row."
"RRC_0492","RMR-0492","492","P1_read_next","habit_progress_read","coaching","ICP_D|ICP_F|ICP_A","Motivate","High achievers, how do you spend the first 60min of your day?","https://old.reddit.com/r/productivity/comments/1n84ilp/high_achievers_how_do_you_spend_the_first_60min/","not_started","Classify habit/accountability needs, missed-day recovery, overwhelm, multi-device desire, and progress visualization.","What helps you recover after missing a day without abandoning the habit?","Can action-tied progress beat streak/task-manager anxiety?","","","","","","","","","not_approved_external_use","unread_do_not_upgrade","data_processed/evidence_claim_register.csv;data_processed/research_completion_audit.csv;reports/alina-evidence-first-report-draft.md","","Unread capture row. Do not cite externally or upgrade demand/market/competitor claims until a human completes this row."
"RRC_0493","RMR-0493","493","P1_read_next","habit_progress_read","mindfulness","ICP_C|ICP_D|ICP_F","Habit Tracker","How do you stay focused when everything feels distracting (and lack of sleep makes it worse)?","https://old.reddit.com/r/sleep/comments/1rx85r7/how_do_you_stay_focused_when_everything_feels/","not_started","Classify habit/accountability needs, missed-day recovery, overwhelm, multi-device desire, and progress visualization.","What helps you recover after missing a day without abandoning the habit?","Can action-tied progress beat streak/task-manager anxiety?","","","","","","","","","not_approved_external_use","unread_do_not_upgrade","data_processed/evidence_claim_register.csv;data_processed/research_completion_audit.csv;reports/alina-evidence-first-report-draft.md","","Unread capture row. Do not cite externally or upgrade demand/market/competitor claims until a human completes this row."
"RRC_0494","RMR-0494","494","P1_read_next","habit_progress_read","coaching","ICP_D|ICP_F|ICP_A","Journey","How I Made the Most Progress in My Self-Improvement Journey","https://old.reddit.com/r/getdisciplined/comments/1ka0tdn/how_i_made_the_most_progress_in_my/","not_started","Classify habit/accountability needs, missed-day recovery, overwhelm, multi-device desire, and progress visualization.","What helps you recover after missing a day without abandoning the habit?","Can action-tied progress beat streak/task-manager anxiety?","","","","","","","","","not_approved_external_use","unread_do_not_upgrade","data_processed/evidence_claim_register.csv;data_processed/research_completion_audit.csv;reports/alina-evidence-first-report-draft.md","","Unread capture row. Do not cite externally or upgrade demand/market/competitor claims until a human completes this row."
"RRC_0495","RMR-0495","495","P1_read_next","habit_progress_read","coaching","ICP_D|ICP_F|ICP_A","Journey","How I went from rock bottom to disciplined in 4 months.","https://old.reddit.com/r/getdisciplined/comments/1nbtttr/how_i_went_from_rock_bottom_to_disciplined_in_4/","not_started","Classify habit/accountability needs, missed-day recovery, overwhelm, multi-device desire, and progress visualization.","What helps you recover after missing a day without abandoning the habit?","Can action-tied progress beat streak/task-manager anxiety?","","","","","","","","","not_approved_external_use","unread_do_not_upgrade","data_processed/evidence_claim_register.csv;data_processed/research_completion_audit.csv;reports/alina-evidence-first-report-draft.md","","Unread capture row. Do not cite externally or upgrade demand/market/competitor claims until a human completes this row."
"RRC_0496","RMR-0496","496","P1_read_next","habit_progress_read","coaching","ICP_D|ICP_F|ICP_A","Habit Tracker","How my morning routine helps me to be more productive.","https://old.reddit.com/r/productivity/comments/jeiwxd/how_my_morning_routine_helps_me_to_be_more/","not_started","Classify habit/accountability needs, missed-day recovery, overwhelm, multi-device desire, and progress visualization.","What helps you recover after missing a day without abandoning the habit?","Can action-tied progress beat streak/task-manager anxiety?","","","","","","","","","not_approved_external_use","unread_do_not_upgrade","data_processed/evidence_claim_register.csv;data_processed/research_completion_audit.csv;reports/alina-evidence-first-report-draft.md","","Unread capture row. Do not cite externally or upgrade demand/market/competitor claims until a human completes this row."
"RRC_0497","RMR-0497","497","P1_read_next","habit_progress_read","coaching","ICP_D|ICP_F|ICP_A","Waking Up","How telling the truth for 10 days saved me from myself","https://old.reddit.com/r/NonZeroDay/comments/cwlgr9/how_telling_the_truth_for_10_days_saved_me_from/","not_started","Classify habit/accountability needs, missed-day recovery, overwhelm, multi-device desire, and progress visualization.","What helps you recover after missing a day without abandoning the habit?","Can action-tied progress beat streak/task-manager anxiety?","","","","","","","","","not_approved_external_use","unread_do_not_upgrade","data_processed/evidence_claim_register.csv;data_processed/research_completion_audit.csv;reports/alina-evidence-first-report-draft.md","","Unread capture row. Do not cite externally or upgrade demand/market/competitor claims until a human completes this row."
"RRC_0498","RMR-0498","498","P1_read_next","habit_progress_read","coaching","ICP_D|ICP_F|ICP_A","Habit Tracker","How to Build Consistency in Your Daily Routine and Achieve Long-Term Success","https://old.reddit.com/r/selfimprovement/comments/1i0tzmw/how_to_build_consistency_in_your_daily_routine/","not_started","Classify habit/accountability needs, missed-day recovery, overwhelm, multi-device desire, and progress visualization.","What helps you recover after missing a day without abandoning the habit?","Can action-tied progress beat streak/task-manager anxiety?","","","","","","","","","not_approved_external_use","unread_do_not_upgrade","data_processed/evidence_claim_register.csv;data_processed/research_completion_audit.csv;reports/alina-evidence-first-report-draft.md","","Unread capture row. Do not cite externally or upgrade demand/market/competitor claims until a human completes this row."
"RRC_0499","RMR-0499","499","P1_read_next","habit_progress_read","coaching","ICP_D|ICP_F|ICP_A","Habit Tracker","I achieved my first goal and made an app!","https://old.reddit.com/r/selfimprovement/comments/qslkvo/i_achieved_my_first_goal_and_made_an_app/","not_started","Classify habit/accountability needs, missed-day recovery, overwhelm, multi-device desire, and progress visualization.","What helps you recover after missing a day without abandoning the habit?","Can action-tied progress beat streak/task-manager anxiety?","","","","","","","","","not_approved_external_use","unread_do_not_upgrade","data_processed/evidence_claim_register.csv;data_processed/research_completion_audit.csv;reports/alina-evidence-first-report-draft.md","","Unread capture row. Do not cite externally or upgrade demand/market/competitor claims until a human completes this row."
"RRC_0500","RMR-0500","500","P1_read_next","habit_progress_read","coaching","ICP_D|ICP_F|ICP_A","Habit Tracker","I built (for myself) a simple habit tracker that texts my girlfriend when I slack off.","https://old.reddit.com/r/NonZeroDay/comments/1oh4q17/i_built_for_myself_a_simple_habit_tracker_that/","not_started","Classify habit/accountability needs, missed-day recovery, overwhelm, multi-device desire, and progress visualization.","What helps you recover after missing a day without abandoning the habit?","Can action-tied progress beat streak/task-manager anxiety?","","","","","","","","","not_approved_external_use","unread_do_not_upgrade","data_processed/evidence_claim_register.csv;data_processed/research_completion_audit.csv;reports/alina-evidence-first-report-draft.md","","Unread capture row. Do not cite externally or upgrade demand/market/competitor claims until a human completes this row."
"RRC_0501","RMR-0501","501","P1_read_next","habit_progress_read","coaching","ICP_D|ICP_F|ICP_A","Habit Tracker","I built a chill Habit, Sobriety, and Expense Tracking App","https://old.reddit.com/r/selfimprovement/comments/1lk5vur/i_built_a_chill_habit_sobriety_and_expense/","not_started","Classify habit/accountability needs, missed-day recovery, overwhelm, multi-device desire, and progress visualization.","What helps you recover after missing a day without abandoning the habit?","Can action-tied progress beat streak/task-manager anxiety?","","","","","","","","","not_approved_external_use","unread_do_not_upgrade","data_processed/evidence_claim_register.csv;data_processed/research_completion_audit.csv;reports/alina-evidence-first-report-draft.md","","Unread capture row. Do not cite externally or upgrade demand/market/competitor claims until a human completes this row."
"RRC_0502","RMR-0502","502","P1_read_next","habit_progress_read","coaching","ICP_D|ICP_F|ICP_A","Habit Tracker","I built a habit tracker that ranks you like a video game","https://old.reddit.com/r/getdisciplined/comments/1ssqwn2/i_built_a_habit_tracker_that_ranks_you_like_a/","not_started","Classify habit/accountability needs, missed-day recovery, overwhelm, multi-device desire, and progress visualization.","What helps you recover after missing a day without abandoning the habit?","Can action-tied progress beat streak/task-manager anxiety?","","","","","","","","","not_approved_external_use","unread_do_not_upgrade","data_processed/evidence_claim_register.csv;data_processed/research_completion_audit.csv;reports/alina-evidence-first-report-draft.md","","Unread capture row. Do not cite externally or upgrade demand/market/competitor claims until a human completes this row."
"RRC_0503","RMR-0503","503","P1_read_next","habit_progress_read","coaching","ICP_D|ICP_F|ICP_A","Habit Tracker","I built a Habit Tracking and Wellness App that uses real rewards as motivation!","https://old.reddit.com/r/selfimprovement/comments/gkb5ou/i_built_a_habit_tracking_and_wellness_app_that/","not_started","Classify habit/accountability needs, missed-day recovery, overwhelm, multi-device desire, and progress visualization.","What helps you recover after missing a day without abandoning the habit?","Can action-tied progress beat streak/task-manager anxiety?","","","","","","","","","not_approved_external_use","unread_do_not_upgrade","data_processed/evidence_claim_register.csv;data_processed/research_completion_audit.csv;reports/alina-evidence-first-report-draft.md","","Unread capture row. Do not cite externally or upgrade demand/market/competitor claims until a human completes this row."
"RRC_0504","RMR-0504","504","P1_read_next","habit_progress_read","coaching","ICP_D|ICP_F|ICP_A","Habit Tracker","I created an app to help with my routine and to organize my thoughts.","https://old.reddit.com/r/getdisciplined/comments/1qcnocj/i_created_an_app_to_help_with_my_routine_and_to/","not_started","Classify habit/accountability needs, missed-day recovery, overwhelm, multi-device desire, and progress visualization.","What helps you recover after missing a day without abandoning the habit?","Can action-tied progress beat streak/task-manager anxiety?","","","","","","","","","not_approved_external_use","unread_do_not_upgrade","data_processed/evidence_claim_register.csv;data_processed/research_completion_audit.csv;reports/alina-evidence-first-report-draft.md","","Unread capture row. Do not cite externally or upgrade demand/market/competitor claims until a human completes this row."
"RRC_0505","RMR-0505","505","P1_read_next","habit_progress_read","coaching","ICP_D|ICP_F|ICP_A","Habit Tracker","I made a to-do list app that helps you build good habits","https://old.reddit.com/r/productivity/comments/d5hskh/i_made_a_todo_list_app_that_helps_you_build_good/","not_started","Classify habit/accountability needs, missed-day recovery, overwhelm, multi-device desire, and progress visualization.","What helps you recover after missing a day without abandoning the habit?","Can action-tied progress beat streak/task-manager anxiety?","","","","","","","","","not_approved_external_use","unread_do_not_upgrade","data_processed/evidence_claim_register.csv;data_processed/research_completion_audit.csv;reports/alina-evidence-first-report-draft.md","","Unread capture row. Do not cite externally or upgrade demand/market/competitor claims until a human completes this row."
"RRC_0506","RMR-0506","506","P1_read_next","habit_progress_read","coaching","ICP_D|ICP_F|ICP_A","Habit Tracker","I stopped trying to fix everything at once one tiny habit a week made it stick","https://old.reddit.com/r/NonZeroDay/comments/1mjs5nc/i_stopped_trying_to_fix_everything_at_once_one/","not_started","Classify habit/accountability needs, missed-day recovery, overwhelm, multi-device desire, and progress visualization.","What helps you recover after missing a day without abandoning the habit?","Can action-tied progress beat streak/task-manager anxiety?","","","","","","","","","not_approved_external_use","unread_do_not_upgrade","data_processed/evidence_claim_register.csv;data_processed/research_completion_audit.csv;reports/alina-evidence-first-report-draft.md","","Unread capture row. Do not cite externally or upgrade demand/market/competitor claims until a human completes this row."
"RRC_0507","RMR-0507","507","P1_read_next","habit_progress_read","mindfulness","ICP_C|ICP_D|ICP_F","Habit Tracker","I used to think I just wasn't the type to journal. I'd tried and failed to keep it a habit several times. Well, now I write in a normal journal, a five year journal, a dream journal, and a mood tracker. I'm so glad I decided to write that first entry.","https://old.reddit.com/r/Journaling/comments/11pa9uf/i_used_to_think_i_just_wasnt_the_type_to_journal/","not_started","Classify habit/accountability needs, missed-day recovery, overwhelm, multi-device desire, and progress visualization.","What helps you recover after missing a day without abandoning the habit?","Can action-tied progress beat streak/task-manager anxiety?","","","","","","","","","not_approved_external_use","unread_do_not_upgrade","data_processed/evidence_claim_register.csv;data_processed/research_completion_audit.csv;reports/alina-evidence-first-report-draft.md","","Unread capture row. Do not cite externally or upgrade demand/market/competitor claims until a human completes this row."
"RRC_0508","RMR-0508","508","P1_read_next","habit_progress_read","mindfulness","ICP_C|ICP_D|ICP_F","Journey","I've been meditating for 40 minutes (2x20) a day for one month - this is what it did for me","https://old.reddit.com/r/Meditation/comments/1djgng7/ive_been_meditating_for_40_minutes_2x20_a_day_for/","not_started","Classify habit/accountability needs, missed-day recovery, overwhelm, multi-device desire, and progress visualization.","What helps you recover after missing a day without abandoning the habit?","Can action-tied progress beat streak/task-manager anxiety?","","","","","","","","","not_approved_external_use","unread_do_not_upgrade","data_processed/evidence_claim_register.csv;data_processed/research_completion_audit.csv;reports/alina-evidence-first-report-draft.md","","Unread capture row. Do not cite externally or upgrade demand/market/competitor claims until a human completes this row."
"RRC_0509","RMR-0509","509","P1_read_next","habit_progress_read","coaching","ICP_D|ICP_F|ICP_A","Habit Tracker","I've built an iOS app that helps you build good habits by creating a daily routine that's easy to stick to. Today is launch day and upgrades to pro are free! (x-post from /r/getdisciplined)","https://old.reddit.com/r/productivity/comments/39iqw1/ive_built_an_ios_app_that_helps_you_build_good/","not_started","Classify habit/accountability needs, missed-day recovery, overwhelm, multi-device desire, and progress visualization.","What helps you recover after missing a day without abandoning the habit?","Can action-tied progress beat streak/task-manager anxiety?","","","","","","","","","not_approved_external_use","unread_do_not_upgrade","data_processed/evidence_claim_register.csv;data_processed/research_completion_audit.csv;reports/alina-evidence-first-report-draft.md","","Unread capture row. Do not cite externally or upgrade demand/market/competitor claims until a human completes this row."
"RRC_0510","RMR-0510","510","P1_read_next","habit_progress_read","coaching","ICP_D|ICP_F|ICP_A","Habit Tracker","I've spent 1000 hours building a sophisticated habit and mood tracking app!","https://old.reddit.com/r/NonZeroDay/comments/h953nk/ive_spent_1000_hours_building_a_sophisticated/","not_started","Classify habit/accountability needs, missed-day recovery, overwhelm, multi-device desire, and progress visualization.","What helps you recover after missing a day without abandoning the habit?","Can action-tied progress beat streak/task-manager anxiety?","","","","","","","","","not_approved_external_use","unread_do_not_upgrade","data_processed/evidence_claim_register.csv;data_processed/research_completion_audit.csv;reports/alina-evidence-first-report-draft.md","","Unread capture row. Do not cite externally or upgrade demand/market/competitor claims until a human completes this row."
"RRC_0511","RMR-0511","511","P1_read_next","habit_progress_read","coaching","ICP_D|ICP_F|ICP_A","Habit Tracker","I've tried around a dozen self-improvement apps and still can't find one for everything. Is there anything out there that can do journaling, to-do lists, habit and routine tracking, and goal & project organizing/tracking?","https://old.reddit.com/r/selfimprovement/comments/jnjo7d/ive_tried_around_a_dozen_selfimprovement_apps_and/","not_started","Classify habit/accountability needs, missed-day recovery, overwhelm, multi-device desire, and progress visualization.","What helps you recover after missing a day without abandoning the habit?","Can action-tied progress beat streak/task-manager anxiety?","","","","","","","","","not_approved_external_use","unread_do_not_upgrade","data_processed/evidence_claim_register.csv;data_processed/research_completion_audit.csv;reports/alina-evidence-first-report-draft.md","","Unread capture row. Do not cite externally or upgrade demand/market/competitor claims until a human completes this row."
"RRC_0512","RMR-0512","512","P1_read_next","habit_progress_read","coaching","ICP_D|ICP_F|ICP_A","Habit Tracker","I've tried around a dozen self-improvement apps and still can't find one for everything. Is there anything out there that can do journaling, to-do lists, habit and routine tracking, and goal & project organizing/tracking? (X-Post)","https://old.reddit.com/r/productivity/comments/jnkfvo/ive_tried_around_a_dozen_selfimprovement_apps_and/","not_started","Classify habit/accountability needs, missed-day recovery, overwhelm, multi-device desire, and progress visualization.","What helps you recover after missing a day without abandoning the habit?","Can action-tied progress beat streak/task-manager anxiety?","","","","","","","","","not_approved_external_use","unread_do_not_upgrade","data_processed/evidence_claim_register.csv;data_processed/research_completion_audit.csv;reports/alina-evidence-first-report-draft.md","","Unread capture row. Do not cite externally or upgrade demand/market/competitor claims until a human completes this row."
"RRC_0513","RMR-0513","513","P1_read_next","habit_progress_read","coaching","ICP_D|ICP_F|ICP_A","Habitica","Increase Accountability With This Amazing App!","https://old.reddit.com/r/selfimprovement/comments/ngix6d/increase_accountability_with_this_amazing_app/","not_started","Classify habit/accountability needs, missed-day recovery, overwhelm, multi-device desire, and progress visualization.","What helps you recover after missing a day without abandoning the habit?","Can action-tied progress beat streak/task-manager anxiety?","","","","","","","","","not_approved_external_use","unread_do_not_upgrade","data_processed/evidence_claim_register.csv;data_processed/research_completion_audit.csv;reports/alina-evidence-first-report-draft.md","","Unread capture row. Do not cite externally or upgrade demand/market/competitor claims until a human completes this row."
"RRC_0514","RMR-0514","514","P1_read_next","habit_progress_read","coaching","ICP_D|ICP_F|ICP_A","Habitica","Increase Your Accountability & Get More Done With This Amazing App!","https://old.reddit.com/r/selfimprovement/comments/nh8s6z/increase_your_accountability_get_more_done_with/","not_started","Classify habit/accountability needs, missed-day recovery, overwhelm, multi-device desire, and progress visualization.","What helps you recover after missing a day without abandoning the habit?","Can action-tied progress beat streak/task-manager anxiety?","","","","","","","","","not_approved_external_use","unread_do_not_upgrade","data_processed/evidence_claim_register.csv;data_processed/research_completion_audit.csv;reports/alina-evidence-first-report-draft.md","","Unread capture row. Do not cite externally or upgrade demand/market/competitor claims until a human completes this row."
"RRC_0515","RMR-0515","515","P1_read_next","habit_progress_read","coaching","ICP_D|ICP_F|ICP_A","Habit Tracker","Is there a habit tracker with the option of not setting goals?","https://old.reddit.com/r/productivity/comments/1esi78q/is_there_a_habit_tracker_with_the_option_of_not/","not_started","Classify habit/accountability needs, missed-day recovery, overwhelm, multi-device desire, and progress visualization.","What helps you recover after missing a day without abandoning the habit?","Can action-tied progress beat streak/task-manager anxiety?","","","","","","","","","not_approved_external_use","unread_do_not_upgrade","data_processed/evidence_claim_register.csv;data_processed/research_completion_audit.csv;reports/alina-evidence-first-report-draft.md","","Unread capture row. Do not cite externally or upgrade demand/market/competitor claims until a human completes this row."
"RRC_0516","RMR-0516","516","P1_read_next","habit_progress_read","coaching","ICP_D|ICP_F|ICP_A","Habit Tracker","Just Launched IRLQUEST — A Self Improvement App inspired by Life Solo Leveling App","https://old.reddit.com/r/selfimprovement/comments/1k9e2pp/just_launched_irlquest_a_self_improvement_app/","not_started","Classify habit/accountability needs, missed-day recovery, overwhelm, multi-device desire, and progress visualization.","What helps you recover after missing a day without abandoning the habit?","Can action-tied progress beat streak/task-manager anxiety?","","","","","","","","","not_approved_external_use","unread_do_not_upgrade","data_processed/evidence_claim_register.csv;data_processed/research_completion_audit.csv;reports/alina-evidence-first-report-draft.md","","Unread capture row. Do not cite externally or upgrade demand/market/competitor claims until a human completes this row."
"RRC_0517","RMR-0517","517","P1_read_next","habit_progress_read","mindfulness","ICP_C|ICP_D|ICP_F","Streaks","Looking for ~20 testers for a breathing coach app (Android, closed alpha)","https://old.reddit.com/r/Mindfulness/comments/1pca5bj/looking_for_20_testers_for_a_breathing_coach_app/","not_started","Classify habit/accountability needs, missed-day recovery, overwhelm, multi-device desire, and progress visualization.","What helps you recover after missing a day without abandoning the habit?","Can action-tied progress beat streak/task-manager anxiety?","","","","","","","","","not_approved_external_use","unread_do_not_upgrade","data_processed/evidence_claim_register.csv;data_processed/research_completion_audit.csv;reports/alina-evidence-first-report-draft.md","","Unread capture row. Do not cite externally or upgrade demand/market/competitor claims until a human completes this row."
"RRC_0518","RMR-0518","518","P1_read_next","habit_progress_read","coaching","ICP_D|ICP_F|ICP_A","Notion","Looking for an app centered around checklists and templates for routine tasks at work","https://old.reddit.com/r/productivity/comments/1dqor6i/looking_for_an_app_centered_around_checklists_and/","not_started","Classify habit/accountability needs, missed-day recovery, overwhelm, multi-device desire, and progress visualization.","What helps you recover after missing a day without abandoning the habit?","Can action-tied progress beat streak/task-manager anxiety?","","","","","","","","","not_approved_external_use","unread_do_not_upgrade","data_processed/evidence_claim_register.csv;data_processed/research_completion_audit.csv;reports/alina-evidence-first-report-draft.md","","Unread capture row. Do not cite externally or upgrade demand/market/competitor claims until a human completes this row."
"RRC_0519","RMR-0519","519","P1_read_next","reset_safety_language_read","mindfulness","ICP_C|ICP_D","Headspace|Calm","LPT: If you can't afford to pay for mindfulness apps like Headspace or Calm, you can find *free*, evidence-based mental health and mindfulness apps that were developed by researchers at the US Department of Veterans Affairs for use by civilians and veterans alike.","https://old.reddit.com/r/Meditation/comments/pvry1a/lpt_if_you_cant_afford_to_pay_for_mindfulness/","not_started","Capture anxiety/stress/ADHD/sleep language and flag any safety, clinical, or overclaiming boundaries that product copy must avoid.","In a stressful moment, what kind of app help feels safe and useful, and what wording would make you close it?","Can a reset be framed as wellness support without clinical overreach?","","","","","","","","","not_approved_external_use","unread_do_not_upgrade","data_processed/evidence_claim_register.csv;data_processed/research_completion_audit.csv;reports/alina-evidence-first-report-draft.md","","Unread capture row. Do not cite externally or upgrade demand/market/competitor claims until a human completes this row."
"RRC_0520","RMR-0520","520","P1_read_next","habit_progress_read","mindfulness","ICP_C|ICP_D|ICP_F","Habit Tracker","Meditated for 118 days in a row 🎉","https://old.reddit.com/r/Mindfulness/comments/1m6obw5/meditated_for_118_days_in_a_row/","not_started","Classify habit/accountability needs, missed-day recovery, overwhelm, multi-device desire, and progress visualization.","What helps you recover after missing a day without abandoning the habit?","Can action-tied progress beat streak/task-manager anxiety?","","","","","","","","","not_approved_external_use","unread_do_not_upgrade","data_processed/evidence_claim_register.csv;data_processed/research_completion_audit.csv;reports/alina-evidence-first-report-draft.md","","Unread capture row. Do not cite externally or upgrade demand/market/competitor claims until a human completes this row."
"RRC_0521","RMR-0521","521","P1_read_next","habit_progress_read","mindfulness","ICP_C|ICP_D|ICP_F","Habit Tracker","Meditation habit tracker app","https://old.reddit.com/r/Meditation/comments/1idt9o5/meditation_habit_tracker_app/","not_started","Classify habit/accountability needs, missed-day recovery, overwhelm, multi-device desire, and progress visualization.","What helps you recover after missing a day without abandoning the habit?","Can action-tied progress beat streak/task-manager anxiety?","","","","","","","","","not_approved_external_use","unread_do_not_upgrade","data_processed/evidence_claim_register.csv;data_processed/research_completion_audit.csv;reports/alina-evidence-first-report-draft.md","","Unread capture row. Do not cite externally or upgrade demand/market/competitor claims until a human completes this row."
"RRC_0522","RMR-0522","522","P1_read_next","habit_progress_read","mindfulness","ICP_C|ICP_D|ICP_F","Habit Tracker","Meditation Tracker app","https://old.reddit.com/r/Meditation/comments/4002n6/meditation_tracker_app/","not_started","Classify habit/accountability needs, missed-day recovery, overwhelm, multi-device desire, and progress visualization.","What helps you recover after missing a day without abandoning the habit?","Can action-tied progress beat streak/task-manager anxiety?","","","","","","","","","not_approved_external_use","unread_do_not_upgrade","data_processed/evidence_claim_register.csv;data_processed/research_completion_audit.csv;reports/alina-evidence-first-report-draft.md","","Unread capture row. Do not cite externally or upgrade demand/market/competitor claims until a human completes this row."
"RRC_0523","RMR-0523","523","P1_read_next","habit_progress_read","coaching","ICP_D|ICP_F|ICP_A","Journey","My Journal: Life & Mood Tracker - A simple minimalist journaling/ mood tracker app made in 3 weeks! [GIVEAWAY]","https://old.reddit.com/r/selfimprovement/comments/1frrg7b/my_journal_life_mood_tracker_a_simple_minimalist/","not_started","Classify habit/accountability needs, missed-day recovery, overwhelm, multi-device desire, and progress visualization.","What helps you recover after missing a day without abandoning the habit?","Can action-tied progress beat streak/task-manager anxiety?","","","","","","","","","not_approved_external_use","unread_do_not_upgrade","data_processed/evidence_claim_register.csv;data_processed/research_completion_audit.csv;reports/alina-evidence-first-report-draft.md","","Unread capture row. Do not cite externally or upgrade demand/market/competitor claims until a human completes this row."
"RRC_0524","RMR-0524","524","P1_read_next","habit_progress_read","coaching","ICP_D|ICP_F|ICP_A","Journey","My New Self Improvement App","https://old.reddit.com/r/selfimprovement/comments/1q8i10l/my_new_self_improvement_app/","not_started","Classify habit/accountability needs, missed-day recovery, overwhelm, multi-device desire, and progress visualization.","What helps you recover after missing a day without abandoning the habit?","Can action-tied progress beat streak/task-manager anxiety?","","","","","","","","","not_approved_external_use","unread_do_not_upgrade","data_processed/evidence_claim_register.csv;data_processed/research_completion_audit.csv;reports/alina-evidence-first-report-draft.md","","Unread capture row. Do not cite externally or upgrade demand/market/competitor claims until a human completes this row."
"RRC_0525","RMR-0525","525","P1_read_next","habit_progress_read","coaching","ICP_D|ICP_F|ICP_A","Habit Tracker","Never thought i’d get this far tbh, but here we are","https://old.reddit.com/r/NonZeroDay/comments/1k74s9w/never_thought_id_get_this_far_tbh_but_here_we_are/","not_started","Classify habit/accountability needs, missed-day recovery, overwhelm, multi-device desire, and progress visualization.","What helps you recover after missing a day without abandoning the habit?","Can action-tied progress beat streak/task-manager anxiety?","","","","","","","","","not_approved_external_use","unread_do_not_upgrade","data_processed/evidence_claim_register.csv;data_processed/research_completion_audit.csv;reports/alina-evidence-first-report-draft.md","","Unread capture row. Do not cite externally or upgrade demand/market/competitor claims until a human completes this row."
"RRC_0526","RMR-0526","526","P1_read_next","reset_safety_language_read","mindfulness","ICP_C|ICP_D","Headspace|Journey","New to Mindfulness","https://old.reddit.com/r/Mindfulness/comments/a4hhkw/new_to_mindfulness/","not_started","Capture anxiety/stress/ADHD/sleep language and flag any safety, clinical, or overclaiming boundaries that product copy must avoid.","In a stressful moment, what kind of app help feels safe and useful, and what wording would make you close it?","Can a reset be framed as wellness support without clinical overreach?","","","","","","","","","not_approved_external_use","unread_do_not_upgrade","data_processed/evidence_claim_register.csv;data_processed/research_completion_audit.csv;reports/alina-evidence-first-report-draft.md","","Unread capture row. Do not cite externally or upgrade demand/market/competitor claims until a human completes this row."
"RRC_0527","RMR-0527","527","P1_read_next","habit_progress_read","coaching","ICP_D|ICP_F|ICP_A","Habit Tracker","Nobody talks about the real reason self-improvement advice stops working after 2 weeks and it has nothing to do with discipline","https://old.reddit.com/r/getdisciplined/comments/1snpgnv/nobody_talks_about_the_real_reason/","not_started","Classify habit/accountability needs, missed-day recovery, overwhelm, multi-device desire, and progress visualization.","What helps you recover after missing a day without abandoning the habit?","Can action-tied progress beat streak/task-manager anxiety?","","","","","","","","","not_approved_external_use","unread_do_not_upgrade","data_processed/evidence_claim_register.csv;data_processed/research_completion_audit.csv;reports/alina-evidence-first-report-draft.md","","Unread capture row. Do not cite externally or upgrade demand/market/competitor claims until a human completes this row."
"RRC_0528","RMR-0528","528","P1_read_next","habit_progress_read","coaching","ICP_D|ICP_F|ICP_A","Habit Tracker","NonZeroDay tracker.","https://old.reddit.com/r/NonZeroDay/comments/1anfmgd/nonzeroday_tracker/","not_started","Classify habit/accountability needs, missed-day recovery, overwhelm, multi-device desire, and progress visualization.","What helps you recover after missing a day without abandoning the habit?","Can action-tied progress beat streak/task-manager anxiety?","","","","","","","","","not_approved_external_use","unread_do_not_upgrade","data_processed/evidence_claim_register.csv;data_processed/research_completion_audit.csv;reports/alina-evidence-first-report-draft.md","","Unread capture row. Do not cite externally or upgrade demand/market/competitor claims until a human completes this row."
"RRC_0529","RMR-0529","529","P1_read_next","habit_progress_read","coaching","ICP_D|ICP_F|ICP_A","Habit Tracker","self-improvement app","https://old.reddit.com/r/productivity/comments/37g1sg/selfimprovement_app/","not_started","Classify habit/accountability needs, missed-day recovery, overwhelm, multi-device desire, and progress visualization.","What helps you recover after missing a day without abandoning the habit?","Can action-tied progress beat streak/task-manager anxiety?","","","","","","","","","not_approved_external_use","unread_do_not_upgrade","data_processed/evidence_claim_register.csv;data_processed/research_completion_audit.csv;reports/alina-evidence-first-report-draft.md","","Unread capture row. Do not cite externally or upgrade demand/market/competitor claims until a human completes this row."
"RRC_0530","RMR-0530","530","P1_read_next","habit_progress_read","mindfulness","ICP_C|ICP_D|ICP_F","Habit Tracker","Tangerine: a simple and beautiful habit and mood tracking app","https://old.reddit.com/r/Meditation/comments/eyx4w9/tangerine_a_simple_and_beautiful_habit_and_mood/","not_started","Classify habit/accountability needs, missed-day recovery, overwhelm, multi-device desire, and progress visualization.","What helps you recover after missing a day without abandoning the habit?","Can action-tied progress beat streak/task-manager anxiety?","","","","","","","","","not_approved_external_use","unread_do_not_upgrade","data_processed/evidence_claim_register.csv;data_processed/research_completion_audit.csv;reports/alina-evidence-first-report-draft.md","","Unread capture row. Do not cite externally or upgrade demand/market/competitor claims until a human completes this row."
"RRC_0531","RMR-0531","531","P1_read_next","habit_progress_read","mindfulness","ICP_C|ICP_D|ICP_F","Habit Tracker","Teaching students how to journal - how would​ you go about it?","https://old.reddit.com/r/Journaling/comments/cby1qc/teaching_students_how_to_journal_how_would_you_go/","not_started","Classify habit/accountability needs, missed-day recovery, overwhelm, multi-device desire, and progress visualization.","What helps you recover after missing a day without abandoning the habit?","Can action-tied progress beat streak/task-manager anxiety?","","","","","","","","","not_approved_external_use","unread_do_not_upgrade","data_processed/evidence_claim_register.csv;data_processed/research_completion_audit.csv;reports/alina-evidence-first-report-draft.md","","Unread capture row. Do not cite externally or upgrade demand/market/competitor claims until a human completes this row."
"RRC_0532","RMR-0532","532","P1_read_next","habit_progress_read","coaching","ICP_D|ICP_F|ICP_A","Habit Tracker","The ""One Tiny Habit"" That Transformed My Productivity. What's Yours?","https://old.reddit.com/r/productivity/comments/1ct7xk8/the_one_tiny_habit_that_transformed_my/","not_started","Classify habit/accountability needs, missed-day recovery, overwhelm, multi-device desire, and progress visualization.","What helps you recover after missing a day without abandoning the habit?","Can action-tied progress beat streak/task-manager anxiety?","","","","","","","","","not_approved_external_use","unread_do_not_upgrade","data_processed/evidence_claim_register.csv;data_processed/research_completion_audit.csv;reports/alina-evidence-first-report-draft.md","","Unread capture row. Do not cite externally or upgrade demand/market/competitor claims until a human completes this row."
"RRC_0533","RMR-0533","533","P1_read_next","habit_progress_read","coaching","ICP_D|ICP_F|ICP_A","Habit Tracker","The ""One Tiny Habit"" That Transformed My Productivity. What's Yours?","https://old.reddit.com/r/getdisciplined/comments/1ct7vqa/the_one_tiny_habit_that_transformed_my/","not_started","Classify habit/accountability needs, missed-day recovery, overwhelm, multi-device desire, and progress visualization.","What helps you recover after missing a day without abandoning the habit?","Can action-tied progress beat streak/task-manager anxiety?","","","","","","","","","not_approved_external_use","unread_do_not_upgrade","data_processed/evidence_claim_register.csv;data_processed/research_completion_audit.csv;reports/alina-evidence-first-report-draft.md","","Unread capture row. Do not cite externally or upgrade demand/market/competitor claims until a human completes this row."
"RRC_0534","RMR-0534","534","P1_read_next","habit_progress_read","coaching","ICP_D|ICP_F|ICP_A","Habit Tracker","The 1 Minute Rule","https://old.reddit.com/r/NonZeroDay/comments/da2m02/the_1_minute_rule/","not_started","Classify habit/accountability needs, missed-day recovery, overwhelm, multi-device desire, and progress visualization.","What helps you recover after missing a day without abandoning the habit?","Can action-tied progress beat streak/task-manager anxiety?","","","","","","","","","not_approved_external_use","unread_do_not_upgrade","data_processed/evidence_claim_register.csv;data_processed/research_completion_audit.csv;reports/alina-evidence-first-report-draft.md","","Unread capture row. Do not cite externally or upgrade demand/market/competitor claims until a human completes this row."
"RRC_0535","RMR-0535","535","P1_read_next","habit_progress_read","mindfulness","ICP_C|ICP_D|ICP_F","Habit Tracker","The only thing that finally helped me stop late-night scrolling wasn’t willpower","https://old.reddit.com/r/sleep/comments/1sc6oo4/the_only_thing_that_finally_helped_me_stop/","not_started","Classify habit/accountability needs, missed-day recovery, overwhelm, multi-device desire, and progress visualization.","What helps you recover after missing a day without abandoning the habit?","Can action-tied progress beat streak/task-manager anxiety?","","","","","","","","","not_approved_external_use","unread_do_not_upgrade","data_processed/evidence_claim_register.csv;data_processed/research_completion_audit.csv;reports/alina-evidence-first-report-draft.md","","Unread capture row. Do not cite externally or upgrade demand/market/competitor claims until a human completes this row."
"RRC_0536","RMR-0536","536","P1_read_next","habit_progress_read","coaching","ICP_D|ICP_F|ICP_A","Journey","What feature would you like to see in Self-Improvement Apps?","https://old.reddit.com/r/productivity/comments/1dciz1f/what_feature_would_you_like_to_see_in/","not_started","Classify habit/accountability needs, missed-day recovery, overwhelm, multi-device desire, and progress visualization.","What helps you recover after missing a day without abandoning the habit?","Can action-tied progress beat streak/task-manager anxiety?","","","","","","","","","not_approved_external_use","unread_do_not_upgrade","data_processed/evidence_claim_register.csv;data_processed/research_completion_audit.csv;reports/alina-evidence-first-report-draft.md","","Unread capture row. Do not cite externally or upgrade demand/market/competitor claims until a human completes this row."
"RRC_0537","RMR-0537","537","P1_read_next","reset_safety_language_read","mindfulness","ICP_C|ICP_D","Headspace|Calm","What’s a good meditation app (besides Headspace) that isn’t woo-woo or spirituality-related?","https://old.reddit.com/r/Meditation/comments/1kz7t14/whats_a_good_meditation_app_besides_headspace/","not_started","Capture anxiety/stress/ADHD/sleep language and flag any safety, clinical, or overclaiming boundaries that product copy must avoid.","In a stressful moment, what kind of app help feels safe and useful, and what wording would make you close it?","Can a reset be framed as wellness support without clinical overreach?","","","","","","","","","not_approved_external_use","unread_do_not_upgrade","data_processed/evidence_claim_register.csv;data_processed/research_completion_audit.csv;reports/alina-evidence-first-report-draft.md","","Unread capture row. Do not cite externally or upgrade demand/market/competitor claims until a human completes this row."
"RRC_0538","RMR-0538","538","P1_read_next","habit_progress_read","coaching","ICP_D|ICP_F|ICP_A","Habit Tracker","What’s the one app that actually helps you stay disciplined and accountable?","https://old.reddit.com/r/selfimprovement/comments/1knxrnd/whats_the_one_app_that_actually_helps_you_stay/","not_started","Classify habit/accountability needs, missed-day recovery, overwhelm, multi-device desire, and progress visualization.","What helps you recover after missing a day without abandoning the habit?","Can action-tied progress beat streak/task-manager anxiety?","","","","","","","","","not_approved_external_use","unread_do_not_upgrade","data_processed/evidence_claim_register.csv;data_processed/research_completion_audit.csv;reports/alina-evidence-first-report-draft.md","","Unread capture row. Do not cite externally or upgrade demand/market/competitor claims until a human completes this row."
"RRC_0539","RMR-0539","539","P1_read_next","habit_progress_read","coaching","ICP_D|ICP_F|ICP_A","Habit Tracker","What’s the one habit that actually changed your life (not the cliché ones)?","https://old.reddit.com/r/getdisciplined/comments/1mznkm8/whats_the_one_habit_that_actually_changed_your/","not_started","Classify habit/accountability needs, missed-day recovery, overwhelm, multi-device desire, and progress visualization.","What helps you recover after missing a day without abandoning the habit?","Can action-tied progress beat streak/task-manager anxiety?","","","","","","","","","not_approved_external_use","unread_do_not_upgrade","data_processed/evidence_claim_register.csv;data_processed/research_completion_audit.csv;reports/alina-evidence-first-report-draft.md","","Unread capture row. Do not cite externally or upgrade demand/market/competitor claims until a human completes this row."
"RRC_0540","RMR-0540","540","P1_read_next","habit_progress_read","coaching","ICP_D|ICP_F|ICP_A","Habit Tracker","Would it be illegal if I post James Clear Daily Lessons here from his paid, Atomic Habits app?","https://old.reddit.com/r/productivity/comments/1g1rwcc/would_it_be_illegal_if_i_post_james_clear_daily/","not_started","Classify habit/accountability needs, missed-day recovery, overwhelm, multi-device desire, and progress visualization.","What helps you recover after missing a day without abandoning the habit?","Can action-tied progress beat streak/task-manager anxiety?","","","","","","","","","not_approved_external_use","unread_do_not_upgrade","data_processed/evidence_claim_register.csv;data_processed/research_completion_audit.csv;reports/alina-evidence-first-report-draft.md","","Unread capture row. Do not cite externally or upgrade demand/market/competitor claims until a human completes this row."
"RRC_0541","RMR-0541","541","P1_read_next","habit_progress_read","coaching","ICP_D|ICP_F|ICP_A","Habit Tracker","Would you use an app that connects you with people who have the same goals?","https://old.reddit.com/r/productivity/comments/1mqwh4s/would_you_use_an_app_that_connects_you_with/","not_started","Classify habit/accountability needs, missed-day recovery, overwhelm, multi-device desire, and progress visualization.","What helps you recover after missing a day without abandoning the habit?","Can action-tied progress beat streak/task-manager anxiety?","","","","","","","","","not_approved_external_use","unread_do_not_upgrade","data_processed/evidence_claim_register.csv;data_processed/research_completion_audit.csv;reports/alina-evidence-first-report-draft.md","","Unread capture row. Do not cite externally or upgrade demand/market/competitor claims until a human completes this row."
"RRC_0542","RMR-0542","542","P1_read_next","habit_progress_read","coaching","ICP_D|ICP_F|ICP_A","Notion","Yo r/productivity, got any templates or apps for goals, weekly tasks, and exam prep?","https://old.reddit.com/r/productivity/comments/1kma9z2/yo_rproductivity_got_any_templates_or_apps_for/","not_started","Classify habit/accountability needs, missed-day recovery, overwhelm, multi-device desire, and progress visualization.","What helps you recover after missing a day without abandoning the habit?","Can action-tied progress beat streak/task-manager anxiety?","","","","","","","","","not_approved_external_use","unread_do_not_upgrade","data_processed/evidence_claim_register.csv;data_processed/research_completion_audit.csv;reports/alina-evidence-first-report-draft.md","","Unread capture row. Do not cite externally or upgrade demand/market/competitor claims until a human completes this row."
"RRC_0543","RMR-0543","543","P1_read_next","habit_progress_read","coaching","ICP_D|ICP_F|ICP_A","Habit Tracker","You can't stop scrolling without knowing the magic formula behind Instagram","https://old.reddit.com/r/selfimprovement/comments/1obmdmr/you_cant_stop_scrolling_without_knowing_the_magic/","not_started","Classify habit/accountability needs, missed-day recovery, overwhelm, multi-device desire, and progress visualization.","What helps you recover after missing a day without abandoning the habit?","Can action-tied progress beat streak/task-manager anxiety?","","","","","","","","","not_approved_external_use","unread_do_not_upgrade","data_processed/evidence_claim_register.csv;data_processed/research_completion_audit.csv;reports/alina-evidence-first-report-draft.md","","Unread capture row. Do not cite externally or upgrade demand/market/competitor claims until a human completes this row."
"RRC_0544","RMR-0544","544","P1_read_next","reset_safety_language_read","mindfulness","ICP_C|ICP_D","Headspace|Calm","YSK: If you can't afford to pay for mindfulness apps like Headspace or Calm, you can find *free*, evidence-based mental health and mindfulness apps that were developed by researchers at the US Department of Veterans Affairs for use by civilians and veterans alike.","https://old.reddit.com/r/Meditation/comments/ln5f09/ysk_if_you_cant_afford_to_pay_for_mindfulness/","not_started","Capture anxiety/stress/ADHD/sleep language and flag any safety, clinical, or overclaiming boundaries that product copy must avoid.","In a stressful moment, what kind of app help feels safe and useful, and what wording would make you close it?","Can a reset be framed as wellness support without clinical overreach?","","","","","","","","","not_approved_external_use","unread_do_not_upgrade","data_processed/evidence_claim_register.csv;data_processed/research_completion_audit.csv;reports/alina-evidence-first-report-draft.md","","Unread capture row. Do not cite externally or upgrade demand/market/competitor claims until a human completes this row."
"RRC_0545","RMR-0545","545","P1_read_next","reset_safety_language_read","coaching","ICP_D|ICP_F|ICP_A|ICP_C","Journey","90 Days Alcohol-Free: A Game Changer","https://old.reddit.com/r/selfimprovement/comments/1jd4gqa/90_days_alcoholfree_a_game_changer/","not_started","Capture anxiety/stress/ADHD/sleep language and flag any safety, clinical, or overclaiming boundaries that product copy must avoid.","In a stressful moment, what kind of app help feels safe and useful, and what wording would make you close it?","Can a reset be framed as wellness support without clinical overreach?","","","","","","","","","not_approved_external_use","unread_do_not_upgrade","data_processed/evidence_claim_register.csv;data_processed/research_completion_audit.csv;reports/alina-evidence-first-report-draft.md","","Unread capture row. Do not cite externally or upgrade demand/market/competitor claims until a human completes this row."
"RRC_0546","RMR-0546","546","P1_read_next","reset_safety_language_read","mindfulness","ICP_C|ICP_D","Calm","A huge milestone","https://old.reddit.com/r/Meditation/comments/lva1ad/a_huge_milestone/","not_started","Capture anxiety/stress/ADHD/sleep language and flag any safety, clinical, or overclaiming boundaries that product copy must avoid.","In a stressful moment, what kind of app help feels safe and useful, and what wording would make you close it?","Can a reset be framed as wellness support without clinical overreach?","","","","","","","","","not_approved_external_use","unread_do_not_upgrade","data_processed/evidence_claim_register.csv;data_processed/research_completion_audit.csv;reports/alina-evidence-first-report-draft.md","","Unread capture row. Do not cite externally or upgrade demand/market/competitor claims until a human completes this row."
"RRC_0547","RMR-0547","547","P1_read_next","reset_safety_language_read","mindfulness","ICP_C|ICP_D","Calm","Ad-Free Sound App for Sleep, Focus, and Mindfulness (+ 6 Months Premium Code)","https://old.reddit.com/r/Mindfulness/comments/1j0tw35/adfree_sound_app_for_sleep_focus_and_mindfulness/","not_started","Capture anxiety/stress/ADHD/sleep language and flag any safety, clinical, or overclaiming boundaries that product copy must avoid.","In a stressful moment, what kind of app help feels safe and useful, and what wording would make you close it?","Can a reset be framed as wellness support without clinical overreach?","","","","","","","","","not_approved_external_use","unread_do_not_upgrade","data_processed/evidence_claim_register.csv;data_processed/research_completion_audit.csv;reports/alina-evidence-first-report-draft.md","","Unread capture row. Do not cite externally or upgrade demand/market/competitor claims until a human completes this row."
"RRC_0548","RMR-0548","548","P1_read_next","reset_safety_language_read","mindfulness","ICP_C|ICP_D","Waking Up","Anxious if I might have sleep apnea","https://old.reddit.com/r/sleep/comments/1rfuzkp/anxious_if_i_might_have_sleep_apnea/","not_started","Capture anxiety/stress/ADHD/sleep language and flag any safety, clinical, or overclaiming boundaries that product copy must avoid.","In a stressful moment, what kind of app help feels safe and useful, and what wording would make you close it?","Can a reset be framed as wellness support without clinical overreach?","","","","","","","","","not_approved_external_use","unread_do_not_upgrade","data_processed/evidence_claim_register.csv;data_processed/research_completion_audit.csv;reports/alina-evidence-first-report-draft.md","","Unread capture row. Do not cite externally or upgrade demand/market/competitor claims until a human completes this row."
"RRC_0549","RMR-0549","549","P1_read_next","reset_safety_language_read","mindfulness","ICP_C|ICP_D","Headspace","Been meditating for a month","https://old.reddit.com/r/Meditation/comments/w0cidt/been_meditating_for_a_month/","not_started","Capture anxiety/stress/ADHD/sleep language and flag any safety, clinical, or overclaiming boundaries that product copy must avoid.","In a stressful moment, what kind of app help feels safe and useful, and what wording would make you close it?","Can a reset be framed as wellness support without clinical overreach?","","","","","","","","","not_approved_external_use","unread_do_not_upgrade","data_processed/evidence_claim_register.csv;data_processed/research_completion_audit.csv;reports/alina-evidence-first-report-draft.md","","Unread capture row. Do not cite externally or upgrade demand/market/competitor claims until a human completes this row."
"RRC_0550","RMR-0550","550","P1_read_next","reset_safety_language_read","mindfulness","ICP_C|ICP_D","Waking Up","Been waking up at 3am every night for months - I'm so tired of being told ""just get more sleep","https://old.reddit.com/r/sleep/comments/1pheu3z/been_waking_up_at_3am_every_night_for_months_im/","not_started","Capture anxiety/stress/ADHD/sleep language and flag any safety, clinical, or overclaiming boundaries that product copy must avoid.","In a stressful moment, what kind of app help feels safe and useful, and what wording would make you close it?","Can a reset be framed as wellness support without clinical overreach?","","","","","","","","","not_approved_external_use","unread_do_not_upgrade","data_processed/evidence_claim_register.csv;data_processed/research_completion_audit.csv;reports/alina-evidence-first-report-draft.md","","Unread capture row. Do not cite externally or upgrade demand/market/competitor claims until a human completes this row."
"RRC_0551","RMR-0551","551","P1_read_next","reset_safety_language_read","coaching","ICP_D|ICP_F|ICP_A|ICP_C","Calm","Day 49 - Saturday","https://old.reddit.com/r/NonZeroDay/comments/o3x4v4/day_49_saturday/","not_started","Capture anxiety/stress/ADHD/sleep language and flag any safety, clinical, or overclaiming boundaries that product copy must avoid.","In a stressful moment, what kind of app help feels safe and useful, and what wording would make you close it?","Can a reset be framed as wellness support without clinical overreach?","","","","","","","","","not_approved_external_use","unread_do_not_upgrade","data_processed/evidence_claim_register.csv;data_processed/research_completion_audit.csv;reports/alina-evidence-first-report-draft.md","","Unread capture row. Do not cite externally or upgrade demand/market/competitor claims until a human completes this row."
"RRC_0552","RMR-0552","552","P1_read_next","reset_safety_language_read","coaching","ICP_D|ICP_F|ICP_A|ICP_C","Journey","Day 62, lost Friday and Saturday, picking up at Sunday","https://old.reddit.com/r/NonZeroDay/comments/odme7g/day_62_lost_friday_and_saturday_picking_up_at/","not_started","Capture anxiety/stress/ADHD/sleep language and flag any safety, clinical, or overclaiming boundaries that product copy must avoid.","In a stressful moment, what kind of app help feels safe and useful, and what wording would make you close it?","Can a reset be framed as wellness support without clinical overreach?","","","","","","","","","not_approved_external_use","unread_do_not_upgrade","data_processed/evidence_claim_register.csv;data_processed/research_completion_audit.csv;reports/alina-evidence-first-report-draft.md","","Unread capture row. Do not cite externally or upgrade demand/market/competitor claims until a human completes this row."
"RRC_0553","RMR-0553","553","P1_read_next","reset_safety_language_read","mindfulness","ICP_C|ICP_D","Calm","Help me with meditation and sleep","https://old.reddit.com/r/Meditation/comments/1baq0qo/help_me_with_meditation_and_sleep/","not_started","Capture anxiety/stress/ADHD/sleep language and flag any safety, clinical, or overclaiming boundaries that product copy must avoid.","In a stressful moment, what kind of app help feels safe and useful, and what wording would make you close it?","Can a reset be framed as wellness support without clinical overreach?","","","","","","","","","not_approved_external_use","unread_do_not_upgrade","data_processed/evidence_claim_register.csv;data_processed/research_completion_audit.csv;reports/alina-evidence-first-report-draft.md","","Unread capture row. Do not cite externally or upgrade demand/market/competitor claims until a human completes this row."
"RRC_0554","RMR-0554","554","P1_read_next","reset_safety_language_read","mindfulness","ICP_C|ICP_D","Notion","How do you all deal with an overactive mind/racing thoughts before sleep?","https://old.reddit.com/r/sleep/comments/1oyyp2n/how_do_you_all_deal_with_an_overactive_mindracing/","not_started","Capture anxiety/stress/ADHD/sleep language and flag any safety, clinical, or overclaiming boundaries that product copy must avoid.","In a stressful moment, what kind of app help feels safe and useful, and what wording would make you close it?","Can a reset be framed as wellness support without clinical overreach?","","","","","","","","","not_approved_external_use","unread_do_not_upgrade","data_processed/evidence_claim_register.csv;data_processed/research_completion_audit.csv;reports/alina-evidence-first-report-draft.md","","Unread capture row. Do not cite externally or upgrade demand/market/competitor claims until a human completes this row."
"RRC_0555","RMR-0555","555","P1_read_next","reset_safety_language_read","mindfulness","ICP_C|ICP_D","Journey","How to be happier through meditation","https://old.reddit.com/r/Meditation/comments/ywrlk2/how_to_be_happier_through_meditation/","not_started","Capture anxiety/stress/ADHD/sleep language and flag any safety, clinical, or overclaiming boundaries that product copy must avoid.","In a stressful moment, what kind of app help feels safe and useful, and what wording would make you close it?","Can a reset be framed as wellness support without clinical overreach?","","","","","","","","","not_approved_external_use","unread_do_not_upgrade","data_processed/evidence_claim_register.csv;data_processed/research_completion_audit.csv;reports/alina-evidence-first-report-draft.md","","Unread capture row. Do not cite externally or upgrade demand/market/competitor claims until a human completes this row."
"RRC_0556","RMR-0556","556","P1_read_next","reset_safety_language_read","mindfulness","ICP_C|ICP_D","Calm","I built a free mental wellness app — looking for honest feedback from early users","https://old.reddit.com/r/Mindfulness/comments/1pysch8/i_built_a_free_mental_wellness_app_looking_for/","not_started","Capture anxiety/stress/ADHD/sleep language and flag any safety, clinical, or overclaiming boundaries that product copy must avoid.","In a stressful moment, what kind of app help feels safe and useful, and what wording would make you close it?","Can a reset be framed as wellness support without clinical overreach?","","","","","","","","","not_approved_external_use","unread_do_not_upgrade","data_processed/evidence_claim_register.csv;data_processed/research_completion_audit.csv;reports/alina-evidence-first-report-draft.md","","Unread capture row. Do not cite externally or upgrade demand/market/competitor claims until a human completes this row."
"RRC_0557","RMR-0557","557","P1_read_next","reset_safety_language_read","mindfulness","ICP_C|ICP_D","Journey","I do video journaling using the Journey app. I wonder if anyone else does this? I feel so alone.","https://old.reddit.com/r/Journaling/comments/j7oigc/i_do_video_journaling_using_the_journey_app_i/","not_started","Capture anxiety/stress/ADHD/sleep language and flag any safety, clinical, or overclaiming boundaries that product copy must avoid.","In a stressful moment, what kind of app help feels safe and useful, and what wording would make you close it?","Can a reset be framed as wellness support without clinical overreach?","","","","","","","","","not_approved_external_use","unread_do_not_upgrade","data_processed/evidence_claim_register.csv;data_processed/research_completion_audit.csv;reports/alina-evidence-first-report-draft.md","","Unread capture row. Do not cite externally or upgrade demand/market/competitor claims until a human completes this row."
"RRC_0558","RMR-0558","558","P1_read_next","reset_safety_language_read","mindfulness","ICP_C|ICP_D","Calm","I don’t think I have insomnia… my brain just won’t shut up. Anyone else?","https://old.reddit.com/r/sleep/comments/1szsly2/i_dont_think_i_have_insomnia_my_brain_just_wont/","not_started","Capture anxiety/stress/ADHD/sleep language and flag any safety, clinical, or overclaiming boundaries that product copy must avoid.","In a stressful moment, what kind of app help feels safe and useful, and what wording would make you close it?","Can a reset be framed as wellness support without clinical overreach?","","","","","","","","","not_approved_external_use","unread_do_not_upgrade","data_processed/evidence_claim_register.csv;data_processed/research_completion_audit.csv;reports/alina-evidence-first-report-draft.md","","Unread capture row. Do not cite externally or upgrade demand/market/competitor claims until a human completes this row."
"RRC_0559","RMR-0559","559","P1_read_next","reset_safety_language_read","mindfulness","ICP_C|ICP_D","Insight Timer","Kids sleep meditations?","https://old.reddit.com/r/Meditation/comments/1eogasd/kids_sleep_meditations/","not_started","Capture anxiety/stress/ADHD/sleep language and flag any safety, clinical, or overclaiming boundaries that product copy must avoid.","In a stressful moment, what kind of app help feels safe and useful, and what wording would make you close it?","Can a reset be framed as wellness support without clinical overreach?","","","","","","","","","not_approved_external_use","unread_do_not_upgrade","data_processed/evidence_claim_register.csv;data_processed/research_completion_audit.csv;reports/alina-evidence-first-report-draft.md","","Unread capture row. Do not cite externally or upgrade demand/market/competitor claims until a human completes this row."
"RRC_0560","RMR-0560","560","P1_read_next","reset_safety_language_read","mindfulness","ICP_C|ICP_D","Calm","Meditation apps?","https://old.reddit.com/r/Anxiety/comments/iq4c9h/meditation_apps/","not_started","Capture anxiety/stress/ADHD/sleep language and flag any safety, clinical, or overclaiming boundaries that product copy must avoid.","In a stressful moment, what kind of app help feels safe and useful, and what wording would make you close it?","Can a reset be framed as wellness support without clinical overreach?","","","","","","","","","not_approved_external_use","unread_do_not_upgrade","data_processed/evidence_claim_register.csv;data_processed/research_completion_audit.csv;reports/alina-evidence-first-report-draft.md","","Unread capture row. Do not cite externally or upgrade demand/market/competitor claims until a human completes this row."
"RRC_0561","RMR-0561","561","P1_read_next","reset_safety_language_read","mindfulness","ICP_C|ICP_D","Balance","Offer extended: A free year of Balance app meditation","https://old.reddit.com/r/Meditation/comments/jkx7qr/offer_extended_a_free_year_of_balance_app/","not_started","Capture anxiety/stress/ADHD/sleep language and flag any safety, clinical, or overclaiming boundaries that product copy must avoid.","In a stressful moment, what kind of app help feels safe and useful, and what wording would make you close it?","Can a reset be framed as wellness support without clinical overreach?","","","","","","","","","not_approved_external_use","unread_do_not_upgrade","data_processed/evidence_claim_register.csv;data_processed/research_completion_audit.csv;reports/alina-evidence-first-report-draft.md","","Unread capture row. Do not cite externally or upgrade demand/market/competitor claims until a human completes this row."
"RRC_0562","RMR-0562","562","P1_read_next","reset_safety_language_read","mindfulness","ICP_C|ICP_D","Journey","Over 100 sounds to satisfy your needs for relaxation, meditation, focus, and sleep, all available free to enjoy.","https://old.reddit.com/r/sleep/comments/1fj23s2/over_100_sounds_to_satisfy_your_needs_for/","not_started","Capture anxiety/stress/ADHD/sleep language and flag any safety, clinical, or overclaiming boundaries that product copy must avoid.","In a stressful moment, what kind of app help feels safe and useful, and what wording would make you close it?","Can a reset be framed as wellness support without clinical overreach?","","","","","","","","","not_approved_external_use","unread_do_not_upgrade","data_processed/evidence_claim_register.csv;data_processed/research_completion_audit.csv;reports/alina-evidence-first-report-draft.md","","Unread capture row. Do not cite externally or upgrade demand/market/competitor claims until a human completes this row."
"RRC_0563","RMR-0563","563","P1_read_next","reset_safety_language_read","mindfulness","ICP_C|ICP_D","Calm","Researching minimalist and mindful apps","https://old.reddit.com/r/Mindfulness/comments/1jvrp3u/researching_minimalist_and_mindful_apps/","not_started","Capture anxiety/stress/ADHD/sleep language and flag any safety, clinical, or overclaiming boundaries that product copy must avoid.","In a stressful moment, what kind of app help feels safe and useful, and what wording would make you close it?","Can a reset be framed as wellness support without clinical overreach?","","","","","","","","","not_approved_external_use","unread_do_not_upgrade","data_processed/evidence_claim_register.csv;data_processed/research_completion_audit.csv;reports/alina-evidence-first-report-draft.md","","Unread capture row. Do not cite externally or upgrade demand/market/competitor claims until a human completes this row."
"RRC_0564","RMR-0564","564","P1_read_next","reset_safety_language_read","mindfulness","ICP_C|ICP_D","Calm","Sleep Apps+","https://old.reddit.com/r/sleep/comments/ktzn2x/sleep_apps/","not_started","Capture anxiety/stress/ADHD/sleep language and flag any safety, clinical, or overclaiming boundaries that product copy must avoid.","In a stressful moment, what kind of app help feels safe and useful, and what wording would make you close it?","Can a reset be framed as wellness support without clinical overreach?","","","","","","","","","not_approved_external_use","unread_do_not_upgrade","data_processed/evidence_claim_register.csv;data_processed/research_completion_audit.csv;reports/alina-evidence-first-report-draft.md","","Unread capture row. Do not cite externally or upgrade demand/market/competitor claims until a human completes this row."
"RRC_0565","RMR-0565","565","P1_read_next","reset_safety_language_read","coaching","ICP_D|ICP_F|ICP_A|ICP_C","Calm","The 6-Pillar Framework for Daily Excellence","https://old.reddit.com/r/NonZeroDay/comments/1o00922/the_6pillar_framework_for_daily_excellence/","not_started","Capture anxiety/stress/ADHD/sleep language and flag any safety, clinical, or overclaiming boundaries that product copy must avoid.","In a stressful moment, what kind of app help feels safe and useful, and what wording would make you close it?","Can a reset be framed as wellness support without clinical overreach?","","","","","","","","","not_approved_external_use","unread_do_not_upgrade","data_processed/evidence_claim_register.csv;data_processed/research_completion_audit.csv;reports/alina-evidence-first-report-draft.md","","Unread capture row. Do not cite externally or upgrade demand/market/competitor claims until a human completes this row."
"RRC_0566","RMR-0566","566","P1_read_next","reset_safety_language_read","avatar_identity","ICP_B|ICP_E|ICP_C|ICP_D","Replika","The new update is awesome. Change my mind.","https://old.reddit.com/r/replika/comments/bgodnk/the_new_update_is_awesome_change_my_mind/","not_started","Capture anxiety/stress/ADHD/sleep language and flag any safety, clinical, or overclaiming boundaries that product copy must avoid.","In a stressful moment, what kind of app help feels safe and useful, and what wording would make you close it?","Can a reset be framed as wellness support without clinical overreach?","","","","","","","","","not_approved_external_use","unread_do_not_upgrade","data_processed/evidence_claim_register.csv;data_processed/research_completion_audit.csv;reports/alina-evidence-first-report-draft.md","","Unread capture row. Do not cite externally or upgrade demand/market/competitor claims until a human completes this row."
"RRC_0567","RMR-0567","567","P1_read_next","reset_safety_language_read","mindfulness","ICP_C|ICP_D","Journey","The Ultimate Sleep Hygiene Checklist. Thoughts?","https://old.reddit.com/r/sleep/comments/14w2p70/the_ultimate_sleep_hygiene_checklist_thoughts/","not_started","Capture anxiety/stress/ADHD/sleep language and flag any safety, clinical, or overclaiming boundaries that product copy must avoid.","In a stressful moment, what kind of app help feels safe and useful, and what wording would make you close it?","Can a reset be framed as wellness support without clinical overreach?","","","","","","","","","not_approved_external_use","unread_do_not_upgrade","data_processed/evidence_claim_register.csv;data_processed/research_completion_audit.csv;reports/alina-evidence-first-report-draft.md","","Unread capture row. Do not cite externally or upgrade demand/market/competitor claims until a human completes this row."
"RRC_0568","RMR-0568","568","P1_read_next","reset_safety_language_read","mindfulness","ICP_C|ICP_D","Waking Up","Waking up constantly at night & never feeling rested!","https://old.reddit.com/r/sleep/comments/1sdm8nj/waking_up_constantly_at_night_never_feeling_rested/","not_started","Capture anxiety/stress/ADHD/sleep language and flag any safety, clinical, or overclaiming boundaries that product copy must avoid.","In a stressful moment, what kind of app help feels safe and useful, and what wording would make you close it?","Can a reset be framed as wellness support without clinical overreach?","","","","","","","","","not_approved_external_use","unread_do_not_upgrade","data_processed/evidence_claim_register.csv;data_processed/research_completion_audit.csv;reports/alina-evidence-first-report-draft.md","","Unread capture row. Do not cite externally or upgrade demand/market/competitor claims until a human completes this row."
"RRC_0569","RMR-0569","569","P1_read_next","reset_safety_language_read","mindfulness","ICP_C|ICP_D","Headspace","What apps/sources you use for guidaded mindful meditation?","https://old.reddit.com/r/Meditation/comments/148tc7o/what_appssources_you_use_for_guidaded_mindful/","not_started","Capture anxiety/stress/ADHD/sleep language and flag any safety, clinical, or overclaiming boundaries that product copy must avoid.","In a stressful moment, what kind of app help feels safe and useful, and what wording would make you close it?","Can a reset be framed as wellness support without clinical overreach?","","","","","","","","","not_approved_external_use","unread_do_not_upgrade","data_processed/evidence_claim_register.csv;data_processed/research_completion_audit.csv;reports/alina-evidence-first-report-draft.md","","Unread capture row. Do not cite externally or upgrade demand/market/competitor claims until a human completes this row."
"RRC_0570","RMR-0570","570","P1_read_next","reset_safety_language_read","mindfulness","ICP_C|ICP_D","Calm","What are some relaxing evening activities?","https://old.reddit.com/r/sleep/comments/1htdzgu/what_are_some_relaxing_evening_activities/","not_started","Capture anxiety/stress/ADHD/sleep language and flag any safety, clinical, or overclaiming boundaries that product copy must avoid.","In a stressful moment, what kind of app help feels safe and useful, and what wording would make you close it?","Can a reset be framed as wellness support without clinical overreach?","","","","","","","","","not_approved_external_use","unread_do_not_upgrade","data_processed/evidence_claim_register.csv;data_processed/research_completion_audit.csv;reports/alina-evidence-first-report-draft.md","","Unread capture row. Do not cite externally or upgrade demand/market/competitor claims until a human completes this row."
"RRC_0571","RMR-0571","571","P1_read_next","reset_safety_language_read","mindfulness","ICP_C|ICP_D","Journey","What's your favorite Mindfulness apps and resources?","https://old.reddit.com/r/Mindfulness/comments/1g1boy9/whats_your_favorite_mindfulness_apps_and_resources/","not_started","Capture anxiety/stress/ADHD/sleep language and flag any safety, clinical, or overclaiming boundaries that product copy must avoid.","In a stressful moment, what kind of app help feels safe and useful, and what wording would make you close it?","Can a reset be framed as wellness support without clinical overreach?","","","","","","","","","not_approved_external_use","unread_do_not_upgrade","data_processed/evidence_claim_register.csv;data_processed/research_completion_audit.csv;reports/alina-evidence-first-report-draft.md","","Unread capture row. Do not cite externally or upgrade demand/market/competitor claims until a human completes this row."
"RRC_0572","RMR-0572","572","P1_read_next","reset_safety_language_read","mindfulness","ICP_C|ICP_D","Headspace","When i try meditating, I fell asleep, I am using HEADSPACE APP, I start meditation lying down, and I go into sleep.","https://old.reddit.com/r/Mindfulness/comments/fyfn47/when_i_try_meditating_i_fell_asleep_i_am_using/","not_started","Capture anxiety/stress/ADHD/sleep language and flag any safety, clinical, or overclaiming boundaries that product copy must avoid.","In a stressful moment, what kind of app help feels safe and useful, and what wording would make you close it?","Can a reset be framed as wellness support without clinical overreach?","","","","","","","","","not_approved_external_use","unread_do_not_upgrade","data_processed/evidence_claim_register.csv;data_processed/research_completion_audit.csv;reports/alina-evidence-first-report-draft.md","","Unread capture row. Do not cite externally or upgrade demand/market/competitor claims until a human completes this row."
"RRC_0573","RMR-0573","573","P1_read_next","reset_safety_language_read","mindfulness","ICP_C|ICP_D","Forest","Would you use a meditation app that generates personalized guided sessions?","https://old.reddit.com/r/Mindfulness/comments/1l4muf9/would_you_use_a_meditation_app_that_generates/","not_started","Capture anxiety/stress/ADHD/sleep language and flag any safety, clinical, or overclaiming boundaries that product copy must avoid.","In a stressful moment, what kind of app help feels safe and useful, and what wording would make you close it?","Can a reset be framed as wellness support without clinical overreach?","","","","","","","","","not_approved_external_use","unread_do_not_upgrade","data_processed/evidence_claim_register.csv;data_processed/research_completion_audit.csv;reports/alina-evidence-first-report-draft.md","","Unread capture row. Do not cite externally or upgrade demand/market/competitor claims until a human completes this row."
"RRC_0574","RMR-0574","574","P1_read_next","reset_safety_language_read","mindfulness","ICP_C|ICP_D","Calm","Would you use a physical night calming kit for stress & sleep?","https://old.reddit.com/r/sleep/comments/1qn7oqu/would_you_use_a_physical_night_calming_kit_for/","not_started","Capture anxiety/stress/ADHD/sleep language and flag any safety, clinical, or overclaiming boundaries that product copy must avoid.","In a stressful moment, what kind of app help feels safe and useful, and what wording would make you close it?","Can a reset be framed as wellness support without clinical overreach?","","","","","","","","","not_approved_external_use","unread_do_not_upgrade","data_processed/evidence_claim_register.csv;data_processed/research_completion_audit.csv;reports/alina-evidence-first-report-draft.md","","Unread capture row. Do not cite externally or upgrade demand/market/competitor claims until a human completes this row."