app_store_id,app_name,archetype,direct_threat_level,rating,cluster_id,cluster_type,cluster_label,updated_at,source_url
"6745461941","Shepherd: Spiritual Bible BFF","faith_devotional_habit","medium_high","2","pain_reliability_breaks_ritual","pain","Bugs break trust and interrupt the ritual","2026-05-14T12:30:35-07:00","https://itunes.apple.com/us/rss/customerreviews/id=6745461941/sortBy=mostRecent/json"
"6745461941","Shepherd: Spiritual Bible BFF","faith_devotional_habit","medium_high","5","jtbd_make_growth_visible","jtbd","Show me visible progress so effort feels real","2026-05-13T18:34:59-07:00","https://itunes.apple.com/us/rss/customerreviews/id=6745461941/sortBy=mostRecent/json"
"6745461941","Shepherd: Spiritual Bible BFF","faith_devotional_habit","medium_high","4","jtbd_daily_anchor","jtbd","Give me a daily anchor I can return to","2026-05-12T16:43:07-07:00","https://itunes.apple.com/us/rss/customerreviews/id=6745461941/sortBy=mostRecent/json"
"6745461941","Shepherd: Spiritual Bible BFF","faith_devotional_habit","medium_high","4","jtbd_belonging_accountability","jtbd","Feel accompanied or accountable","2026-05-12T16:43:07-07:00","https://itunes.apple.com/us/rss/customerreviews/id=6745461941/sortBy=mostRecent/json"
"6745461941","Shepherd: Spiritual Bible BFF","faith_devotional_habit","medium_high","4","pain_content_depth_customization","pain","Users want more depth, options, or customization","2026-05-12T16:43:07-07:00","https://itunes.apple.com/us/rss/customerreviews/id=6745461941/sortBy=mostRecent/json"
"6745461941","Shepherd: Spiritual Bible BFF","faith_devotional_habit","medium_high","5","pain_content_depth_customization","pain","Users want more depth, options, or customization","2026-05-11T15:19:07-07:00","https://itunes.apple.com/us/rss/customerreviews/id=6745461941/sortBy=mostRecent/json"
"6745461941","Shepherd: Spiritual Bible BFF","faith_devotional_habit","medium_high","2","pain_content_depth_customization","pain","Users want more depth, options, or customization","2026-05-08T16:55:25-07:00","https://itunes.apple.com/us/rss/customerreviews/id=6745461941/sortBy=mostRecent/json"
"6745461941","Shepherd: Spiritual Bible BFF","faith_devotional_habit","medium_high","2","pain_signup_access_friction","pain","Signup, access, or device friction blocks activation","2026-05-08T16:55:25-07:00","https://itunes.apple.com/us/rss/customerreviews/id=6745461941/sortBy=mostRecent/json"
"6745461941","Shepherd: Spiritual Bible BFF","faith_devotional_habit","medium_high","5","jtbd_belonging_accountability","jtbd","Feel accompanied or accountable","2026-04-30T23:33:44-07:00","https://itunes.apple.com/us/rss/customerreviews/id=6745461941/sortBy=mostRecent/json"
"6745461941","Shepherd: Spiritual Bible BFF","faith_devotional_habit","medium_high","5","pain_content_depth_customization","pain","Users want more depth, options, or customization","2026-04-30T23:33:44-07:00","https://itunes.apple.com/us/rss/customerreviews/id=6745461941/sortBy=mostRecent/json"
"6745461941","Shepherd: Spiritual Bible BFF","faith_devotional_habit","medium_high","4","pain_content_depth_customization","pain","Users want more depth, options, or customization","2026-04-22T12:06:26-07:00","https://itunes.apple.com/us/rss/customerreviews/id=6745461941/sortBy=mostRecent/json"
"6745461941","Shepherd: Spiritual Bible BFF","faith_devotional_habit","medium_high","4","pain_signup_access_friction","pain","Signup, access, or device friction blocks activation","2026-04-22T12:06:26-07:00","https://itunes.apple.com/us/rss/customerreviews/id=6745461941/sortBy=mostRecent/json"
"6745461941","Shepherd: Spiritual Bible BFF","faith_devotional_habit","medium_high","5","jtbd_fast_emotional_reset","jtbd","Help me calm down or reset quickly","2026-04-20T15:19:31-07:00","https://itunes.apple.com/us/rss/customerreviews/id=6745461941/sortBy=mostRecent/json"
"6745461941","Shepherd: Spiritual Bible BFF","faith_devotional_habit","medium_high","5","pain_content_depth_customization","pain","Users want more depth, options, or customization","2026-04-20T15:19:31-07:00","https://itunes.apple.com/us/rss/customerreviews/id=6745461941/sortBy=mostRecent/json"
"6745461941","Shepherd: Spiritual Bible BFF","faith_devotional_habit","medium_high","5","pain_unclear_game_loop","pain","The game layer can feel confusing or disconnected","2026-04-20T15:19:31-07:00","https://itunes.apple.com/us/rss/customerreviews/id=6745461941/sortBy=mostRecent/json"
"6745461941","Shepherd: Spiritual Bible BFF","faith_devotional_habit","medium_high","5","jtbd_daily_anchor","jtbd","Give me a daily anchor I can return to","2026-04-15T17:22:05-07:00","https://itunes.apple.com/us/rss/customerreviews/id=6745461941/sortBy=mostRecent/json"
"6745461941","Shepherd: Spiritual Bible BFF","faith_devotional_habit","medium_high","5","jtbd_structure_self_improvement","jtbd","Turn vague self-improvement into concrete actions","2026-04-15T17:22:05-07:00","https://itunes.apple.com/us/rss/customerreviews/id=6745461941/sortBy=mostRecent/json"
"6745461941","Shepherd: Spiritual Bible BFF","faith_devotional_habit","medium_high","5","jtbd_make_growth_visible","jtbd","Show me visible progress so effort feels real","2026-04-15T15:54:32-07:00","https://itunes.apple.com/us/rss/customerreviews/id=6745461941/sortBy=mostRecent/json"
"6745461941","Shepherd: Spiritual Bible BFF","faith_devotional_habit","medium_high","5","pain_content_depth_customization","pain","Users want more depth, options, or customization","2026-04-15T15:54:32-07:00","https://itunes.apple.com/us/rss/customerreviews/id=6745461941/sortBy=mostRecent/json"
"6745461941","Shepherd: Spiritual Bible BFF","faith_devotional_habit","medium_high","3","jtbd_daily_anchor","jtbd","Give me a daily anchor I can return to","2026-04-14T11:09:23-07:00","https://itunes.apple.com/us/rss/customerreviews/id=6745461941/sortBy=mostRecent/json"
"6745461941","Shepherd: Spiritual Bible BFF","faith_devotional_habit","medium_high","3","pain_reliability_breaks_ritual","pain","Bugs break trust and interrupt the ritual","2026-04-14T11:09:23-07:00","https://itunes.apple.com/us/rss/customerreviews/id=6745461941/sortBy=mostRecent/json"
"6745461941","Shepherd: Spiritual Bible BFF","faith_devotional_habit","medium_high","4","pain_signup_access_friction","pain","Signup, access, or device friction blocks activation","2026-04-09T21:16:44-07:00","https://itunes.apple.com/us/rss/customerreviews/id=6745461941/sortBy=mostRecent/json"
"6745461941","Shepherd: Spiritual Bible BFF","faith_devotional_habit","medium_high","2","jtbd_daily_anchor","jtbd","Give me a daily anchor I can return to","2026-04-06T19:58:44-07:00","https://itunes.apple.com/us/rss/customerreviews/id=6745461941/sortBy=mostRecent/json"
"6745461941","Shepherd: Spiritual Bible BFF","faith_devotional_habit","medium_high","2","pain_reliability_breaks_ritual","pain","Bugs break trust and interrupt the ritual","2026-04-06T19:58:44-07:00","https://itunes.apple.com/us/rss/customerreviews/id=6745461941/sortBy=mostRecent/json"
"6745461941","Shepherd: Spiritual Bible BFF","faith_devotional_habit","medium_high","2","pain_content_depth_customization","pain","Users want more depth, options, or customization","2026-04-06T19:58:44-07:00","https://itunes.apple.com/us/rss/customerreviews/id=6745461941/sortBy=mostRecent/json"
"6745461941","Shepherd: Spiritual Bible BFF","faith_devotional_habit","medium_high","5","jtbd_daily_anchor","jtbd","Give me a daily anchor I can return to","2026-04-06T14:55:38-07:00","https://itunes.apple.com/us/rss/customerreviews/id=6745461941/sortBy=mostRecent/json"
"6745461941","Shepherd: Spiritual Bible BFF","faith_devotional_habit","medium_high","5","pain_reliability_breaks_ritual","pain","Bugs break trust and interrupt the ritual","2026-04-06T14:55:38-07:00","https://itunes.apple.com/us/rss/customerreviews/id=6745461941/sortBy=mostRecent/json"
"6745461941","Shepherd: Spiritual Bible BFF","faith_devotional_habit","medium_high","2","jtbd_daily_anchor","jtbd","Give me a daily anchor I can return to","2026-04-06T09:23:22-07:00","https://itunes.apple.com/us/rss/customerreviews/id=6745461941/sortBy=mostRecent/json"
"6745461941","Shepherd: Spiritual Bible BFF","faith_devotional_habit","medium_high","2","pain_reliability_breaks_ritual","pain","Bugs break trust and interrupt the ritual","2026-04-06T09:23:22-07:00","https://itunes.apple.com/us/rss/customerreviews/id=6745461941/sortBy=mostRecent/json"
"6745461941","Shepherd: Spiritual Bible BFF","faith_devotional_habit","medium_high","2","pain_content_depth_customization","pain","Users want more depth, options, or customization","2026-04-06T09:23:22-07:00","https://itunes.apple.com/us/rss/customerreviews/id=6745461941/sortBy=mostRecent/json"
"6745461941","Shepherd: Spiritual Bible BFF","faith_devotional_habit","medium_high","2","pain_signup_access_friction","pain","Signup, access, or device friction blocks activation","2026-04-06T09:23:22-07:00","https://itunes.apple.com/us/rss/customerreviews/id=6745461941/sortBy=mostRecent/json"
"6745461941","Shepherd: Spiritual Bible BFF","faith_devotional_habit","medium_high","1","pain_signup_access_friction","pain","Signup, access, or device friction blocks activation","2026-04-06T06:09:15-07:00","https://itunes.apple.com/us/rss/customerreviews/id=6745461941/sortBy=mostRecent/json"
"6745461941","Shepherd: Spiritual Bible BFF","faith_devotional_habit","medium_high","4","jtbd_daily_anchor","jtbd","Give me a daily anchor I can return to","2026-04-05T19:17:51-07:00","https://itunes.apple.com/us/rss/customerreviews/id=6745461941/sortBy=mostRecent/json"
"6745461941","Shepherd: Spiritual Bible BFF","faith_devotional_habit","medium_high","4","pain_content_depth_customization","pain","Users want more depth, options, or customization","2026-04-05T19:17:51-07:00","https://itunes.apple.com/us/rss/customerreviews/id=6745461941/sortBy=mostRecent/json"
"6745461941","Shepherd: Spiritual Bible BFF","faith_devotional_habit","medium_high","4","pain_signup_access_friction","pain","Signup, access, or device friction blocks activation","2026-04-05T19:17:51-07:00","https://itunes.apple.com/us/rss/customerreviews/id=6745461941/sortBy=mostRecent/json"
"6745461941","Shepherd: Spiritual Bible BFF","faith_devotional_habit","medium_high","2","jtbd_daily_anchor","jtbd","Give me a daily anchor I can return to","2026-04-05T07:11:28-07:00","https://itunes.apple.com/us/rss/customerreviews/id=6745461941/sortBy=mostRecent/json"
"6745461941","Shepherd: Spiritual Bible BFF","faith_devotional_habit","medium_high","2","pain_reliability_breaks_ritual","pain","Bugs break trust and interrupt the ritual","2026-04-05T07:11:28-07:00","https://itunes.apple.com/us/rss/customerreviews/id=6745461941/sortBy=mostRecent/json"
"6745461941","Shepherd: Spiritual Bible BFF","faith_devotional_habit","medium_high","3","jtbd_daily_anchor","jtbd","Give me a daily anchor I can return to","2026-04-05T04:48:47-07:00","https://itunes.apple.com/us/rss/customerreviews/id=6745461941/sortBy=mostRecent/json"
"6745461941","Shepherd: Spiritual Bible BFF","faith_devotional_habit","medium_high","3","pain_reliability_breaks_ritual","pain","Bugs break trust and interrupt the ritual","2026-04-05T04:48:47-07:00","https://itunes.apple.com/us/rss/customerreviews/id=6745461941/sortBy=mostRecent/json"
"6745461941","Shepherd: Spiritual Bible BFF","faith_devotional_habit","medium_high","3","pain_signup_access_friction","pain","Signup, access, or device friction blocks activation","2026-04-05T04:48:47-07:00","https://itunes.apple.com/us/rss/customerreviews/id=6745461941/sortBy=mostRecent/json"
"6745461941","Shepherd: Spiritual Bible BFF","faith_devotional_habit","medium_high","5","jtbd_daily_anchor","jtbd","Give me a daily anchor I can return to","2026-04-03T14:34:10-07:00","https://itunes.apple.com/us/rss/customerreviews/id=6745461941/sortBy=mostRecent/json"
"6745461941","Shepherd: Spiritual Bible BFF","faith_devotional_habit","medium_high","5","jtbd_make_growth_visible","jtbd","Show me visible progress so effort feels real","2026-04-03T14:34:10-07:00","https://itunes.apple.com/us/rss/customerreviews/id=6745461941/sortBy=mostRecent/json"
"6745461941","Shepherd: Spiritual Bible BFF","faith_devotional_habit","medium_high","5","pain_content_depth_customization","pain","Users want more depth, options, or customization","2026-04-03T14:34:10-07:00","https://itunes.apple.com/us/rss/customerreviews/id=6745461941/sortBy=mostRecent/json"
"6745461941","Shepherd: Spiritual Bible BFF","faith_devotional_habit","medium_high","3","jtbd_daily_anchor","jtbd","Give me a daily anchor I can return to","2026-04-03T06:42:07-07:00","https://itunes.apple.com/us/rss/customerreviews/id=6745461941/sortBy=mostRecent/json"
"6745461941","Shepherd: Spiritual Bible BFF","faith_devotional_habit","medium_high","3","pain_content_depth_customization","pain","Users want more depth, options, or customization","2026-04-03T06:42:07-07:00","https://itunes.apple.com/us/rss/customerreviews/id=6745461941/sortBy=mostRecent/json"
"6745461941","Shepherd: Spiritual Bible BFF","faith_devotional_habit","medium_high","3","pain_signup_access_friction","pain","Signup, access, or device friction blocks activation","2026-04-03T06:42:07-07:00","https://itunes.apple.com/us/rss/customerreviews/id=6745461941/sortBy=mostRecent/json"
"6745461941","Shepherd: Spiritual Bible BFF","faith_devotional_habit","medium_high","3","jtbd_fast_emotional_reset","jtbd","Help me calm down or reset quickly","2026-03-15T17:24:43-07:00","https://itunes.apple.com/us/rss/customerreviews/id=6745461941/sortBy=mostRecent/json"
"6745461941","Shepherd: Spiritual Bible BFF","faith_devotional_habit","medium_high","3","pain_content_depth_customization","pain","Users want more depth, options, or customization","2026-03-15T17:24:43-07:00","https://itunes.apple.com/us/rss/customerreviews/id=6745461941/sortBy=mostRecent/json"
"6745461941","Shepherd: Spiritual Bible BFF","faith_devotional_habit","medium_high","5","jtbd_daily_anchor","jtbd","Give me a daily anchor I can return to","2026-03-15T04:10:16-07:00","https://itunes.apple.com/us/rss/customerreviews/id=6745461941/sortBy=mostRecent/json"
"6745461941","Shepherd: Spiritual Bible BFF","faith_devotional_habit","medium_high","5","pain_reliability_breaks_ritual","pain","Bugs break trust and interrupt the ritual","2026-03-15T04:10:16-07:00","https://itunes.apple.com/us/rss/customerreviews/id=6745461941/sortBy=mostRecent/json"
"6745461941","Shepherd: Spiritual Bible BFF","faith_devotional_habit","medium_high","4","pain_content_depth_customization","pain","Users want more depth, options, or customization","2026-03-14T19:05:24-07:00","https://itunes.apple.com/us/rss/customerreviews/id=6745461941/sortBy=mostRecent/json"
"6745461941","Shepherd: Spiritual Bible BFF","faith_devotional_habit","medium_high","4","pain_signup_access_friction","pain","Signup, access, or device friction blocks activation","2026-03-14T19:05:24-07:00","https://itunes.apple.com/us/rss/customerreviews/id=6745461941/sortBy=mostRecent/json"
"6745461941","Shepherd: Spiritual Bible BFF","faith_devotional_habit","medium_high","5","jtbd_belonging_accountability","jtbd","Feel accompanied or accountable","2026-03-14T09:34:49-07:00","https://itunes.apple.com/us/rss/customerreviews/id=6745461941/sortBy=mostRecent/json"
"6745461941","Shepherd: Spiritual Bible BFF","faith_devotional_habit","medium_high","5","jtbd_daily_anchor","jtbd","Give me a daily anchor I can return to","2026-03-12T07:44:43-07:00","https://itunes.apple.com/us/rss/customerreviews/id=6745461941/sortBy=mostRecent/json"
"6745461941","Shepherd: Spiritual Bible BFF","faith_devotional_habit","medium_high","5","jtbd_fast_emotional_reset","jtbd","Help me calm down or reset quickly","2026-03-12T07:44:43-07:00","https://itunes.apple.com/us/rss/customerreviews/id=6745461941/sortBy=mostRecent/json"
"6745461941","Shepherd: Spiritual Bible BFF","faith_devotional_habit","medium_high","5","jtbd_make_growth_visible","jtbd","Show me visible progress so effort feels real","2026-03-12T07:44:43-07:00","https://itunes.apple.com/us/rss/customerreviews/id=6745461941/sortBy=mostRecent/json"
"6745461941","Shepherd: Spiritual Bible BFF","faith_devotional_habit","medium_high","5","jtbd_structure_self_improvement","jtbd","Turn vague self-improvement into concrete actions","2026-03-12T07:44:43-07:00","https://itunes.apple.com/us/rss/customerreviews/id=6745461941/sortBy=mostRecent/json"
"6745461941","Shepherd: Spiritual Bible BFF","faith_devotional_habit","medium_high","3","jtbd_daily_anchor","jtbd","Give me a daily anchor I can return to","2026-02-12T21:41:39-07:00","https://itunes.apple.com/us/rss/customerreviews/id=6745461941/sortBy=mostRecent/json"
"6745461941","Shepherd: Spiritual Bible BFF","faith_devotional_habit","medium_high","3","jtbd_make_growth_visible","jtbd","Show me visible progress so effort feels real","2026-02-12T21:41:39-07:00","https://itunes.apple.com/us/rss/customerreviews/id=6745461941/sortBy=mostRecent/json"
"6745461941","Shepherd: Spiritual Bible BFF","faith_devotional_habit","medium_high","3","pain_content_depth_customization","pain","Users want more depth, options, or customization","2026-02-12T21:41:39-07:00","https://itunes.apple.com/us/rss/customerreviews/id=6745461941/sortBy=mostRecent/json"
"6745461941","Shepherd: Spiritual Bible BFF","faith_devotional_habit","medium_high","1","pain_trust_accuracy_safety","pain","Trust, accuracy, or spiritual safety concerns","2026-02-06T18:18:03-07:00","https://itunes.apple.com/us/rss/customerreviews/id=6745461941/sortBy=mostRecent/json"
"6745461941","Shepherd: Spiritual Bible BFF","faith_devotional_habit","medium_high","5","jtbd_belonging_accountability","jtbd","Feel accompanied or accountable","2026-01-29T04:04:27-07:00","https://itunes.apple.com/us/rss/customerreviews/id=6745461941/sortBy=mostRecent/json"
"6745461941","Shepherd: Spiritual Bible BFF","faith_devotional_habit","medium_high","5","pain_content_depth_customization","pain","Users want more depth, options, or customization","2026-01-29T04:04:27-07:00","https://itunes.apple.com/us/rss/customerreviews/id=6745461941/sortBy=mostRecent/json"
"6745461941","Shepherd: Spiritual Bible BFF","faith_devotional_habit","medium_high","5","jtbd_daily_anchor","jtbd","Give me a daily anchor I can return to","2026-01-27T21:59:05-07:00","https://itunes.apple.com/us/rss/customerreviews/id=6745461941/sortBy=mostRecent/json"
"6745461941","Shepherd: Spiritual Bible BFF","faith_devotional_habit","medium_high","5","jtbd_make_growth_visible","jtbd","Show me visible progress so effort feels real","2026-01-27T21:59:05-07:00","https://itunes.apple.com/us/rss/customerreviews/id=6745461941/sortBy=mostRecent/json"
"6745461941","Shepherd: Spiritual Bible BFF","faith_devotional_habit","medium_high","5","pain_subscription_value","pain","Subscription or paywall does not feel worth it","2026-01-27T21:59:05-07:00","https://itunes.apple.com/us/rss/customerreviews/id=6745461941/sortBy=mostRecent/json"
"6745461941","Shepherd: Spiritual Bible BFF","faith_devotional_habit","medium_high","5","pain_content_depth_customization","pain","Users want more depth, options, or customization","2026-01-27T21:59:05-07:00","https://itunes.apple.com/us/rss/customerreviews/id=6745461941/sortBy=mostRecent/json"
"6745461941","Shepherd: Spiritual Bible BFF","faith_devotional_habit","medium_high","5","jtbd_daily_anchor","jtbd","Give me a daily anchor I can return to","2026-01-22T19:06:02-07:00","https://itunes.apple.com/us/rss/customerreviews/id=6745461941/sortBy=mostRecent/json"
"6745461941","Shepherd: Spiritual Bible BFF","faith_devotional_habit","medium_high","5","jtbd_belonging_accountability","jtbd","Feel accompanied or accountable","2026-01-22T19:06:02-07:00","https://itunes.apple.com/us/rss/customerreviews/id=6745461941/sortBy=mostRecent/json"
"6745461941","Shepherd: Spiritual Bible BFF","faith_devotional_habit","medium_high","5","pain_content_depth_customization","pain","Users want more depth, options, or customization","2026-01-22T19:06:02-07:00","https://itunes.apple.com/us/rss/customerreviews/id=6745461941/sortBy=mostRecent/json"
"6745461941","Shepherd: Spiritual Bible BFF","faith_devotional_habit","medium_high","5","pain_subscription_value","pain","Subscription or paywall does not feel worth it","2026-01-20T22:12:46-07:00","https://itunes.apple.com/us/rss/customerreviews/id=6745461941/sortBy=mostRecent/json"
"6745461941","Shepherd: Spiritual Bible BFF","faith_devotional_habit","medium_high","5","jtbd_daily_anchor","jtbd","Give me a daily anchor I can return to","2026-01-17T19:54:14-07:00","https://itunes.apple.com/us/rss/customerreviews/id=6745461941/sortBy=mostRecent/json"
"6745461941","Shepherd: Spiritual Bible BFF","faith_devotional_habit","medium_high","5","jtbd_fast_emotional_reset","jtbd","Help me calm down or reset quickly","2026-01-17T17:10:21-07:00","https://itunes.apple.com/us/rss/customerreviews/id=6745461941/sortBy=mostRecent/json"
"6745461941","Shepherd: Spiritual Bible BFF","faith_devotional_habit","medium_high","5","pain_content_depth_customization","pain","Users want more depth, options, or customization","2026-01-17T17:10:21-07:00","https://itunes.apple.com/us/rss/customerreviews/id=6745461941/sortBy=mostRecent/json"
"6745461941","Shepherd: Spiritual Bible BFF","faith_devotional_habit","medium_high","5","jtbd_daily_anchor","jtbd","Give me a daily anchor I can return to","2026-01-12T19:14:02-07:00","https://itunes.apple.com/us/rss/customerreviews/id=6745461941/sortBy=mostRecent/json"
"6745461941","Shepherd: Spiritual Bible BFF","faith_devotional_habit","medium_high","4","jtbd_belonging_accountability","jtbd","Feel accompanied or accountable","2026-01-04T14:32:42-07:00","https://itunes.apple.com/us/rss/customerreviews/id=6745461941/sortBy=mostRecent/json"
"6745461941","Shepherd: Spiritual Bible BFF","faith_devotional_habit","medium_high","4","pain_content_depth_customization","pain","Users want more depth, options, or customization","2026-01-04T14:32:42-07:00","https://itunes.apple.com/us/rss/customerreviews/id=6745461941/sortBy=mostRecent/json"
"6745461941","Shepherd: Spiritual Bible BFF","faith_devotional_habit","medium_high","5","jtbd_belonging_accountability","jtbd","Feel accompanied or accountable","2026-01-01T20:02:38-07:00","https://itunes.apple.com/us/rss/customerreviews/id=6745461941/sortBy=mostRecent/json"
"6745461941","Shepherd: Spiritual Bible BFF","faith_devotional_habit","medium_high","5","jtbd_daily_anchor","jtbd","Give me a daily anchor I can return to","2025-12-28T06:28:41-07:00","https://itunes.apple.com/us/rss/customerreviews/id=6745461941/sortBy=mostRecent/json"
"6745461941","Shepherd: Spiritual Bible BFF","faith_devotional_habit","medium_high","5","jtbd_structure_self_improvement","jtbd","Turn vague self-improvement into concrete actions","2025-12-28T06:28:41-07:00","https://itunes.apple.com/us/rss/customerreviews/id=6745461941/sortBy=mostRecent/json"
"6470808583","Pitstop: Scale Human Potential","gamified_self_improvement","medium_high","5","jtbd_fast_emotional_reset","jtbd","Help me calm down or reset quickly","2025-11-12T13:36:29-07:00","https://itunes.apple.com/us/rss/customerreviews/id=6470808583/sortBy=mostRecent/json"
"6470808583","Pitstop: Scale Human Potential","gamified_self_improvement","medium_high","5","jtbd_make_growth_visible","jtbd","Show me visible progress so effort feels real","2025-11-12T13:36:29-07:00","https://itunes.apple.com/us/rss/customerreviews/id=6470808583/sortBy=mostRecent/json"
"6470808583","Pitstop: Scale Human Potential","gamified_self_improvement","medium_high","5","jtbd_structure_self_improvement","jtbd","Turn vague self-improvement into concrete actions","2025-11-12T13:36:29-07:00","https://itunes.apple.com/us/rss/customerreviews/id=6470808583/sortBy=mostRecent/json"
"6470808583","Pitstop: Scale Human Potential","gamified_self_improvement","medium_high","5","pain_reliability_breaks_ritual","pain","Bugs break trust and interrupt the ritual","2025-11-12T13:36:29-07:00","https://itunes.apple.com/us/rss/customerreviews/id=6470808583/sortBy=mostRecent/json"
"6470808583","Pitstop: Scale Human Potential","gamified_self_improvement","medium_high","5","jtbd_belonging_accountability","jtbd","Feel accompanied or accountable","2025-05-08T08:38:43-07:00","https://itunes.apple.com/us/rss/customerreviews/id=6470808583/sortBy=mostRecent/json"
"6470808583","Pitstop: Scale Human Potential","gamified_self_improvement","medium_high","5","jtbd_make_growth_visible","jtbd","Show me visible progress so effort feels real","2025-05-08T08:06:54-07:00","https://itunes.apple.com/us/rss/customerreviews/id=6470808583/sortBy=mostRecent/json"
"6470808583","Pitstop: Scale Human Potential","gamified_self_improvement","medium_high","5","pain_content_depth_customization","pain","Users want more depth, options, or customization","2025-05-08T08:06:54-07:00","https://itunes.apple.com/us/rss/customerreviews/id=6470808583/sortBy=mostRecent/json"
"6470808583","Pitstop: Scale Human Potential","gamified_self_improvement","medium_high","5","pain_signup_access_friction","pain","Signup, access, or device friction blocks activation","2025-05-08T08:06:54-07:00","https://itunes.apple.com/us/rss/customerreviews/id=6470808583/sortBy=mostRecent/json"
"6470808583","Pitstop: Scale Human Potential","gamified_self_improvement","medium_high","5","jtbd_daily_anchor","jtbd","Give me a daily anchor I can return to","2025-04-20T13:08:34-07:00","https://itunes.apple.com/us/rss/customerreviews/id=6470808583/sortBy=mostRecent/json"
"6470808583","Pitstop: Scale Human Potential","gamified_self_improvement","medium_high","5","jtbd_structure_self_improvement","jtbd","Turn vague self-improvement into concrete actions","2025-04-20T13:08:34-07:00","https://itunes.apple.com/us/rss/customerreviews/id=6470808583/sortBy=mostRecent/json"
"6470808583","Pitstop: Scale Human Potential","gamified_self_improvement","medium_high","5","pain_content_depth_customization","pain","Users want more depth, options, or customization","2025-04-20T13:08:34-07:00","https://itunes.apple.com/us/rss/customerreviews/id=6470808583/sortBy=mostRecent/json"
"6470808583","Pitstop: Scale Human Potential","gamified_self_improvement","medium_high","5","jtbd_make_growth_visible","jtbd","Show me visible progress so effort feels real","2025-04-12T17:11:36-07:00","https://itunes.apple.com/us/rss/customerreviews/id=6470808583/sortBy=mostRecent/json"
"6470808583","Pitstop: Scale Human Potential","gamified_self_improvement","medium_high","5","jtbd_belonging_accountability","jtbd","Feel accompanied or accountable","2025-04-12T17:11:36-07:00","https://itunes.apple.com/us/rss/customerreviews/id=6470808583/sortBy=mostRecent/json"
"6470808583","Pitstop: Scale Human Potential","gamified_self_improvement","medium_high","5","pain_subscription_value","pain","Subscription or paywall does not feel worth it","2025-04-12T17:11:36-07:00","https://itunes.apple.com/us/rss/customerreviews/id=6470808583/sortBy=mostRecent/json"
"6470808583","Pitstop: Scale Human Potential","gamified_self_improvement","medium_high","1","jtbd_structure_self_improvement","jtbd","Turn vague self-improvement into concrete actions","2024-07-13T13:22:11-07:00","https://itunes.apple.com/us/rss/customerreviews/id=6470808583/sortBy=mostRecent/json"
"6470808583","Pitstop: Scale Human Potential","gamified_self_improvement","medium_high","1","pain_unclear_game_loop","pain","The game layer can feel confusing or disconnected","2024-07-13T13:22:11-07:00","https://itunes.apple.com/us/rss/customerreviews/id=6470808583/sortBy=mostRecent/json"
"6469438038","ModernSam: LVL up your life","manifestation_tool","medium_high","5","jtbd_daily_anchor","jtbd","Give me a daily anchor I can return to","2026-05-02T17:22:06-07:00","https://itunes.apple.com/us/rss/customerreviews/id=6469438038/sortBy=mostRecent/json"
"6469438038","ModernSam: LVL up your life","manifestation_tool","medium_high","5","jtbd_make_growth_visible","jtbd","Show me visible progress so effort feels real","2026-05-02T17:22:06-07:00","https://itunes.apple.com/us/rss/customerreviews/id=6469438038/sortBy=mostRecent/json"
"6469438038","ModernSam: LVL up your life","manifestation_tool","medium_high","5","jtbd_structure_self_improvement","jtbd","Turn vague self-improvement into concrete actions","2026-05-02T17:22:06-07:00","https://itunes.apple.com/us/rss/customerreviews/id=6469438038/sortBy=mostRecent/json"
"6469438038","ModernSam: LVL up your life","manifestation_tool","medium_high","5","pain_subscription_value","pain","Subscription or paywall does not feel worth it","2026-05-02T17:22:06-07:00","https://itunes.apple.com/us/rss/customerreviews/id=6469438038/sortBy=mostRecent/json"
"6469438038","ModernSam: LVL up your life","manifestation_tool","medium_high","5","pain_content_depth_customization","pain","Users want more depth, options, or customization","2026-05-02T17:22:06-07:00","https://itunes.apple.com/us/rss/customerreviews/id=6469438038/sortBy=mostRecent/json"
"6469438038","ModernSam: LVL up your life","manifestation_tool","medium_high","5","jtbd_fast_emotional_reset","jtbd","Help me calm down or reset quickly","2026-04-19T09:34:29-07:00","https://itunes.apple.com/us/rss/customerreviews/id=6469438038/sortBy=mostRecent/json"
"6469438038","ModernSam: LVL up your life","manifestation_tool","medium_high","5","pain_content_depth_customization","pain","Users want more depth, options, or customization","2026-04-19T09:34:29-07:00","https://itunes.apple.com/us/rss/customerreviews/id=6469438038/sortBy=mostRecent/json"
"6469438038","ModernSam: LVL up your life","manifestation_tool","medium_high","5","jtbd_make_growth_visible","jtbd","Show me visible progress so effort feels real","2025-12-04T16:40:05-07:00","https://itunes.apple.com/us/rss/customerreviews/id=6469438038/sortBy=mostRecent/json"
"6469438038","ModernSam: LVL up your life","manifestation_tool","medium_high","4","jtbd_daily_anchor","jtbd","Give me a daily anchor I can return to","2025-04-30T10:59:40-07:00","https://itunes.apple.com/us/rss/customerreviews/id=6469438038/sortBy=mostRecent/json"
"6469438038","ModernSam: LVL up your life","manifestation_tool","medium_high","4","jtbd_make_growth_visible","jtbd","Show me visible progress so effort feels real","2025-04-30T10:59:40-07:00","https://itunes.apple.com/us/rss/customerreviews/id=6469438038/sortBy=mostRecent/json"
"6469438038","ModernSam: LVL up your life","manifestation_tool","medium_high","4","jtbd_structure_self_improvement","jtbd","Turn vague self-improvement into concrete actions","2025-04-30T10:59:40-07:00","https://itunes.apple.com/us/rss/customerreviews/id=6469438038/sortBy=mostRecent/json"
"6469438038","ModernSam: LVL up your life","manifestation_tool","medium_high","4","pain_unclear_game_loop","pain","The game layer can feel confusing or disconnected","2025-04-30T10:59:40-07:00","https://itunes.apple.com/us/rss/customerreviews/id=6469438038/sortBy=mostRecent/json"
"6469438038","ModernSam: LVL up your life","manifestation_tool","medium_high","2","jtbd_daily_anchor","jtbd","Give me a daily anchor I can return to","2025-03-16T02:40:02-07:00","https://itunes.apple.com/us/rss/customerreviews/id=6469438038/sortBy=mostRecent/json"
"6469438038","ModernSam: LVL up your life","manifestation_tool","medium_high","2","jtbd_make_growth_visible","jtbd","Show me visible progress so effort feels real","2025-03-16T02:40:02-07:00","https://itunes.apple.com/us/rss/customerreviews/id=6469438038/sortBy=mostRecent/json"
"6469438038","ModernSam: LVL up your life","manifestation_tool","medium_high","2","jtbd_structure_self_improvement","jtbd","Turn vague self-improvement into concrete actions","2025-03-16T02:40:02-07:00","https://itunes.apple.com/us/rss/customerreviews/id=6469438038/sortBy=mostRecent/json"
"6469438038","ModernSam: LVL up your life","manifestation_tool","medium_high","2","pain_content_depth_customization","pain","Users want more depth, options, or customization","2025-03-16T02:40:02-07:00","https://itunes.apple.com/us/rss/customerreviews/id=6469438038/sortBy=mostRecent/json"
"6469438038","ModernSam: LVL up your life","manifestation_tool","medium_high","2","pain_unclear_game_loop","pain","The game layer can feel confusing or disconnected","2025-03-16T02:40:02-07:00","https://itunes.apple.com/us/rss/customerreviews/id=6469438038/sortBy=mostRecent/json"
"6469438038","ModernSam: LVL up your life","manifestation_tool","medium_high","5","jtbd_structure_self_improvement","jtbd","Turn vague self-improvement into concrete actions","2024-10-17T10:14:11-07:00","https://itunes.apple.com/us/rss/customerreviews/id=6469438038/sortBy=mostRecent/json"
"6469438038","ModernSam: LVL up your life","manifestation_tool","medium_high","5","pain_content_depth_customization","pain","Users want more depth, options, or customization","2024-10-17T10:14:11-07:00","https://itunes.apple.com/us/rss/customerreviews/id=6469438038/sortBy=mostRecent/json"
"6469438038","ModernSam: LVL up your life","manifestation_tool","medium_high","5","pain_unclear_game_loop","pain","The game layer can feel confusing or disconnected","2024-10-17T10:14:11-07:00","https://itunes.apple.com/us/rss/customerreviews/id=6469438038/sortBy=mostRecent/json"
"6469438038","ModernSam: LVL up your life","manifestation_tool","medium_high","5","jtbd_structure_self_improvement","jtbd","Turn vague self-improvement into concrete actions","2024-09-25T09:30:57-07:00","https://itunes.apple.com/us/rss/customerreviews/id=6469438038/sortBy=mostRecent/json"
"6469438038","ModernSam: LVL up your life","manifestation_tool","medium_high","5","jtbd_daily_anchor","jtbd","Give me a daily anchor I can return to","2024-09-17T22:30:44-07:00","https://itunes.apple.com/us/rss/customerreviews/id=6469438038/sortBy=mostRecent/json"
"6469438038","ModernSam: LVL up your life","manifestation_tool","medium_high","5","pain_content_depth_customization","pain","Users want more depth, options, or customization","2024-09-17T22:30:44-07:00","https://itunes.apple.com/us/rss/customerreviews/id=6469438038/sortBy=mostRecent/json"
"6469438038","ModernSam: LVL up your life","manifestation_tool","medium_high","4","jtbd_structure_self_improvement","jtbd","Turn vague self-improvement into concrete actions","2024-08-21T10:54:26-07:00","https://itunes.apple.com/us/rss/customerreviews/id=6469438038/sortBy=mostRecent/json"
"6469438038","ModernSam: LVL up your life","manifestation_tool","medium_high","4","jtbd_belonging_accountability","jtbd","Feel accompanied or accountable","2024-08-21T10:54:26-07:00","https://itunes.apple.com/us/rss/customerreviews/id=6469438038/sortBy=mostRecent/json"
"6469438038","ModernSam: LVL up your life","manifestation_tool","medium_high","4","pain_content_depth_customization","pain","Users want more depth, options, or customization","2024-08-21T10:54:26-07:00","https://itunes.apple.com/us/rss/customerreviews/id=6469438038/sortBy=mostRecent/json"
"6469438038","ModernSam: LVL up your life","manifestation_tool","medium_high","4","pain_unclear_game_loop","pain","The game layer can feel confusing or disconnected","2024-08-21T10:54:26-07:00","https://itunes.apple.com/us/rss/customerreviews/id=6469438038/sortBy=mostRecent/json"
"6469438038","ModernSam: LVL up your life","manifestation_tool","medium_high","5","jtbd_daily_anchor","jtbd","Give me a daily anchor I can return to","2024-08-20T18:18:08-07:00","https://itunes.apple.com/us/rss/customerreviews/id=6469438038/sortBy=mostRecent/json"
"6469438038","ModernSam: LVL up your life","manifestation_tool","medium_high","5","jtbd_structure_self_improvement","jtbd","Turn vague self-improvement into concrete actions","2024-08-20T18:18:08-07:00","https://itunes.apple.com/us/rss/customerreviews/id=6469438038/sortBy=mostRecent/json"
"6469438038","ModernSam: LVL up your life","manifestation_tool","medium_high","5","jtbd_daily_anchor","jtbd","Give me a daily anchor I can return to","2024-08-20T09:26:15-07:00","https://itunes.apple.com/us/rss/customerreviews/id=6469438038/sortBy=mostRecent/json"
"6469438038","ModernSam: LVL up your life","manifestation_tool","medium_high","5","jtbd_make_growth_visible","jtbd","Show me visible progress so effort feels real","2024-08-20T09:26:15-07:00","https://itunes.apple.com/us/rss/customerreviews/id=6469438038/sortBy=mostRecent/json"
"6469438038","ModernSam: LVL up your life","manifestation_tool","medium_high","5","jtbd_structure_self_improvement","jtbd","Turn vague self-improvement into concrete actions","2024-08-20T09:26:15-07:00","https://itunes.apple.com/us/rss/customerreviews/id=6469438038/sortBy=mostRecent/json"
"6469438038","ModernSam: LVL up your life","manifestation_tool","medium_high","5","pain_content_depth_customization","pain","Users want more depth, options, or customization","2024-08-20T09:26:15-07:00","https://itunes.apple.com/us/rss/customerreviews/id=6469438038/sortBy=mostRecent/json"
"6469438038","ModernSam: LVL up your life","manifestation_tool","medium_high","5","pain_unclear_game_loop","pain","The game layer can feel confusing or disconnected","2024-08-20T09:26:15-07:00","https://itunes.apple.com/us/rss/customerreviews/id=6469438038/sortBy=mostRecent/json"
"6469438038","ModernSam: LVL up your life","manifestation_tool","medium_high","5","jtbd_structure_self_improvement","jtbd","Turn vague self-improvement into concrete actions","2024-07-27T08:14:16-07:00","https://itunes.apple.com/us/rss/customerreviews/id=6469438038/sortBy=mostRecent/json"
"6469438038","ModernSam: LVL up your life","manifestation_tool","medium_high","5","pain_content_depth_customization","pain","Users want more depth, options, or customization","2024-07-27T08:14:16-07:00","https://itunes.apple.com/us/rss/customerreviews/id=6469438038/sortBy=mostRecent/json"
"6469438038","ModernSam: LVL up your life","manifestation_tool","medium_high","5","pain_unclear_game_loop","pain","The game layer can feel confusing or disconnected","2024-07-27T08:14:16-07:00","https://itunes.apple.com/us/rss/customerreviews/id=6469438038/sortBy=mostRecent/json"
"6469438038","ModernSam: LVL up your life","manifestation_tool","medium_high","5","jtbd_daily_anchor","jtbd","Give me a daily anchor I can return to","2024-06-08T10:19:17-07:00","https://itunes.apple.com/us/rss/customerreviews/id=6469438038/sortBy=mostRecent/json"
"6469438038","ModernSam: LVL up your life","manifestation_tool","medium_high","5","jtbd_structure_self_improvement","jtbd","Turn vague self-improvement into concrete actions","2024-06-08T10:19:17-07:00","https://itunes.apple.com/us/rss/customerreviews/id=6469438038/sortBy=mostRecent/json"
"6469438038","ModernSam: LVL up your life","manifestation_tool","medium_high","5","jtbd_belonging_accountability","jtbd","Feel accompanied or accountable","2024-06-08T10:19:17-07:00","https://itunes.apple.com/us/rss/customerreviews/id=6469438038/sortBy=mostRecent/json"
"6469438038","ModernSam: LVL up your life","manifestation_tool","medium_high","5","pain_content_depth_customization","pain","Users want more depth, options, or customization","2024-06-08T10:19:17-07:00","https://itunes.apple.com/us/rss/customerreviews/id=6469438038/sortBy=mostRecent/json"
"6469438038","ModernSam: LVL up your life","manifestation_tool","medium_high","5","pain_unclear_game_loop","pain","The game layer can feel confusing or disconnected","2024-06-08T10:19:17-07:00","https://itunes.apple.com/us/rss/customerreviews/id=6469438038/sortBy=mostRecent/json"
"6469438038","ModernSam: LVL up your life","manifestation_tool","medium_high","5","pain_signup_access_friction","pain","Signup, access, or device friction blocks activation","2024-06-07T14:56:16-07:00","https://itunes.apple.com/us/rss/customerreviews/id=6469438038/sortBy=mostRecent/json"
"6469438038","ModernSam: LVL up your life","manifestation_tool","medium_high","5","jtbd_make_growth_visible","jtbd","Show me visible progress so effort feels real","2024-05-09T11:53:13-07:00","https://itunes.apple.com/us/rss/customerreviews/id=6469438038/sortBy=mostRecent/json"
"6469438038","ModernSam: LVL up your life","manifestation_tool","medium_high","5","jtbd_belonging_accountability","jtbd","Feel accompanied or accountable","2024-05-09T11:53:13-07:00","https://itunes.apple.com/us/rss/customerreviews/id=6469438038/sortBy=mostRecent/json"
"6469438038","ModernSam: LVL up your life","manifestation_tool","medium_high","2","jtbd_make_growth_visible","jtbd","Show me visible progress so effort feels real","2024-04-01T13:26:14-07:00","https://itunes.apple.com/us/rss/customerreviews/id=6469438038/sortBy=mostRecent/json"
"6469438038","ModernSam: LVL up your life","manifestation_tool","medium_high","2","jtbd_structure_self_improvement","jtbd","Turn vague self-improvement into concrete actions","2024-04-01T13:26:14-07:00","https://itunes.apple.com/us/rss/customerreviews/id=6469438038/sortBy=mostRecent/json"
"6469438038","ModernSam: LVL up your life","manifestation_tool","medium_high","2","pain_content_depth_customization","pain","Users want more depth, options, or customization","2024-04-01T13:26:14-07:00","https://itunes.apple.com/us/rss/customerreviews/id=6469438038/sortBy=mostRecent/json"
"6469438038","ModernSam: LVL up your life","manifestation_tool","medium_high","2","pain_unclear_game_loop","pain","The game layer can feel confusing or disconnected","2024-04-01T13:26:14-07:00","https://itunes.apple.com/us/rss/customerreviews/id=6469438038/sortBy=mostRecent/json"
"6469438038","ModernSam: LVL up your life","manifestation_tool","medium_high","3","jtbd_daily_anchor","jtbd","Give me a daily anchor I can return to","2024-03-09T15:06:34-07:00","https://itunes.apple.com/us/rss/customerreviews/id=6469438038/sortBy=mostRecent/json"
"6469438038","ModernSam: LVL up your life","manifestation_tool","medium_high","3","pain_content_depth_customization","pain","Users want more depth, options, or customization","2024-03-09T15:06:34-07:00","https://itunes.apple.com/us/rss/customerreviews/id=6469438038/sortBy=mostRecent/json"
"6469438038","ModernSam: LVL up your life","manifestation_tool","medium_high","5","jtbd_make_growth_visible","jtbd","Show me visible progress so effort feels real","2024-01-12T05:29:06-07:00","https://itunes.apple.com/us/rss/customerreviews/id=6469438038/sortBy=mostRecent/json"
"6469438038","ModernSam: LVL up your life","manifestation_tool","medium_high","5","jtbd_structure_self_improvement","jtbd","Turn vague self-improvement into concrete actions","2024-01-12T05:29:06-07:00","https://itunes.apple.com/us/rss/customerreviews/id=6469438038/sortBy=mostRecent/json"
"6469438038","ModernSam: LVL up your life","manifestation_tool","medium_high","5","jtbd_belonging_accountability","jtbd","Feel accompanied or accountable","2024-01-12T05:29:06-07:00","https://itunes.apple.com/us/rss/customerreviews/id=6469438038/sortBy=mostRecent/json"
"6469438038","ModernSam: LVL up your life","manifestation_tool","medium_high","5","pain_content_depth_customization","pain","Users want more depth, options, or customization","2024-01-12T05:29:06-07:00","https://itunes.apple.com/us/rss/customerreviews/id=6469438038/sortBy=mostRecent/json"
"6469438038","ModernSam: LVL up your life","manifestation_tool","medium_high","5","pain_unclear_game_loop","pain","The game layer can feel confusing or disconnected","2024-01-12T05:29:06-07:00","https://itunes.apple.com/us/rss/customerreviews/id=6469438038/sortBy=mostRecent/json"
"6469438038","ModernSam: LVL up your life","manifestation_tool","medium_high","4","pain_reliability_breaks_ritual","pain","Bugs break trust and interrupt the ritual","2024-01-11T16:55:32-07:00","https://itunes.apple.com/us/rss/customerreviews/id=6469438038/sortBy=mostRecent/json"
"6469438038","ModernSam: LVL up your life","manifestation_tool","medium_high","5","jtbd_structure_self_improvement","jtbd","Turn vague self-improvement into concrete actions","2024-01-08T12:50:13-07:00","https://itunes.apple.com/us/rss/customerreviews/id=6469438038/sortBy=mostRecent/json"
"6469438038","ModernSam: LVL up your life","manifestation_tool","medium_high","4","pain_content_depth_customization","pain","Users want more depth, options, or customization","2024-01-05T15:22:37-07:00","https://itunes.apple.com/us/rss/customerreviews/id=6469438038/sortBy=mostRecent/json"
"6469438038","ModernSam: LVL up your life","manifestation_tool","medium_high","5","pain_content_depth_customization","pain","Users want more depth, options, or customization","2024-01-04T08:47:36-07:00","https://itunes.apple.com/us/rss/customerreviews/id=6469438038/sortBy=mostRecent/json"
"6469438038","ModernSam: LVL up your life","manifestation_tool","medium_high","5","jtbd_structure_self_improvement","jtbd","Turn vague self-improvement into concrete actions","2024-01-01T14:46:31-07:00","https://itunes.apple.com/us/rss/customerreviews/id=6469438038/sortBy=mostRecent/json"
"6469438038","ModernSam: LVL up your life","manifestation_tool","medium_high","4","jtbd_daily_anchor","jtbd","Give me a daily anchor I can return to","2024-01-01T10:03:43-07:00","https://itunes.apple.com/us/rss/customerreviews/id=6469438038/sortBy=mostRecent/json"
"6469438038","ModernSam: LVL up your life","manifestation_tool","medium_high","4","jtbd_fast_emotional_reset","jtbd","Help me calm down or reset quickly","2024-01-01T10:03:43-07:00","https://itunes.apple.com/us/rss/customerreviews/id=6469438038/sortBy=mostRecent/json"
"6469438038","ModernSam: LVL up your life","manifestation_tool","medium_high","4","jtbd_make_growth_visible","jtbd","Show me visible progress so effort feels real","2024-01-01T10:03:43-07:00","https://itunes.apple.com/us/rss/customerreviews/id=6469438038/sortBy=mostRecent/json"
"6469438038","ModernSam: LVL up your life","manifestation_tool","medium_high","4","pain_content_depth_customization","pain","Users want more depth, options, or customization","2024-01-01T10:03:43-07:00","https://itunes.apple.com/us/rss/customerreviews/id=6469438038/sortBy=mostRecent/json"
"6469438038","ModernSam: LVL up your life","manifestation_tool","medium_high","4","pain_signup_access_friction","pain","Signup, access, or device friction blocks activation","2024-01-01T10:03:43-07:00","https://itunes.apple.com/us/rss/customerreviews/id=6469438038/sortBy=mostRecent/json"
"6469438038","ModernSam: LVL up your life","manifestation_tool","medium_high","5","jtbd_daily_anchor","jtbd","Give me a daily anchor I can return to","2024-01-01T05:41:39-07:00","https://itunes.apple.com/us/rss/customerreviews/id=6469438038/sortBy=mostRecent/json"
"6469438038","ModernSam: LVL up your life","manifestation_tool","medium_high","5","jtbd_structure_self_improvement","jtbd","Turn vague self-improvement into concrete actions","2024-01-01T05:41:39-07:00","https://itunes.apple.com/us/rss/customerreviews/id=6469438038/sortBy=mostRecent/json"
"6469438038","ModernSam: LVL up your life","manifestation_tool","medium_high","5","jtbd_belonging_accountability","jtbd","Feel accompanied or accountable","2024-01-01T05:41:39-07:00","https://itunes.apple.com/us/rss/customerreviews/id=6469438038/sortBy=mostRecent/json"
"6469438038","ModernSam: LVL up your life","manifestation_tool","medium_high","5","pain_content_depth_customization","pain","Users want more depth, options, or customization","2024-01-01T05:41:39-07:00","https://itunes.apple.com/us/rss/customerreviews/id=6469438038/sortBy=mostRecent/json"
"6469438038","ModernSam: LVL up your life","manifestation_tool","medium_high","5","jtbd_fast_emotional_reset","jtbd","Help me calm down or reset quickly","2023-12-31T15:20:13-07:00","https://itunes.apple.com/us/rss/customerreviews/id=6469438038/sortBy=mostRecent/json"
"6469438038","ModernSam: LVL up your life","manifestation_tool","medium_high","5","jtbd_make_growth_visible","jtbd","Show me visible progress so effort feels real","2023-12-31T15:20:13-07:00","https://itunes.apple.com/us/rss/customerreviews/id=6469438038/sortBy=mostRecent/json"
"6469438038","ModernSam: LVL up your life","manifestation_tool","medium_high","5","jtbd_structure_self_improvement","jtbd","Turn vague self-improvement into concrete actions","2023-12-31T15:20:13-07:00","https://itunes.apple.com/us/rss/customerreviews/id=6469438038/sortBy=mostRecent/json"
"6469438038","ModernSam: LVL up your life","manifestation_tool","medium_high","5","pain_unclear_game_loop","pain","The game layer can feel confusing or disconnected","2023-12-31T15:20:13-07:00","https://itunes.apple.com/us/rss/customerreviews/id=6469438038/sortBy=mostRecent/json"
"6469438038","ModernSam: LVL up your life","manifestation_tool","medium_high","5","jtbd_make_growth_visible","jtbd","Show me visible progress so effort feels real","2023-12-31T14:22:52-07:00","https://itunes.apple.com/us/rss/customerreviews/id=6469438038/sortBy=mostRecent/json"
"6469438038","ModernSam: LVL up your life","manifestation_tool","medium_high","5","jtbd_structure_self_improvement","jtbd","Turn vague self-improvement into concrete actions","2023-12-31T14:22:52-07:00","https://itunes.apple.com/us/rss/customerreviews/id=6469438038/sortBy=mostRecent/json"
"6469438038","ModernSam: LVL up your life","manifestation_tool","medium_high","5","jtbd_belonging_accountability","jtbd","Feel accompanied or accountable","2023-12-31T14:22:52-07:00","https://itunes.apple.com/us/rss/customerreviews/id=6469438038/sortBy=mostRecent/json"
"6469438038","ModernSam: LVL up your life","manifestation_tool","medium_high","5","pain_content_depth_customization","pain","Users want more depth, options, or customization","2023-12-31T14:22:52-07:00","https://itunes.apple.com/us/rss/customerreviews/id=6469438038/sortBy=mostRecent/json"
"6469438038","ModernSam: LVL up your life","manifestation_tool","medium_high","5","pain_signup_access_friction","pain","Signup, access, or device friction blocks activation","2023-12-31T14:22:52-07:00","https://itunes.apple.com/us/rss/customerreviews/id=6469438038/sortBy=mostRecent/json"
"6469438038","ModernSam: LVL up your life","manifestation_tool","medium_high","5","jtbd_make_growth_visible","jtbd","Show me visible progress so effort feels real","2023-12-31T14:19:58-07:00","https://itunes.apple.com/us/rss/customerreviews/id=6469438038/sortBy=mostRecent/json"
"6469438038","ModernSam: LVL up your life","manifestation_tool","medium_high","5","jtbd_structure_self_improvement","jtbd","Turn vague self-improvement into concrete actions","2023-12-31T14:19:58-07:00","https://itunes.apple.com/us/rss/customerreviews/id=6469438038/sortBy=mostRecent/json"
"6469438038","ModernSam: LVL up your life","manifestation_tool","medium_high","5","pain_unclear_game_loop","pain","The game layer can feel confusing or disconnected","2023-12-31T12:15:29-07:00","https://itunes.apple.com/us/rss/customerreviews/id=6469438038/sortBy=mostRecent/json"
"6469438038","ModernSam: LVL up your life","manifestation_tool","medium_high","5","jtbd_make_growth_visible","jtbd","Show me visible progress so effort feels real","2023-12-31T10:52:25-07:00","https://itunes.apple.com/us/rss/customerreviews/id=6469438038/sortBy=mostRecent/json"
"6469438038","ModernSam: LVL up your life","manifestation_tool","medium_high","5","pain_content_depth_customization","pain","Users want more depth, options, or customization","2023-12-31T10:52:25-07:00","https://itunes.apple.com/us/rss/customerreviews/id=6469438038/sortBy=mostRecent/json"
"6474508082","Muna: Astrology & Horoscope","astrology_guidance","medium_high","5","jtbd_daily_anchor","jtbd","Give me a daily anchor I can return to","2025-01-23T18:13:13-07:00","https://itunes.apple.com/us/rss/customerreviews/id=6474508082/sortBy=mostRecent/json"
"6744795314","yap: astrology & dream journal","astrology_guidance","medium_high","1","pain_subscription_value","pain","Subscription or paywall does not feel worth it","2026-05-23T17:23:29-07:00","https://itunes.apple.com/us/rss/customerreviews/id=6744795314/sortBy=mostRecent/json"
"6744795314","yap: astrology & dream journal","astrology_guidance","medium_high","1","pain_content_depth_customization","pain","Users want more depth, options, or customization","2026-05-23T17:23:29-07:00","https://itunes.apple.com/us/rss/customerreviews/id=6744795314/sortBy=mostRecent/json"
"6744795314","yap: astrology & dream journal","astrology_guidance","medium_high","3","pain_subscription_value","pain","Subscription or paywall does not feel worth it","2026-04-30T07:56:57-07:00","https://itunes.apple.com/us/rss/customerreviews/id=6744795314/sortBy=mostRecent/json"
"6744795314","yap: astrology & dream journal","astrology_guidance","medium_high","3","pain_reliability_breaks_ritual","pain","Bugs break trust and interrupt the ritual","2026-04-30T07:56:57-07:00","https://itunes.apple.com/us/rss/customerreviews/id=6744795314/sortBy=mostRecent/json"
"6744795314","yap: astrology & dream journal","astrology_guidance","medium_high","3","pain_unclear_game_loop","pain","The game layer can feel confusing or disconnected","2026-04-30T07:56:57-07:00","https://itunes.apple.com/us/rss/customerreviews/id=6744795314/sortBy=mostRecent/json"
"6744795314","yap: astrology & dream journal","astrology_guidance","medium_high","1","pain_trust_accuracy_safety","pain","Trust, accuracy, or spiritual safety concerns","2026-04-16T11:29:02-07:00","https://itunes.apple.com/us/rss/customerreviews/id=6744795314/sortBy=mostRecent/json"
"6744795314","yap: astrology & dream journal","astrology_guidance","medium_high","1","pain_signup_access_friction","pain","Signup, access, or device friction blocks activation","2026-01-27T05:08:08-07:00","https://itunes.apple.com/us/rss/customerreviews/id=6744795314/sortBy=mostRecent/json"
"6744795314","yap: astrology & dream journal","astrology_guidance","medium_high","2","pain_subscription_value","pain","Subscription or paywall does not feel worth it","2025-08-12T17:11:54-07:00","https://itunes.apple.com/us/rss/customerreviews/id=6744795314/sortBy=mostRecent/json"
"6744795314","yap: astrology & dream journal","astrology_guidance","medium_high","5","jtbd_structure_self_improvement","jtbd","Turn vague self-improvement into concrete actions","2025-06-07T12:19:57-07:00","https://itunes.apple.com/us/rss/customerreviews/id=6744795314/sortBy=mostRecent/json"
"6744795314","yap: astrology & dream journal","astrology_guidance","medium_high","5","pain_content_depth_customization","pain","Users want more depth, options, or customization","2025-06-07T12:19:57-07:00","https://itunes.apple.com/us/rss/customerreviews/id=6744795314/sortBy=mostRecent/json"
"6744795314","yap: astrology & dream journal","astrology_guidance","medium_high","5","jtbd_feel_seen_personalized","jtbd","Make the guidance feel personally about me","2025-06-06T00:05:51-07:00","https://itunes.apple.com/us/rss/customerreviews/id=6744795314/sortBy=mostRecent/json"
"6744795314","yap: astrology & dream journal","astrology_guidance","medium_high","5","jtbd_structure_self_improvement","jtbd","Turn vague self-improvement into concrete actions","2025-06-06T00:05:51-07:00","https://itunes.apple.com/us/rss/customerreviews/id=6744795314/sortBy=mostRecent/json"
"6744795314","yap: astrology & dream journal","astrology_guidance","medium_high","5","pain_content_depth_customization","pain","Users want more depth, options, or customization","2025-06-06T00:05:51-07:00","https://itunes.apple.com/us/rss/customerreviews/id=6744795314/sortBy=mostRecent/json"
"6744795314","yap: astrology & dream journal","astrology_guidance","medium_high","5","pain_signup_access_friction","pain","Signup, access, or device friction blocks activation","2025-06-06T00:05:51-07:00","https://itunes.apple.com/us/rss/customerreviews/id=6744795314/sortBy=mostRecent/json"
"6744795314","yap: astrology & dream journal","astrology_guidance","medium_high","5","jtbd_daily_anchor","jtbd","Give me a daily anchor I can return to","2025-06-04T22:02:22-07:00","https://itunes.apple.com/us/rss/customerreviews/id=6744795314/sortBy=mostRecent/json"
"6744795314","yap: astrology & dream journal","astrology_guidance","medium_high","5","jtbd_structure_self_improvement","jtbd","Turn vague self-improvement into concrete actions","2025-06-04T22:02:22-07:00","https://itunes.apple.com/us/rss/customerreviews/id=6744795314/sortBy=mostRecent/json"
"6744795314","yap: astrology & dream journal","astrology_guidance","medium_high","5","jtbd_belonging_accountability","jtbd","Feel accompanied or accountable","2025-06-04T22:02:22-07:00","https://itunes.apple.com/us/rss/customerreviews/id=6744795314/sortBy=mostRecent/json"
"6744795314","yap: astrology & dream journal","astrology_guidance","medium_high","5","pain_trust_accuracy_safety","pain","Trust, accuracy, or spiritual safety concerns","2025-06-04T22:02:22-07:00","https://itunes.apple.com/us/rss/customerreviews/id=6744795314/sortBy=mostRecent/json"
"6476827721","Lunaria AI - Soulmate Drawing","astrology_guidance","high","1","pain_subscription_value","pain","Subscription or paywall does not feel worth it","2025-10-06T17:44:34-07:00","https://itunes.apple.com/us/rss/customerreviews/id=6476827721/sortBy=mostRecent/json"
"6476827721","Lunaria AI - Soulmate Drawing","astrology_guidance","high","5","jtbd_structure_self_improvement","jtbd","Turn vague self-improvement into concrete actions","2024-12-31T11:06:22-07:00","https://itunes.apple.com/us/rss/customerreviews/id=6476827721/sortBy=mostRecent/json"
"6476827721","Lunaria AI - Soulmate Drawing","astrology_guidance","high","5","pain_content_depth_customization","pain","Users want more depth, options, or customization","2024-12-31T11:06:22-07:00","https://itunes.apple.com/us/rss/customerreviews/id=6476827721/sortBy=mostRecent/json"
"1287758917","Law of Attraction Toolbox","manifestation_tool","medium_high","5","jtbd_make_growth_visible","jtbd","Show me visible progress so effort feels real","2026-05-26T09:43:21-07:00","https://itunes.apple.com/us/rss/customerreviews/id=1287758917/sortBy=mostRecent/json"
"1287758917","Law of Attraction Toolbox","manifestation_tool","medium_high","5","jtbd_structure_self_improvement","jtbd","Turn vague self-improvement into concrete actions","2026-05-26T09:43:21-07:00","https://itunes.apple.com/us/rss/customerreviews/id=1287758917/sortBy=mostRecent/json"
"1287758917","Law of Attraction Toolbox","manifestation_tool","medium_high","5","pain_subscription_value","pain","Subscription or paywall does not feel worth it","2026-05-26T09:43:21-07:00","https://itunes.apple.com/us/rss/customerreviews/id=1287758917/sortBy=mostRecent/json"
"1287758917","Law of Attraction Toolbox","manifestation_tool","medium_high","5","pain_content_depth_customization","pain","Users want more depth, options, or customization","2026-05-26T09:43:21-07:00","https://itunes.apple.com/us/rss/customerreviews/id=1287758917/sortBy=mostRecent/json"
"1287758917","Law of Attraction Toolbox","manifestation_tool","medium_high","5","pain_trust_accuracy_safety","pain","Trust, accuracy, or spiritual safety concerns","2026-05-26T09:43:21-07:00","https://itunes.apple.com/us/rss/customerreviews/id=1287758917/sortBy=mostRecent/json"
"1287758917","Law of Attraction Toolbox","manifestation_tool","medium_high","5","pain_content_depth_customization","pain","Users want more depth, options, or customization","2026-05-21T10:58:38-07:00","https://itunes.apple.com/us/rss/customerreviews/id=1287758917/sortBy=mostRecent/json"
"1287758917","Law of Attraction Toolbox","manifestation_tool","medium_high","4","pain_reliability_breaks_ritual","pain","Bugs break trust and interrupt the ritual","2026-05-16T10:14:10-07:00","https://itunes.apple.com/us/rss/customerreviews/id=1287758917/sortBy=mostRecent/json"
"1287758917","Law of Attraction Toolbox","manifestation_tool","medium_high","4","pain_content_depth_customization","pain","Users want more depth, options, or customization","2026-05-16T10:14:10-07:00","https://itunes.apple.com/us/rss/customerreviews/id=1287758917/sortBy=mostRecent/json"
"1287758917","Law of Attraction Toolbox","manifestation_tool","medium_high","5","jtbd_daily_anchor","jtbd","Give me a daily anchor I can return to","2026-05-10T16:45:45-07:00","https://itunes.apple.com/us/rss/customerreviews/id=1287758917/sortBy=mostRecent/json"
"1287758917","Law of Attraction Toolbox","manifestation_tool","medium_high","5","jtbd_daily_anchor","jtbd","Give me a daily anchor I can return to","2026-05-10T05:43:36-07:00","https://itunes.apple.com/us/rss/customerreviews/id=1287758917/sortBy=mostRecent/json"
"1287758917","Law of Attraction Toolbox","manifestation_tool","medium_high","5","pain_content_depth_customization","pain","Users want more depth, options, or customization","2026-05-10T05:43:36-07:00","https://itunes.apple.com/us/rss/customerreviews/id=1287758917/sortBy=mostRecent/json"
"1287758917","Law of Attraction Toolbox","manifestation_tool","medium_high","5","jtbd_structure_self_improvement","jtbd","Turn vague self-improvement into concrete actions","2026-05-03T11:55:48-07:00","https://itunes.apple.com/us/rss/customerreviews/id=1287758917/sortBy=mostRecent/json"
"1287758917","Law of Attraction Toolbox","manifestation_tool","medium_high","5","pain_subscription_value","pain","Subscription or paywall does not feel worth it","2026-05-03T11:55:48-07:00","https://itunes.apple.com/us/rss/customerreviews/id=1287758917/sortBy=mostRecent/json"
"1287758917","Law of Attraction Toolbox","manifestation_tool","medium_high","5","pain_content_depth_customization","pain","Users want more depth, options, or customization","2026-05-03T11:55:48-07:00","https://itunes.apple.com/us/rss/customerreviews/id=1287758917/sortBy=mostRecent/json"
"1287758917","Law of Attraction Toolbox","manifestation_tool","medium_high","5","jtbd_structure_self_improvement","jtbd","Turn vague self-improvement into concrete actions","2026-04-23T08:27:29-07:00","https://itunes.apple.com/us/rss/customerreviews/id=1287758917/sortBy=mostRecent/json"
"1287758917","Law of Attraction Toolbox","manifestation_tool","medium_high","5","jtbd_daily_anchor","jtbd","Give me a daily anchor I can return to","2026-04-17T17:23:11-07:00","https://itunes.apple.com/us/rss/customerreviews/id=1287758917/sortBy=mostRecent/json"
"1287758917","Law of Attraction Toolbox","manifestation_tool","medium_high","5","jtbd_structure_self_improvement","jtbd","Turn vague self-improvement into concrete actions","2026-04-17T17:23:11-07:00","https://itunes.apple.com/us/rss/customerreviews/id=1287758917/sortBy=mostRecent/json"
"1287758917","Law of Attraction Toolbox","manifestation_tool","medium_high","5","pain_content_depth_customization","pain","Users want more depth, options, or customization","2026-04-17T17:23:11-07:00","https://itunes.apple.com/us/rss/customerreviews/id=1287758917/sortBy=mostRecent/json"
"1287758917","Law of Attraction Toolbox","manifestation_tool","medium_high","5","pain_content_depth_customization","pain","Users want more depth, options, or customization","2026-04-07T12:19:50-07:00","https://itunes.apple.com/us/rss/customerreviews/id=1287758917/sortBy=mostRecent/json"
"1287758917","Law of Attraction Toolbox","manifestation_tool","medium_high","5","jtbd_fast_emotional_reset","jtbd","Help me calm down or reset quickly","2026-04-06T07:10:43-07:00","https://itunes.apple.com/us/rss/customerreviews/id=1287758917/sortBy=mostRecent/json"
"1287758917","Law of Attraction Toolbox","manifestation_tool","medium_high","5","pain_content_depth_customization","pain","Users want more depth, options, or customization","2026-04-06T07:10:43-07:00","https://itunes.apple.com/us/rss/customerreviews/id=1287758917/sortBy=mostRecent/json"
"1287758917","Law of Attraction Toolbox","manifestation_tool","medium_high","5","jtbd_daily_anchor","jtbd","Give me a daily anchor I can return to","2026-04-05T21:39:56-07:00","https://itunes.apple.com/us/rss/customerreviews/id=1287758917/sortBy=mostRecent/json"
"1287758917","Law of Attraction Toolbox","manifestation_tool","medium_high","5","jtbd_structure_self_improvement","jtbd","Turn vague self-improvement into concrete actions","2026-04-05T21:39:56-07:00","https://itunes.apple.com/us/rss/customerreviews/id=1287758917/sortBy=mostRecent/json"
"1287758917","Law of Attraction Toolbox","manifestation_tool","medium_high","5","pain_subscription_value","pain","Subscription or paywall does not feel worth it","2026-04-05T21:39:56-07:00","https://itunes.apple.com/us/rss/customerreviews/id=1287758917/sortBy=mostRecent/json"
"1287758917","Law of Attraction Toolbox","manifestation_tool","medium_high","5","pain_content_depth_customization","pain","Users want more depth, options, or customization","2026-04-05T21:39:56-07:00","https://itunes.apple.com/us/rss/customerreviews/id=1287758917/sortBy=mostRecent/json"
"1287758917","Law of Attraction Toolbox","manifestation_tool","medium_high","5","jtbd_structure_self_improvement","jtbd","Turn vague self-improvement into concrete actions","2026-04-03T03:29:36-07:00","https://itunes.apple.com/us/rss/customerreviews/id=1287758917/sortBy=mostRecent/json"
"1287758917","Law of Attraction Toolbox","manifestation_tool","medium_high","1","jtbd_make_growth_visible","jtbd","Show me visible progress so effort feels real","2026-03-21T12:37:33-07:00","https://itunes.apple.com/us/rss/customerreviews/id=1287758917/sortBy=mostRecent/json"
"1287758917","Law of Attraction Toolbox","manifestation_tool","medium_high","1","jtbd_structure_self_improvement","jtbd","Turn vague self-improvement into concrete actions","2026-03-21T12:37:33-07:00","https://itunes.apple.com/us/rss/customerreviews/id=1287758917/sortBy=mostRecent/json"
"1287758917","Law of Attraction Toolbox","manifestation_tool","medium_high","1","pain_subscription_value","pain","Subscription or paywall does not feel worth it","2026-03-21T12:37:33-07:00","https://itunes.apple.com/us/rss/customerreviews/id=1287758917/sortBy=mostRecent/json"
"1287758917","Law of Attraction Toolbox","manifestation_tool","medium_high","1","pain_reliability_breaks_ritual","pain","Bugs break trust and interrupt the ritual","2026-03-21T12:37:33-07:00","https://itunes.apple.com/us/rss/customerreviews/id=1287758917/sortBy=mostRecent/json"
"1287758917","Law of Attraction Toolbox","manifestation_tool","medium_high","1","pain_signup_access_friction","pain","Signup, access, or device friction blocks activation","2026-03-21T12:37:33-07:00","https://itunes.apple.com/us/rss/customerreviews/id=1287758917/sortBy=mostRecent/json"
"1287758917","Law of Attraction Toolbox","manifestation_tool","medium_high","5","jtbd_daily_anchor","jtbd","Give me a daily anchor I can return to","2026-03-13T06:47:24-07:00","https://itunes.apple.com/us/rss/customerreviews/id=1287758917/sortBy=mostRecent/json"
"1287758917","Law of Attraction Toolbox","manifestation_tool","medium_high","5","jtbd_structure_self_improvement","jtbd","Turn vague self-improvement into concrete actions","2026-02-26T07:50:00-07:00","https://itunes.apple.com/us/rss/customerreviews/id=1287758917/sortBy=mostRecent/json"
"1287758917","Law of Attraction Toolbox","manifestation_tool","medium_high","5","pain_content_depth_customization","pain","Users want more depth, options, or customization","2026-02-26T07:50:00-07:00","https://itunes.apple.com/us/rss/customerreviews/id=1287758917/sortBy=mostRecent/json"
"1287758917","Law of Attraction Toolbox","manifestation_tool","medium_high","5","jtbd_make_growth_visible","jtbd","Show me visible progress so effort feels real","2026-02-15T13:47:28-07:00","https://itunes.apple.com/us/rss/customerreviews/id=1287758917/sortBy=mostRecent/json"
"1287758917","Law of Attraction Toolbox","manifestation_tool","medium_high","5","pain_subscription_value","pain","Subscription or paywall does not feel worth it","2026-02-15T13:47:28-07:00","https://itunes.apple.com/us/rss/customerreviews/id=1287758917/sortBy=mostRecent/json"
"1287758917","Law of Attraction Toolbox","manifestation_tool","medium_high","5","jtbd_daily_anchor","jtbd","Give me a daily anchor I can return to","2026-02-01T07:52:28-07:00","https://itunes.apple.com/us/rss/customerreviews/id=1287758917/sortBy=mostRecent/json"
"1287758917","Law of Attraction Toolbox","manifestation_tool","medium_high","5","jtbd_daily_anchor","jtbd","Give me a daily anchor I can return to","2026-01-13T04:53:29-07:00","https://itunes.apple.com/us/rss/customerreviews/id=1287758917/sortBy=mostRecent/json"
"1287758917","Law of Attraction Toolbox","manifestation_tool","medium_high","5","jtbd_make_growth_visible","jtbd","Show me visible progress so effort feels real","2026-01-13T04:53:29-07:00","https://itunes.apple.com/us/rss/customerreviews/id=1287758917/sortBy=mostRecent/json"
"1287758917","Law of Attraction Toolbox","manifestation_tool","medium_high","5","pain_subscription_value","pain","Subscription or paywall does not feel worth it","2026-01-13T04:53:29-07:00","https://itunes.apple.com/us/rss/customerreviews/id=1287758917/sortBy=mostRecent/json"
"1287758917","Law of Attraction Toolbox","manifestation_tool","medium_high","5","pain_content_depth_customization","pain","Users want more depth, options, or customization","2026-01-13T04:53:29-07:00","https://itunes.apple.com/us/rss/customerreviews/id=1287758917/sortBy=mostRecent/json"
"1287758917","Law of Attraction Toolbox","manifestation_tool","medium_high","5","jtbd_daily_anchor","jtbd","Give me a daily anchor I can return to","2026-01-12T05:16:55-07:00","https://itunes.apple.com/us/rss/customerreviews/id=1287758917/sortBy=mostRecent/json"
"1287758917","Law of Attraction Toolbox","manifestation_tool","medium_high","5","jtbd_make_growth_visible","jtbd","Show me visible progress so effort feels real","2026-01-12T05:16:55-07:00","https://itunes.apple.com/us/rss/customerreviews/id=1287758917/sortBy=mostRecent/json"
"1287758917","Law of Attraction Toolbox","manifestation_tool","medium_high","5","jtbd_structure_self_improvement","jtbd","Turn vague self-improvement into concrete actions","2026-01-12T05:16:55-07:00","https://itunes.apple.com/us/rss/customerreviews/id=1287758917/sortBy=mostRecent/json"
"1287758917","Law of Attraction Toolbox","manifestation_tool","medium_high","5","jtbd_daily_anchor","jtbd","Give me a daily anchor I can return to","2026-01-09T07:34:08-07:00","https://itunes.apple.com/us/rss/customerreviews/id=1287758917/sortBy=mostRecent/json"
"1287758917","Law of Attraction Toolbox","manifestation_tool","medium_high","5","jtbd_make_growth_visible","jtbd","Show me visible progress so effort feels real","2026-01-07T13:00:40-07:00","https://itunes.apple.com/us/rss/customerreviews/id=1287758917/sortBy=mostRecent/json"
"1287758917","Law of Attraction Toolbox","manifestation_tool","medium_high","5","pain_content_depth_customization","pain","Users want more depth, options, or customization","2026-01-07T13:00:40-07:00","https://itunes.apple.com/us/rss/customerreviews/id=1287758917/sortBy=mostRecent/json"
"1287758917","Law of Attraction Toolbox","manifestation_tool","medium_high","5","jtbd_daily_anchor","jtbd","Give me a daily anchor I can return to","2026-01-07T05:25:29-07:00","https://itunes.apple.com/us/rss/customerreviews/id=1287758917/sortBy=mostRecent/json"
"1287758917","Law of Attraction Toolbox","manifestation_tool","medium_high","5","pain_content_depth_customization","pain","Users want more depth, options, or customization","2026-01-07T05:25:29-07:00","https://itunes.apple.com/us/rss/customerreviews/id=1287758917/sortBy=mostRecent/json"
"1287758917","Law of Attraction Toolbox","manifestation_tool","medium_high","5","jtbd_daily_anchor","jtbd","Give me a daily anchor I can return to","2026-01-06T03:36:07-07:00","https://itunes.apple.com/us/rss/customerreviews/id=1287758917/sortBy=mostRecent/json"
"1287758917","Law of Attraction Toolbox","manifestation_tool","medium_high","4","pain_subscription_value","pain","Subscription or paywall does not feel worth it","2026-01-01T11:00:28-07:00","https://itunes.apple.com/us/rss/customerreviews/id=1287758917/sortBy=mostRecent/json"
"1287758917","Law of Attraction Toolbox","manifestation_tool","medium_high","5","jtbd_daily_anchor","jtbd","Give me a daily anchor I can return to","2026-01-01T09:29:51-07:00","https://itunes.apple.com/us/rss/customerreviews/id=1287758917/sortBy=mostRecent/json"
"1287758917","Law of Attraction Toolbox","manifestation_tool","medium_high","5","jtbd_belonging_accountability","jtbd","Feel accompanied or accountable","2026-01-01T09:29:51-07:00","https://itunes.apple.com/us/rss/customerreviews/id=1287758917/sortBy=mostRecent/json"
"1287758917","Law of Attraction Toolbox","manifestation_tool","medium_high","5","pain_content_depth_customization","pain","Users want more depth, options, or customization","2026-01-01T09:29:51-07:00","https://itunes.apple.com/us/rss/customerreviews/id=1287758917/sortBy=mostRecent/json"
"1287758917","Law of Attraction Toolbox","manifestation_tool","medium_high","5","pain_signup_access_friction","pain","Signup, access, or device friction blocks activation","2026-01-01T09:29:51-07:00","https://itunes.apple.com/us/rss/customerreviews/id=1287758917/sortBy=mostRecent/json"
"1287758917","Law of Attraction Toolbox","manifestation_tool","medium_high","5","jtbd_belonging_accountability","jtbd","Feel accompanied or accountable","2025-12-26T18:04:45-07:00","https://itunes.apple.com/us/rss/customerreviews/id=1287758917/sortBy=mostRecent/json"
"1287758917","Law of Attraction Toolbox","manifestation_tool","medium_high","5","jtbd_make_growth_visible","jtbd","Show me visible progress so effort feels real","2025-12-26T08:43:00-07:00","https://itunes.apple.com/us/rss/customerreviews/id=1287758917/sortBy=mostRecent/json"
"1287758917","Law of Attraction Toolbox","manifestation_tool","medium_high","5","pain_content_depth_customization","pain","Users want more depth, options, or customization","2025-12-26T08:43:00-07:00","https://itunes.apple.com/us/rss/customerreviews/id=1287758917/sortBy=mostRecent/json"
"1287758917","Law of Attraction Toolbox","manifestation_tool","medium_high","5","jtbd_daily_anchor","jtbd","Give me a daily anchor I can return to","2025-12-26T07:56:09-07:00","https://itunes.apple.com/us/rss/customerreviews/id=1287758917/sortBy=mostRecent/json"
"1287758917","Law of Attraction Toolbox","manifestation_tool","medium_high","5","jtbd_structure_self_improvement","jtbd","Turn vague self-improvement into concrete actions","2025-12-26T07:56:09-07:00","https://itunes.apple.com/us/rss/customerreviews/id=1287758917/sortBy=mostRecent/json"
"1287758917","Law of Attraction Toolbox","manifestation_tool","medium_high","4","pain_content_depth_customization","pain","Users want more depth, options, or customization","2025-12-10T03:58:30-07:00","https://itunes.apple.com/us/rss/customerreviews/id=1287758917/sortBy=mostRecent/json"
"1287758917","Law of Attraction Toolbox","manifestation_tool","medium_high","5","pain_subscription_value","pain","Subscription or paywall does not feel worth it","2025-11-11T18:27:18-07:00","https://itunes.apple.com/us/rss/customerreviews/id=1287758917/sortBy=mostRecent/json"
"1287758917","Law of Attraction Toolbox","manifestation_tool","medium_high","5","pain_trust_accuracy_safety","pain","Trust, accuracy, or spiritual safety concerns","2025-11-09T07:24:00-07:00","https://itunes.apple.com/us/rss/customerreviews/id=1287758917/sortBy=mostRecent/json"
"1287758917","Law of Attraction Toolbox","manifestation_tool","medium_high","5","pain_subscription_value","pain","Subscription or paywall does not feel worth it","2025-11-03T12:02:06-07:00","https://itunes.apple.com/us/rss/customerreviews/id=1287758917/sortBy=mostRecent/json"
"1609921022","Vision Board ++ Maker Manifest","manifestation_tool","medium","5","pain_content_depth_customization","pain","Users want more depth, options, or customization","2026-05-24T15:46:44-07:00","https://itunes.apple.com/us/rss/customerreviews/id=1609921022/sortBy=mostRecent/json"
"1609921022","Vision Board ++ Maker Manifest","manifestation_tool","medium","5","pain_subscription_value","pain","Subscription or paywall does not feel worth it","2026-05-05T05:54:54-07:00","https://itunes.apple.com/us/rss/customerreviews/id=1609921022/sortBy=mostRecent/json"
"1609921022","Vision Board ++ Maker Manifest","manifestation_tool","medium","5","pain_content_depth_customization","pain","Users want more depth, options, or customization","2026-05-05T05:54:54-07:00","https://itunes.apple.com/us/rss/customerreviews/id=1609921022/sortBy=mostRecent/json"
"1609921022","Vision Board ++ Maker Manifest","manifestation_tool","medium","5","jtbd_daily_anchor","jtbd","Give me a daily anchor I can return to","2026-04-22T08:20:26-07:00","https://itunes.apple.com/us/rss/customerreviews/id=1609921022/sortBy=mostRecent/json"
"1609921022","Vision Board ++ Maker Manifest","manifestation_tool","medium","5","jtbd_make_growth_visible","jtbd","Show me visible progress so effort feels real","2026-04-22T08:20:26-07:00","https://itunes.apple.com/us/rss/customerreviews/id=1609921022/sortBy=mostRecent/json"
"1609921022","Vision Board ++ Maker Manifest","manifestation_tool","medium","5","jtbd_structure_self_improvement","jtbd","Turn vague self-improvement into concrete actions","2026-04-22T08:20:26-07:00","https://itunes.apple.com/us/rss/customerreviews/id=1609921022/sortBy=mostRecent/json"
"1609921022","Vision Board ++ Maker Manifest","manifestation_tool","medium","5","pain_content_depth_customization","pain","Users want more depth, options, or customization","2026-04-22T08:20:26-07:00","https://itunes.apple.com/us/rss/customerreviews/id=1609921022/sortBy=mostRecent/json"
"1609921022","Vision Board ++ Maker Manifest","manifestation_tool","medium","5","jtbd_daily_anchor","jtbd","Give me a daily anchor I can return to","2026-03-08T20:35:50-07:00","https://itunes.apple.com/us/rss/customerreviews/id=1609921022/sortBy=mostRecent/json"
"1609921022","Vision Board ++ Maker Manifest","manifestation_tool","medium","5","jtbd_fast_emotional_reset","jtbd","Help me calm down or reset quickly","2026-03-08T20:35:50-07:00","https://itunes.apple.com/us/rss/customerreviews/id=1609921022/sortBy=mostRecent/json"
"1609921022","Vision Board ++ Maker Manifest","manifestation_tool","medium","5","jtbd_structure_self_improvement","jtbd","Turn vague self-improvement into concrete actions","2026-03-08T20:35:50-07:00","https://itunes.apple.com/us/rss/customerreviews/id=1609921022/sortBy=mostRecent/json"
"1609921022","Vision Board ++ Maker Manifest","manifestation_tool","medium","5","pain_content_depth_customization","pain","Users want more depth, options, or customization","2026-03-08T20:35:50-07:00","https://itunes.apple.com/us/rss/customerreviews/id=1609921022/sortBy=mostRecent/json"
"1609921022","Vision Board ++ Maker Manifest","manifestation_tool","medium","5","jtbd_daily_anchor","jtbd","Give me a daily anchor I can return to","2026-03-06T11:06:29-07:00","https://itunes.apple.com/us/rss/customerreviews/id=1609921022/sortBy=mostRecent/json"
"1609921022","Vision Board ++ Maker Manifest","manifestation_tool","medium","5","jtbd_structure_self_improvement","jtbd","Turn vague self-improvement into concrete actions","2026-03-06T11:06:29-07:00","https://itunes.apple.com/us/rss/customerreviews/id=1609921022/sortBy=mostRecent/json"
"1609921022","Vision Board ++ Maker Manifest","manifestation_tool","medium","5","jtbd_structure_self_improvement","jtbd","Turn vague self-improvement into concrete actions","2026-02-23T13:59:35-07:00","https://itunes.apple.com/us/rss/customerreviews/id=1609921022/sortBy=mostRecent/json"
"1609921022","Vision Board ++ Maker Manifest","manifestation_tool","medium","5","pain_content_depth_customization","pain","Users want more depth, options, or customization","2026-02-19T22:04:28-07:00","https://itunes.apple.com/us/rss/customerreviews/id=1609921022/sortBy=mostRecent/json"
"1609921022","Vision Board ++ Maker Manifest","manifestation_tool","medium","2","pain_subscription_value","pain","Subscription or paywall does not feel worth it","2026-01-29T18:55:06-07:00","https://itunes.apple.com/us/rss/customerreviews/id=1609921022/sortBy=mostRecent/json"
"1609921022","Vision Board ++ Maker Manifest","manifestation_tool","medium","5","jtbd_structure_self_improvement","jtbd","Turn vague self-improvement into concrete actions","2026-01-06T08:41:24-07:00","https://itunes.apple.com/us/rss/customerreviews/id=1609921022/sortBy=mostRecent/json"
"1609921022","Vision Board ++ Maker Manifest","manifestation_tool","medium","5","pain_subscription_value","pain","Subscription or paywall does not feel worth it","2026-01-06T08:41:24-07:00","https://itunes.apple.com/us/rss/customerreviews/id=1609921022/sortBy=mostRecent/json"
"1609921022","Vision Board ++ Maker Manifest","manifestation_tool","medium","5","pain_content_depth_customization","pain","Users want more depth, options, or customization","2026-01-06T08:41:24-07:00","https://itunes.apple.com/us/rss/customerreviews/id=1609921022/sortBy=mostRecent/json"
"1609921022","Vision Board ++ Maker Manifest","manifestation_tool","medium","4","pain_subscription_value","pain","Subscription or paywall does not feel worth it","2026-01-01T12:44:39-07:00","https://itunes.apple.com/us/rss/customerreviews/id=1609921022/sortBy=mostRecent/json"
"1609921022","Vision Board ++ Maker Manifest","manifestation_tool","medium","4","pain_content_depth_customization","pain","Users want more depth, options, or customization","2026-01-01T12:44:39-07:00","https://itunes.apple.com/us/rss/customerreviews/id=1609921022/sortBy=mostRecent/json"
"1609921022","Vision Board ++ Maker Manifest","manifestation_tool","medium","5","jtbd_make_growth_visible","jtbd","Show me visible progress so effort feels real","2025-12-08T21:25:15-07:00","https://itunes.apple.com/us/rss/customerreviews/id=1609921022/sortBy=mostRecent/json"
"1609921022","Vision Board ++ Maker Manifest","manifestation_tool","medium","5","pain_content_depth_customization","pain","Users want more depth, options, or customization","2025-12-08T21:25:15-07:00","https://itunes.apple.com/us/rss/customerreviews/id=1609921022/sortBy=mostRecent/json"
"1609921022","Vision Board ++ Maker Manifest","manifestation_tool","medium","5","jtbd_daily_anchor","jtbd","Give me a daily anchor I can return to","2025-12-03T06:37:20-07:00","https://itunes.apple.com/us/rss/customerreviews/id=1609921022/sortBy=mostRecent/json"
"1609921022","Vision Board ++ Maker Manifest","manifestation_tool","medium","1","pain_subscription_value","pain","Subscription or paywall does not feel worth it","2025-11-25T08:23:49-07:00","https://itunes.apple.com/us/rss/customerreviews/id=1609921022/sortBy=mostRecent/json"
"1609921022","Vision Board ++ Maker Manifest","manifestation_tool","medium","5","jtbd_daily_anchor","jtbd","Give me a daily anchor I can return to","2025-11-20T18:11:09-07:00","https://itunes.apple.com/us/rss/customerreviews/id=1609921022/sortBy=mostRecent/json"
"1609921022","Vision Board ++ Maker Manifest","manifestation_tool","medium","5","jtbd_belonging_accountability","jtbd","Feel accompanied or accountable","2025-11-20T18:11:09-07:00","https://itunes.apple.com/us/rss/customerreviews/id=1609921022/sortBy=mostRecent/json"
"1609921022","Vision Board ++ Maker Manifest","manifestation_tool","medium","5","jtbd_daily_anchor","jtbd","Give me a daily anchor I can return to","2025-11-12T07:26:49-07:00","https://itunes.apple.com/us/rss/customerreviews/id=1609921022/sortBy=mostRecent/json"
"1609921022","Vision Board ++ Maker Manifest","manifestation_tool","medium","5","jtbd_make_growth_visible","jtbd","Show me visible progress so effort feels real","2025-11-12T07:26:49-07:00","https://itunes.apple.com/us/rss/customerreviews/id=1609921022/sortBy=mostRecent/json"
"1609921022","Vision Board ++ Maker Manifest","manifestation_tool","medium","5","jtbd_structure_self_improvement","jtbd","Turn vague self-improvement into concrete actions","2025-11-12T07:26:49-07:00","https://itunes.apple.com/us/rss/customerreviews/id=1609921022/sortBy=mostRecent/json"
"1609921022","Vision Board ++ Maker Manifest","manifestation_tool","medium","5","pain_subscription_value","pain","Subscription or paywall does not feel worth it","2025-11-12T07:26:49-07:00","https://itunes.apple.com/us/rss/customerreviews/id=1609921022/sortBy=mostRecent/json"
"1609921022","Vision Board ++ Maker Manifest","manifestation_tool","medium","5","pain_content_depth_customization","pain","Users want more depth, options, or customization","2025-11-12T07:26:49-07:00","https://itunes.apple.com/us/rss/customerreviews/id=1609921022/sortBy=mostRecent/json"
"1609921022","Vision Board ++ Maker Manifest","manifestation_tool","medium","5","jtbd_structure_self_improvement","jtbd","Turn vague self-improvement into concrete actions","2025-10-23T09:54:11-07:00","https://itunes.apple.com/us/rss/customerreviews/id=1609921022/sortBy=mostRecent/json"
"1609921022","Vision Board ++ Maker Manifest","manifestation_tool","medium","3","pain_subscription_value","pain","Subscription or paywall does not feel worth it","2025-10-21T16:54:10-07:00","https://itunes.apple.com/us/rss/customerreviews/id=1609921022/sortBy=mostRecent/json"
"1609921022","Vision Board ++ Maker Manifest","manifestation_tool","medium","3","pain_content_depth_customization","pain","Users want more depth, options, or customization","2025-10-21T16:54:10-07:00","https://itunes.apple.com/us/rss/customerreviews/id=1609921022/sortBy=mostRecent/json"
"1609921022","Vision Board ++ Maker Manifest","manifestation_tool","medium","4","jtbd_fast_emotional_reset","jtbd","Help me calm down or reset quickly","2025-10-06T16:36:07-07:00","https://itunes.apple.com/us/rss/customerreviews/id=1609921022/sortBy=mostRecent/json"
"1609921022","Vision Board ++ Maker Manifest","manifestation_tool","medium","4","pain_subscription_value","pain","Subscription or paywall does not feel worth it","2025-10-06T16:36:07-07:00","https://itunes.apple.com/us/rss/customerreviews/id=1609921022/sortBy=mostRecent/json"
"1609921022","Vision Board ++ Maker Manifest","manifestation_tool","medium","5","jtbd_structure_self_improvement","jtbd","Turn vague self-improvement into concrete actions","2025-10-02T10:10:01-07:00","https://itunes.apple.com/us/rss/customerreviews/id=1609921022/sortBy=mostRecent/json"
"1609921022","Vision Board ++ Maker Manifest","manifestation_tool","medium","5","pain_content_depth_customization","pain","Users want more depth, options, or customization","2025-10-02T10:10:01-07:00","https://itunes.apple.com/us/rss/customerreviews/id=1609921022/sortBy=mostRecent/json"
"1609921022","Vision Board ++ Maker Manifest","manifestation_tool","medium","5","pain_content_depth_customization","pain","Users want more depth, options, or customization","2025-08-16T20:04:41-07:00","https://itunes.apple.com/us/rss/customerreviews/id=1609921022/sortBy=mostRecent/json"
"1609921022","Vision Board ++ Maker Manifest","manifestation_tool","medium","5","jtbd_daily_anchor","jtbd","Give me a daily anchor I can return to","2025-07-15T17:58:01-07:00","https://itunes.apple.com/us/rss/customerreviews/id=1609921022/sortBy=mostRecent/json"
"1609921022","Vision Board ++ Maker Manifest","manifestation_tool","medium","1","pain_subscription_value","pain","Subscription or paywall does not feel worth it","2025-06-26T18:39:30-07:00","https://itunes.apple.com/us/rss/customerreviews/id=1609921022/sortBy=mostRecent/json"
"1609921022","Vision Board ++ Maker Manifest","manifestation_tool","medium","5","pain_content_depth_customization","pain","Users want more depth, options, or customization","2025-06-09T17:40:15-07:00","https://itunes.apple.com/us/rss/customerreviews/id=1609921022/sortBy=mostRecent/json"
"1609921022","Vision Board ++ Maker Manifest","manifestation_tool","medium","5","pain_content_depth_customization","pain","Users want more depth, options, or customization","2025-05-24T07:00:38-07:00","https://itunes.apple.com/us/rss/customerreviews/id=1609921022/sortBy=mostRecent/json"
"1609921022","Vision Board ++ Maker Manifest","manifestation_tool","medium","5","pain_content_depth_customization","pain","Users want more depth, options, or customization","2025-05-20T23:02:04-07:00","https://itunes.apple.com/us/rss/customerreviews/id=1609921022/sortBy=mostRecent/json"
"1609921022","Vision Board ++ Maker Manifest","manifestation_tool","medium","5","jtbd_structure_self_improvement","jtbd","Turn vague self-improvement into concrete actions","2025-05-15T20:46:02-07:00","https://itunes.apple.com/us/rss/customerreviews/id=1609921022/sortBy=mostRecent/json"
"1609921022","Vision Board ++ Maker Manifest","manifestation_tool","medium","1","pain_subscription_value","pain","Subscription or paywall does not feel worth it","2025-04-11T10:34:26-07:00","https://itunes.apple.com/us/rss/customerreviews/id=1609921022/sortBy=mostRecent/json"
"1609921022","Vision Board ++ Maker Manifest","manifestation_tool","medium","5","jtbd_daily_anchor","jtbd","Give me a daily anchor I can return to","2025-04-08T14:12:41-07:00","https://itunes.apple.com/us/rss/customerreviews/id=1609921022/sortBy=mostRecent/json"
"1609921022","Vision Board ++ Maker Manifest","manifestation_tool","medium","5","jtbd_structure_self_improvement","jtbd","Turn vague self-improvement into concrete actions","2025-04-08T14:12:41-07:00","https://itunes.apple.com/us/rss/customerreviews/id=1609921022/sortBy=mostRecent/json"
"1609921022","Vision Board ++ Maker Manifest","manifestation_tool","medium","5","jtbd_belonging_accountability","jtbd","Feel accompanied or accountable","2025-04-08T14:12:41-07:00","https://itunes.apple.com/us/rss/customerreviews/id=1609921022/sortBy=mostRecent/json"
"1609921022","Vision Board ++ Maker Manifest","manifestation_tool","medium","5","pain_content_depth_customization","pain","Users want more depth, options, or customization","2025-04-08T14:12:41-07:00","https://itunes.apple.com/us/rss/customerreviews/id=1609921022/sortBy=mostRecent/json"
"1609921022","Vision Board ++ Maker Manifest","manifestation_tool","medium","5","pain_signup_access_friction","pain","Signup, access, or device friction blocks activation","2025-04-08T14:12:41-07:00","https://itunes.apple.com/us/rss/customerreviews/id=1609921022/sortBy=mostRecent/json"
"1609921022","Vision Board ++ Maker Manifest","manifestation_tool","medium","5","jtbd_belonging_accountability","jtbd","Feel accompanied or accountable","2025-04-04T06:33:28-07:00","https://itunes.apple.com/us/rss/customerreviews/id=1609921022/sortBy=mostRecent/json"
"1609921022","Vision Board ++ Maker Manifest","manifestation_tool","medium","3","pain_content_depth_customization","pain","Users want more depth, options, or customization","2025-03-06T21:59:15-07:00","https://itunes.apple.com/us/rss/customerreviews/id=1609921022/sortBy=mostRecent/json"
"1609921022","Vision Board ++ Maker Manifest","manifestation_tool","medium","5","jtbd_make_growth_visible","jtbd","Show me visible progress so effort feels real","2025-03-04T06:33:11-07:00","https://itunes.apple.com/us/rss/customerreviews/id=1609921022/sortBy=mostRecent/json"
"1609921022","Vision Board ++ Maker Manifest","manifestation_tool","medium","5","jtbd_structure_self_improvement","jtbd","Turn vague self-improvement into concrete actions","2025-03-04T06:33:11-07:00","https://itunes.apple.com/us/rss/customerreviews/id=1609921022/sortBy=mostRecent/json"
"1609921022","Vision Board ++ Maker Manifest","manifestation_tool","medium","5","pain_content_depth_customization","pain","Users want more depth, options, or customization","2025-03-04T06:33:11-07:00","https://itunes.apple.com/us/rss/customerreviews/id=1609921022/sortBy=mostRecent/json"
"1609921022","Vision Board ++ Maker Manifest","manifestation_tool","medium","5","pain_signup_access_friction","pain","Signup, access, or device friction blocks activation","2025-03-04T06:33:11-07:00","https://itunes.apple.com/us/rss/customerreviews/id=1609921022/sortBy=mostRecent/json"
"1609921022","Vision Board ++ Maker Manifest","manifestation_tool","medium","5","jtbd_make_growth_visible","jtbd","Show me visible progress so effort feels real","2025-02-08T18:33:20-07:00","https://itunes.apple.com/us/rss/customerreviews/id=1609921022/sortBy=mostRecent/json"
"1609921022","Vision Board ++ Maker Manifest","manifestation_tool","medium","5","jtbd_belonging_accountability","jtbd","Feel accompanied or accountable","2025-02-08T18:33:20-07:00","https://itunes.apple.com/us/rss/customerreviews/id=1609921022/sortBy=mostRecent/json"
"1609921022","Vision Board ++ Maker Manifest","manifestation_tool","medium","5","pain_content_depth_customization","pain","Users want more depth, options, or customization","2025-02-08T18:33:20-07:00","https://itunes.apple.com/us/rss/customerreviews/id=1609921022/sortBy=mostRecent/json"
"1609921022","Vision Board ++ Maker Manifest","manifestation_tool","medium","5","jtbd_structure_self_improvement","jtbd","Turn vague self-improvement into concrete actions","2025-02-08T09:27:17-07:00","https://itunes.apple.com/us/rss/customerreviews/id=1609921022/sortBy=mostRecent/json"
"1663677921","369 Manifestation & Meditation","manifestation_tool","medium_high","1","pain_reliability_breaks_ritual","pain","Bugs break trust and interrupt the ritual","2023-10-29T20:00:09-07:00","https://itunes.apple.com/us/rss/customerreviews/id=1663677921/sortBy=mostRecent/json"
"1663677921","369 Manifestation & Meditation","manifestation_tool","medium_high","1","pain_reliability_breaks_ritual","pain","Bugs break trust and interrupt the ritual","2023-10-28T08:19:21-07:00","https://itunes.apple.com/us/rss/customerreviews/id=1663677921/sortBy=mostRecent/json"
"1663677921","369 Manifestation & Meditation","manifestation_tool","medium_high","1","jtbd_structure_self_improvement","jtbd","Turn vague self-improvement into concrete actions","2023-10-23T13:12:24-07:00","https://itunes.apple.com/us/rss/customerreviews/id=1663677921/sortBy=mostRecent/json"
"1663677921","369 Manifestation & Meditation","manifestation_tool","medium_high","1","pain_reliability_breaks_ritual","pain","Bugs break trust and interrupt the ritual","2023-10-23T13:12:24-07:00","https://itunes.apple.com/us/rss/customerreviews/id=1663677921/sortBy=mostRecent/json"
"1663677921","369 Manifestation & Meditation","manifestation_tool","medium_high","1","pain_reliability_breaks_ritual","pain","Bugs break trust and interrupt the ritual","2023-02-23T09:46:10-07:00","https://itunes.apple.com/us/rss/customerreviews/id=1663677921/sortBy=mostRecent/json"
"1663677921","369 Manifestation & Meditation","manifestation_tool","medium_high","1","pain_reliability_breaks_ritual","pain","Bugs break trust and interrupt the ritual","2023-02-12T02:31:57-07:00","https://itunes.apple.com/us/rss/customerreviews/id=1663677921/sortBy=mostRecent/json"
"1663677921","369 Manifestation & Meditation","manifestation_tool","medium_high","1","pain_reliability_breaks_ritual","pain","Bugs break trust and interrupt the ritual","2023-02-08T09:39:30-07:00","https://itunes.apple.com/us/rss/customerreviews/id=1663677921/sortBy=mostRecent/json"
"1663677921","369 Manifestation & Meditation","manifestation_tool","medium_high","1","pain_reliability_breaks_ritual","pain","Bugs break trust and interrupt the ritual","2023-02-06T03:33:54-07:00","https://itunes.apple.com/us/rss/customerreviews/id=1663677921/sortBy=mostRecent/json"
"1663677921","369 Manifestation & Meditation","manifestation_tool","medium_high","1","pain_content_depth_customization","pain","Users want more depth, options, or customization","2023-02-06T03:33:54-07:00","https://itunes.apple.com/us/rss/customerreviews/id=1663677921/sortBy=mostRecent/json"
"1663677921","369 Manifestation & Meditation","manifestation_tool","medium_high","1","pain_signup_access_friction","pain","Signup, access, or device friction blocks activation","2023-02-06T03:33:54-07:00","https://itunes.apple.com/us/rss/customerreviews/id=1663677921/sortBy=mostRecent/json"
"6752447843","LunaMate: AI Fanstasy Roleplay","tarot_or_oracle_guidance","high","1","jtbd_make_growth_visible","jtbd","Show me visible progress so effort feels real","2026-05-24T08:57:12-07:00","https://itunes.apple.com/us/rss/customerreviews/id=6752447843/sortBy=mostRecent/json"
"6752447843","LunaMate: AI Fanstasy Roleplay","tarot_or_oracle_guidance","high","1","pain_content_depth_customization","pain","Users want more depth, options, or customization","2026-04-23T14:38:45-07:00","https://itunes.apple.com/us/rss/customerreviews/id=6752447843/sortBy=mostRecent/json"
"6752447843","LunaMate: AI Fanstasy Roleplay","tarot_or_oracle_guidance","high","1","pain_unclear_game_loop","pain","The game layer can feel confusing or disconnected","2026-04-23T14:38:45-07:00","https://itunes.apple.com/us/rss/customerreviews/id=6752447843/sortBy=mostRecent/json"
"6752447843","LunaMate: AI Fanstasy Roleplay","tarot_or_oracle_guidance","high","1","jtbd_make_growth_visible","jtbd","Show me visible progress so effort feels real","2026-04-03T05:29:42-07:00","https://itunes.apple.com/us/rss/customerreviews/id=6752447843/sortBy=mostRecent/json"
"6752447843","LunaMate: AI Fanstasy Roleplay","tarot_or_oracle_guidance","high","1","pain_subscription_value","pain","Subscription or paywall does not feel worth it","2026-04-03T05:29:42-07:00","https://itunes.apple.com/us/rss/customerreviews/id=6752447843/sortBy=mostRecent/json"
"6752447843","LunaMate: AI Fanstasy Roleplay","tarot_or_oracle_guidance","high","1","pain_content_depth_customization","pain","Users want more depth, options, or customization","2026-04-03T05:29:42-07:00","https://itunes.apple.com/us/rss/customerreviews/id=6752447843/sortBy=mostRecent/json"
"6752447843","LunaMate: AI Fanstasy Roleplay","tarot_or_oracle_guidance","high","1","pain_subscription_value","pain","Subscription or paywall does not feel worth it","2026-03-09T22:52:37-07:00","https://itunes.apple.com/us/rss/customerreviews/id=6752447843/sortBy=mostRecent/json"
"6752447843","LunaMate: AI Fanstasy Roleplay","tarot_or_oracle_guidance","high","5","jtbd_make_growth_visible","jtbd","Show me visible progress so effort feels real","2026-03-08T20:25:29-07:00","https://itunes.apple.com/us/rss/customerreviews/id=6752447843/sortBy=mostRecent/json"
"6752447843","LunaMate: AI Fanstasy Roleplay","tarot_or_oracle_guidance","high","4","pain_unclear_game_loop","pain","The game layer can feel confusing or disconnected","2026-02-07T10:18:32-07:00","https://itunes.apple.com/us/rss/customerreviews/id=6752447843/sortBy=mostRecent/json"
"6752447843","LunaMate: AI Fanstasy Roleplay","tarot_or_oracle_guidance","high","5","pain_content_depth_customization","pain","Users want more depth, options, or customization","2026-01-23T07:58:39-07:00","https://itunes.apple.com/us/rss/customerreviews/id=6752447843/sortBy=mostRecent/json"
"6752447843","LunaMate: AI Fanstasy Roleplay","tarot_or_oracle_guidance","high","3","pain_subscription_value","pain","Subscription or paywall does not feel worth it","2026-01-10T07:16:04-07:00","https://itunes.apple.com/us/rss/customerreviews/id=6752447843/sortBy=mostRecent/json"
"6752447843","LunaMate: AI Fanstasy Roleplay","tarot_or_oracle_guidance","high","3","jtbd_make_growth_visible","jtbd","Show me visible progress so effort feels real","2025-12-31T19:53:48-07:00","https://itunes.apple.com/us/rss/customerreviews/id=6752447843/sortBy=mostRecent/json"
"6752447843","LunaMate: AI Fanstasy Roleplay","tarot_or_oracle_guidance","high","3","pain_signup_access_friction","pain","Signup, access, or device friction blocks activation","2025-12-31T19:53:48-07:00","https://itunes.apple.com/us/rss/customerreviews/id=6752447843/sortBy=mostRecent/json"
"6755166256","Kokoa AI: Roleplay AI Chat","tarot_or_oracle_guidance","high","5","jtbd_make_growth_visible","jtbd","Show me visible progress so effort feels real","2026-03-29T16:39:18-07:00","https://itunes.apple.com/us/rss/customerreviews/id=6755166256/sortBy=mostRecent/json"
"6755166256","Kokoa AI: Roleplay AI Chat","tarot_or_oracle_guidance","high","5","pain_signup_access_friction","pain","Signup, access, or device friction blocks activation","2026-03-29T16:39:18-07:00","https://itunes.apple.com/us/rss/customerreviews/id=6755166256/sortBy=mostRecent/json"
"6755166256","Kokoa AI: Roleplay AI Chat","tarot_or_oracle_guidance","high","3","pain_subscription_value","pain","Subscription or paywall does not feel worth it","2026-03-20T12:15:35-07:00","https://itunes.apple.com/us/rss/customerreviews/id=6755166256/sortBy=mostRecent/json"
"6755166256","Kokoa AI: Roleplay AI Chat","tarot_or_oracle_guidance","high","3","pain_content_depth_customization","pain","Users want more depth, options, or customization","2026-03-20T12:15:35-07:00","https://itunes.apple.com/us/rss/customerreviews/id=6755166256/sortBy=mostRecent/json"
"6755166256","Kokoa AI: Roleplay AI Chat","tarot_or_oracle_guidance","high","4","pain_content_depth_customization","pain","Users want more depth, options, or customization","2026-02-23T00:25:45-07:00","https://itunes.apple.com/us/rss/customerreviews/id=6755166256/sortBy=mostRecent/json"
"6755166256","Kokoa AI: Roleplay AI Chat","tarot_or_oracle_guidance","high","1","pain_subscription_value","pain","Subscription or paywall does not feel worth it","2026-02-15T21:27:50-07:00","https://itunes.apple.com/us/rss/customerreviews/id=6755166256/sortBy=mostRecent/json"
"6755166256","Kokoa AI: Roleplay AI Chat","tarot_or_oracle_guidance","high","2","pain_content_depth_customization","pain","Users want more depth, options, or customization","2026-02-09T23:17:59-07:00","https://itunes.apple.com/us/rss/customerreviews/id=6755166256/sortBy=mostRecent/json"
"6755166256","Kokoa AI: Roleplay AI Chat","tarot_or_oracle_guidance","high","1","pain_subscription_value","pain","Subscription or paywall does not feel worth it","2026-01-24T22:51:15-07:00","https://itunes.apple.com/us/rss/customerreviews/id=6755166256/sortBy=mostRecent/json"
"6755166256","Kokoa AI: Roleplay AI Chat","tarot_or_oracle_guidance","high","1","pain_signup_access_friction","pain","Signup, access, or device friction blocks activation","2026-01-24T22:51:15-07:00","https://itunes.apple.com/us/rss/customerreviews/id=6755166256/sortBy=mostRecent/json"
"6755166256","Kokoa AI: Roleplay AI Chat","tarot_or_oracle_guidance","high","1","pain_content_depth_customization","pain","Users want more depth, options, or customization","2026-01-23T15:34:25-07:00","https://itunes.apple.com/us/rss/customerreviews/id=6755166256/sortBy=mostRecent/json"
"6755166256","Kokoa AI: Roleplay AI Chat","tarot_or_oracle_guidance","high","4","pain_subscription_value","pain","Subscription or paywall does not feel worth it","2026-01-18T19:15:44-07:00","https://itunes.apple.com/us/rss/customerreviews/id=6755166256/sortBy=mostRecent/json"
"6755166256","Kokoa AI: Roleplay AI Chat","tarot_or_oracle_guidance","high","5","pain_content_depth_customization","pain","Users want more depth, options, or customization","2026-01-17T18:34:12-07:00","https://itunes.apple.com/us/rss/customerreviews/id=6755166256/sortBy=mostRecent/json"
"6755166256","Kokoa AI: Roleplay AI Chat","tarot_or_oracle_guidance","high","1","pain_subscription_value","pain","Subscription or paywall does not feel worth it","2026-01-06T10:41:53-07:00","https://itunes.apple.com/us/rss/customerreviews/id=6755166256/sortBy=mostRecent/json"
"6755166256","Kokoa AI: Roleplay AI Chat","tarot_or_oracle_guidance","high","1","pain_subscription_value","pain","Subscription or paywall does not feel worth it","2026-01-05T19:52:23-07:00","https://itunes.apple.com/us/rss/customerreviews/id=6755166256/sortBy=mostRecent/json"
"6755166256","Kokoa AI: Roleplay AI Chat","tarot_or_oracle_guidance","high","1","pain_content_depth_customization","pain","Users want more depth, options, or customization","2026-01-05T19:52:23-07:00","https://itunes.apple.com/us/rss/customerreviews/id=6755166256/sortBy=mostRecent/json"
"6755166256","Kokoa AI: Roleplay AI Chat","tarot_or_oracle_guidance","high","1","pain_subscription_value","pain","Subscription or paywall does not feel worth it","2026-01-05T06:30:49-07:00","https://itunes.apple.com/us/rss/customerreviews/id=6755166256/sortBy=mostRecent/json"
"6755166256","Kokoa AI: Roleplay AI Chat","tarot_or_oracle_guidance","high","1","pain_signup_access_friction","pain","Signup, access, or device friction blocks activation","2026-01-05T06:30:49-07:00","https://itunes.apple.com/us/rss/customerreviews/id=6755166256/sortBy=mostRecent/json"
"6636491359","Harem AI - Chat & Talk & Crush","tarot_or_oracle_guidance","medium_high","5","jtbd_make_growth_visible","jtbd","Show me visible progress so effort feels real","2025-03-20T18:36:27-07:00","https://itunes.apple.com/us/rss/customerreviews/id=6636491359/sortBy=mostRecent/json"
"6636491359","Harem AI - Chat & Talk & Crush","tarot_or_oracle_guidance","medium_high","5","jtbd_daily_anchor","jtbd","Give me a daily anchor I can return to","2025-03-20T13:10:31-07:00","https://itunes.apple.com/us/rss/customerreviews/id=6636491359/sortBy=mostRecent/json"
"6636491359","Harem AI - Chat & Talk & Crush","tarot_or_oracle_guidance","medium_high","5","pain_unclear_game_loop","pain","The game layer can feel confusing or disconnected","2025-03-20T13:10:31-07:00","https://itunes.apple.com/us/rss/customerreviews/id=6636491359/sortBy=mostRecent/json"
"6636491359","Harem AI - Chat & Talk & Crush","tarot_or_oracle_guidance","medium_high","5","jtbd_make_growth_visible","jtbd","Show me visible progress so effort feels real","2025-03-20T08:49:05-07:00","https://itunes.apple.com/us/rss/customerreviews/id=6636491359/sortBy=mostRecent/json"
"6636491359","Harem AI - Chat & Talk & Crush","tarot_or_oracle_guidance","medium_high","5","jtbd_make_growth_visible","jtbd","Show me visible progress so effort feels real","2025-03-20T07:56:48-07:00","https://itunes.apple.com/us/rss/customerreviews/id=6636491359/sortBy=mostRecent/json"
"6636491359","Harem AI - Chat & Talk & Crush","tarot_or_oracle_guidance","medium_high","5","jtbd_make_growth_visible","jtbd","Show me visible progress so effort feels real","2025-03-20T07:56:35-07:00","https://itunes.apple.com/us/rss/customerreviews/id=6636491359/sortBy=mostRecent/json"
"6636491359","Harem AI - Chat & Talk & Crush","tarot_or_oracle_guidance","medium_high","5","jtbd_make_growth_visible","jtbd","Show me visible progress so effort feels real","2025-03-20T07:56:15-07:00","https://itunes.apple.com/us/rss/customerreviews/id=6636491359/sortBy=mostRecent/json"
"6636491359","Harem AI - Chat & Talk & Crush","tarot_or_oracle_guidance","medium_high","5","pain_content_depth_customization","pain","Users want more depth, options, or customization","2025-03-20T07:56:15-07:00","https://itunes.apple.com/us/rss/customerreviews/id=6636491359/sortBy=mostRecent/json"
"6636491359","Harem AI - Chat & Talk & Crush","tarot_or_oracle_guidance","medium_high","5","jtbd_daily_anchor","jtbd","Give me a daily anchor I can return to","2025-03-20T01:41:23-07:00","https://itunes.apple.com/us/rss/customerreviews/id=6636491359/sortBy=mostRecent/json"
"6636491359","Harem AI - Chat & Talk & Crush","tarot_or_oracle_guidance","medium_high","5","jtbd_make_growth_visible","jtbd","Show me visible progress so effort feels real","2025-03-20T01:41:23-07:00","https://itunes.apple.com/us/rss/customerreviews/id=6636491359/sortBy=mostRecent/json"
"6636491359","Harem AI - Chat & Talk & Crush","tarot_or_oracle_guidance","medium_high","5","pain_unclear_game_loop","pain","The game layer can feel confusing or disconnected","2025-03-19T13:58:41-07:00","https://itunes.apple.com/us/rss/customerreviews/id=6636491359/sortBy=mostRecent/json"
"6636491359","Harem AI - Chat & Talk & Crush","tarot_or_oracle_guidance","medium_high","5","jtbd_make_growth_visible","jtbd","Show me visible progress so effort feels real","2025-03-19T08:18:54-07:00","https://itunes.apple.com/us/rss/customerreviews/id=6636491359/sortBy=mostRecent/json"
"6636491359","Harem AI - Chat & Talk & Crush","tarot_or_oracle_guidance","medium_high","5","jtbd_make_growth_visible","jtbd","Show me visible progress so effort feels real","2025-03-19T06:48:55-07:00","https://itunes.apple.com/us/rss/customerreviews/id=6636491359/sortBy=mostRecent/json"
"6636491359","Harem AI - Chat & Talk & Crush","tarot_or_oracle_guidance","medium_high","5","jtbd_daily_anchor","jtbd","Give me a daily anchor I can return to","2025-03-18T22:36:16-07:00","https://itunes.apple.com/us/rss/customerreviews/id=6636491359/sortBy=mostRecent/json"
"6636491359","Harem AI - Chat & Talk & Crush","tarot_or_oracle_guidance","medium_high","5","jtbd_make_growth_visible","jtbd","Show me visible progress so effort feels real","2025-03-18T22:36:16-07:00","https://itunes.apple.com/us/rss/customerreviews/id=6636491359/sortBy=mostRecent/json"
"6636491359","Harem AI - Chat & Talk & Crush","tarot_or_oracle_guidance","medium_high","5","jtbd_make_growth_visible","jtbd","Show me visible progress so effort feels real","2025-03-18T20:12:25-07:00","https://itunes.apple.com/us/rss/customerreviews/id=6636491359/sortBy=mostRecent/json"
"6636491359","Harem AI - Chat & Talk & Crush","tarot_or_oracle_guidance","medium_high","5","jtbd_daily_anchor","jtbd","Give me a daily anchor I can return to","2025-03-18T17:48:48-07:00","https://itunes.apple.com/us/rss/customerreviews/id=6636491359/sortBy=mostRecent/json"
"6636491359","Harem AI - Chat & Talk & Crush","tarot_or_oracle_guidance","medium_high","5","jtbd_belonging_accountability","jtbd","Feel accompanied or accountable","2025-03-18T17:48:48-07:00","https://itunes.apple.com/us/rss/customerreviews/id=6636491359/sortBy=mostRecent/json"
"6636491359","Harem AI - Chat & Talk & Crush","tarot_or_oracle_guidance","medium_high","5","jtbd_make_growth_visible","jtbd","Show me visible progress so effort feels real","2025-03-18T13:46:33-07:00","https://itunes.apple.com/us/rss/customerreviews/id=6636491359/sortBy=mostRecent/json"
"6636491359","Harem AI - Chat & Talk & Crush","tarot_or_oracle_guidance","medium_high","5","pain_unclear_game_loop","pain","The game layer can feel confusing or disconnected","2025-03-18T13:46:33-07:00","https://itunes.apple.com/us/rss/customerreviews/id=6636491359/sortBy=mostRecent/json"
"6636491359","Harem AI - Chat & Talk & Crush","tarot_or_oracle_guidance","medium_high","5","jtbd_make_growth_visible","jtbd","Show me visible progress so effort feels real","2025-03-18T06:01:32-07:00","https://itunes.apple.com/us/rss/customerreviews/id=6636491359/sortBy=mostRecent/json"
"6636491359","Harem AI - Chat & Talk & Crush","tarot_or_oracle_guidance","medium_high","5","jtbd_fast_emotional_reset","jtbd","Help me calm down or reset quickly","2025-02-23T22:46:15-07:00","https://itunes.apple.com/us/rss/customerreviews/id=6636491359/sortBy=mostRecent/json"
"6636491359","Harem AI - Chat & Talk & Crush","tarot_or_oracle_guidance","medium_high","5","pain_trust_accuracy_safety","pain","Trust, accuracy, or spiritual safety concerns","2025-02-23T22:46:15-07:00","https://itunes.apple.com/us/rss/customerreviews/id=6636491359/sortBy=mostRecent/json"
"6757587521","Spark AI: Chat with Characters","tarot_or_oracle_guidance","high","1","pain_subscription_value","pain","Subscription or paywall does not feel worth it","2026-04-24T11:27:01-07:00","https://itunes.apple.com/us/rss/customerreviews/id=6757587521/sortBy=mostRecent/json"
"6757587521","Spark AI: Chat with Characters","tarot_or_oracle_guidance","high","1","pain_content_depth_customization","pain","Users want more depth, options, or customization","2026-04-24T11:27:01-07:00","https://itunes.apple.com/us/rss/customerreviews/id=6757587521/sortBy=mostRecent/json"
"6757587521","Spark AI: Chat with Characters","tarot_or_oracle_guidance","high","1","pain_trust_accuracy_safety","pain","Trust, accuracy, or spiritual safety concerns","2026-04-24T11:27:01-07:00","https://itunes.apple.com/us/rss/customerreviews/id=6757587521/sortBy=mostRecent/json"
"6757587521","Spark AI: Chat with Characters","tarot_or_oracle_guidance","high","5","jtbd_make_growth_visible","jtbd","Show me visible progress so effort feels real","2026-04-24T10:34:55-07:00","https://itunes.apple.com/us/rss/customerreviews/id=6757587521/sortBy=mostRecent/json"
"441977097","Pregnancy Tracker 3D by Sprout","astrology_guidance","medium","5","jtbd_belonging_accountability","jtbd","Feel accompanied or accountable","2026-05-22T16:26:32-07:00","https://itunes.apple.com/us/rss/customerreviews/id=441977097/sortBy=mostRecent/json"
"441977097","Pregnancy Tracker 3D by Sprout","astrology_guidance","medium","1","pain_content_depth_customization","pain","Users want more depth, options, or customization","2026-05-12T06:06:49-07:00","https://itunes.apple.com/us/rss/customerreviews/id=441977097/sortBy=mostRecent/json"
"441977097","Pregnancy Tracker 3D by Sprout","astrology_guidance","medium","5","pain_trust_accuracy_safety","pain","Trust, accuracy, or spiritual safety concerns","2026-05-09T02:57:13-07:00","https://itunes.apple.com/us/rss/customerreviews/id=441977097/sortBy=mostRecent/json"
"441977097","Pregnancy Tracker 3D by Sprout","astrology_guidance","medium","5","pain_content_depth_customization","pain","Users want more depth, options, or customization","2026-05-01T18:32:30-07:00","https://itunes.apple.com/us/rss/customerreviews/id=441977097/sortBy=mostRecent/json"
"441977097","Pregnancy Tracker 3D by Sprout","astrology_guidance","medium","1","pain_subscription_value","pain","Subscription or paywall does not feel worth it","2026-04-17T22:17:17-07:00","https://itunes.apple.com/us/rss/customerreviews/id=441977097/sortBy=mostRecent/json"
"441977097","Pregnancy Tracker 3D by Sprout","astrology_guidance","medium","1","pain_signup_access_friction","pain","Signup, access, or device friction blocks activation","2026-04-17T22:17:17-07:00","https://itunes.apple.com/us/rss/customerreviews/id=441977097/sortBy=mostRecent/json"
"441977097","Pregnancy Tracker 3D by Sprout","astrology_guidance","medium","5","jtbd_structure_self_improvement","jtbd","Turn vague self-improvement into concrete actions","2026-04-10T13:31:03-07:00","https://itunes.apple.com/us/rss/customerreviews/id=441977097/sortBy=mostRecent/json"
"441977097","Pregnancy Tracker 3D by Sprout","astrology_guidance","medium","5","jtbd_belonging_accountability","jtbd","Feel accompanied or accountable","2026-04-10T13:31:03-07:00","https://itunes.apple.com/us/rss/customerreviews/id=441977097/sortBy=mostRecent/json"
"441977097","Pregnancy Tracker 3D by Sprout","astrology_guidance","medium","5","jtbd_make_growth_visible","jtbd","Show me visible progress so effort feels real","2026-03-31T07:56:30-07:00","https://itunes.apple.com/us/rss/customerreviews/id=441977097/sortBy=mostRecent/json"
"441977097","Pregnancy Tracker 3D by Sprout","astrology_guidance","medium","5","jtbd_structure_self_improvement","jtbd","Turn vague self-improvement into concrete actions","2026-03-31T07:56:30-07:00","https://itunes.apple.com/us/rss/customerreviews/id=441977097/sortBy=mostRecent/json"
"441977097","Pregnancy Tracker 3D by Sprout","astrology_guidance","medium","1","jtbd_make_growth_visible","jtbd","Show me visible progress so effort feels real","2026-03-18T06:48:30-07:00","https://itunes.apple.com/us/rss/customerreviews/id=441977097/sortBy=mostRecent/json"
"441977097","Pregnancy Tracker 3D by Sprout","astrology_guidance","medium","1","pain_subscription_value","pain","Subscription or paywall does not feel worth it","2026-03-18T06:48:30-07:00","https://itunes.apple.com/us/rss/customerreviews/id=441977097/sortBy=mostRecent/json"
"441977097","Pregnancy Tracker 3D by Sprout","astrology_guidance","medium","3","jtbd_daily_anchor","jtbd","Give me a daily anchor I can return to","2026-03-08T08:33:40-07:00","https://itunes.apple.com/us/rss/customerreviews/id=441977097/sortBy=mostRecent/json"
"441977097","Pregnancy Tracker 3D by Sprout","astrology_guidance","medium","3","jtbd_make_growth_visible","jtbd","Show me visible progress so effort feels real","2026-03-08T08:33:40-07:00","https://itunes.apple.com/us/rss/customerreviews/id=441977097/sortBy=mostRecent/json"
"441977097","Pregnancy Tracker 3D by Sprout","astrology_guidance","medium","3","jtbd_belonging_accountability","jtbd","Feel accompanied or accountable","2026-03-08T08:33:40-07:00","https://itunes.apple.com/us/rss/customerreviews/id=441977097/sortBy=mostRecent/json"
"441977097","Pregnancy Tracker 3D by Sprout","astrology_guidance","medium","3","pain_content_depth_customization","pain","Users want more depth, options, or customization","2026-03-08T08:33:40-07:00","https://itunes.apple.com/us/rss/customerreviews/id=441977097/sortBy=mostRecent/json"
"441977097","Pregnancy Tracker 3D by Sprout","astrology_guidance","medium","3","pain_trust_accuracy_safety","pain","Trust, accuracy, or spiritual safety concerns","2026-03-08T08:33:40-07:00","https://itunes.apple.com/us/rss/customerreviews/id=441977097/sortBy=mostRecent/json"
"441977097","Pregnancy Tracker 3D by Sprout","astrology_guidance","medium","5","pain_content_depth_customization","pain","Users want more depth, options, or customization","2026-02-25T15:57:56-07:00","https://itunes.apple.com/us/rss/customerreviews/id=441977097/sortBy=mostRecent/json"
"441977097","Pregnancy Tracker 3D by Sprout","astrology_guidance","medium","2","pain_subscription_value","pain","Subscription or paywall does not feel worth it","2026-01-28T16:57:17-07:00","https://itunes.apple.com/us/rss/customerreviews/id=441977097/sortBy=mostRecent/json"
"441977097","Pregnancy Tracker 3D by Sprout","astrology_guidance","medium","2","pain_unclear_game_loop","pain","The game layer can feel confusing or disconnected","2026-01-28T16:57:17-07:00","https://itunes.apple.com/us/rss/customerreviews/id=441977097/sortBy=mostRecent/json"
"441977097","Pregnancy Tracker 3D by Sprout","astrology_guidance","medium","2","pain_subscription_value","pain","Subscription or paywall does not feel worth it","2026-01-28T16:09:09-07:00","https://itunes.apple.com/us/rss/customerreviews/id=441977097/sortBy=mostRecent/json"
"441977097","Pregnancy Tracker 3D by Sprout","astrology_guidance","medium","2","pain_content_depth_customization","pain","Users want more depth, options, or customization","2026-01-28T16:09:09-07:00","https://itunes.apple.com/us/rss/customerreviews/id=441977097/sortBy=mostRecent/json"
"441977097","Pregnancy Tracker 3D by Sprout","astrology_guidance","medium","2","pain_unclear_game_loop","pain","The game layer can feel confusing or disconnected","2026-01-28T16:09:09-07:00","https://itunes.apple.com/us/rss/customerreviews/id=441977097/sortBy=mostRecent/json"
"441977097","Pregnancy Tracker 3D by Sprout","astrology_guidance","medium","5","jtbd_make_growth_visible","jtbd","Show me visible progress so effort feels real","2026-01-19T13:32:54-07:00","https://itunes.apple.com/us/rss/customerreviews/id=441977097/sortBy=mostRecent/json"
"441977097","Pregnancy Tracker 3D by Sprout","astrology_guidance","medium","4","pain_content_depth_customization","pain","Users want more depth, options, or customization","2026-01-17T11:04:41-07:00","https://itunes.apple.com/us/rss/customerreviews/id=441977097/sortBy=mostRecent/json"
"441977097","Pregnancy Tracker 3D by Sprout","astrology_guidance","medium","1","pain_subscription_value","pain","Subscription or paywall does not feel worth it","2026-01-12T20:00:21-07:00","https://itunes.apple.com/us/rss/customerreviews/id=441977097/sortBy=mostRecent/json"
"441977097","Pregnancy Tracker 3D by Sprout","astrology_guidance","medium","2","jtbd_daily_anchor","jtbd","Give me a daily anchor I can return to","2026-01-09T08:38:41-07:00","https://itunes.apple.com/us/rss/customerreviews/id=441977097/sortBy=mostRecent/json"
"441977097","Pregnancy Tracker 3D by Sprout","astrology_guidance","medium","2","pain_content_depth_customization","pain","Users want more depth, options, or customization","2026-01-09T08:38:41-07:00","https://itunes.apple.com/us/rss/customerreviews/id=441977097/sortBy=mostRecent/json"
"441977097","Pregnancy Tracker 3D by Sprout","astrology_guidance","medium","2","pain_trust_accuracy_safety","pain","Trust, accuracy, or spiritual safety concerns","2026-01-09T08:38:41-07:00","https://itunes.apple.com/us/rss/customerreviews/id=441977097/sortBy=mostRecent/json"
"441977097","Pregnancy Tracker 3D by Sprout","astrology_guidance","medium","1","pain_trust_accuracy_safety","pain","Trust, accuracy, or spiritual safety concerns","2025-12-22T05:19:54-07:00","https://itunes.apple.com/us/rss/customerreviews/id=441977097/sortBy=mostRecent/json"
"441977097","Pregnancy Tracker 3D by Sprout","astrology_guidance","medium","2","pain_subscription_value","pain","Subscription or paywall does not feel worth it","2025-12-03T08:00:18-07:00","https://itunes.apple.com/us/rss/customerreviews/id=441977097/sortBy=mostRecent/json"
"441977097","Pregnancy Tracker 3D by Sprout","astrology_guidance","medium","5","pain_content_depth_customization","pain","Users want more depth, options, or customization","2025-11-24T07:28:15-07:00","https://itunes.apple.com/us/rss/customerreviews/id=441977097/sortBy=mostRecent/json"
"441977097","Pregnancy Tracker 3D by Sprout","astrology_guidance","medium","1","pain_subscription_value","pain","Subscription or paywall does not feel worth it","2025-10-26T11:55:36-07:00","https://itunes.apple.com/us/rss/customerreviews/id=441977097/sortBy=mostRecent/json"
"441977097","Pregnancy Tracker 3D by Sprout","astrology_guidance","medium","5","jtbd_daily_anchor","jtbd","Give me a daily anchor I can return to","2025-10-20T16:21:44-07:00","https://itunes.apple.com/us/rss/customerreviews/id=441977097/sortBy=mostRecent/json"
"441977097","Pregnancy Tracker 3D by Sprout","astrology_guidance","medium","5","jtbd_make_growth_visible","jtbd","Show me visible progress so effort feels real","2025-10-20T16:21:44-07:00","https://itunes.apple.com/us/rss/customerreviews/id=441977097/sortBy=mostRecent/json"
"441977097","Pregnancy Tracker 3D by Sprout","astrology_guidance","medium","2","pain_subscription_value","pain","Subscription or paywall does not feel worth it","2025-09-30T09:42:46-07:00","https://itunes.apple.com/us/rss/customerreviews/id=441977097/sortBy=mostRecent/json"
"441977097","Pregnancy Tracker 3D by Sprout","astrology_guidance","medium","2","pain_reliability_breaks_ritual","pain","Bugs break trust and interrupt the ritual","2025-09-30T09:42:46-07:00","https://itunes.apple.com/us/rss/customerreviews/id=441977097/sortBy=mostRecent/json"
"441977097","Pregnancy Tracker 3D by Sprout","astrology_guidance","medium","2","pain_signup_access_friction","pain","Signup, access, or device friction blocks activation","2025-09-30T09:42:46-07:00","https://itunes.apple.com/us/rss/customerreviews/id=441977097/sortBy=mostRecent/json"
"441977097","Pregnancy Tracker 3D by Sprout","astrology_guidance","medium","5","pain_content_depth_customization","pain","Users want more depth, options, or customization","2025-09-18T17:43:31-07:00","https://itunes.apple.com/us/rss/customerreviews/id=441977097/sortBy=mostRecent/json"
"441977097","Pregnancy Tracker 3D by Sprout","astrology_guidance","medium","5","pain_signup_access_friction","pain","Signup, access, or device friction blocks activation","2025-09-18T17:43:31-07:00","https://itunes.apple.com/us/rss/customerreviews/id=441977097/sortBy=mostRecent/json"
"441977097","Pregnancy Tracker 3D by Sprout","astrology_guidance","medium","1","pain_subscription_value","pain","Subscription or paywall does not feel worth it","2025-09-17T12:34:16-07:00","https://itunes.apple.com/us/rss/customerreviews/id=441977097/sortBy=mostRecent/json"
"441977097","Pregnancy Tracker 3D by Sprout","astrology_guidance","medium","5","jtbd_make_growth_visible","jtbd","Show me visible progress so effort feels real","2025-09-08T17:51:51-07:00","https://itunes.apple.com/us/rss/customerreviews/id=441977097/sortBy=mostRecent/json"
"441977097","Pregnancy Tracker 3D by Sprout","astrology_guidance","medium","5","jtbd_make_growth_visible","jtbd","Show me visible progress so effort feels real","2025-08-16T08:39:07-07:00","https://itunes.apple.com/us/rss/customerreviews/id=441977097/sortBy=mostRecent/json"
"441977097","Pregnancy Tracker 3D by Sprout","astrology_guidance","medium","5","jtbd_fast_emotional_reset","jtbd","Help me calm down or reset quickly","2025-07-14T08:22:05-07:00","https://itunes.apple.com/us/rss/customerreviews/id=441977097/sortBy=mostRecent/json"
"441977097","Pregnancy Tracker 3D by Sprout","astrology_guidance","medium","5","jtbd_make_growth_visible","jtbd","Show me visible progress so effort feels real","2025-06-24T20:16:28-07:00","https://itunes.apple.com/us/rss/customerreviews/id=441977097/sortBy=mostRecent/json"
"441977097","Pregnancy Tracker 3D by Sprout","astrology_guidance","medium","5","pain_signup_access_friction","pain","Signup, access, or device friction blocks activation","2025-06-20T10:05:21-07:00","https://itunes.apple.com/us/rss/customerreviews/id=441977097/sortBy=mostRecent/json"
"441977097","Pregnancy Tracker 3D by Sprout","astrology_guidance","medium","5","jtbd_make_growth_visible","jtbd","Show me visible progress so effort feels real","2025-05-29T07:15:47-07:00","https://itunes.apple.com/us/rss/customerreviews/id=441977097/sortBy=mostRecent/json"
"441977097","Pregnancy Tracker 3D by Sprout","astrology_guidance","medium","5","pain_trust_accuracy_safety","pain","Trust, accuracy, or spiritual safety concerns","2025-05-29T07:15:47-07:00","https://itunes.apple.com/us/rss/customerreviews/id=441977097/sortBy=mostRecent/json"
"441977097","Pregnancy Tracker 3D by Sprout","astrology_guidance","medium","5","jtbd_make_growth_visible","jtbd","Show me visible progress so effort feels real","2025-05-27T18:25:38-07:00","https://itunes.apple.com/us/rss/customerreviews/id=441977097/sortBy=mostRecent/json"
"441977097","Pregnancy Tracker 3D by Sprout","astrology_guidance","medium","5","jtbd_belonging_accountability","jtbd","Feel accompanied or accountable","2025-05-20T09:47:10-07:00","https://itunes.apple.com/us/rss/customerreviews/id=441977097/sortBy=mostRecent/json"
"441977097","Pregnancy Tracker 3D by Sprout","astrology_guidance","medium","3","jtbd_belonging_accountability","jtbd","Feel accompanied or accountable","2025-05-02T04:09:33-07:00","https://itunes.apple.com/us/rss/customerreviews/id=441977097/sortBy=mostRecent/json"
"441977097","Pregnancy Tracker 3D by Sprout","astrology_guidance","medium","3","pain_unclear_game_loop","pain","The game layer can feel confusing or disconnected","2025-05-02T04:09:33-07:00","https://itunes.apple.com/us/rss/customerreviews/id=441977097/sortBy=mostRecent/json"
"441977097","Pregnancy Tracker 3D by Sprout","astrology_guidance","medium","3","pain_signup_access_friction","pain","Signup, access, or device friction blocks activation","2025-05-02T04:09:33-07:00","https://itunes.apple.com/us/rss/customerreviews/id=441977097/sortBy=mostRecent/json"
"441977097","Pregnancy Tracker 3D by Sprout","astrology_guidance","medium","3","jtbd_make_growth_visible","jtbd","Show me visible progress so effort feels real","2025-04-25T11:23:19-07:00","https://itunes.apple.com/us/rss/customerreviews/id=441977097/sortBy=mostRecent/json"
"441977097","Pregnancy Tracker 3D by Sprout","astrology_guidance","medium","3","jtbd_structure_self_improvement","jtbd","Turn vague self-improvement into concrete actions","2025-04-25T11:23:19-07:00","https://itunes.apple.com/us/rss/customerreviews/id=441977097/sortBy=mostRecent/json"
"441977097","Pregnancy Tracker 3D by Sprout","astrology_guidance","medium","3","pain_subscription_value","pain","Subscription or paywall does not feel worth it","2025-04-25T11:23:19-07:00","https://itunes.apple.com/us/rss/customerreviews/id=441977097/sortBy=mostRecent/json"
"441977097","Pregnancy Tracker 3D by Sprout","astrology_guidance","medium","1","pain_content_depth_customization","pain","Users want more depth, options, or customization","2025-04-18T07:02:18-07:00","https://itunes.apple.com/us/rss/customerreviews/id=441977097/sortBy=mostRecent/json"
"441977097","Pregnancy Tracker 3D by Sprout","astrology_guidance","medium","3","pain_subscription_value","pain","Subscription or paywall does not feel worth it","2025-04-13T07:07:54-07:00","https://itunes.apple.com/us/rss/customerreviews/id=441977097/sortBy=mostRecent/json"
"441977097","Pregnancy Tracker 3D by Sprout","astrology_guidance","medium","5","jtbd_make_growth_visible","jtbd","Show me visible progress so effort feels real","2025-03-12T19:15:35-07:00","https://itunes.apple.com/us/rss/customerreviews/id=441977097/sortBy=mostRecent/json"
"441977097","Pregnancy Tracker 3D by Sprout","astrology_guidance","medium","5","jtbd_structure_self_improvement","jtbd","Turn vague self-improvement into concrete actions","2025-03-12T19:15:35-07:00","https://itunes.apple.com/us/rss/customerreviews/id=441977097/sortBy=mostRecent/json"
"441977097","Pregnancy Tracker 3D by Sprout","astrology_guidance","medium","5","jtbd_belonging_accountability","jtbd","Feel accompanied or accountable","2025-03-12T19:15:35-07:00","https://itunes.apple.com/us/rss/customerreviews/id=441977097/sortBy=mostRecent/json"
"441977097","Pregnancy Tracker 3D by Sprout","astrology_guidance","medium","5","pain_content_depth_customization","pain","Users want more depth, options, or customization","2025-03-12T19:15:35-07:00","https://itunes.apple.com/us/rss/customerreviews/id=441977097/sortBy=mostRecent/json"
"6475028592","OtterLife: AI Health Tracker","gamified_self_improvement","medium_high","5","pain_subscription_value","pain","Subscription or paywall does not feel worth it","2026-05-26T20:23:36-07:00","https://itunes.apple.com/us/rss/customerreviews/id=6475028592/sortBy=mostRecent/json"
"6475028592","OtterLife: AI Health Tracker","gamified_self_improvement","medium_high","1","pain_subscription_value","pain","Subscription or paywall does not feel worth it","2026-05-15T16:27:36-07:00","https://itunes.apple.com/us/rss/customerreviews/id=6475028592/sortBy=mostRecent/json"
"6475028592","OtterLife: AI Health Tracker","gamified_self_improvement","medium_high","1","jtbd_daily_anchor","jtbd","Give me a daily anchor I can return to","2026-05-02T22:27:25-07:00","https://itunes.apple.com/us/rss/customerreviews/id=6475028592/sortBy=mostRecent/json"
"6475028592","OtterLife: AI Health Tracker","gamified_self_improvement","medium_high","1","jtbd_structure_self_improvement","jtbd","Turn vague self-improvement into concrete actions","2026-05-02T22:27:25-07:00","https://itunes.apple.com/us/rss/customerreviews/id=6475028592/sortBy=mostRecent/json"
"6475028592","OtterLife: AI Health Tracker","gamified_self_improvement","medium_high","1","pain_subscription_value","pain","Subscription or paywall does not feel worth it","2026-05-02T22:27:25-07:00","https://itunes.apple.com/us/rss/customerreviews/id=6475028592/sortBy=mostRecent/json"
"6475028592","OtterLife: AI Health Tracker","gamified_self_improvement","medium_high","1","pain_content_depth_customization","pain","Users want more depth, options, or customization","2026-05-02T22:27:25-07:00","https://itunes.apple.com/us/rss/customerreviews/id=6475028592/sortBy=mostRecent/json"
"6475028592","OtterLife: AI Health Tracker","gamified_self_improvement","medium_high","1","pain_trust_accuracy_safety","pain","Trust, accuracy, or spiritual safety concerns","2026-05-02T22:27:25-07:00","https://itunes.apple.com/us/rss/customerreviews/id=6475028592/sortBy=mostRecent/json"
"6475028592","OtterLife: AI Health Tracker","gamified_self_improvement","medium_high","4","pain_content_depth_customization","pain","Users want more depth, options, or customization","2026-04-11T10:55:55-07:00","https://itunes.apple.com/us/rss/customerreviews/id=6475028592/sortBy=mostRecent/json"
"6475028592","OtterLife: AI Health Tracker","gamified_self_improvement","medium_high","2","jtbd_structure_self_improvement","jtbd","Turn vague self-improvement into concrete actions","2026-04-06T06:41:00-07:00","https://itunes.apple.com/us/rss/customerreviews/id=6475028592/sortBy=mostRecent/json"
"6475028592","OtterLife: AI Health Tracker","gamified_self_improvement","medium_high","2","pain_subscription_value","pain","Subscription or paywall does not feel worth it","2026-04-06T06:41:00-07:00","https://itunes.apple.com/us/rss/customerreviews/id=6475028592/sortBy=mostRecent/json"
"6475028592","OtterLife: AI Health Tracker","gamified_self_improvement","medium_high","2","pain_reliability_breaks_ritual","pain","Bugs break trust and interrupt the ritual","2026-04-06T06:41:00-07:00","https://itunes.apple.com/us/rss/customerreviews/id=6475028592/sortBy=mostRecent/json"
"6475028592","OtterLife: AI Health Tracker","gamified_self_improvement","medium_high","2","pain_content_depth_customization","pain","Users want more depth, options, or customization","2026-04-06T06:41:00-07:00","https://itunes.apple.com/us/rss/customerreviews/id=6475028592/sortBy=mostRecent/json"
"6475028592","OtterLife: AI Health Tracker","gamified_self_improvement","medium_high","2","pain_signup_access_friction","pain","Signup, access, or device friction blocks activation","2026-04-06T06:41:00-07:00","https://itunes.apple.com/us/rss/customerreviews/id=6475028592/sortBy=mostRecent/json"
"6475028592","OtterLife: AI Health Tracker","gamified_self_improvement","medium_high","1","pain_content_depth_customization","pain","Users want more depth, options, or customization","2026-04-04T18:45:08-07:00","https://itunes.apple.com/us/rss/customerreviews/id=6475028592/sortBy=mostRecent/json"
"6475028592","OtterLife: AI Health Tracker","gamified_self_improvement","medium_high","1","pain_subscription_value","pain","Subscription or paywall does not feel worth it","2026-03-31T06:52:40-07:00","https://itunes.apple.com/us/rss/customerreviews/id=6475028592/sortBy=mostRecent/json"
"6475028592","OtterLife: AI Health Tracker","gamified_self_improvement","medium_high","1","pain_signup_access_friction","pain","Signup, access, or device friction blocks activation","2026-03-31T06:52:40-07:00","https://itunes.apple.com/us/rss/customerreviews/id=6475028592/sortBy=mostRecent/json"
"6475028592","OtterLife: AI Health Tracker","gamified_self_improvement","medium_high","4","pain_content_depth_customization","pain","Users want more depth, options, or customization","2026-03-27T07:54:07-07:00","https://itunes.apple.com/us/rss/customerreviews/id=6475028592/sortBy=mostRecent/json"
"6475028592","OtterLife: AI Health Tracker","gamified_self_improvement","medium_high","3","pain_content_depth_customization","pain","Users want more depth, options, or customization","2026-03-25T13:21:29-07:00","https://itunes.apple.com/us/rss/customerreviews/id=6475028592/sortBy=mostRecent/json"
"6475028592","OtterLife: AI Health Tracker","gamified_self_improvement","medium_high","3","pain_trust_accuracy_safety","pain","Trust, accuracy, or spiritual safety concerns","2026-03-25T13:21:29-07:00","https://itunes.apple.com/us/rss/customerreviews/id=6475028592/sortBy=mostRecent/json"
"6475028592","OtterLife: AI Health Tracker","gamified_self_improvement","medium_high","4","pain_content_depth_customization","pain","Users want more depth, options, or customization","2026-03-25T07:13:29-07:00","https://itunes.apple.com/us/rss/customerreviews/id=6475028592/sortBy=mostRecent/json"
"6475028592","OtterLife: AI Health Tracker","gamified_self_improvement","medium_high","1","pain_subscription_value","pain","Subscription or paywall does not feel worth it","2026-03-19T11:48:49-07:00","https://itunes.apple.com/us/rss/customerreviews/id=6475028592/sortBy=mostRecent/json"
"6475028592","OtterLife: AI Health Tracker","gamified_self_improvement","medium_high","1","pain_subscription_value","pain","Subscription or paywall does not feel worth it","2026-03-18T20:25:32-07:00","https://itunes.apple.com/us/rss/customerreviews/id=6475028592/sortBy=mostRecent/json"
"6475028592","OtterLife: AI Health Tracker","gamified_self_improvement","medium_high","1","pain_trust_accuracy_safety","pain","Trust, accuracy, or spiritual safety concerns","2026-03-18T20:25:32-07:00","https://itunes.apple.com/us/rss/customerreviews/id=6475028592/sortBy=mostRecent/json"
"6475028592","OtterLife: AI Health Tracker","gamified_self_improvement","medium_high","1","pain_signup_access_friction","pain","Signup, access, or device friction blocks activation","2026-03-18T20:25:32-07:00","https://itunes.apple.com/us/rss/customerreviews/id=6475028592/sortBy=mostRecent/json"
"6475028592","OtterLife: AI Health Tracker","gamified_self_improvement","medium_high","5","jtbd_daily_anchor","jtbd","Give me a daily anchor I can return to","2026-03-16T10:34:03-07:00","https://itunes.apple.com/us/rss/customerreviews/id=6475028592/sortBy=mostRecent/json"
"6475028592","OtterLife: AI Health Tracker","gamified_self_improvement","medium_high","5","jtbd_fast_emotional_reset","jtbd","Help me calm down or reset quickly","2026-03-16T10:34:03-07:00","https://itunes.apple.com/us/rss/customerreviews/id=6475028592/sortBy=mostRecent/json"
"6475028592","OtterLife: AI Health Tracker","gamified_self_improvement","medium_high","5","jtbd_make_growth_visible","jtbd","Show me visible progress so effort feels real","2026-03-16T10:34:03-07:00","https://itunes.apple.com/us/rss/customerreviews/id=6475028592/sortBy=mostRecent/json"
"6475028592","OtterLife: AI Health Tracker","gamified_self_improvement","medium_high","1","jtbd_structure_self_improvement","jtbd","Turn vague self-improvement into concrete actions","2026-03-12T13:45:21-07:00","https://itunes.apple.com/us/rss/customerreviews/id=6475028592/sortBy=mostRecent/json"
"6475028592","OtterLife: AI Health Tracker","gamified_self_improvement","medium_high","1","pain_subscription_value","pain","Subscription or paywall does not feel worth it","2026-03-11T09:50:05-07:00","https://itunes.apple.com/us/rss/customerreviews/id=6475028592/sortBy=mostRecent/json"
"6475028592","OtterLife: AI Health Tracker","gamified_self_improvement","medium_high","1","pain_signup_access_friction","pain","Signup, access, or device friction blocks activation","2026-03-11T09:50:05-07:00","https://itunes.apple.com/us/rss/customerreviews/id=6475028592/sortBy=mostRecent/json"
"6475028592","OtterLife: AI Health Tracker","gamified_self_improvement","medium_high","1","pain_subscription_value","pain","Subscription or paywall does not feel worth it","2026-03-04T22:21:38-07:00","https://itunes.apple.com/us/rss/customerreviews/id=6475028592/sortBy=mostRecent/json"
"6475028592","OtterLife: AI Health Tracker","gamified_self_improvement","medium_high","1","pain_content_depth_customization","pain","Users want more depth, options, or customization","2026-03-04T22:21:38-07:00","https://itunes.apple.com/us/rss/customerreviews/id=6475028592/sortBy=mostRecent/json"
"6475028592","OtterLife: AI Health Tracker","gamified_self_improvement","medium_high","1","pain_reliability_breaks_ritual","pain","Bugs break trust and interrupt the ritual","2026-03-03T20:55:14-07:00","https://itunes.apple.com/us/rss/customerreviews/id=6475028592/sortBy=mostRecent/json"
"6475028592","OtterLife: AI Health Tracker","gamified_self_improvement","medium_high","1","pain_signup_access_friction","pain","Signup, access, or device friction blocks activation","2026-03-03T20:55:14-07:00","https://itunes.apple.com/us/rss/customerreviews/id=6475028592/sortBy=mostRecent/json"
"6475028592","OtterLife: AI Health Tracker","gamified_self_improvement","medium_high","2","pain_subscription_value","pain","Subscription or paywall does not feel worth it","2026-03-02T06:44:06-07:00","https://itunes.apple.com/us/rss/customerreviews/id=6475028592/sortBy=mostRecent/json"
"6475028592","OtterLife: AI Health Tracker","gamified_self_improvement","medium_high","2","pain_unclear_game_loop","pain","The game layer can feel confusing or disconnected","2026-03-02T06:44:06-07:00","https://itunes.apple.com/us/rss/customerreviews/id=6475028592/sortBy=mostRecent/json"
"6475028592","OtterLife: AI Health Tracker","gamified_self_improvement","medium_high","3","pain_subscription_value","pain","Subscription or paywall does not feel worth it","2026-02-14T14:43:06-07:00","https://itunes.apple.com/us/rss/customerreviews/id=6475028592/sortBy=mostRecent/json"
"6475028592","OtterLife: AI Health Tracker","gamified_self_improvement","medium_high","3","pain_content_depth_customization","pain","Users want more depth, options, or customization","2026-02-14T14:43:06-07:00","https://itunes.apple.com/us/rss/customerreviews/id=6475028592/sortBy=mostRecent/json"
"6475028592","OtterLife: AI Health Tracker","gamified_self_improvement","medium_high","3","pain_trust_accuracy_safety","pain","Trust, accuracy, or spiritual safety concerns","2026-02-14T14:43:06-07:00","https://itunes.apple.com/us/rss/customerreviews/id=6475028592/sortBy=mostRecent/json"
"6475028592","OtterLife: AI Health Tracker","gamified_self_improvement","medium_high","1","pain_subscription_value","pain","Subscription or paywall does not feel worth it","2026-02-02T12:32:07-07:00","https://itunes.apple.com/us/rss/customerreviews/id=6475028592/sortBy=mostRecent/json"
"6475028592","OtterLife: AI Health Tracker","gamified_self_improvement","medium_high","1","pain_trust_accuracy_safety","pain","Trust, accuracy, or spiritual safety concerns","2026-02-02T12:32:07-07:00","https://itunes.apple.com/us/rss/customerreviews/id=6475028592/sortBy=mostRecent/json"
"6475028592","OtterLife: AI Health Tracker","gamified_self_improvement","medium_high","1","jtbd_structure_self_improvement","jtbd","Turn vague self-improvement into concrete actions","2026-01-30T20:39:04-07:00","https://itunes.apple.com/us/rss/customerreviews/id=6475028592/sortBy=mostRecent/json"
"6475028592","OtterLife: AI Health Tracker","gamified_self_improvement","medium_high","1","pain_content_depth_customization","pain","Users want more depth, options, or customization","2026-01-30T20:39:04-07:00","https://itunes.apple.com/us/rss/customerreviews/id=6475028592/sortBy=mostRecent/json"
"6475028592","OtterLife: AI Health Tracker","gamified_self_improvement","medium_high","1","jtbd_structure_self_improvement","jtbd","Turn vague self-improvement into concrete actions","2026-01-25T09:19:42-07:00","https://itunes.apple.com/us/rss/customerreviews/id=6475028592/sortBy=mostRecent/json"
"6475028592","OtterLife: AI Health Tracker","gamified_self_improvement","medium_high","4","jtbd_daily_anchor","jtbd","Give me a daily anchor I can return to","2026-01-23T07:48:27-07:00","https://itunes.apple.com/us/rss/customerreviews/id=6475028592/sortBy=mostRecent/json"
"6475028592","OtterLife: AI Health Tracker","gamified_self_improvement","medium_high","4","jtbd_structure_self_improvement","jtbd","Turn vague self-improvement into concrete actions","2026-01-23T07:48:27-07:00","https://itunes.apple.com/us/rss/customerreviews/id=6475028592/sortBy=mostRecent/json"
"6475028592","OtterLife: AI Health Tracker","gamified_self_improvement","medium_high","4","pain_content_depth_customization","pain","Users want more depth, options, or customization","2026-01-23T07:48:27-07:00","https://itunes.apple.com/us/rss/customerreviews/id=6475028592/sortBy=mostRecent/json"
"6475028592","OtterLife: AI Health Tracker","gamified_self_improvement","medium_high","4","pain_signup_access_friction","pain","Signup, access, or device friction blocks activation","2026-01-23T07:48:27-07:00","https://itunes.apple.com/us/rss/customerreviews/id=6475028592/sortBy=mostRecent/json"
"6475028592","OtterLife: AI Health Tracker","gamified_self_improvement","medium_high","1","pain_trust_accuracy_safety","pain","Trust, accuracy, or spiritual safety concerns","2026-01-21T10:51:10-07:00","https://itunes.apple.com/us/rss/customerreviews/id=6475028592/sortBy=mostRecent/json"
"6475028592","OtterLife: AI Health Tracker","gamified_self_improvement","medium_high","1","pain_signup_access_friction","pain","Signup, access, or device friction blocks activation","2026-01-21T10:51:10-07:00","https://itunes.apple.com/us/rss/customerreviews/id=6475028592/sortBy=mostRecent/json"
"6475028592","OtterLife: AI Health Tracker","gamified_self_improvement","medium_high","3","jtbd_fast_emotional_reset","jtbd","Help me calm down or reset quickly","2026-01-13T05:15:02-07:00","https://itunes.apple.com/us/rss/customerreviews/id=6475028592/sortBy=mostRecent/json"
"6475028592","OtterLife: AI Health Tracker","gamified_self_improvement","medium_high","3","pain_subscription_value","pain","Subscription or paywall does not feel worth it","2026-01-13T05:15:02-07:00","https://itunes.apple.com/us/rss/customerreviews/id=6475028592/sortBy=mostRecent/json"
"6475028592","OtterLife: AI Health Tracker","gamified_self_improvement","medium_high","3","pain_content_depth_customization","pain","Users want more depth, options, or customization","2026-01-13T05:15:02-07:00","https://itunes.apple.com/us/rss/customerreviews/id=6475028592/sortBy=mostRecent/json"
"6475028592","OtterLife: AI Health Tracker","gamified_self_improvement","medium_high","5","jtbd_structure_self_improvement","jtbd","Turn vague self-improvement into concrete actions","2026-01-11T09:47:21-07:00","https://itunes.apple.com/us/rss/customerreviews/id=6475028592/sortBy=mostRecent/json"
"6475028592","OtterLife: AI Health Tracker","gamified_self_improvement","medium_high","5","jtbd_belonging_accountability","jtbd","Feel accompanied or accountable","2026-01-11T09:47:21-07:00","https://itunes.apple.com/us/rss/customerreviews/id=6475028592/sortBy=mostRecent/json"
"6475028592","OtterLife: AI Health Tracker","gamified_self_improvement","medium_high","5","pain_content_depth_customization","pain","Users want more depth, options, or customization","2026-01-11T09:47:21-07:00","https://itunes.apple.com/us/rss/customerreviews/id=6475028592/sortBy=mostRecent/json"
"6475028592","OtterLife: AI Health Tracker","gamified_self_improvement","medium_high","3","pain_content_depth_customization","pain","Users want more depth, options, or customization","2026-01-08T05:02:05-07:00","https://itunes.apple.com/us/rss/customerreviews/id=6475028592/sortBy=mostRecent/json"
"6475028592","OtterLife: AI Health Tracker","gamified_self_improvement","medium_high","1","jtbd_fast_emotional_reset","jtbd","Help me calm down or reset quickly","2026-01-03T18:06:46-07:00","https://itunes.apple.com/us/rss/customerreviews/id=6475028592/sortBy=mostRecent/json"
"6475028592","OtterLife: AI Health Tracker","gamified_self_improvement","medium_high","1","pain_trust_accuracy_safety","pain","Trust, accuracy, or spiritual safety concerns","2026-01-03T18:06:46-07:00","https://itunes.apple.com/us/rss/customerreviews/id=6475028592/sortBy=mostRecent/json"
"6475028592","OtterLife: AI Health Tracker","gamified_self_improvement","medium_high","1","pain_signup_access_friction","pain","Signup, access, or device friction blocks activation","2026-01-03T18:06:46-07:00","https://itunes.apple.com/us/rss/customerreviews/id=6475028592/sortBy=mostRecent/json"
"6475028592","OtterLife: AI Health Tracker","gamified_self_improvement","medium_high","5","jtbd_daily_anchor","jtbd","Give me a daily anchor I can return to","2026-01-02T12:45:19-07:00","https://itunes.apple.com/us/rss/customerreviews/id=6475028592/sortBy=mostRecent/json"
"6475028592","OtterLife: AI Health Tracker","gamified_self_improvement","medium_high","5","jtbd_fast_emotional_reset","jtbd","Help me calm down or reset quickly","2026-01-02T12:45:19-07:00","https://itunes.apple.com/us/rss/customerreviews/id=6475028592/sortBy=mostRecent/json"
"6475028592","OtterLife: AI Health Tracker","gamified_self_improvement","medium_high","5","pain_content_depth_customization","pain","Users want more depth, options, or customization","2026-01-02T12:45:19-07:00","https://itunes.apple.com/us/rss/customerreviews/id=6475028592/sortBy=mostRecent/json"
"6475028592","OtterLife: AI Health Tracker","gamified_self_improvement","medium_high","1","pain_subscription_value","pain","Subscription or paywall does not feel worth it","2025-12-28T17:17:38-07:00","https://itunes.apple.com/us/rss/customerreviews/id=6475028592/sortBy=mostRecent/json"
"6475028592","OtterLife: AI Health Tracker","gamified_self_improvement","medium_high","1","jtbd_make_growth_visible","jtbd","Show me visible progress so effort feels real","2025-12-28T10:20:13-07:00","https://itunes.apple.com/us/rss/customerreviews/id=6475028592/sortBy=mostRecent/json"
"6475028592","OtterLife: AI Health Tracker","gamified_self_improvement","medium_high","4","jtbd_structure_self_improvement","jtbd","Turn vague self-improvement into concrete actions","2025-12-26T16:20:14-07:00","https://itunes.apple.com/us/rss/customerreviews/id=6475028592/sortBy=mostRecent/json"
"6475028592","OtterLife: AI Health Tracker","gamified_self_improvement","medium_high","4","pain_reliability_breaks_ritual","pain","Bugs break trust and interrupt the ritual","2025-12-26T16:20:14-07:00","https://itunes.apple.com/us/rss/customerreviews/id=6475028592/sortBy=mostRecent/json"
"6475028592","OtterLife: AI Health Tracker","gamified_self_improvement","medium_high","4","pain_trust_accuracy_safety","pain","Trust, accuracy, or spiritual safety concerns","2025-12-26T16:20:14-07:00","https://itunes.apple.com/us/rss/customerreviews/id=6475028592/sortBy=mostRecent/json"
"6475028592","OtterLife: AI Health Tracker","gamified_self_improvement","medium_high","4","pain_unclear_game_loop","pain","The game layer can feel confusing or disconnected","2025-12-26T16:20:14-07:00","https://itunes.apple.com/us/rss/customerreviews/id=6475028592/sortBy=mostRecent/json"
"6475028592","OtterLife: AI Health Tracker","gamified_self_improvement","medium_high","1","jtbd_make_growth_visible","jtbd","Show me visible progress so effort feels real","2025-12-25T04:57:37-07:00","https://itunes.apple.com/us/rss/customerreviews/id=6475028592/sortBy=mostRecent/json"
"6475028592","OtterLife: AI Health Tracker","gamified_self_improvement","medium_high","1","pain_subscription_value","pain","Subscription or paywall does not feel worth it","2025-12-25T04:57:37-07:00","https://itunes.apple.com/us/rss/customerreviews/id=6475028592/sortBy=mostRecent/json"
"6475028592","OtterLife: AI Health Tracker","gamified_self_improvement","medium_high","1","pain_trust_accuracy_safety","pain","Trust, accuracy, or spiritual safety concerns","2025-12-25T04:57:37-07:00","https://itunes.apple.com/us/rss/customerreviews/id=6475028592/sortBy=mostRecent/json"
"6475028592","OtterLife: AI Health Tracker","gamified_self_improvement","medium_high","1","pain_signup_access_friction","pain","Signup, access, or device friction blocks activation","2025-12-25T04:57:37-07:00","https://itunes.apple.com/us/rss/customerreviews/id=6475028592/sortBy=mostRecent/json"
"1108786610","Mindvalley: Self Improvement","manifestation_tool","medium_high","4","pain_reliability_breaks_ritual","pain","Bugs break trust and interrupt the ritual","2026-05-13T19:56:13-07:00","https://itunes.apple.com/us/rss/customerreviews/id=1108786610/sortBy=mostRecent/json"
"1108786610","Mindvalley: Self Improvement","manifestation_tool","medium_high","4","pain_content_depth_customization","pain","Users want more depth, options, or customization","2026-05-13T19:56:13-07:00","https://itunes.apple.com/us/rss/customerreviews/id=1108786610/sortBy=mostRecent/json"
"1108786610","Mindvalley: Self Improvement","manifestation_tool","medium_high","4","pain_signup_access_friction","pain","Signup, access, or device friction blocks activation","2026-05-13T19:56:13-07:00","https://itunes.apple.com/us/rss/customerreviews/id=1108786610/sortBy=mostRecent/json"
"1108786610","Mindvalley: Self Improvement","manifestation_tool","medium_high","2","jtbd_make_growth_visible","jtbd","Show me visible progress so effort feels real","2026-05-06T05:21:56-07:00","https://itunes.apple.com/us/rss/customerreviews/id=1108786610/sortBy=mostRecent/json"
"1108786610","Mindvalley: Self Improvement","manifestation_tool","medium_high","2","pain_reliability_breaks_ritual","pain","Bugs break trust and interrupt the ritual","2026-05-06T05:21:56-07:00","https://itunes.apple.com/us/rss/customerreviews/id=1108786610/sortBy=mostRecent/json"
"1108786610","Mindvalley: Self Improvement","manifestation_tool","medium_high","1","jtbd_make_growth_visible","jtbd","Show me visible progress so effort feels real","2026-04-03T16:55:11-07:00","https://itunes.apple.com/us/rss/customerreviews/id=1108786610/sortBy=mostRecent/json"
"1108786610","Mindvalley: Self Improvement","manifestation_tool","medium_high","5","jtbd_make_growth_visible","jtbd","Show me visible progress so effort feels real","2026-02-06T03:41:41-07:00","https://itunes.apple.com/us/rss/customerreviews/id=1108786610/sortBy=mostRecent/json"
"1108786610","Mindvalley: Self Improvement","manifestation_tool","medium_high","5","pain_subscription_value","pain","Subscription or paywall does not feel worth it","2026-02-06T03:41:41-07:00","https://itunes.apple.com/us/rss/customerreviews/id=1108786610/sortBy=mostRecent/json"
"1108786610","Mindvalley: Self Improvement","manifestation_tool","medium_high","1","pain_subscription_value","pain","Subscription or paywall does not feel worth it","2026-01-14T16:15:50-07:00","https://itunes.apple.com/us/rss/customerreviews/id=1108786610/sortBy=mostRecent/json"
"1108786610","Mindvalley: Self Improvement","manifestation_tool","medium_high","1","pain_content_depth_customization","pain","Users want more depth, options, or customization","2026-01-14T16:15:50-07:00","https://itunes.apple.com/us/rss/customerreviews/id=1108786610/sortBy=mostRecent/json"
"1108786610","Mindvalley: Self Improvement","manifestation_tool","medium_high","1","pain_trust_accuracy_safety","pain","Trust, accuracy, or spiritual safety concerns","2026-01-14T16:15:50-07:00","https://itunes.apple.com/us/rss/customerreviews/id=1108786610/sortBy=mostRecent/json"
"1108786610","Mindvalley: Self Improvement","manifestation_tool","medium_high","3","pain_reliability_breaks_ritual","pain","Bugs break trust and interrupt the ritual","2026-01-12T15:41:36-07:00","https://itunes.apple.com/us/rss/customerreviews/id=1108786610/sortBy=mostRecent/json"
"1108786610","Mindvalley: Self Improvement","manifestation_tool","medium_high","5","jtbd_make_growth_visible","jtbd","Show me visible progress so effort feels real","2026-01-11T16:45:02-07:00","https://itunes.apple.com/us/rss/customerreviews/id=1108786610/sortBy=mostRecent/json"
"1108786610","Mindvalley: Self Improvement","manifestation_tool","medium_high","5","jtbd_belonging_accountability","jtbd","Feel accompanied or accountable","2026-01-11T16:45:02-07:00","https://itunes.apple.com/us/rss/customerreviews/id=1108786610/sortBy=mostRecent/json"
"1108786610","Mindvalley: Self Improvement","manifestation_tool","medium_high","1","pain_subscription_value","pain","Subscription or paywall does not feel worth it","2025-12-26T07:14:20-07:00","https://itunes.apple.com/us/rss/customerreviews/id=1108786610/sortBy=mostRecent/json"
"1108786610","Mindvalley: Self Improvement","manifestation_tool","medium_high","1","pain_signup_access_friction","pain","Signup, access, or device friction blocks activation","2025-12-26T07:14:20-07:00","https://itunes.apple.com/us/rss/customerreviews/id=1108786610/sortBy=mostRecent/json"
"1108786610","Mindvalley: Self Improvement","manifestation_tool","medium_high","1","pain_content_depth_customization","pain","Users want more depth, options, or customization","2025-12-23T06:37:06-07:00","https://itunes.apple.com/us/rss/customerreviews/id=1108786610/sortBy=mostRecent/json"
"1108786610","Mindvalley: Self Improvement","manifestation_tool","medium_high","1","pain_signup_access_friction","pain","Signup, access, or device friction blocks activation","2025-12-23T06:37:06-07:00","https://itunes.apple.com/us/rss/customerreviews/id=1108786610/sortBy=mostRecent/json"
"1108786610","Mindvalley: Self Improvement","manifestation_tool","medium_high","5","pain_signup_access_friction","pain","Signup, access, or device friction blocks activation","2025-12-05T16:15:37-07:00","https://itunes.apple.com/us/rss/customerreviews/id=1108786610/sortBy=mostRecent/json"
"1108786610","Mindvalley: Self Improvement","manifestation_tool","medium_high","1","pain_subscription_value","pain","Subscription or paywall does not feel worth it","2025-10-21T08:54:30-07:00","https://itunes.apple.com/us/rss/customerreviews/id=1108786610/sortBy=mostRecent/json"
"1108786610","Mindvalley: Self Improvement","manifestation_tool","medium_high","1","pain_content_depth_customization","pain","Users want more depth, options, or customization","2025-10-21T08:54:30-07:00","https://itunes.apple.com/us/rss/customerreviews/id=1108786610/sortBy=mostRecent/json"
"1108786610","Mindvalley: Self Improvement","manifestation_tool","medium_high","5","jtbd_make_growth_visible","jtbd","Show me visible progress so effort feels real","2025-10-19T11:07:34-07:00","https://itunes.apple.com/us/rss/customerreviews/id=1108786610/sortBy=mostRecent/json"
"1108786610","Mindvalley: Self Improvement","manifestation_tool","medium_high","1","pain_subscription_value","pain","Subscription or paywall does not feel worth it","2025-09-29T21:12:54-07:00","https://itunes.apple.com/us/rss/customerreviews/id=1108786610/sortBy=mostRecent/json"
"1108786610","Mindvalley: Self Improvement","manifestation_tool","medium_high","1","pain_reliability_breaks_ritual","pain","Bugs break trust and interrupt the ritual","2025-09-29T21:12:54-07:00","https://itunes.apple.com/us/rss/customerreviews/id=1108786610/sortBy=mostRecent/json"
"1108786610","Mindvalley: Self Improvement","manifestation_tool","medium_high","1","pain_content_depth_customization","pain","Users want more depth, options, or customization","2025-09-29T21:12:54-07:00","https://itunes.apple.com/us/rss/customerreviews/id=1108786610/sortBy=mostRecent/json"
"1108786610","Mindvalley: Self Improvement","manifestation_tool","medium_high","1","pain_signup_access_friction","pain","Signup, access, or device friction blocks activation","2025-09-29T21:12:54-07:00","https://itunes.apple.com/us/rss/customerreviews/id=1108786610/sortBy=mostRecent/json"
"1108786610","Mindvalley: Self Improvement","manifestation_tool","medium_high","3","jtbd_make_growth_visible","jtbd","Show me visible progress so effort feels real","2025-09-24T15:31:34-07:00","https://itunes.apple.com/us/rss/customerreviews/id=1108786610/sortBy=mostRecent/json"
"1108786610","Mindvalley: Self Improvement","manifestation_tool","medium_high","3","pain_signup_access_friction","pain","Signup, access, or device friction blocks activation","2025-09-24T15:31:34-07:00","https://itunes.apple.com/us/rss/customerreviews/id=1108786610/sortBy=mostRecent/json"
"1108786610","Mindvalley: Self Improvement","manifestation_tool","medium_high","3","jtbd_daily_anchor","jtbd","Give me a daily anchor I can return to","2025-09-21T08:28:52-07:00","https://itunes.apple.com/us/rss/customerreviews/id=1108786610/sortBy=mostRecent/json"
"1108786610","Mindvalley: Self Improvement","manifestation_tool","medium_high","5","jtbd_daily_anchor","jtbd","Give me a daily anchor I can return to","2025-09-19T10:04:13-07:00","https://itunes.apple.com/us/rss/customerreviews/id=1108786610/sortBy=mostRecent/json"
"1108786610","Mindvalley: Self Improvement","manifestation_tool","medium_high","5","jtbd_make_growth_visible","jtbd","Show me visible progress so effort feels real","2025-09-19T10:04:13-07:00","https://itunes.apple.com/us/rss/customerreviews/id=1108786610/sortBy=mostRecent/json"
"1108786610","Mindvalley: Self Improvement","manifestation_tool","medium_high","1","pain_reliability_breaks_ritual","pain","Bugs break trust and interrupt the ritual","2025-09-16T07:53:05-07:00","https://itunes.apple.com/us/rss/customerreviews/id=1108786610/sortBy=mostRecent/json"
"1108786610","Mindvalley: Self Improvement","manifestation_tool","medium_high","1","pain_signup_access_friction","pain","Signup, access, or device friction blocks activation","2025-09-16T07:53:05-07:00","https://itunes.apple.com/us/rss/customerreviews/id=1108786610/sortBy=mostRecent/json"
"1108786610","Mindvalley: Self Improvement","manifestation_tool","medium_high","1","jtbd_belonging_accountability","jtbd","Feel accompanied or accountable","2025-09-14T21:13:59-07:00","https://itunes.apple.com/us/rss/customerreviews/id=1108786610/sortBy=mostRecent/json"
"1108786610","Mindvalley: Self Improvement","manifestation_tool","medium_high","1","pain_unclear_game_loop","pain","The game layer can feel confusing or disconnected","2025-09-14T21:13:59-07:00","https://itunes.apple.com/us/rss/customerreviews/id=1108786610/sortBy=mostRecent/json"
"1108786610","Mindvalley: Self Improvement","manifestation_tool","medium_high","1","jtbd_belonging_accountability","jtbd","Feel accompanied or accountable","2025-09-12T07:10:40-07:00","https://itunes.apple.com/us/rss/customerreviews/id=1108786610/sortBy=mostRecent/json"
"1108786610","Mindvalley: Self Improvement","manifestation_tool","medium_high","1","pain_subscription_value","pain","Subscription or paywall does not feel worth it","2025-09-12T07:10:40-07:00","https://itunes.apple.com/us/rss/customerreviews/id=1108786610/sortBy=mostRecent/json"
"1108786610","Mindvalley: Self Improvement","manifestation_tool","medium_high","1","pain_content_depth_customization","pain","Users want more depth, options, or customization","2025-09-06T18:12:35-07:00","https://itunes.apple.com/us/rss/customerreviews/id=1108786610/sortBy=mostRecent/json"
"1108786610","Mindvalley: Self Improvement","manifestation_tool","medium_high","5","jtbd_make_growth_visible","jtbd","Show me visible progress so effort feels real","2025-09-04T20:16:00-07:00","https://itunes.apple.com/us/rss/customerreviews/id=1108786610/sortBy=mostRecent/json"
"1108786610","Mindvalley: Self Improvement","manifestation_tool","medium_high","1","jtbd_make_growth_visible","jtbd","Show me visible progress so effort feels real","2025-09-02T09:02:02-07:00","https://itunes.apple.com/us/rss/customerreviews/id=1108786610/sortBy=mostRecent/json"
"1108786610","Mindvalley: Self Improvement","manifestation_tool","medium_high","1","jtbd_daily_anchor","jtbd","Give me a daily anchor I can return to","2025-08-24T18:07:46-07:00","https://itunes.apple.com/us/rss/customerreviews/id=1108786610/sortBy=mostRecent/json"
"1108786610","Mindvalley: Self Improvement","manifestation_tool","medium_high","3","jtbd_make_growth_visible","jtbd","Show me visible progress so effort feels real","2025-08-16T09:16:18-07:00","https://itunes.apple.com/us/rss/customerreviews/id=1108786610/sortBy=mostRecent/json"
"1108786610","Mindvalley: Self Improvement","manifestation_tool","medium_high","3","pain_reliability_breaks_ritual","pain","Bugs break trust and interrupt the ritual","2025-08-16T09:16:18-07:00","https://itunes.apple.com/us/rss/customerreviews/id=1108786610/sortBy=mostRecent/json"
"1108786610","Mindvalley: Self Improvement","manifestation_tool","medium_high","1","jtbd_fast_emotional_reset","jtbd","Help me calm down or reset quickly","2025-08-13T20:12:19-07:00","https://itunes.apple.com/us/rss/customerreviews/id=1108786610/sortBy=mostRecent/json"
"1108786610","Mindvalley: Self Improvement","manifestation_tool","medium_high","1","pain_subscription_value","pain","Subscription or paywall does not feel worth it","2025-07-28T07:51:05-07:00","https://itunes.apple.com/us/rss/customerreviews/id=1108786610/sortBy=mostRecent/json"
"1108786610","Mindvalley: Self Improvement","manifestation_tool","medium_high","4","jtbd_belonging_accountability","jtbd","Feel accompanied or accountable","2025-07-22T18:11:57-07:00","https://itunes.apple.com/us/rss/customerreviews/id=1108786610/sortBy=mostRecent/json"
"1108786610","Mindvalley: Self Improvement","manifestation_tool","medium_high","4","pain_trust_accuracy_safety","pain","Trust, accuracy, or spiritual safety concerns","2025-07-22T18:11:57-07:00","https://itunes.apple.com/us/rss/customerreviews/id=1108786610/sortBy=mostRecent/json"
"1108786610","Mindvalley: Self Improvement","manifestation_tool","medium_high","5","jtbd_daily_anchor","jtbd","Give me a daily anchor I can return to","2025-07-10T08:51:04-07:00","https://itunes.apple.com/us/rss/customerreviews/id=1108786610/sortBy=mostRecent/json"
"1108786610","Mindvalley: Self Improvement","manifestation_tool","medium_high","5","jtbd_make_growth_visible","jtbd","Show me visible progress so effort feels real","2025-07-10T08:51:04-07:00","https://itunes.apple.com/us/rss/customerreviews/id=1108786610/sortBy=mostRecent/json"
"1108786610","Mindvalley: Self Improvement","manifestation_tool","medium_high","5","jtbd_belonging_accountability","jtbd","Feel accompanied or accountable","2025-07-10T08:51:04-07:00","https://itunes.apple.com/us/rss/customerreviews/id=1108786610/sortBy=mostRecent/json"
"1108786610","Mindvalley: Self Improvement","manifestation_tool","medium_high","5","pain_content_depth_customization","pain","Users want more depth, options, or customization","2025-07-10T08:51:04-07:00","https://itunes.apple.com/us/rss/customerreviews/id=1108786610/sortBy=mostRecent/json"
"1108786610","Mindvalley: Self Improvement","manifestation_tool","medium_high","1","pain_subscription_value","pain","Subscription or paywall does not feel worth it","2025-07-09T10:32:30-07:00","https://itunes.apple.com/us/rss/customerreviews/id=1108786610/sortBy=mostRecent/json"
"1108786610","Mindvalley: Self Improvement","manifestation_tool","medium_high","1","pain_trust_accuracy_safety","pain","Trust, accuracy, or spiritual safety concerns","2025-07-09T10:32:30-07:00","https://itunes.apple.com/us/rss/customerreviews/id=1108786610/sortBy=mostRecent/json"
"1108786610","Mindvalley: Self Improvement","manifestation_tool","medium_high","5","jtbd_make_growth_visible","jtbd","Show me visible progress so effort feels real","2025-07-02T05:55:16-07:00","https://itunes.apple.com/us/rss/customerreviews/id=1108786610/sortBy=mostRecent/json"
"1108786610","Mindvalley: Self Improvement","manifestation_tool","medium_high","5","pain_subscription_value","pain","Subscription or paywall does not feel worth it","2025-07-02T05:55:16-07:00","https://itunes.apple.com/us/rss/customerreviews/id=1108786610/sortBy=mostRecent/json"
"1108786610","Mindvalley: Self Improvement","manifestation_tool","medium_high","5","pain_subscription_value","pain","Subscription or paywall does not feel worth it","2025-06-14T08:48:58-07:00","https://itunes.apple.com/us/rss/customerreviews/id=1108786610/sortBy=mostRecent/json"
"1108786610","Mindvalley: Self Improvement","manifestation_tool","medium_high","5","pain_content_depth_customization","pain","Users want more depth, options, or customization","2025-06-14T08:48:58-07:00","https://itunes.apple.com/us/rss/customerreviews/id=1108786610/sortBy=mostRecent/json"
"1108786610","Mindvalley: Self Improvement","manifestation_tool","medium_high","5","jtbd_daily_anchor","jtbd","Give me a daily anchor I can return to","2025-06-09T07:38:05-07:00","https://itunes.apple.com/us/rss/customerreviews/id=1108786610/sortBy=mostRecent/json"
"1108786610","Mindvalley: Self Improvement","manifestation_tool","medium_high","5","pain_content_depth_customization","pain","Users want more depth, options, or customization","2025-06-09T07:38:05-07:00","https://itunes.apple.com/us/rss/customerreviews/id=1108786610/sortBy=mostRecent/json"
"1108786610","Mindvalley: Self Improvement","manifestation_tool","medium_high","1","pain_subscription_value","pain","Subscription or paywall does not feel worth it","2025-05-30T10:53:21-07:00","https://itunes.apple.com/us/rss/customerreviews/id=1108786610/sortBy=mostRecent/json"
"1108786610","Mindvalley: Self Improvement","manifestation_tool","medium_high","1","pain_content_depth_customization","pain","Users want more depth, options, or customization","2025-05-30T10:53:21-07:00","https://itunes.apple.com/us/rss/customerreviews/id=1108786610/sortBy=mostRecent/json"
"1108786610","Mindvalley: Self Improvement","manifestation_tool","medium_high","3","jtbd_make_growth_visible","jtbd","Show me visible progress so effort feels real","2025-05-25T08:55:37-07:00","https://itunes.apple.com/us/rss/customerreviews/id=1108786610/sortBy=mostRecent/json"
"1108786610","Mindvalley: Self Improvement","manifestation_tool","medium_high","1","jtbd_make_growth_visible","jtbd","Show me visible progress so effort feels real","2025-05-21T01:02:32-07:00","https://itunes.apple.com/us/rss/customerreviews/id=1108786610/sortBy=mostRecent/json"
"1108786610","Mindvalley: Self Improvement","manifestation_tool","medium_high","1","pain_content_depth_customization","pain","Users want more depth, options, or customization","2025-05-21T01:02:32-07:00","https://itunes.apple.com/us/rss/customerreviews/id=1108786610/sortBy=mostRecent/json"
"1108786610","Mindvalley: Self Improvement","manifestation_tool","medium_high","1","pain_trust_accuracy_safety","pain","Trust, accuracy, or spiritual safety concerns","2025-05-21T01:02:32-07:00","https://itunes.apple.com/us/rss/customerreviews/id=1108786610/sortBy=mostRecent/json"
"1108786610","Mindvalley: Self Improvement","manifestation_tool","medium_high","1","pain_signup_access_friction","pain","Signup, access, or device friction blocks activation","2025-05-21T01:02:32-07:00","https://itunes.apple.com/us/rss/customerreviews/id=1108786610/sortBy=mostRecent/json"
"1108786610","Mindvalley: Self Improvement","manifestation_tool","medium_high","3","jtbd_make_growth_visible","jtbd","Show me visible progress so effort feels real","2025-05-15T02:55:36-07:00","https://itunes.apple.com/us/rss/customerreviews/id=1108786610/sortBy=mostRecent/json"
"1108786610","Mindvalley: Self Improvement","manifestation_tool","medium_high","1","pain_content_depth_customization","pain","Users want more depth, options, or customization","2025-05-14T05:10:17-07:00","https://itunes.apple.com/us/rss/customerreviews/id=1108786610/sortBy=mostRecent/json"
"1108786610","Mindvalley: Self Improvement","manifestation_tool","medium_high","1","pain_trust_accuracy_safety","pain","Trust, accuracy, or spiritual safety concerns","2025-05-14T05:10:17-07:00","https://itunes.apple.com/us/rss/customerreviews/id=1108786610/sortBy=mostRecent/json"
"6482577925","Cultivate Personal Development","manifestation_tool","medium_high","5","jtbd_daily_anchor","jtbd","Give me a daily anchor I can return to","2024-08-29T14:38:06-07:00","https://itunes.apple.com/us/rss/customerreviews/id=6482577925/sortBy=mostRecent/json"
"6482577925","Cultivate Personal Development","manifestation_tool","medium_high","5","jtbd_make_growth_visible","jtbd","Show me visible progress so effort feels real","2024-08-29T14:38:06-07:00","https://itunes.apple.com/us/rss/customerreviews/id=6482577925/sortBy=mostRecent/json"
"6482577925","Cultivate Personal Development","manifestation_tool","medium_high","5","jtbd_structure_self_improvement","jtbd","Turn vague self-improvement into concrete actions","2024-08-29T14:38:06-07:00","https://itunes.apple.com/us/rss/customerreviews/id=6482577925/sortBy=mostRecent/json"
"6482577925","Cultivate Personal Development","manifestation_tool","medium_high","5","pain_content_depth_customization","pain","Users want more depth, options, or customization","2024-08-29T14:38:06-07:00","https://itunes.apple.com/us/rss/customerreviews/id=6482577925/sortBy=mostRecent/json"
"6482577925","Cultivate Personal Development","manifestation_tool","medium_high","5","jtbd_daily_anchor","jtbd","Give me a daily anchor I can return to","2024-08-12T08:31:55-07:00","https://itunes.apple.com/us/rss/customerreviews/id=6482577925/sortBy=mostRecent/json"
"6482577925","Cultivate Personal Development","manifestation_tool","medium_high","5","jtbd_structure_self_improvement","jtbd","Turn vague self-improvement into concrete actions","2024-08-12T08:31:55-07:00","https://itunes.apple.com/us/rss/customerreviews/id=6482577925/sortBy=mostRecent/json"
"6482577925","Cultivate Personal Development","manifestation_tool","medium_high","5","pain_content_depth_customization","pain","Users want more depth, options, or customization","2024-08-12T08:31:55-07:00","https://itunes.apple.com/us/rss/customerreviews/id=6482577925/sortBy=mostRecent/json"
"6482577925","Cultivate Personal Development","manifestation_tool","medium_high","5","jtbd_daily_anchor","jtbd","Give me a daily anchor I can return to","2024-07-30T15:26:24-07:00","https://itunes.apple.com/us/rss/customerreviews/id=6482577925/sortBy=mostRecent/json"
"6482577925","Cultivate Personal Development","manifestation_tool","medium_high","5","jtbd_make_growth_visible","jtbd","Show me visible progress so effort feels real","2024-07-30T15:26:24-07:00","https://itunes.apple.com/us/rss/customerreviews/id=6482577925/sortBy=mostRecent/json"
"6482577925","Cultivate Personal Development","manifestation_tool","medium_high","5","jtbd_structure_self_improvement","jtbd","Turn vague self-improvement into concrete actions","2024-07-30T15:26:24-07:00","https://itunes.apple.com/us/rss/customerreviews/id=6482577925/sortBy=mostRecent/json"
"6482577925","Cultivate Personal Development","manifestation_tool","medium_high","5","pain_content_depth_customization","pain","Users want more depth, options, or customization","2024-07-30T15:26:24-07:00","https://itunes.apple.com/us/rss/customerreviews/id=6482577925/sortBy=mostRecent/json"
"6482577925","Cultivate Personal Development","manifestation_tool","medium_high","5","pain_trust_accuracy_safety","pain","Trust, accuracy, or spiritual safety concerns","2024-07-30T15:26:24-07:00","https://itunes.apple.com/us/rss/customerreviews/id=6482577925/sortBy=mostRecent/json"
"988402523","LifeWheel Goal Habit Tracker","gamified_self_improvement","medium_high","5","jtbd_daily_anchor","jtbd","Give me a daily anchor I can return to","2024-04-09T07:06:19-07:00","https://itunes.apple.com/us/rss/customerreviews/id=988402523/sortBy=mostRecent/json"
"988402523","LifeWheel Goal Habit Tracker","gamified_self_improvement","medium_high","5","jtbd_structure_self_improvement","jtbd","Turn vague self-improvement into concrete actions","2024-04-09T07:06:19-07:00","https://itunes.apple.com/us/rss/customerreviews/id=988402523/sortBy=mostRecent/json"
"988402523","LifeWheel Goal Habit Tracker","gamified_self_improvement","medium_high","5","pain_subscription_value","pain","Subscription or paywall does not feel worth it","2024-04-09T07:06:19-07:00","https://itunes.apple.com/us/rss/customerreviews/id=988402523/sortBy=mostRecent/json"
"988402523","LifeWheel Goal Habit Tracker","gamified_self_improvement","medium_high","1","pain_trust_accuracy_safety","pain","Trust, accuracy, or spiritual safety concerns","2024-04-08T16:46:33-07:00","https://itunes.apple.com/us/rss/customerreviews/id=988402523/sortBy=mostRecent/json"
"988402523","LifeWheel Goal Habit Tracker","gamified_self_improvement","medium_high","3","pain_subscription_value","pain","Subscription or paywall does not feel worth it","2023-03-02T07:02:25-07:00","https://itunes.apple.com/us/rss/customerreviews/id=988402523/sortBy=mostRecent/json"
"988402523","LifeWheel Goal Habit Tracker","gamified_self_improvement","medium_high","3","pain_trust_accuracy_safety","pain","Trust, accuracy, or spiritual safety concerns","2023-03-02T07:02:25-07:00","https://itunes.apple.com/us/rss/customerreviews/id=988402523/sortBy=mostRecent/json"
"988402523","LifeWheel Goal Habit Tracker","gamified_self_improvement","medium_high","1","jtbd_daily_anchor","jtbd","Give me a daily anchor I can return to","2022-12-16T16:00:32-07:00","https://itunes.apple.com/us/rss/customerreviews/id=988402523/sortBy=mostRecent/json"
"988402523","LifeWheel Goal Habit Tracker","gamified_self_improvement","medium_high","1","pain_subscription_value","pain","Subscription or paywall does not feel worth it","2022-11-18T06:29:30-07:00","https://itunes.apple.com/us/rss/customerreviews/id=988402523/sortBy=mostRecent/json"
"988402523","LifeWheel Goal Habit Tracker","gamified_self_improvement","medium_high","1","jtbd_daily_anchor","jtbd","Give me a daily anchor I can return to","2022-09-30T06:22:02-07:00","https://itunes.apple.com/us/rss/customerreviews/id=988402523/sortBy=mostRecent/json"
"988402523","LifeWheel Goal Habit Tracker","gamified_self_improvement","medium_high","1","jtbd_belonging_accountability","jtbd","Feel accompanied or accountable","2022-09-30T06:22:02-07:00","https://itunes.apple.com/us/rss/customerreviews/id=988402523/sortBy=mostRecent/json"
"988402523","LifeWheel Goal Habit Tracker","gamified_self_improvement","medium_high","1","pain_trust_accuracy_safety","pain","Trust, accuracy, or spiritual safety concerns","2022-09-30T06:22:02-07:00","https://itunes.apple.com/us/rss/customerreviews/id=988402523/sortBy=mostRecent/json"
"988402523","LifeWheel Goal Habit Tracker","gamified_self_improvement","medium_high","5","jtbd_daily_anchor","jtbd","Give me a daily anchor I can return to","2022-07-20T11:54:06-07:00","https://itunes.apple.com/us/rss/customerreviews/id=988402523/sortBy=mostRecent/json"
"988402523","LifeWheel Goal Habit Tracker","gamified_self_improvement","medium_high","5","jtbd_structure_self_improvement","jtbd","Turn vague self-improvement into concrete actions","2022-07-20T11:54:06-07:00","https://itunes.apple.com/us/rss/customerreviews/id=988402523/sortBy=mostRecent/json"
"988402523","LifeWheel Goal Habit Tracker","gamified_self_improvement","medium_high","5","pain_content_depth_customization","pain","Users want more depth, options, or customization","2022-07-20T11:54:06-07:00","https://itunes.apple.com/us/rss/customerreviews/id=988402523/sortBy=mostRecent/json"
"988402523","LifeWheel Goal Habit Tracker","gamified_self_improvement","medium_high","1","pain_signup_access_friction","pain","Signup, access, or device friction blocks activation","2022-07-08T04:50:02-07:00","https://itunes.apple.com/us/rss/customerreviews/id=988402523/sortBy=mostRecent/json"
"988402523","LifeWheel Goal Habit Tracker","gamified_self_improvement","medium_high","5","jtbd_fast_emotional_reset","jtbd","Help me calm down or reset quickly","2022-07-07T15:36:27-07:00","https://itunes.apple.com/us/rss/customerreviews/id=988402523/sortBy=mostRecent/json"
"988402523","LifeWheel Goal Habit Tracker","gamified_self_improvement","medium_high","5","jtbd_structure_self_improvement","jtbd","Turn vague self-improvement into concrete actions","2022-07-07T15:36:27-07:00","https://itunes.apple.com/us/rss/customerreviews/id=988402523/sortBy=mostRecent/json"
"988402523","LifeWheel Goal Habit Tracker","gamified_self_improvement","medium_high","5","jtbd_daily_anchor","jtbd","Give me a daily anchor I can return to","2022-06-21T22:21:33-07:00","https://itunes.apple.com/us/rss/customerreviews/id=988402523/sortBy=mostRecent/json"
"988402523","LifeWheel Goal Habit Tracker","gamified_self_improvement","medium_high","5","jtbd_structure_self_improvement","jtbd","Turn vague self-improvement into concrete actions","2022-06-21T22:21:33-07:00","https://itunes.apple.com/us/rss/customerreviews/id=988402523/sortBy=mostRecent/json"
"988402523","LifeWheel Goal Habit Tracker","gamified_self_improvement","medium_high","5","pain_content_depth_customization","pain","Users want more depth, options, or customization","2022-06-21T22:21:33-07:00","https://itunes.apple.com/us/rss/customerreviews/id=988402523/sortBy=mostRecent/json"
"988402523","LifeWheel Goal Habit Tracker","gamified_self_improvement","medium_high","2","jtbd_make_growth_visible","jtbd","Show me visible progress so effort feels real","2022-05-27T21:31:03-07:00","https://itunes.apple.com/us/rss/customerreviews/id=988402523/sortBy=mostRecent/json"
"988402523","LifeWheel Goal Habit Tracker","gamified_self_improvement","medium_high","2","pain_unclear_game_loop","pain","The game layer can feel confusing or disconnected","2022-05-27T21:31:03-07:00","https://itunes.apple.com/us/rss/customerreviews/id=988402523/sortBy=mostRecent/json"
"988402523","LifeWheel Goal Habit Tracker","gamified_self_improvement","medium_high","5","pain_content_depth_customization","pain","Users want more depth, options, or customization","2022-05-26T18:05:12-07:00","https://itunes.apple.com/us/rss/customerreviews/id=988402523/sortBy=mostRecent/json"
"988402523","LifeWheel Goal Habit Tracker","gamified_self_improvement","medium_high","5","pain_subscription_value","pain","Subscription or paywall does not feel worth it","2022-05-21T20:27:33-07:00","https://itunes.apple.com/us/rss/customerreviews/id=988402523/sortBy=mostRecent/json"
"988402523","LifeWheel Goal Habit Tracker","gamified_self_improvement","medium_high","5","pain_trust_accuracy_safety","pain","Trust, accuracy, or spiritual safety concerns","2022-05-21T20:27:33-07:00","https://itunes.apple.com/us/rss/customerreviews/id=988402523/sortBy=mostRecent/json"
"988402523","LifeWheel Goal Habit Tracker","gamified_self_improvement","medium_high","4","jtbd_daily_anchor","jtbd","Give me a daily anchor I can return to","2021-03-31T05:49:35-07:00","https://itunes.apple.com/us/rss/customerreviews/id=988402523/sortBy=mostRecent/json"
"988402523","LifeWheel Goal Habit Tracker","gamified_self_improvement","medium_high","4","jtbd_make_growth_visible","jtbd","Show me visible progress so effort feels real","2021-03-31T05:49:35-07:00","https://itunes.apple.com/us/rss/customerreviews/id=988402523/sortBy=mostRecent/json"
"988402523","LifeWheel Goal Habit Tracker","gamified_self_improvement","medium_high","4","jtbd_structure_self_improvement","jtbd","Turn vague self-improvement into concrete actions","2021-03-31T05:49:35-07:00","https://itunes.apple.com/us/rss/customerreviews/id=988402523/sortBy=mostRecent/json"
"988402523","LifeWheel Goal Habit Tracker","gamified_self_improvement","medium_high","4","pain_content_depth_customization","pain","Users want more depth, options, or customization","2021-03-31T05:49:35-07:00","https://itunes.apple.com/us/rss/customerreviews/id=988402523/sortBy=mostRecent/json"
"988402523","LifeWheel Goal Habit Tracker","gamified_self_improvement","medium_high","4","pain_trust_accuracy_safety","pain","Trust, accuracy, or spiritual safety concerns","2021-03-31T05:49:35-07:00","https://itunes.apple.com/us/rss/customerreviews/id=988402523/sortBy=mostRecent/json"
"988402523","LifeWheel Goal Habit Tracker","gamified_self_improvement","medium_high","5","jtbd_daily_anchor","jtbd","Give me a daily anchor I can return to","2020-12-23T11:35:17-07:00","https://itunes.apple.com/us/rss/customerreviews/id=988402523/sortBy=mostRecent/json"
"988402523","LifeWheel Goal Habit Tracker","gamified_self_improvement","medium_high","5","jtbd_structure_self_improvement","jtbd","Turn vague self-improvement into concrete actions","2020-12-23T11:35:17-07:00","https://itunes.apple.com/us/rss/customerreviews/id=988402523/sortBy=mostRecent/json"
"988402523","LifeWheel Goal Habit Tracker","gamified_self_improvement","medium_high","5","pain_content_depth_customization","pain","Users want more depth, options, or customization","2020-10-18T04:04:45-07:00","https://itunes.apple.com/us/rss/customerreviews/id=988402523/sortBy=mostRecent/json"
"988402523","LifeWheel Goal Habit Tracker","gamified_self_improvement","medium_high","2","jtbd_daily_anchor","jtbd","Give me a daily anchor I can return to","2020-07-18T10:28:01-07:00","https://itunes.apple.com/us/rss/customerreviews/id=988402523/sortBy=mostRecent/json"
"988402523","LifeWheel Goal Habit Tracker","gamified_self_improvement","medium_high","2","jtbd_make_growth_visible","jtbd","Show me visible progress so effort feels real","2020-07-18T10:28:01-07:00","https://itunes.apple.com/us/rss/customerreviews/id=988402523/sortBy=mostRecent/json"
"988402523","LifeWheel Goal Habit Tracker","gamified_self_improvement","medium_high","2","jtbd_structure_self_improvement","jtbd","Turn vague self-improvement into concrete actions","2020-07-18T10:28:01-07:00","https://itunes.apple.com/us/rss/customerreviews/id=988402523/sortBy=mostRecent/json"
"988402523","LifeWheel Goal Habit Tracker","gamified_self_improvement","medium_high","2","pain_content_depth_customization","pain","Users want more depth, options, or customization","2020-07-18T10:28:01-07:00","https://itunes.apple.com/us/rss/customerreviews/id=988402523/sortBy=mostRecent/json"
"988402523","LifeWheel Goal Habit Tracker","gamified_self_improvement","medium_high","5","pain_content_depth_customization","pain","Users want more depth, options, or customization","2020-06-04T09:01:42-07:00","https://itunes.apple.com/us/rss/customerreviews/id=988402523/sortBy=mostRecent/json"
"988402523","LifeWheel Goal Habit Tracker","gamified_self_improvement","medium_high","5","jtbd_daily_anchor","jtbd","Give me a daily anchor I can return to","2020-05-22T08:47:48-07:00","https://itunes.apple.com/us/rss/customerreviews/id=988402523/sortBy=mostRecent/json"
"988402523","LifeWheel Goal Habit Tracker","gamified_self_improvement","medium_high","5","jtbd_structure_self_improvement","jtbd","Turn vague self-improvement into concrete actions","2020-05-22T08:47:48-07:00","https://itunes.apple.com/us/rss/customerreviews/id=988402523/sortBy=mostRecent/json"
"988402523","LifeWheel Goal Habit Tracker","gamified_self_improvement","medium_high","5","jtbd_daily_anchor","jtbd","Give me a daily anchor I can return to","2020-04-14T19:49:30-07:00","https://itunes.apple.com/us/rss/customerreviews/id=988402523/sortBy=mostRecent/json"
"988402523","LifeWheel Goal Habit Tracker","gamified_self_improvement","medium_high","5","jtbd_make_growth_visible","jtbd","Show me visible progress so effort feels real","2020-04-14T19:49:30-07:00","https://itunes.apple.com/us/rss/customerreviews/id=988402523/sortBy=mostRecent/json"
"988402523","LifeWheel Goal Habit Tracker","gamified_self_improvement","medium_high","5","jtbd_structure_self_improvement","jtbd","Turn vague self-improvement into concrete actions","2020-04-14T19:49:30-07:00","https://itunes.apple.com/us/rss/customerreviews/id=988402523/sortBy=mostRecent/json"
"988402523","LifeWheel Goal Habit Tracker","gamified_self_improvement","medium_high","4","jtbd_daily_anchor","jtbd","Give me a daily anchor I can return to","2020-03-26T10:00:33-07:00","https://itunes.apple.com/us/rss/customerreviews/id=988402523/sortBy=mostRecent/json"
"988402523","LifeWheel Goal Habit Tracker","gamified_self_improvement","medium_high","4","jtbd_structure_self_improvement","jtbd","Turn vague self-improvement into concrete actions","2020-03-26T10:00:33-07:00","https://itunes.apple.com/us/rss/customerreviews/id=988402523/sortBy=mostRecent/json"
"988402523","LifeWheel Goal Habit Tracker","gamified_self_improvement","medium_high","2","jtbd_make_growth_visible","jtbd","Show me visible progress so effort feels real","2019-12-16T08:20:27-07:00","https://itunes.apple.com/us/rss/customerreviews/id=988402523/sortBy=mostRecent/json"
"988402523","LifeWheel Goal Habit Tracker","gamified_self_improvement","medium_high","2","pain_subscription_value","pain","Subscription or paywall does not feel worth it","2019-12-16T08:20:27-07:00","https://itunes.apple.com/us/rss/customerreviews/id=988402523/sortBy=mostRecent/json"
"988402523","LifeWheel Goal Habit Tracker","gamified_self_improvement","medium_high","1","pain_subscription_value","pain","Subscription or paywall does not feel worth it","2019-09-16T07:13:43-07:00","https://itunes.apple.com/us/rss/customerreviews/id=988402523/sortBy=mostRecent/json"
"988402523","LifeWheel Goal Habit Tracker","gamified_self_improvement","medium_high","1","pain_content_depth_customization","pain","Users want more depth, options, or customization","2019-09-16T07:13:43-07:00","https://itunes.apple.com/us/rss/customerreviews/id=988402523/sortBy=mostRecent/json"
"988402523","LifeWheel Goal Habit Tracker","gamified_self_improvement","medium_high","1","pain_trust_accuracy_safety","pain","Trust, accuracy, or spiritual safety concerns","2019-03-20T23:34:21-07:00","https://itunes.apple.com/us/rss/customerreviews/id=988402523/sortBy=mostRecent/json"
"988402523","LifeWheel Goal Habit Tracker","gamified_self_improvement","medium_high","4","jtbd_make_growth_visible","jtbd","Show me visible progress so effort feels real","2018-08-21T12:07:59-07:00","https://itunes.apple.com/us/rss/customerreviews/id=988402523/sortBy=mostRecent/json"
"988402523","LifeWheel Goal Habit Tracker","gamified_self_improvement","medium_high","4","jtbd_belonging_accountability","jtbd","Feel accompanied or accountable","2018-08-21T12:07:59-07:00","https://itunes.apple.com/us/rss/customerreviews/id=988402523/sortBy=mostRecent/json"
"988402523","LifeWheel Goal Habit Tracker","gamified_self_improvement","medium_high","4","pain_content_depth_customization","pain","Users want more depth, options, or customization","2018-08-21T12:07:59-07:00","https://itunes.apple.com/us/rss/customerreviews/id=988402523/sortBy=mostRecent/json"
"988402523","LifeWheel Goal Habit Tracker","gamified_self_improvement","medium_high","5","jtbd_structure_self_improvement","jtbd","Turn vague self-improvement into concrete actions","2018-02-06T09:06:46-07:00","https://itunes.apple.com/us/rss/customerreviews/id=988402523/sortBy=mostRecent/json"
"988402523","LifeWheel Goal Habit Tracker","gamified_self_improvement","medium_high","5","jtbd_belonging_accountability","jtbd","Feel accompanied or accountable","2018-02-06T09:06:46-07:00","https://itunes.apple.com/us/rss/customerreviews/id=988402523/sortBy=mostRecent/json"
"988402523","LifeWheel Goal Habit Tracker","gamified_self_improvement","medium_high","5","pain_content_depth_customization","pain","Users want more depth, options, or customization","2018-02-06T09:06:46-07:00","https://itunes.apple.com/us/rss/customerreviews/id=988402523/sortBy=mostRecent/json"
"988402523","LifeWheel Goal Habit Tracker","gamified_self_improvement","medium_high","5","pain_content_depth_customization","pain","Users want more depth, options, or customization","2018-01-01T21:26:42-07:00","https://itunes.apple.com/us/rss/customerreviews/id=988402523/sortBy=mostRecent/json"
"988402523","LifeWheel Goal Habit Tracker","gamified_self_improvement","medium_high","5","pain_content_depth_customization","pain","Users want more depth, options, or customization","2017-12-05T07:21:25-07:00","https://itunes.apple.com/us/rss/customerreviews/id=988402523/sortBy=mostRecent/json"
"662136391","Intuitive Life Coaching Oracle","tarot_or_oracle_guidance","medium","5","jtbd_feel_seen_personalized","jtbd","Make the guidance feel personally about me","2026-05-26T17:42:14-07:00","https://itunes.apple.com/us/rss/customerreviews/id=662136391/sortBy=mostRecent/json"
"662136391","Intuitive Life Coaching Oracle","tarot_or_oracle_guidance","medium","2","jtbd_daily_anchor","jtbd","Give me a daily anchor I can return to","2024-08-18T20:06:09-07:00","https://itunes.apple.com/us/rss/customerreviews/id=662136391/sortBy=mostRecent/json"
"662136391","Intuitive Life Coaching Oracle","tarot_or_oracle_guidance","medium","2","pain_subscription_value","pain","Subscription or paywall does not feel worth it","2024-08-18T20:06:09-07:00","https://itunes.apple.com/us/rss/customerreviews/id=662136391/sortBy=mostRecent/json"
"662136391","Intuitive Life Coaching Oracle","tarot_or_oracle_guidance","medium","2","pain_trust_accuracy_safety","pain","Trust, accuracy, or spiritual safety concerns","2024-08-18T20:06:09-07:00","https://itunes.apple.com/us/rss/customerreviews/id=662136391/sortBy=mostRecent/json"
"662136391","Intuitive Life Coaching Oracle","tarot_or_oracle_guidance","medium","2","pain_signup_access_friction","pain","Signup, access, or device friction blocks activation","2024-08-18T20:06:09-07:00","https://itunes.apple.com/us/rss/customerreviews/id=662136391/sortBy=mostRecent/json"
"662136391","Intuitive Life Coaching Oracle","tarot_or_oracle_guidance","medium","5","jtbd_feel_seen_personalized","jtbd","Make the guidance feel personally about me","2022-06-03T06:20:58-07:00","https://itunes.apple.com/us/rss/customerreviews/id=662136391/sortBy=mostRecent/json"
"662136391","Intuitive Life Coaching Oracle","tarot_or_oracle_guidance","medium","5","jtbd_structure_self_improvement","jtbd","Turn vague self-improvement into concrete actions","2022-06-03T06:20:58-07:00","https://itunes.apple.com/us/rss/customerreviews/id=662136391/sortBy=mostRecent/json"
"662136391","Intuitive Life Coaching Oracle","tarot_or_oracle_guidance","medium","5","jtbd_belonging_accountability","jtbd","Feel accompanied or accountable","2022-06-03T06:20:58-07:00","https://itunes.apple.com/us/rss/customerreviews/id=662136391/sortBy=mostRecent/json"
"662136391","Intuitive Life Coaching Oracle","tarot_or_oracle_guidance","medium","5","jtbd_make_growth_visible","jtbd","Show me visible progress so effort feels real","2022-06-01T18:24:48-07:00","https://itunes.apple.com/us/rss/customerreviews/id=662136391/sortBy=mostRecent/json"
"662136391","Intuitive Life Coaching Oracle","tarot_or_oracle_guidance","medium","5","jtbd_make_growth_visible","jtbd","Show me visible progress so effort feels real","2018-06-22T21:05:10-07:00","https://itunes.apple.com/us/rss/customerreviews/id=662136391/sortBy=mostRecent/json"
"662136391","Intuitive Life Coaching Oracle","tarot_or_oracle_guidance","medium","5","jtbd_belonging_accountability","jtbd","Feel accompanied or accountable","2018-06-22T21:05:10-07:00","https://itunes.apple.com/us/rss/customerreviews/id=662136391/sortBy=mostRecent/json"
"662136391","Intuitive Life Coaching Oracle","tarot_or_oracle_guidance","medium","5","pain_reliability_breaks_ritual","pain","Bugs break trust and interrupt the ritual","2018-06-22T21:05:10-07:00","https://itunes.apple.com/us/rss/customerreviews/id=662136391/sortBy=mostRecent/json"
"662136391","Intuitive Life Coaching Oracle","tarot_or_oracle_guidance","medium","5","pain_signup_access_friction","pain","Signup, access, or device friction blocks activation","2018-06-22T21:05:10-07:00","https://itunes.apple.com/us/rss/customerreviews/id=662136391/sortBy=mostRecent/json"
"662136391","Intuitive Life Coaching Oracle","tarot_or_oracle_guidance","medium","5","jtbd_daily_anchor","jtbd","Give me a daily anchor I can return to","2017-10-26T06:56:00-07:00","https://itunes.apple.com/us/rss/customerreviews/id=662136391/sortBy=mostRecent/json"
"662136391","Intuitive Life Coaching Oracle","tarot_or_oracle_guidance","medium","5","jtbd_daily_anchor","jtbd","Give me a daily anchor I can return to","2017-07-14T11:44:52-07:00","https://itunes.apple.com/us/rss/customerreviews/id=662136391/sortBy=mostRecent/json"
"662136391","Intuitive Life Coaching Oracle","tarot_or_oracle_guidance","medium","5","jtbd_feel_seen_personalized","jtbd","Make the guidance feel personally about me","2017-07-14T11:44:52-07:00","https://itunes.apple.com/us/rss/customerreviews/id=662136391/sortBy=mostRecent/json"
"662136391","Intuitive Life Coaching Oracle","tarot_or_oracle_guidance","medium","5","jtbd_feel_seen_personalized","jtbd","Make the guidance feel personally about me","2017-05-10T07:22:51-07:00","https://itunes.apple.com/us/rss/customerreviews/id=662136391/sortBy=mostRecent/json"
"662136391","Intuitive Life Coaching Oracle","tarot_or_oracle_guidance","medium","5","jtbd_feel_seen_personalized","jtbd","Make the guidance feel personally about me","2017-02-04T23:51:34-07:00","https://itunes.apple.com/us/rss/customerreviews/id=662136391/sortBy=mostRecent/json"
"662136391","Intuitive Life Coaching Oracle","tarot_or_oracle_guidance","medium","5","jtbd_belonging_accountability","jtbd","Feel accompanied or accountable","2017-02-04T23:51:34-07:00","https://itunes.apple.com/us/rss/customerreviews/id=662136391/sortBy=mostRecent/json"
"662136391","Intuitive Life Coaching Oracle","tarot_or_oracle_guidance","medium","5","jtbd_feel_seen_personalized","jtbd","Make the guidance feel personally about me","2017-01-18T00:31:45-07:00","https://itunes.apple.com/us/rss/customerreviews/id=662136391/sortBy=mostRecent/json"
"662136391","Intuitive Life Coaching Oracle","tarot_or_oracle_guidance","medium","5","pain_content_depth_customization","pain","Users want more depth, options, or customization","2017-01-02T18:27:47-07:00","https://itunes.apple.com/us/rss/customerreviews/id=662136391/sortBy=mostRecent/json"
"662136391","Intuitive Life Coaching Oracle","tarot_or_oracle_guidance","medium","5","jtbd_feel_seen_personalized","jtbd","Make the guidance feel personally about me","2016-12-11T02:30:42-07:00","https://itunes.apple.com/us/rss/customerreviews/id=662136391/sortBy=mostRecent/json"
"662136391","Intuitive Life Coaching Oracle","tarot_or_oracle_guidance","medium","5","jtbd_daily_anchor","jtbd","Give me a daily anchor I can return to","2016-12-02T12:09:03-07:00","https://itunes.apple.com/us/rss/customerreviews/id=662136391/sortBy=mostRecent/json"
"662136391","Intuitive Life Coaching Oracle","tarot_or_oracle_guidance","medium","5","jtbd_structure_self_improvement","jtbd","Turn vague self-improvement into concrete actions","2016-12-02T12:09:03-07:00","https://itunes.apple.com/us/rss/customerreviews/id=662136391/sortBy=mostRecent/json"
"662136391","Intuitive Life Coaching Oracle","tarot_or_oracle_guidance","medium","5","jtbd_daily_anchor","jtbd","Give me a daily anchor I can return to","2016-11-06T07:08:32-07:00","https://itunes.apple.com/us/rss/customerreviews/id=662136391/sortBy=mostRecent/json"
"662136391","Intuitive Life Coaching Oracle","tarot_or_oracle_guidance","medium","5","jtbd_feel_seen_personalized","jtbd","Make the guidance feel personally about me","2016-11-06T07:08:32-07:00","https://itunes.apple.com/us/rss/customerreviews/id=662136391/sortBy=mostRecent/json"
"662136391","Intuitive Life Coaching Oracle","tarot_or_oracle_guidance","medium","5","jtbd_daily_anchor","jtbd","Give me a daily anchor I can return to","2016-08-21T04:19:39-07:00","https://itunes.apple.com/us/rss/customerreviews/id=662136391/sortBy=mostRecent/json"
"662136391","Intuitive Life Coaching Oracle","tarot_or_oracle_guidance","medium","5","jtbd_daily_anchor","jtbd","Give me a daily anchor I can return to","2016-06-27T00:17:11-07:00","https://itunes.apple.com/us/rss/customerreviews/id=662136391/sortBy=mostRecent/json"
"662136391","Intuitive Life Coaching Oracle","tarot_or_oracle_guidance","medium","5","jtbd_feel_seen_personalized","jtbd","Make the guidance feel personally about me","2016-06-18T08:24:59-07:00","https://itunes.apple.com/us/rss/customerreviews/id=662136391/sortBy=mostRecent/json"
"662136391","Intuitive Life Coaching Oracle","tarot_or_oracle_guidance","medium","1","pain_subscription_value","pain","Subscription or paywall does not feel worth it","2016-04-05T16:38:31-07:00","https://itunes.apple.com/us/rss/customerreviews/id=662136391/sortBy=mostRecent/json"
"662136391","Intuitive Life Coaching Oracle","tarot_or_oracle_guidance","medium","5","jtbd_feel_seen_personalized","jtbd","Make the guidance feel personally about me","2016-03-14T02:09:48-07:00","https://itunes.apple.com/us/rss/customerreviews/id=662136391/sortBy=mostRecent/json"
"662136391","Intuitive Life Coaching Oracle","tarot_or_oracle_guidance","medium","5","jtbd_daily_anchor","jtbd","Give me a daily anchor I can return to","2016-03-06T21:27:32-07:00","https://itunes.apple.com/us/rss/customerreviews/id=662136391/sortBy=mostRecent/json"
"662136391","Intuitive Life Coaching Oracle","tarot_or_oracle_guidance","medium","5","jtbd_feel_seen_personalized","jtbd","Make the guidance feel personally about me","2016-01-26T03:17:07-07:00","https://itunes.apple.com/us/rss/customerreviews/id=662136391/sortBy=mostRecent/json"
"662136391","Intuitive Life Coaching Oracle","tarot_or_oracle_guidance","medium","1","pain_subscription_value","pain","Subscription or paywall does not feel worth it","2016-01-19T14:19:28-07:00","https://itunes.apple.com/us/rss/customerreviews/id=662136391/sortBy=mostRecent/json"
"662136391","Intuitive Life Coaching Oracle","tarot_or_oracle_guidance","medium","1","pain_signup_access_friction","pain","Signup, access, or device friction blocks activation","2016-01-19T14:19:28-07:00","https://itunes.apple.com/us/rss/customerreviews/id=662136391/sortBy=mostRecent/json"
"662136391","Intuitive Life Coaching Oracle","tarot_or_oracle_guidance","medium","5","jtbd_feel_seen_personalized","jtbd","Make the guidance feel personally about me","2016-01-17T21:40:45-07:00","https://itunes.apple.com/us/rss/customerreviews/id=662136391/sortBy=mostRecent/json"
"662136391","Intuitive Life Coaching Oracle","tarot_or_oracle_guidance","medium","5","pain_subscription_value","pain","Subscription or paywall does not feel worth it","2016-01-17T21:40:45-07:00","https://itunes.apple.com/us/rss/customerreviews/id=662136391/sortBy=mostRecent/json"
"662136391","Intuitive Life Coaching Oracle","tarot_or_oracle_guidance","medium","5","jtbd_daily_anchor","jtbd","Give me a daily anchor I can return to","2015-08-20T16:01:25-07:00","https://itunes.apple.com/us/rss/customerreviews/id=662136391/sortBy=mostRecent/json"
"662136391","Intuitive Life Coaching Oracle","tarot_or_oracle_guidance","medium","5","jtbd_structure_self_improvement","jtbd","Turn vague self-improvement into concrete actions","2015-08-20T16:01:25-07:00","https://itunes.apple.com/us/rss/customerreviews/id=662136391/sortBy=mostRecent/json"
"662136391","Intuitive Life Coaching Oracle","tarot_or_oracle_guidance","medium","5","jtbd_daily_anchor","jtbd","Give me a daily anchor I can return to","2015-06-25T22:42:51-07:00","https://itunes.apple.com/us/rss/customerreviews/id=662136391/sortBy=mostRecent/json"
"662136391","Intuitive Life Coaching Oracle","tarot_or_oracle_guidance","medium","5","jtbd_feel_seen_personalized","jtbd","Make the guidance feel personally about me","2015-06-25T22:42:51-07:00","https://itunes.apple.com/us/rss/customerreviews/id=662136391/sortBy=mostRecent/json"
"662136391","Intuitive Life Coaching Oracle","tarot_or_oracle_guidance","medium","5","jtbd_make_growth_visible","jtbd","Show me visible progress so effort feels real","2015-06-25T22:42:51-07:00","https://itunes.apple.com/us/rss/customerreviews/id=662136391/sortBy=mostRecent/json"
"662136391","Intuitive Life Coaching Oracle","tarot_or_oracle_guidance","medium","5","pain_content_depth_customization","pain","Users want more depth, options, or customization","2015-06-25T08:56:16-07:00","https://itunes.apple.com/us/rss/customerreviews/id=662136391/sortBy=mostRecent/json"
"6740871243","InfluAI: Be an influencer","avatar_identity_coaching","medium_high","1","pain_subscription_value","pain","Subscription or paywall does not feel worth it","2025-03-29T19:38:01-07:00","https://itunes.apple.com/us/rss/customerreviews/id=6740871243/sortBy=mostRecent/json"
"6740871243","InfluAI: Be an influencer","avatar_identity_coaching","medium_high","4","pain_subscription_value","pain","Subscription or paywall does not feel worth it","2025-03-09T14:51:09-07:00","https://itunes.apple.com/us/rss/customerreviews/id=6740871243/sortBy=mostRecent/json"
"6740871243","InfluAI: Be an influencer","avatar_identity_coaching","medium_high","4","pain_content_depth_customization","pain","Users want more depth, options, or customization","2025-03-09T14:51:09-07:00","https://itunes.apple.com/us/rss/customerreviews/id=6740871243/sortBy=mostRecent/json"
"6740871243","InfluAI: Be an influencer","avatar_identity_coaching","medium_high","4","pain_trust_accuracy_safety","pain","Trust, accuracy, or spiritual safety concerns","2025-03-09T14:51:09-07:00","https://itunes.apple.com/us/rss/customerreviews/id=6740871243/sortBy=mostRecent/json"
"6740871243","InfluAI: Be an influencer","avatar_identity_coaching","medium_high","4","pain_subscription_value","pain","Subscription or paywall does not feel worth it","2025-03-08T11:21:00-07:00","https://itunes.apple.com/us/rss/customerreviews/id=6740871243/sortBy=mostRecent/json"
"6740871243","InfluAI: Be an influencer","avatar_identity_coaching","medium_high","2","pain_subscription_value","pain","Subscription or paywall does not feel worth it","2025-02-16T14:05:13-07:00","https://itunes.apple.com/us/rss/customerreviews/id=6740871243/sortBy=mostRecent/json"
"1461412482","TwinFlame","astrology_guidance","medium","4","jtbd_belonging_accountability","jtbd","Feel accompanied or accountable","2026-03-18T08:41:01-07:00","https://itunes.apple.com/us/rss/customerreviews/id=1461412482/sortBy=mostRecent/json"
"1461412482","TwinFlame","astrology_guidance","medium","4","pain_reliability_breaks_ritual","pain","Bugs break trust and interrupt the ritual","2026-03-18T08:41:01-07:00","https://itunes.apple.com/us/rss/customerreviews/id=1461412482/sortBy=mostRecent/json"
"1461412482","TwinFlame","astrology_guidance","medium","4","pain_content_depth_customization","pain","Users want more depth, options, or customization","2026-03-18T08:41:01-07:00","https://itunes.apple.com/us/rss/customerreviews/id=1461412482/sortBy=mostRecent/json"
"1461412482","TwinFlame","astrology_guidance","medium","4","pain_signup_access_friction","pain","Signup, access, or device friction blocks activation","2026-03-18T08:41:01-07:00","https://itunes.apple.com/us/rss/customerreviews/id=1461412482/sortBy=mostRecent/json"
"1461412482","TwinFlame","astrology_guidance","medium","3","jtbd_feel_seen_personalized","jtbd","Make the guidance feel personally about me","2026-03-07T08:36:02-07:00","https://itunes.apple.com/us/rss/customerreviews/id=1461412482/sortBy=mostRecent/json"
"1461412482","TwinFlame","astrology_guidance","medium","2","jtbd_daily_anchor","jtbd","Give me a daily anchor I can return to","2025-03-31T06:53:33-07:00","https://itunes.apple.com/us/rss/customerreviews/id=1461412482/sortBy=mostRecent/json"
"1461412482","TwinFlame","astrology_guidance","medium","2","jtbd_feel_seen_personalized","jtbd","Make the guidance feel personally about me","2025-03-31T06:53:33-07:00","https://itunes.apple.com/us/rss/customerreviews/id=1461412482/sortBy=mostRecent/json"
"1461412482","TwinFlame","astrology_guidance","medium","2","pain_subscription_value","pain","Subscription or paywall does not feel worth it","2025-03-31T06:53:33-07:00","https://itunes.apple.com/us/rss/customerreviews/id=1461412482/sortBy=mostRecent/json"
"1461412482","TwinFlame","astrology_guidance","medium","2","pain_content_depth_customization","pain","Users want more depth, options, or customization","2025-03-31T06:53:33-07:00","https://itunes.apple.com/us/rss/customerreviews/id=1461412482/sortBy=mostRecent/json"
"1461412482","TwinFlame","astrology_guidance","medium","2","jtbd_feel_seen_personalized","jtbd","Make the guidance feel personally about me","2024-08-01T05:30:16-07:00","https://itunes.apple.com/us/rss/customerreviews/id=1461412482/sortBy=mostRecent/json"
"1461412482","TwinFlame","astrology_guidance","medium","2","jtbd_make_growth_visible","jtbd","Show me visible progress so effort feels real","2024-08-01T05:30:16-07:00","https://itunes.apple.com/us/rss/customerreviews/id=1461412482/sortBy=mostRecent/json"
"1461412482","TwinFlame","astrology_guidance","medium","2","pain_reliability_breaks_ritual","pain","Bugs break trust and interrupt the ritual","2024-08-01T05:30:16-07:00","https://itunes.apple.com/us/rss/customerreviews/id=1461412482/sortBy=mostRecent/json"
"1461412482","TwinFlame","astrology_guidance","medium","3","pain_signup_access_friction","pain","Signup, access, or device friction blocks activation","2024-07-24T01:30:33-07:00","https://itunes.apple.com/us/rss/customerreviews/id=1461412482/sortBy=mostRecent/json"
"1461412482","TwinFlame","astrology_guidance","medium","5","jtbd_daily_anchor","jtbd","Give me a daily anchor I can return to","2024-04-30T05:25:15-07:00","https://itunes.apple.com/us/rss/customerreviews/id=1461412482/sortBy=mostRecent/json"
"1461412482","TwinFlame","astrology_guidance","medium","5","jtbd_make_growth_visible","jtbd","Show me visible progress so effort feels real","2024-04-30T05:25:15-07:00","https://itunes.apple.com/us/rss/customerreviews/id=1461412482/sortBy=mostRecent/json"
"1461412482","TwinFlame","astrology_guidance","medium","5","pain_subscription_value","pain","Subscription or paywall does not feel worth it","2024-04-30T05:25:15-07:00","https://itunes.apple.com/us/rss/customerreviews/id=1461412482/sortBy=mostRecent/json"
"1461412482","TwinFlame","astrology_guidance","medium","5","pain_signup_access_friction","pain","Signup, access, or device friction blocks activation","2024-04-30T05:25:15-07:00","https://itunes.apple.com/us/rss/customerreviews/id=1461412482/sortBy=mostRecent/json"
"1461412482","TwinFlame","astrology_guidance","medium","4","jtbd_daily_anchor","jtbd","Give me a daily anchor I can return to","2024-03-15T10:44:35-07:00","https://itunes.apple.com/us/rss/customerreviews/id=1461412482/sortBy=mostRecent/json"
"1461412482","TwinFlame","astrology_guidance","medium","4","jtbd_feel_seen_personalized","jtbd","Make the guidance feel personally about me","2024-03-15T10:44:35-07:00","https://itunes.apple.com/us/rss/customerreviews/id=1461412482/sortBy=mostRecent/json"
"1461412482","TwinFlame","astrology_guidance","medium","4","jtbd_make_growth_visible","jtbd","Show me visible progress so effort feels real","2024-03-15T10:44:35-07:00","https://itunes.apple.com/us/rss/customerreviews/id=1461412482/sortBy=mostRecent/json"
"1461412482","TwinFlame","astrology_guidance","medium","4","pain_content_depth_customization","pain","Users want more depth, options, or customization","2024-03-15T10:44:35-07:00","https://itunes.apple.com/us/rss/customerreviews/id=1461412482/sortBy=mostRecent/json"
"1461412482","TwinFlame","astrology_guidance","medium","1","jtbd_belonging_accountability","jtbd","Feel accompanied or accountable","2023-11-28T15:51:26-07:00","https://itunes.apple.com/us/rss/customerreviews/id=1461412482/sortBy=mostRecent/json"
"1461412482","TwinFlame","astrology_guidance","medium","1","pain_content_depth_customization","pain","Users want more depth, options, or customization","2023-11-28T15:51:26-07:00","https://itunes.apple.com/us/rss/customerreviews/id=1461412482/sortBy=mostRecent/json"
"1461412482","TwinFlame","astrology_guidance","medium","1","jtbd_feel_seen_personalized","jtbd","Make the guidance feel personally about me","2023-11-14T00:38:38-07:00","https://itunes.apple.com/us/rss/customerreviews/id=1461412482/sortBy=mostRecent/json"
"1461412482","TwinFlame","astrology_guidance","medium","1","pain_reliability_breaks_ritual","pain","Bugs break trust and interrupt the ritual","2023-11-14T00:38:38-07:00","https://itunes.apple.com/us/rss/customerreviews/id=1461412482/sortBy=mostRecent/json"
"1461412482","TwinFlame","astrology_guidance","medium","1","pain_content_depth_customization","pain","Users want more depth, options, or customization","2023-11-14T00:38:38-07:00","https://itunes.apple.com/us/rss/customerreviews/id=1461412482/sortBy=mostRecent/json"
"1461412482","TwinFlame","astrology_guidance","medium","1","jtbd_feel_seen_personalized","jtbd","Make the guidance feel personally about me","2023-10-02T09:26:03-07:00","https://itunes.apple.com/us/rss/customerreviews/id=1461412482/sortBy=mostRecent/json"
"1461412482","TwinFlame","astrology_guidance","medium","1","jtbd_make_growth_visible","jtbd","Show me visible progress so effort feels real","2023-10-02T09:26:03-07:00","https://itunes.apple.com/us/rss/customerreviews/id=1461412482/sortBy=mostRecent/json"
"1461412482","TwinFlame","astrology_guidance","medium","1","pain_content_depth_customization","pain","Users want more depth, options, or customization","2023-10-02T09:26:03-07:00","https://itunes.apple.com/us/rss/customerreviews/id=1461412482/sortBy=mostRecent/json"
"1461412482","TwinFlame","astrology_guidance","medium","4","jtbd_daily_anchor","jtbd","Give me a daily anchor I can return to","2023-09-11T14:15:14-07:00","https://itunes.apple.com/us/rss/customerreviews/id=1461412482/sortBy=mostRecent/json"
"1461412482","TwinFlame","astrology_guidance","medium","4","pain_reliability_breaks_ritual","pain","Bugs break trust and interrupt the ritual","2023-09-11T14:15:14-07:00","https://itunes.apple.com/us/rss/customerreviews/id=1461412482/sortBy=mostRecent/json"
"1461412482","TwinFlame","astrology_guidance","medium","2","jtbd_daily_anchor","jtbd","Give me a daily anchor I can return to","2023-08-24T00:12:57-07:00","https://itunes.apple.com/us/rss/customerreviews/id=1461412482/sortBy=mostRecent/json"
"1461412482","TwinFlame","astrology_guidance","medium","2","jtbd_structure_self_improvement","jtbd","Turn vague self-improvement into concrete actions","2023-08-24T00:12:57-07:00","https://itunes.apple.com/us/rss/customerreviews/id=1461412482/sortBy=mostRecent/json"
"1461412482","TwinFlame","astrology_guidance","medium","3","jtbd_daily_anchor","jtbd","Give me a daily anchor I can return to","2023-07-22T07:31:03-07:00","https://itunes.apple.com/us/rss/customerreviews/id=1461412482/sortBy=mostRecent/json"
"1461412482","TwinFlame","astrology_guidance","medium","3","jtbd_feel_seen_personalized","jtbd","Make the guidance feel personally about me","2023-07-22T07:31:03-07:00","https://itunes.apple.com/us/rss/customerreviews/id=1461412482/sortBy=mostRecent/json"
"1461412482","TwinFlame","astrology_guidance","medium","3","pain_reliability_breaks_ritual","pain","Bugs break trust and interrupt the ritual","2023-07-22T07:31:03-07:00","https://itunes.apple.com/us/rss/customerreviews/id=1461412482/sortBy=mostRecent/json"
"1461412482","TwinFlame","astrology_guidance","medium","3","pain_signup_access_friction","pain","Signup, access, or device friction blocks activation","2023-07-22T07:31:03-07:00","https://itunes.apple.com/us/rss/customerreviews/id=1461412482/sortBy=mostRecent/json"
"1461412482","TwinFlame","astrology_guidance","medium","5","jtbd_feel_seen_personalized","jtbd","Make the guidance feel personally about me","2023-05-06T08:13:07-07:00","https://itunes.apple.com/us/rss/customerreviews/id=1461412482/sortBy=mostRecent/json"
"1461412482","TwinFlame","astrology_guidance","medium","3","jtbd_daily_anchor","jtbd","Give me a daily anchor I can return to","2023-04-06T05:52:30-07:00","https://itunes.apple.com/us/rss/customerreviews/id=1461412482/sortBy=mostRecent/json"
"1461412482","TwinFlame","astrology_guidance","medium","3","jtbd_belonging_accountability","jtbd","Feel accompanied or accountable","2023-04-06T05:52:30-07:00","https://itunes.apple.com/us/rss/customerreviews/id=1461412482/sortBy=mostRecent/json"
"1461412482","TwinFlame","astrology_guidance","medium","3","pain_content_depth_customization","pain","Users want more depth, options, or customization","2023-04-06T05:52:30-07:00","https://itunes.apple.com/us/rss/customerreviews/id=1461412482/sortBy=mostRecent/json"
"1461412482","TwinFlame","astrology_guidance","medium","3","pain_unclear_game_loop","pain","The game layer can feel confusing or disconnected","2023-04-06T05:52:30-07:00","https://itunes.apple.com/us/rss/customerreviews/id=1461412482/sortBy=mostRecent/json"
"1461412482","TwinFlame","astrology_guidance","medium","5","jtbd_daily_anchor","jtbd","Give me a daily anchor I can return to","2023-04-01T03:39:05-07:00","https://itunes.apple.com/us/rss/customerreviews/id=1461412482/sortBy=mostRecent/json"
"1461412482","TwinFlame","astrology_guidance","medium","5","pain_signup_access_friction","pain","Signup, access, or device friction blocks activation","2023-04-01T03:39:05-07:00","https://itunes.apple.com/us/rss/customerreviews/id=1461412482/sortBy=mostRecent/json"
"1461412482","TwinFlame","astrology_guidance","medium","1","jtbd_feel_seen_personalized","jtbd","Make the guidance feel personally about me","2022-12-07T22:21:42-07:00","https://itunes.apple.com/us/rss/customerreviews/id=1461412482/sortBy=mostRecent/json"
"1461412482","TwinFlame","astrology_guidance","medium","1","pain_signup_access_friction","pain","Signup, access, or device friction blocks activation","2022-12-07T22:21:42-07:00","https://itunes.apple.com/us/rss/customerreviews/id=1461412482/sortBy=mostRecent/json"
"1461412482","TwinFlame","astrology_guidance","medium","2","pain_content_depth_customization","pain","Users want more depth, options, or customization","2022-07-27T12:27:34-07:00","https://itunes.apple.com/us/rss/customerreviews/id=1461412482/sortBy=mostRecent/json"
"1461412482","TwinFlame","astrology_guidance","medium","1","pain_reliability_breaks_ritual","pain","Bugs break trust and interrupt the ritual","2022-07-16T10:50:06-07:00","https://itunes.apple.com/us/rss/customerreviews/id=1461412482/sortBy=mostRecent/json"
"1461412482","TwinFlame","astrology_guidance","medium","2","pain_reliability_breaks_ritual","pain","Bugs break trust and interrupt the ritual","2022-07-15T02:34:45-07:00","https://itunes.apple.com/us/rss/customerreviews/id=1461412482/sortBy=mostRecent/json"
"1461412482","TwinFlame","astrology_guidance","medium","2","pain_signup_access_friction","pain","Signup, access, or device friction blocks activation","2022-07-15T02:34:45-07:00","https://itunes.apple.com/us/rss/customerreviews/id=1461412482/sortBy=mostRecent/json"
"1461412482","TwinFlame","astrology_guidance","medium","5","pain_reliability_breaks_ritual","pain","Bugs break trust and interrupt the ritual","2022-07-14T21:01:37-07:00","https://itunes.apple.com/us/rss/customerreviews/id=1461412482/sortBy=mostRecent/json"
"1461412482","TwinFlame","astrology_guidance","medium","5","jtbd_feel_seen_personalized","jtbd","Make the guidance feel personally about me","2022-06-13T15:58:55-07:00","https://itunes.apple.com/us/rss/customerreviews/id=1461412482/sortBy=mostRecent/json"
"1461412482","TwinFlame","astrology_guidance","medium","5","pain_unclear_game_loop","pain","The game layer can feel confusing or disconnected","2022-06-13T15:58:55-07:00","https://itunes.apple.com/us/rss/customerreviews/id=1461412482/sortBy=mostRecent/json"
"1461412482","TwinFlame","astrology_guidance","medium","5","pain_signup_access_friction","pain","Signup, access, or device friction blocks activation","2022-06-13T15:58:55-07:00","https://itunes.apple.com/us/rss/customerreviews/id=1461412482/sortBy=mostRecent/json"
"1461412482","TwinFlame","astrology_guidance","medium","1","pain_signup_access_friction","pain","Signup, access, or device friction blocks activation","2022-05-28T06:12:06-07:00","https://itunes.apple.com/us/rss/customerreviews/id=1461412482/sortBy=mostRecent/json"
"1461412482","TwinFlame","astrology_guidance","medium","1","pain_signup_access_friction","pain","Signup, access, or device friction blocks activation","2022-05-12T13:03:30-07:00","https://itunes.apple.com/us/rss/customerreviews/id=1461412482/sortBy=mostRecent/json"
"1461412482","TwinFlame","astrology_guidance","medium","3","jtbd_structure_self_improvement","jtbd","Turn vague self-improvement into concrete actions","2022-03-31T20:02:46-07:00","https://itunes.apple.com/us/rss/customerreviews/id=1461412482/sortBy=mostRecent/json"
"1461412482","TwinFlame","astrology_guidance","medium","3","pain_content_depth_customization","pain","Users want more depth, options, or customization","2022-03-31T20:02:46-07:00","https://itunes.apple.com/us/rss/customerreviews/id=1461412482/sortBy=mostRecent/json"
"1461412482","TwinFlame","astrology_guidance","medium","3","jtbd_feel_seen_personalized","jtbd","Make the guidance feel personally about me","2022-03-25T07:22:13-07:00","https://itunes.apple.com/us/rss/customerreviews/id=1461412482/sortBy=mostRecent/json"
"1461412482","TwinFlame","astrology_guidance","medium","3","jtbd_belonging_accountability","jtbd","Feel accompanied or accountable","2022-03-25T07:22:13-07:00","https://itunes.apple.com/us/rss/customerreviews/id=1461412482/sortBy=mostRecent/json"
"1461412482","TwinFlame","astrology_guidance","medium","3","pain_reliability_breaks_ritual","pain","Bugs break trust and interrupt the ritual","2022-03-25T07:22:13-07:00","https://itunes.apple.com/us/rss/customerreviews/id=1461412482/sortBy=mostRecent/json"
"1461412482","TwinFlame","astrology_guidance","medium","3","pain_content_depth_customization","pain","Users want more depth, options, or customization","2022-03-25T07:22:13-07:00","https://itunes.apple.com/us/rss/customerreviews/id=1461412482/sortBy=mostRecent/json"
"1461412482","TwinFlame","astrology_guidance","medium","2","jtbd_feel_seen_personalized","jtbd","Make the guidance feel personally about me","2022-02-21T14:29:22-07:00","https://itunes.apple.com/us/rss/customerreviews/id=1461412482/sortBy=mostRecent/json"
"1461412482","TwinFlame","astrology_guidance","medium","2","pain_reliability_breaks_ritual","pain","Bugs break trust and interrupt the ritual","2022-02-21T14:29:22-07:00","https://itunes.apple.com/us/rss/customerreviews/id=1461412482/sortBy=mostRecent/json"
"1461412482","TwinFlame","astrology_guidance","medium","5","jtbd_daily_anchor","jtbd","Give me a daily anchor I can return to","2022-02-19T15:02:10-07:00","https://itunes.apple.com/us/rss/customerreviews/id=1461412482/sortBy=mostRecent/json"
"1461412482","TwinFlame","astrology_guidance","medium","5","jtbd_structure_self_improvement","jtbd","Turn vague self-improvement into concrete actions","2022-02-19T15:02:10-07:00","https://itunes.apple.com/us/rss/customerreviews/id=1461412482/sortBy=mostRecent/json"
"1461412482","TwinFlame","astrology_guidance","medium","5","jtbd_daily_anchor","jtbd","Give me a daily anchor I can return to","2022-01-20T08:40:50-07:00","https://itunes.apple.com/us/rss/customerreviews/id=1461412482/sortBy=mostRecent/json"
"1461412482","TwinFlame","astrology_guidance","medium","5","jtbd_feel_seen_personalized","jtbd","Make the guidance feel personally about me","2022-01-07T15:50:26-07:00","https://itunes.apple.com/us/rss/customerreviews/id=1461412482/sortBy=mostRecent/json"
"1461412482","TwinFlame","astrology_guidance","medium","5","pain_content_depth_customization","pain","Users want more depth, options, or customization","2022-01-07T15:50:26-07:00","https://itunes.apple.com/us/rss/customerreviews/id=1461412482/sortBy=mostRecent/json"
"1461412482","TwinFlame","astrology_guidance","medium","1","jtbd_make_growth_visible","jtbd","Show me visible progress so effort feels real","2021-11-15T08:49:31-07:00","https://itunes.apple.com/us/rss/customerreviews/id=1461412482/sortBy=mostRecent/json"
"1461412482","TwinFlame","astrology_guidance","medium","1","pain_trust_accuracy_safety","pain","Trust, accuracy, or spiritual safety concerns","2021-11-15T08:49:31-07:00","https://itunes.apple.com/us/rss/customerreviews/id=1461412482/sortBy=mostRecent/json"
"1461412482","TwinFlame","astrology_guidance","medium","1","pain_signup_access_friction","pain","Signup, access, or device friction blocks activation","2021-11-15T08:49:31-07:00","https://itunes.apple.com/us/rss/customerreviews/id=1461412482/sortBy=mostRecent/json"
"1461412482","TwinFlame","astrology_guidance","medium","2","pain_reliability_breaks_ritual","pain","Bugs break trust and interrupt the ritual","2021-11-03T22:44:26-07:00","https://itunes.apple.com/us/rss/customerreviews/id=1461412482/sortBy=mostRecent/json"
"1461412482","TwinFlame","astrology_guidance","medium","2","pain_signup_access_friction","pain","Signup, access, or device friction blocks activation","2021-11-03T22:44:26-07:00","https://itunes.apple.com/us/rss/customerreviews/id=1461412482/sortBy=mostRecent/json"
"1461412482","TwinFlame","astrology_guidance","medium","4","pain_reliability_breaks_ritual","pain","Bugs break trust and interrupt the ritual","2021-10-17T12:42:29-07:00","https://itunes.apple.com/us/rss/customerreviews/id=1461412482/sortBy=mostRecent/json"
"1461412482","TwinFlame","astrology_guidance","medium","4","pain_content_depth_customization","pain","Users want more depth, options, or customization","2021-10-17T12:42:29-07:00","https://itunes.apple.com/us/rss/customerreviews/id=1461412482/sortBy=mostRecent/json"
"1461412482","TwinFlame","astrology_guidance","medium","1","pain_trust_accuracy_safety","pain","Trust, accuracy, or spiritual safety concerns","2021-09-20T09:58:46-07:00","https://itunes.apple.com/us/rss/customerreviews/id=1461412482/sortBy=mostRecent/json"
"1461412482","TwinFlame","astrology_guidance","medium","5","jtbd_belonging_accountability","jtbd","Feel accompanied or accountable","2021-09-16T13:43:14-07:00","https://itunes.apple.com/us/rss/customerreviews/id=1461412482/sortBy=mostRecent/json"
"1461412482","TwinFlame","astrology_guidance","medium","5","pain_content_depth_customization","pain","Users want more depth, options, or customization","2021-09-16T13:43:14-07:00","https://itunes.apple.com/us/rss/customerreviews/id=1461412482/sortBy=mostRecent/json"
"1461412482","TwinFlame","astrology_guidance","medium","1","pain_signup_access_friction","pain","Signup, access, or device friction blocks activation","2021-09-14T00:50:49-07:00","https://itunes.apple.com/us/rss/customerreviews/id=1461412482/sortBy=mostRecent/json"
"1461412482","TwinFlame","astrology_guidance","medium","1","jtbd_feel_seen_personalized","jtbd","Make the guidance feel personally about me","2021-09-13T19:43:45-07:00","https://itunes.apple.com/us/rss/customerreviews/id=1461412482/sortBy=mostRecent/json"
"1461412482","TwinFlame","astrology_guidance","medium","1","pain_subscription_value","pain","Subscription or paywall does not feel worth it","2021-09-13T19:43:45-07:00","https://itunes.apple.com/us/rss/customerreviews/id=1461412482/sortBy=mostRecent/json"
"1461412482","TwinFlame","astrology_guidance","medium","1","pain_content_depth_customization","pain","Users want more depth, options, or customization","2021-09-13T19:43:45-07:00","https://itunes.apple.com/us/rss/customerreviews/id=1461412482/sortBy=mostRecent/json"
"1461412482","TwinFlame","astrology_guidance","medium","2","jtbd_daily_anchor","jtbd","Give me a daily anchor I can return to","2021-09-03T09:51:13-07:00","https://itunes.apple.com/us/rss/customerreviews/id=1461412482/sortBy=mostRecent/json"
"1461412482","TwinFlame","astrology_guidance","medium","2","jtbd_feel_seen_personalized","jtbd","Make the guidance feel personally about me","2021-09-03T09:51:13-07:00","https://itunes.apple.com/us/rss/customerreviews/id=1461412482/sortBy=mostRecent/json"
"1461412482","TwinFlame","astrology_guidance","medium","2","pain_reliability_breaks_ritual","pain","Bugs break trust and interrupt the ritual","2021-09-03T09:51:13-07:00","https://itunes.apple.com/us/rss/customerreviews/id=1461412482/sortBy=mostRecent/json"
"1461412482","TwinFlame","astrology_guidance","medium","5","pain_content_depth_customization","pain","Users want more depth, options, or customization","2021-08-09T08:39:29-07:00","https://itunes.apple.com/us/rss/customerreviews/id=1461412482/sortBy=mostRecent/json"
"1461412482","TwinFlame","astrology_guidance","medium","2","pain_reliability_breaks_ritual","pain","Bugs break trust and interrupt the ritual","2021-07-12T16:44:32-07:00","https://itunes.apple.com/us/rss/customerreviews/id=1461412482/sortBy=mostRecent/json"
"1461412482","TwinFlame","astrology_guidance","medium","5","jtbd_daily_anchor","jtbd","Give me a daily anchor I can return to","2021-06-23T07:13:45-07:00","https://itunes.apple.com/us/rss/customerreviews/id=1461412482/sortBy=mostRecent/json"
"6615063639","Cozy Mahjong","avatar_identity_coaching","medium_high","5","pain_trust_accuracy_safety","pain","Trust, accuracy, or spiritual safety concerns","2026-05-24T17:11:14-07:00","https://itunes.apple.com/us/rss/customerreviews/id=6615063639/sortBy=mostRecent/json"
"6615063639","Cozy Mahjong","avatar_identity_coaching","medium_high","5","pain_content_depth_customization","pain","Users want more depth, options, or customization","2026-05-11T15:14:32-07:00","https://itunes.apple.com/us/rss/customerreviews/id=6615063639/sortBy=mostRecent/json"
"6615063639","Cozy Mahjong","avatar_identity_coaching","medium_high","5","jtbd_daily_anchor","jtbd","Give me a daily anchor I can return to","2026-03-16T14:03:20-07:00","https://itunes.apple.com/us/rss/customerreviews/id=6615063639/sortBy=mostRecent/json"
"6615063639","Cozy Mahjong","avatar_identity_coaching","medium_high","5","jtbd_fast_emotional_reset","jtbd","Help me calm down or reset quickly","2026-03-16T14:03:20-07:00","https://itunes.apple.com/us/rss/customerreviews/id=6615063639/sortBy=mostRecent/json"
"6615063639","Cozy Mahjong","avatar_identity_coaching","medium_high","5","jtbd_make_growth_visible","jtbd","Show me visible progress so effort feels real","2026-03-16T14:03:20-07:00","https://itunes.apple.com/us/rss/customerreviews/id=6615063639/sortBy=mostRecent/json"
"6615063639","Cozy Mahjong","avatar_identity_coaching","medium_high","5","pain_subscription_value","pain","Subscription or paywall does not feel worth it","2026-03-16T14:03:20-07:00","https://itunes.apple.com/us/rss/customerreviews/id=6615063639/sortBy=mostRecent/json"
"6615063639","Cozy Mahjong","avatar_identity_coaching","medium_high","5","jtbd_daily_anchor","jtbd","Give me a daily anchor I can return to","2026-01-29T12:49:41-07:00","https://itunes.apple.com/us/rss/customerreviews/id=6615063639/sortBy=mostRecent/json"
"6615063639","Cozy Mahjong","avatar_identity_coaching","medium_high","5","jtbd_make_growth_visible","jtbd","Show me visible progress so effort feels real","2026-01-29T12:49:41-07:00","https://itunes.apple.com/us/rss/customerreviews/id=6615063639/sortBy=mostRecent/json"
"6615063639","Cozy Mahjong","avatar_identity_coaching","medium_high","4","jtbd_make_growth_visible","jtbd","Show me visible progress so effort feels real","2026-01-06T10:40:58-07:00","https://itunes.apple.com/us/rss/customerreviews/id=6615063639/sortBy=mostRecent/json"
"6615063639","Cozy Mahjong","avatar_identity_coaching","medium_high","4","pain_subscription_value","pain","Subscription or paywall does not feel worth it","2026-01-06T10:40:58-07:00","https://itunes.apple.com/us/rss/customerreviews/id=6615063639/sortBy=mostRecent/json"
"6615063639","Cozy Mahjong","avatar_identity_coaching","medium_high","4","pain_reliability_breaks_ritual","pain","Bugs break trust and interrupt the ritual","2026-01-06T10:40:58-07:00","https://itunes.apple.com/us/rss/customerreviews/id=6615063639/sortBy=mostRecent/json"
"6615063639","Cozy Mahjong","avatar_identity_coaching","medium_high","4","pain_content_depth_customization","pain","Users want more depth, options, or customization","2026-01-06T10:40:58-07:00","https://itunes.apple.com/us/rss/customerreviews/id=6615063639/sortBy=mostRecent/json"
"6615063639","Cozy Mahjong","avatar_identity_coaching","medium_high","4","pain_signup_access_friction","pain","Signup, access, or device friction blocks activation","2026-01-06T10:40:58-07:00","https://itunes.apple.com/us/rss/customerreviews/id=6615063639/sortBy=mostRecent/json"
"6615063639","Cozy Mahjong","avatar_identity_coaching","medium_high","5","jtbd_fast_emotional_reset","jtbd","Help me calm down or reset quickly","2026-01-02T04:16:23-07:00","https://itunes.apple.com/us/rss/customerreviews/id=6615063639/sortBy=mostRecent/json"
"6615063639","Cozy Mahjong","avatar_identity_coaching","medium_high","5","pain_content_depth_customization","pain","Users want more depth, options, or customization","2025-12-22T08:43:12-07:00","https://itunes.apple.com/us/rss/customerreviews/id=6615063639/sortBy=mostRecent/json"
"6615063639","Cozy Mahjong","avatar_identity_coaching","medium_high","5","jtbd_fast_emotional_reset","jtbd","Help me calm down or reset quickly","2025-12-16T22:31:32-07:00","https://itunes.apple.com/us/rss/customerreviews/id=6615063639/sortBy=mostRecent/json"
"6615063639","Cozy Mahjong","avatar_identity_coaching","medium_high","5","pain_content_depth_customization","pain","Users want more depth, options, or customization","2025-12-16T22:31:32-07:00","https://itunes.apple.com/us/rss/customerreviews/id=6615063639/sortBy=mostRecent/json"
"6615063639","Cozy Mahjong","avatar_identity_coaching","medium_high","5","jtbd_daily_anchor","jtbd","Give me a daily anchor I can return to","2025-12-04T07:11:54-07:00","https://itunes.apple.com/us/rss/customerreviews/id=6615063639/sortBy=mostRecent/json"
"6615063639","Cozy Mahjong","avatar_identity_coaching","medium_high","5","jtbd_make_growth_visible","jtbd","Show me visible progress so effort feels real","2025-12-04T07:11:54-07:00","https://itunes.apple.com/us/rss/customerreviews/id=6615063639/sortBy=mostRecent/json"
"6615063639","Cozy Mahjong","avatar_identity_coaching","medium_high","5","pain_subscription_value","pain","Subscription or paywall does not feel worth it","2025-12-04T07:11:54-07:00","https://itunes.apple.com/us/rss/customerreviews/id=6615063639/sortBy=mostRecent/json"
"6615063639","Cozy Mahjong","avatar_identity_coaching","medium_high","5","pain_content_depth_customization","pain","Users want more depth, options, or customization","2025-12-04T07:11:54-07:00","https://itunes.apple.com/us/rss/customerreviews/id=6615063639/sortBy=mostRecent/json"
"6615063639","Cozy Mahjong","avatar_identity_coaching","medium_high","5","jtbd_daily_anchor","jtbd","Give me a daily anchor I can return to","2025-12-01T21:17:15-07:00","https://itunes.apple.com/us/rss/customerreviews/id=6615063639/sortBy=mostRecent/json"
"6615063639","Cozy Mahjong","avatar_identity_coaching","medium_high","5","jtbd_make_growth_visible","jtbd","Show me visible progress so effort feels real","2025-12-01T21:17:15-07:00","https://itunes.apple.com/us/rss/customerreviews/id=6615063639/sortBy=mostRecent/json"
"6615063639","Cozy Mahjong","avatar_identity_coaching","medium_high","5","jtbd_structure_self_improvement","jtbd","Turn vague self-improvement into concrete actions","2025-12-01T21:17:15-07:00","https://itunes.apple.com/us/rss/customerreviews/id=6615063639/sortBy=mostRecent/json"
"6615063639","Cozy Mahjong","avatar_identity_coaching","medium_high","5","jtbd_make_growth_visible","jtbd","Show me visible progress so effort feels real","2025-11-12T22:52:53-07:00","https://itunes.apple.com/us/rss/customerreviews/id=6615063639/sortBy=mostRecent/json"
"6615063639","Cozy Mahjong","avatar_identity_coaching","medium_high","5","pain_subscription_value","pain","Subscription or paywall does not feel worth it","2025-11-12T22:52:53-07:00","https://itunes.apple.com/us/rss/customerreviews/id=6615063639/sortBy=mostRecent/json"
"6615063639","Cozy Mahjong","avatar_identity_coaching","medium_high","5","pain_content_depth_customization","pain","Users want more depth, options, or customization","2025-11-12T22:52:53-07:00","https://itunes.apple.com/us/rss/customerreviews/id=6615063639/sortBy=mostRecent/json"
"6615063639","Cozy Mahjong","avatar_identity_coaching","medium_high","5","pain_signup_access_friction","pain","Signup, access, or device friction blocks activation","2025-11-12T22:52:53-07:00","https://itunes.apple.com/us/rss/customerreviews/id=6615063639/sortBy=mostRecent/json"
"6615063639","Cozy Mahjong","avatar_identity_coaching","medium_high","5","pain_signup_access_friction","pain","Signup, access, or device friction blocks activation","2025-11-07T23:06:43-07:00","https://itunes.apple.com/us/rss/customerreviews/id=6615063639/sortBy=mostRecent/json"
"6615063639","Cozy Mahjong","avatar_identity_coaching","medium_high","4","jtbd_daily_anchor","jtbd","Give me a daily anchor I can return to","2025-11-03T01:02:15-07:00","https://itunes.apple.com/us/rss/customerreviews/id=6615063639/sortBy=mostRecent/json"
"6615063639","Cozy Mahjong","avatar_identity_coaching","medium_high","4","jtbd_make_growth_visible","jtbd","Show me visible progress so effort feels real","2025-11-03T01:02:15-07:00","https://itunes.apple.com/us/rss/customerreviews/id=6615063639/sortBy=mostRecent/json"
"6615063639","Cozy Mahjong","avatar_identity_coaching","medium_high","4","pain_content_depth_customization","pain","Users want more depth, options, or customization","2025-11-03T01:02:15-07:00","https://itunes.apple.com/us/rss/customerreviews/id=6615063639/sortBy=mostRecent/json"
"6615063639","Cozy Mahjong","avatar_identity_coaching","medium_high","5","jtbd_make_growth_visible","jtbd","Show me visible progress so effort feels real","2025-10-22T07:11:30-07:00","https://itunes.apple.com/us/rss/customerreviews/id=6615063639/sortBy=mostRecent/json"
"6615063639","Cozy Mahjong","avatar_identity_coaching","medium_high","5","jtbd_fast_emotional_reset","jtbd","Help me calm down or reset quickly","2025-10-18T22:15:10-07:00","https://itunes.apple.com/us/rss/customerreviews/id=6615063639/sortBy=mostRecent/json"
"6615063639","Cozy Mahjong","avatar_identity_coaching","medium_high","5","jtbd_make_growth_visible","jtbd","Show me visible progress so effort feels real","2025-10-18T22:15:10-07:00","https://itunes.apple.com/us/rss/customerreviews/id=6615063639/sortBy=mostRecent/json"
"6615063639","Cozy Mahjong","avatar_identity_coaching","medium_high","5","pain_subscription_value","pain","Subscription or paywall does not feel worth it","2025-10-18T22:15:10-07:00","https://itunes.apple.com/us/rss/customerreviews/id=6615063639/sortBy=mostRecent/json"
"6615063639","Cozy Mahjong","avatar_identity_coaching","medium_high","5","pain_content_depth_customization","pain","Users want more depth, options, or customization","2025-10-18T22:15:10-07:00","https://itunes.apple.com/us/rss/customerreviews/id=6615063639/sortBy=mostRecent/json"
"6615063639","Cozy Mahjong","avatar_identity_coaching","medium_high","5","pain_content_depth_customization","pain","Users want more depth, options, or customization","2025-10-07T00:24:53-07:00","https://itunes.apple.com/us/rss/customerreviews/id=6615063639/sortBy=mostRecent/json"
"6615063639","Cozy Mahjong","avatar_identity_coaching","medium_high","5","jtbd_fast_emotional_reset","jtbd","Help me calm down or reset quickly","2025-09-30T08:56:54-07:00","https://itunes.apple.com/us/rss/customerreviews/id=6615063639/sortBy=mostRecent/json"
"6615063639","Cozy Mahjong","avatar_identity_coaching","medium_high","5","jtbd_make_growth_visible","jtbd","Show me visible progress so effort feels real","2025-09-30T08:56:54-07:00","https://itunes.apple.com/us/rss/customerreviews/id=6615063639/sortBy=mostRecent/json"
"6615063639","Cozy Mahjong","avatar_identity_coaching","medium_high","5","pain_subscription_value","pain","Subscription or paywall does not feel worth it","2025-09-30T08:56:54-07:00","https://itunes.apple.com/us/rss/customerreviews/id=6615063639/sortBy=mostRecent/json"
"6615063639","Cozy Mahjong","avatar_identity_coaching","medium_high","5","jtbd_make_growth_visible","jtbd","Show me visible progress so effort feels real","2025-09-18T22:52:16-07:00","https://itunes.apple.com/us/rss/customerreviews/id=6615063639/sortBy=mostRecent/json"
"6615063639","Cozy Mahjong","avatar_identity_coaching","medium_high","5","pain_content_depth_customization","pain","Users want more depth, options, or customization","2025-09-18T22:52:16-07:00","https://itunes.apple.com/us/rss/customerreviews/id=6615063639/sortBy=mostRecent/json"
"6615063639","Cozy Mahjong","avatar_identity_coaching","medium_high","5","jtbd_daily_anchor","jtbd","Give me a daily anchor I can return to","2025-08-22T18:05:07-07:00","https://itunes.apple.com/us/rss/customerreviews/id=6615063639/sortBy=mostRecent/json"
"6615063639","Cozy Mahjong","avatar_identity_coaching","medium_high","5","jtbd_belonging_accountability","jtbd","Feel accompanied or accountable","2025-08-22T18:05:07-07:00","https://itunes.apple.com/us/rss/customerreviews/id=6615063639/sortBy=mostRecent/json"
"6615063639","Cozy Mahjong","avatar_identity_coaching","medium_high","5","pain_content_depth_customization","pain","Users want more depth, options, or customization","2025-08-22T18:05:07-07:00","https://itunes.apple.com/us/rss/customerreviews/id=6615063639/sortBy=mostRecent/json"
"6615063639","Cozy Mahjong","avatar_identity_coaching","medium_high","5","pain_signup_access_friction","pain","Signup, access, or device friction blocks activation","2025-08-22T18:05:07-07:00","https://itunes.apple.com/us/rss/customerreviews/id=6615063639/sortBy=mostRecent/json"
"6615063639","Cozy Mahjong","avatar_identity_coaching","medium_high","5","jtbd_fast_emotional_reset","jtbd","Help me calm down or reset quickly","2025-08-17T18:48:03-07:00","https://itunes.apple.com/us/rss/customerreviews/id=6615063639/sortBy=mostRecent/json"
"6615063639","Cozy Mahjong","avatar_identity_coaching","medium_high","5","pain_content_depth_customization","pain","Users want more depth, options, or customization","2025-08-17T05:44:38-07:00","https://itunes.apple.com/us/rss/customerreviews/id=6615063639/sortBy=mostRecent/json"
"6615063639","Cozy Mahjong","avatar_identity_coaching","medium_high","5","pain_content_depth_customization","pain","Users want more depth, options, or customization","2025-08-12T20:56:55-07:00","https://itunes.apple.com/us/rss/customerreviews/id=6615063639/sortBy=mostRecent/json"
"6615063639","Cozy Mahjong","avatar_identity_coaching","medium_high","5","jtbd_make_growth_visible","jtbd","Show me visible progress so effort feels real","2025-08-07T21:55:40-07:00","https://itunes.apple.com/us/rss/customerreviews/id=6615063639/sortBy=mostRecent/json"
"6615063639","Cozy Mahjong","avatar_identity_coaching","medium_high","5","jtbd_structure_self_improvement","jtbd","Turn vague self-improvement into concrete actions","2025-08-07T21:55:40-07:00","https://itunes.apple.com/us/rss/customerreviews/id=6615063639/sortBy=mostRecent/json"
"6615063639","Cozy Mahjong","avatar_identity_coaching","medium_high","5","pain_subscription_value","pain","Subscription or paywall does not feel worth it","2025-08-07T21:55:40-07:00","https://itunes.apple.com/us/rss/customerreviews/id=6615063639/sortBy=mostRecent/json"
"6615063639","Cozy Mahjong","avatar_identity_coaching","medium_high","5","pain_reliability_breaks_ritual","pain","Bugs break trust and interrupt the ritual","2025-08-07T21:55:40-07:00","https://itunes.apple.com/us/rss/customerreviews/id=6615063639/sortBy=mostRecent/json"
"6615063639","Cozy Mahjong","avatar_identity_coaching","medium_high","5","pain_content_depth_customization","pain","Users want more depth, options, or customization","2025-08-07T21:55:40-07:00","https://itunes.apple.com/us/rss/customerreviews/id=6615063639/sortBy=mostRecent/json"
"6615063639","Cozy Mahjong","avatar_identity_coaching","medium_high","5","pain_trust_accuracy_safety","pain","Trust, accuracy, or spiritual safety concerns","2025-08-07T21:55:40-07:00","https://itunes.apple.com/us/rss/customerreviews/id=6615063639/sortBy=mostRecent/json"
"6615063639","Cozy Mahjong","avatar_identity_coaching","medium_high","5","jtbd_fast_emotional_reset","jtbd","Help me calm down or reset quickly","2025-08-06T20:38:34-07:00","https://itunes.apple.com/us/rss/customerreviews/id=6615063639/sortBy=mostRecent/json"
"6615063639","Cozy Mahjong","avatar_identity_coaching","medium_high","5","pain_content_depth_customization","pain","Users want more depth, options, or customization","2025-08-06T20:38:34-07:00","https://itunes.apple.com/us/rss/customerreviews/id=6615063639/sortBy=mostRecent/json"
"6615063639","Cozy Mahjong","avatar_identity_coaching","medium_high","5","jtbd_make_growth_visible","jtbd","Show me visible progress so effort feels real","2025-07-21T14:42:39-07:00","https://itunes.apple.com/us/rss/customerreviews/id=6615063639/sortBy=mostRecent/json"
"6615063639","Cozy Mahjong","avatar_identity_coaching","medium_high","5","pain_subscription_value","pain","Subscription or paywall does not feel worth it","2025-07-21T14:42:39-07:00","https://itunes.apple.com/us/rss/customerreviews/id=6615063639/sortBy=mostRecent/json"
"6615063639","Cozy Mahjong","avatar_identity_coaching","medium_high","5","pain_content_depth_customization","pain","Users want more depth, options, or customization","2025-07-21T14:42:39-07:00","https://itunes.apple.com/us/rss/customerreviews/id=6615063639/sortBy=mostRecent/json"
"6615063639","Cozy Mahjong","avatar_identity_coaching","medium_high","5","jtbd_fast_emotional_reset","jtbd","Help me calm down or reset quickly","2025-07-19T05:41:38-07:00","https://itunes.apple.com/us/rss/customerreviews/id=6615063639/sortBy=mostRecent/json"
"6615063639","Cozy Mahjong","avatar_identity_coaching","medium_high","5","jtbd_fast_emotional_reset","jtbd","Help me calm down or reset quickly","2025-07-11T21:00:50-07:00","https://itunes.apple.com/us/rss/customerreviews/id=6615063639/sortBy=mostRecent/json"
"6615063639","Cozy Mahjong","avatar_identity_coaching","medium_high","5","jtbd_make_growth_visible","jtbd","Show me visible progress so effort feels real","2025-07-11T21:00:50-07:00","https://itunes.apple.com/us/rss/customerreviews/id=6615063639/sortBy=mostRecent/json"
"6615063639","Cozy Mahjong","avatar_identity_coaching","medium_high","5","pain_subscription_value","pain","Subscription or paywall does not feel worth it","2025-07-11T21:00:50-07:00","https://itunes.apple.com/us/rss/customerreviews/id=6615063639/sortBy=mostRecent/json"
"6615063639","Cozy Mahjong","avatar_identity_coaching","medium_high","5","pain_content_depth_customization","pain","Users want more depth, options, or customization","2025-07-07T19:53:00-07:00","https://itunes.apple.com/us/rss/customerreviews/id=6615063639/sortBy=mostRecent/json"
"6615063639","Cozy Mahjong","avatar_identity_coaching","medium_high","5","jtbd_fast_emotional_reset","jtbd","Help me calm down or reset quickly","2025-06-30T01:48:16-07:00","https://itunes.apple.com/us/rss/customerreviews/id=6615063639/sortBy=mostRecent/json"
"6615063639","Cozy Mahjong","avatar_identity_coaching","medium_high","5","jtbd_make_growth_visible","jtbd","Show me visible progress so effort feels real","2025-06-30T01:48:16-07:00","https://itunes.apple.com/us/rss/customerreviews/id=6615063639/sortBy=mostRecent/json"
"6615063639","Cozy Mahjong","avatar_identity_coaching","medium_high","5","pain_content_depth_customization","pain","Users want more depth, options, or customization","2025-06-30T01:48:16-07:00","https://itunes.apple.com/us/rss/customerreviews/id=6615063639/sortBy=mostRecent/json"
"6615063639","Cozy Mahjong","avatar_identity_coaching","medium_high","5","jtbd_make_growth_visible","jtbd","Show me visible progress so effort feels real","2025-06-28T14:19:22-07:00","https://itunes.apple.com/us/rss/customerreviews/id=6615063639/sortBy=mostRecent/json"
"6615063639","Cozy Mahjong","avatar_identity_coaching","medium_high","5","pain_content_depth_customization","pain","Users want more depth, options, or customization","2025-06-28T14:19:22-07:00","https://itunes.apple.com/us/rss/customerreviews/id=6615063639/sortBy=mostRecent/json"
"6615063639","Cozy Mahjong","avatar_identity_coaching","medium_high","5","jtbd_make_growth_visible","jtbd","Show me visible progress so effort feels real","2025-06-28T06:24:44-07:00","https://itunes.apple.com/us/rss/customerreviews/id=6615063639/sortBy=mostRecent/json"
"6615063639","Cozy Mahjong","avatar_identity_coaching","medium_high","5","pain_reliability_breaks_ritual","pain","Bugs break trust and interrupt the ritual","2025-06-28T06:24:44-07:00","https://itunes.apple.com/us/rss/customerreviews/id=6615063639/sortBy=mostRecent/json"
"6615063639","Cozy Mahjong","avatar_identity_coaching","medium_high","5","pain_content_depth_customization","pain","Users want more depth, options, or customization","2025-06-28T06:24:44-07:00","https://itunes.apple.com/us/rss/customerreviews/id=6615063639/sortBy=mostRecent/json"
"6615063639","Cozy Mahjong","avatar_identity_coaching","medium_high","1","pain_subscription_value","pain","Subscription or paywall does not feel worth it","2025-06-26T01:53:36-07:00","https://itunes.apple.com/us/rss/customerreviews/id=6615063639/sortBy=mostRecent/json"
"6615063639","Cozy Mahjong","avatar_identity_coaching","medium_high","5","jtbd_fast_emotional_reset","jtbd","Help me calm down or reset quickly","2025-06-24T04:23:53-07:00","https://itunes.apple.com/us/rss/customerreviews/id=6615063639/sortBy=mostRecent/json"
"6615063639","Cozy Mahjong","avatar_identity_coaching","medium_high","5","jtbd_make_growth_visible","jtbd","Show me visible progress so effort feels real","2025-06-24T04:23:53-07:00","https://itunes.apple.com/us/rss/customerreviews/id=6615063639/sortBy=mostRecent/json"
"6615063639","Cozy Mahjong","avatar_identity_coaching","medium_high","5","pain_subscription_value","pain","Subscription or paywall does not feel worth it","2025-06-24T04:23:53-07:00","https://itunes.apple.com/us/rss/customerreviews/id=6615063639/sortBy=mostRecent/json"
"6615063639","Cozy Mahjong","avatar_identity_coaching","medium_high","5","pain_content_depth_customization","pain","Users want more depth, options, or customization","2025-06-24T04:23:53-07:00","https://itunes.apple.com/us/rss/customerreviews/id=6615063639/sortBy=mostRecent/json"
"6615063639","Cozy Mahjong","avatar_identity_coaching","medium_high","5","jtbd_fast_emotional_reset","jtbd","Help me calm down or reset quickly","2025-06-23T23:31:18-07:00","https://itunes.apple.com/us/rss/customerreviews/id=6615063639/sortBy=mostRecent/json"
"6615063639","Cozy Mahjong","avatar_identity_coaching","medium_high","5","jtbd_make_growth_visible","jtbd","Show me visible progress so effort feels real","2025-06-23T23:31:18-07:00","https://itunes.apple.com/us/rss/customerreviews/id=6615063639/sortBy=mostRecent/json"
"6615063639","Cozy Mahjong","avatar_identity_coaching","medium_high","5","pain_content_depth_customization","pain","Users want more depth, options, or customization","2025-06-23T23:31:18-07:00","https://itunes.apple.com/us/rss/customerreviews/id=6615063639/sortBy=mostRecent/json"
"6615063639","Cozy Mahjong","avatar_identity_coaching","medium_high","3","jtbd_feel_seen_personalized","jtbd","Make the guidance feel personally about me","2025-06-14T20:51:12-07:00","https://itunes.apple.com/us/rss/customerreviews/id=6615063639/sortBy=mostRecent/json"
"6615063639","Cozy Mahjong","avatar_identity_coaching","medium_high","3","jtbd_make_growth_visible","jtbd","Show me visible progress so effort feels real","2025-06-14T20:51:12-07:00","https://itunes.apple.com/us/rss/customerreviews/id=6615063639/sortBy=mostRecent/json"
"6615063639","Cozy Mahjong","avatar_identity_coaching","medium_high","3","pain_subscription_value","pain","Subscription or paywall does not feel worth it","2025-06-14T20:51:12-07:00","https://itunes.apple.com/us/rss/customerreviews/id=6615063639/sortBy=mostRecent/json"
"6615063639","Cozy Mahjong","avatar_identity_coaching","medium_high","5","pain_content_depth_customization","pain","Users want more depth, options, or customization","2025-06-04T11:08:51-07:00","https://itunes.apple.com/us/rss/customerreviews/id=6615063639/sortBy=mostRecent/json"
"6615063639","Cozy Mahjong","avatar_identity_coaching","medium_high","5","jtbd_fast_emotional_reset","jtbd","Help me calm down or reset quickly","2025-06-03T22:27:55-07:00","https://itunes.apple.com/us/rss/customerreviews/id=6615063639/sortBy=mostRecent/json"
"6615063639","Cozy Mahjong","avatar_identity_coaching","medium_high","5","jtbd_make_growth_visible","jtbd","Show me visible progress so effort feels real","2025-06-03T22:27:55-07:00","https://itunes.apple.com/us/rss/customerreviews/id=6615063639/sortBy=mostRecent/json"
"6615063639","Cozy Mahjong","avatar_identity_coaching","medium_high","5","pain_content_depth_customization","pain","Users want more depth, options, or customization","2025-05-18T19:37:41-07:00","https://itunes.apple.com/us/rss/customerreviews/id=6615063639/sortBy=mostRecent/json"
"6615063639","Cozy Mahjong","avatar_identity_coaching","medium_high","5","jtbd_fast_emotional_reset","jtbd","Help me calm down or reset quickly","2025-05-17T19:25:53-07:00","https://itunes.apple.com/us/rss/customerreviews/id=6615063639/sortBy=mostRecent/json"
"6615063639","Cozy Mahjong","avatar_identity_coaching","medium_high","5","jtbd_belonging_accountability","jtbd","Feel accompanied or accountable","2025-05-17T19:25:53-07:00","https://itunes.apple.com/us/rss/customerreviews/id=6615063639/sortBy=mostRecent/json"
"6615063639","Cozy Mahjong","avatar_identity_coaching","medium_high","5","jtbd_fast_emotional_reset","jtbd","Help me calm down or reset quickly","2025-05-12T22:56:23-07:00","https://itunes.apple.com/us/rss/customerreviews/id=6615063639/sortBy=mostRecent/json"
"6615063639","Cozy Mahjong","avatar_identity_coaching","medium_high","5","pain_content_depth_customization","pain","Users want more depth, options, or customization","2025-05-12T22:56:23-07:00","https://itunes.apple.com/us/rss/customerreviews/id=6615063639/sortBy=mostRecent/json"
"6615063639","Cozy Mahjong","avatar_identity_coaching","medium_high","5","jtbd_make_growth_visible","jtbd","Show me visible progress so effort feels real","2025-05-08T17:56:27-07:00","https://itunes.apple.com/us/rss/customerreviews/id=6615063639/sortBy=mostRecent/json"
"6615063639","Cozy Mahjong","avatar_identity_coaching","medium_high","5","jtbd_belonging_accountability","jtbd","Feel accompanied or accountable","2025-05-08T17:56:27-07:00","https://itunes.apple.com/us/rss/customerreviews/id=6615063639/sortBy=mostRecent/json"
"6615063639","Cozy Mahjong","avatar_identity_coaching","medium_high","5","pain_content_depth_customization","pain","Users want more depth, options, or customization","2025-05-08T17:56:27-07:00","https://itunes.apple.com/us/rss/customerreviews/id=6615063639/sortBy=mostRecent/json"
"6615063639","Cozy Mahjong","avatar_identity_coaching","medium_high","5","jtbd_make_growth_visible","jtbd","Show me visible progress so effort feels real","2025-05-07T14:23:38-07:00","https://itunes.apple.com/us/rss/customerreviews/id=6615063639/sortBy=mostRecent/json"
"6615063639","Cozy Mahjong","avatar_identity_coaching","medium_high","5","pain_subscription_value","pain","Subscription or paywall does not feel worth it","2025-05-07T14:23:38-07:00","https://itunes.apple.com/us/rss/customerreviews/id=6615063639/sortBy=mostRecent/json"
"917397071","Vida Health","avatar_identity_coaching","medium_high","3","jtbd_daily_anchor","jtbd","Give me a daily anchor I can return to","2026-05-27T11:27:37-07:00","https://itunes.apple.com/us/rss/customerreviews/id=917397071/sortBy=mostRecent/json"
"917397071","Vida Health","avatar_identity_coaching","medium_high","3","pain_content_depth_customization","pain","Users want more depth, options, or customization","2026-05-27T11:27:37-07:00","https://itunes.apple.com/us/rss/customerreviews/id=917397071/sortBy=mostRecent/json"
"917397071","Vida Health","avatar_identity_coaching","medium_high","1","jtbd_make_growth_visible","jtbd","Show me visible progress so effort feels real","2026-05-26T12:14:59-07:00","https://itunes.apple.com/us/rss/customerreviews/id=917397071/sortBy=mostRecent/json"
"917397071","Vida Health","avatar_identity_coaching","medium_high","1","pain_subscription_value","pain","Subscription or paywall does not feel worth it","2026-05-26T12:14:59-07:00","https://itunes.apple.com/us/rss/customerreviews/id=917397071/sortBy=mostRecent/json"
"917397071","Vida Health","avatar_identity_coaching","medium_high","1","pain_content_depth_customization","pain","Users want more depth, options, or customization","2026-05-26T12:14:59-07:00","https://itunes.apple.com/us/rss/customerreviews/id=917397071/sortBy=mostRecent/json"
"917397071","Vida Health","avatar_identity_coaching","medium_high","1","jtbd_make_growth_visible","jtbd","Show me visible progress so effort feels real","2026-05-23T09:21:46-07:00","https://itunes.apple.com/us/rss/customerreviews/id=917397071/sortBy=mostRecent/json"
"917397071","Vida Health","avatar_identity_coaching","medium_high","1","pain_content_depth_customization","pain","Users want more depth, options, or customization","2026-05-23T09:21:46-07:00","https://itunes.apple.com/us/rss/customerreviews/id=917397071/sortBy=mostRecent/json"
"917397071","Vida Health","avatar_identity_coaching","medium_high","1","pain_signup_access_friction","pain","Signup, access, or device friction blocks activation","2026-05-20T15:46:08-07:00","https://itunes.apple.com/us/rss/customerreviews/id=917397071/sortBy=mostRecent/json"
"917397071","Vida Health","avatar_identity_coaching","medium_high","1","pain_content_depth_customization","pain","Users want more depth, options, or customization","2026-05-19T02:53:56-07:00","https://itunes.apple.com/us/rss/customerreviews/id=917397071/sortBy=mostRecent/json"
"917397071","Vida Health","avatar_identity_coaching","medium_high","1","jtbd_daily_anchor","jtbd","Give me a daily anchor I can return to","2026-05-18T08:26:48-07:00","https://itunes.apple.com/us/rss/customerreviews/id=917397071/sortBy=mostRecent/json"
"917397071","Vida Health","avatar_identity_coaching","medium_high","1","pain_content_depth_customization","pain","Users want more depth, options, or customization","2026-05-14T11:26:25-07:00","https://itunes.apple.com/us/rss/customerreviews/id=917397071/sortBy=mostRecent/json"
"917397071","Vida Health","avatar_identity_coaching","medium_high","1","pain_subscription_value","pain","Subscription or paywall does not feel worth it","2026-05-10T17:05:14-07:00","https://itunes.apple.com/us/rss/customerreviews/id=917397071/sortBy=mostRecent/json"
"917397071","Vida Health","avatar_identity_coaching","medium_high","1","jtbd_belonging_accountability","jtbd","Feel accompanied or accountable","2026-05-08T05:36:09-07:00","https://itunes.apple.com/us/rss/customerreviews/id=917397071/sortBy=mostRecent/json"
"917397071","Vida Health","avatar_identity_coaching","medium_high","1","pain_subscription_value","pain","Subscription or paywall does not feel worth it","2026-05-08T05:36:09-07:00","https://itunes.apple.com/us/rss/customerreviews/id=917397071/sortBy=mostRecent/json"
"917397071","Vida Health","avatar_identity_coaching","medium_high","1","pain_content_depth_customization","pain","Users want more depth, options, or customization","2026-05-08T05:36:09-07:00","https://itunes.apple.com/us/rss/customerreviews/id=917397071/sortBy=mostRecent/json"
"917397071","Vida Health","avatar_identity_coaching","medium_high","1","pain_trust_accuracy_safety","pain","Trust, accuracy, or spiritual safety concerns","2026-05-08T05:36:09-07:00","https://itunes.apple.com/us/rss/customerreviews/id=917397071/sortBy=mostRecent/json"
"917397071","Vida Health","avatar_identity_coaching","medium_high","1","pain_content_depth_customization","pain","Users want more depth, options, or customization","2026-05-07T10:41:58-07:00","https://itunes.apple.com/us/rss/customerreviews/id=917397071/sortBy=mostRecent/json"
"917397071","Vida Health","avatar_identity_coaching","medium_high","1","pain_trust_accuracy_safety","pain","Trust, accuracy, or spiritual safety concerns","2026-05-07T10:41:58-07:00","https://itunes.apple.com/us/rss/customerreviews/id=917397071/sortBy=mostRecent/json"
"917397071","Vida Health","avatar_identity_coaching","medium_high","1","jtbd_structure_self_improvement","jtbd","Turn vague self-improvement into concrete actions","2026-05-03T15:12:10-07:00","https://itunes.apple.com/us/rss/customerreviews/id=917397071/sortBy=mostRecent/json"
"917397071","Vida Health","avatar_identity_coaching","medium_high","1","pain_subscription_value","pain","Subscription or paywall does not feel worth it","2026-05-03T15:12:10-07:00","https://itunes.apple.com/us/rss/customerreviews/id=917397071/sortBy=mostRecent/json"
"917397071","Vida Health","avatar_identity_coaching","medium_high","1","pain_content_depth_customization","pain","Users want more depth, options, or customization","2026-05-03T15:12:10-07:00","https://itunes.apple.com/us/rss/customerreviews/id=917397071/sortBy=mostRecent/json"
"917397071","Vida Health","avatar_identity_coaching","medium_high","1","pain_signup_access_friction","pain","Signup, access, or device friction blocks activation","2026-05-03T15:12:10-07:00","https://itunes.apple.com/us/rss/customerreviews/id=917397071/sortBy=mostRecent/json"
"917397071","Vida Health","avatar_identity_coaching","medium_high","1","jtbd_structure_self_improvement","jtbd","Turn vague self-improvement into concrete actions","2026-04-29T08:27:04-07:00","https://itunes.apple.com/us/rss/customerreviews/id=917397071/sortBy=mostRecent/json"
"917397071","Vida Health","avatar_identity_coaching","medium_high","1","pain_signup_access_friction","pain","Signup, access, or device friction blocks activation","2026-04-29T08:27:04-07:00","https://itunes.apple.com/us/rss/customerreviews/id=917397071/sortBy=mostRecent/json"
"917397071","Vida Health","avatar_identity_coaching","medium_high","1","jtbd_make_growth_visible","jtbd","Show me visible progress so effort feels real","2026-04-23T12:25:53-07:00","https://itunes.apple.com/us/rss/customerreviews/id=917397071/sortBy=mostRecent/json"
"917397071","Vida Health","avatar_identity_coaching","medium_high","1","jtbd_belonging_accountability","jtbd","Feel accompanied or accountable","2026-04-23T12:25:53-07:00","https://itunes.apple.com/us/rss/customerreviews/id=917397071/sortBy=mostRecent/json"
"917397071","Vida Health","avatar_identity_coaching","medium_high","1","pain_reliability_breaks_ritual","pain","Bugs break trust and interrupt the ritual","2026-04-23T12:25:53-07:00","https://itunes.apple.com/us/rss/customerreviews/id=917397071/sortBy=mostRecent/json"
"917397071","Vida Health","avatar_identity_coaching","medium_high","1","pain_trust_accuracy_safety","pain","Trust, accuracy, or spiritual safety concerns","2026-04-23T12:25:53-07:00","https://itunes.apple.com/us/rss/customerreviews/id=917397071/sortBy=mostRecent/json"
"917397071","Vida Health","avatar_identity_coaching","medium_high","1","pain_content_depth_customization","pain","Users want more depth, options, or customization","2026-04-22T11:02:33-07:00","https://itunes.apple.com/us/rss/customerreviews/id=917397071/sortBy=mostRecent/json"
"917397071","Vida Health","avatar_identity_coaching","medium_high","1","jtbd_make_growth_visible","jtbd","Show me visible progress so effort feels real","2026-04-13T07:19:15-07:00","https://itunes.apple.com/us/rss/customerreviews/id=917397071/sortBy=mostRecent/json"
"917397071","Vida Health","avatar_identity_coaching","medium_high","1","pain_trust_accuracy_safety","pain","Trust, accuracy, or spiritual safety concerns","2026-04-13T07:19:15-07:00","https://itunes.apple.com/us/rss/customerreviews/id=917397071/sortBy=mostRecent/json"
"917397071","Vida Health","avatar_identity_coaching","medium_high","1","pain_signup_access_friction","pain","Signup, access, or device friction blocks activation","2026-04-13T07:19:15-07:00","https://itunes.apple.com/us/rss/customerreviews/id=917397071/sortBy=mostRecent/json"
"917397071","Vida Health","avatar_identity_coaching","medium_high","3","jtbd_belonging_accountability","jtbd","Feel accompanied or accountable","2026-04-03T05:32:05-07:00","https://itunes.apple.com/us/rss/customerreviews/id=917397071/sortBy=mostRecent/json"
"917397071","Vida Health","avatar_identity_coaching","medium_high","3","pain_reliability_breaks_ritual","pain","Bugs break trust and interrupt the ritual","2026-04-03T05:32:05-07:00","https://itunes.apple.com/us/rss/customerreviews/id=917397071/sortBy=mostRecent/json"
"917397071","Vida Health","avatar_identity_coaching","medium_high","3","pain_content_depth_customization","pain","Users want more depth, options, or customization","2026-04-03T05:32:05-07:00","https://itunes.apple.com/us/rss/customerreviews/id=917397071/sortBy=mostRecent/json"
"917397071","Vida Health","avatar_identity_coaching","medium_high","1","jtbd_structure_self_improvement","jtbd","Turn vague self-improvement into concrete actions","2026-03-18T07:06:38-07:00","https://itunes.apple.com/us/rss/customerreviews/id=917397071/sortBy=mostRecent/json"
"917397071","Vida Health","avatar_identity_coaching","medium_high","1","pain_subscription_value","pain","Subscription or paywall does not feel worth it","2026-03-18T07:06:38-07:00","https://itunes.apple.com/us/rss/customerreviews/id=917397071/sortBy=mostRecent/json"
"917397071","Vida Health","avatar_identity_coaching","medium_high","1","pain_content_depth_customization","pain","Users want more depth, options, or customization","2026-03-18T07:06:38-07:00","https://itunes.apple.com/us/rss/customerreviews/id=917397071/sortBy=mostRecent/json"
"917397071","Vida Health","avatar_identity_coaching","medium_high","1","pain_trust_accuracy_safety","pain","Trust, accuracy, or spiritual safety concerns","2026-03-18T07:06:38-07:00","https://itunes.apple.com/us/rss/customerreviews/id=917397071/sortBy=mostRecent/json"
"917397071","Vida Health","avatar_identity_coaching","medium_high","1","jtbd_daily_anchor","jtbd","Give me a daily anchor I can return to","2026-02-07T22:36:19-07:00","https://itunes.apple.com/us/rss/customerreviews/id=917397071/sortBy=mostRecent/json"
"917397071","Vida Health","avatar_identity_coaching","medium_high","1","jtbd_structure_self_improvement","jtbd","Turn vague self-improvement into concrete actions","2026-02-07T22:36:19-07:00","https://itunes.apple.com/us/rss/customerreviews/id=917397071/sortBy=mostRecent/json"
"917397071","Vida Health","avatar_identity_coaching","medium_high","1","pain_content_depth_customization","pain","Users want more depth, options, or customization","2026-02-07T22:36:19-07:00","https://itunes.apple.com/us/rss/customerreviews/id=917397071/sortBy=mostRecent/json"
"917397071","Vida Health","avatar_identity_coaching","medium_high","1","pain_subscription_value","pain","Subscription or paywall does not feel worth it","2026-02-04T11:41:58-07:00","https://itunes.apple.com/us/rss/customerreviews/id=917397071/sortBy=mostRecent/json"
"917397071","Vida Health","avatar_identity_coaching","medium_high","1","pain_reliability_breaks_ritual","pain","Bugs break trust and interrupt the ritual","2026-02-04T11:41:58-07:00","https://itunes.apple.com/us/rss/customerreviews/id=917397071/sortBy=mostRecent/json"
"917397071","Vida Health","avatar_identity_coaching","medium_high","1","pain_subscription_value","pain","Subscription or paywall does not feel worth it","2026-02-03T21:20:52-07:00","https://itunes.apple.com/us/rss/customerreviews/id=917397071/sortBy=mostRecent/json"
"917397071","Vida Health","avatar_identity_coaching","medium_high","1","pain_trust_accuracy_safety","pain","Trust, accuracy, or spiritual safety concerns","2026-02-03T21:20:52-07:00","https://itunes.apple.com/us/rss/customerreviews/id=917397071/sortBy=mostRecent/json"
"917397071","Vida Health","avatar_identity_coaching","medium_high","1","pain_trust_accuracy_safety","pain","Trust, accuracy, or spiritual safety concerns","2026-02-03T09:56:22-07:00","https://itunes.apple.com/us/rss/customerreviews/id=917397071/sortBy=mostRecent/json"
"917397071","Vida Health","avatar_identity_coaching","medium_high","1","jtbd_make_growth_visible","jtbd","Show me visible progress so effort feels real","2026-02-02T15:12:21-07:00","https://itunes.apple.com/us/rss/customerreviews/id=917397071/sortBy=mostRecent/json"
"917397071","Vida Health","avatar_identity_coaching","medium_high","1","pain_subscription_value","pain","Subscription or paywall does not feel worth it","2026-02-02T15:12:21-07:00","https://itunes.apple.com/us/rss/customerreviews/id=917397071/sortBy=mostRecent/json"
"917397071","Vida Health","avatar_identity_coaching","medium_high","1","pain_content_depth_customization","pain","Users want more depth, options, or customization","2026-02-02T15:12:21-07:00","https://itunes.apple.com/us/rss/customerreviews/id=917397071/sortBy=mostRecent/json"
"917397071","Vida Health","avatar_identity_coaching","medium_high","1","pain_content_depth_customization","pain","Users want more depth, options, or customization","2026-01-30T09:58:58-07:00","https://itunes.apple.com/us/rss/customerreviews/id=917397071/sortBy=mostRecent/json"
"917397071","Vida Health","avatar_identity_coaching","medium_high","1","pain_content_depth_customization","pain","Users want more depth, options, or customization","2026-01-29T12:32:05-07:00","https://itunes.apple.com/us/rss/customerreviews/id=917397071/sortBy=mostRecent/json"
"917397071","Vida Health","avatar_identity_coaching","medium_high","1","jtbd_make_growth_visible","jtbd","Show me visible progress so effort feels real","2026-01-27T12:43:44-07:00","https://itunes.apple.com/us/rss/customerreviews/id=917397071/sortBy=mostRecent/json"
"917397071","Vida Health","avatar_identity_coaching","medium_high","1","pain_content_depth_customization","pain","Users want more depth, options, or customization","2026-01-27T12:43:44-07:00","https://itunes.apple.com/us/rss/customerreviews/id=917397071/sortBy=mostRecent/json"
"917397071","Vida Health","avatar_identity_coaching","medium_high","1","jtbd_make_growth_visible","jtbd","Show me visible progress so effort feels real","2026-01-13T05:52:07-07:00","https://itunes.apple.com/us/rss/customerreviews/id=917397071/sortBy=mostRecent/json"
"917397071","Vida Health","avatar_identity_coaching","medium_high","1","pain_reliability_breaks_ritual","pain","Bugs break trust and interrupt the ritual","2026-01-13T05:52:07-07:00","https://itunes.apple.com/us/rss/customerreviews/id=917397071/sortBy=mostRecent/json"
"917397071","Vida Health","avatar_identity_coaching","medium_high","1","pain_content_depth_customization","pain","Users want more depth, options, or customization","2026-01-13T05:52:07-07:00","https://itunes.apple.com/us/rss/customerreviews/id=917397071/sortBy=mostRecent/json"
"917397071","Vida Health","avatar_identity_coaching","medium_high","1","pain_signup_access_friction","pain","Signup, access, or device friction blocks activation","2026-01-13T05:52:07-07:00","https://itunes.apple.com/us/rss/customerreviews/id=917397071/sortBy=mostRecent/json"
"917397071","Vida Health","avatar_identity_coaching","medium_high","1","pain_subscription_value","pain","Subscription or paywall does not feel worth it","2026-01-12T09:42:56-07:00","https://itunes.apple.com/us/rss/customerreviews/id=917397071/sortBy=mostRecent/json"
"917397071","Vida Health","avatar_identity_coaching","medium_high","4","jtbd_daily_anchor","jtbd","Give me a daily anchor I can return to","2026-01-07T08:38:41-07:00","https://itunes.apple.com/us/rss/customerreviews/id=917397071/sortBy=mostRecent/json"
"917397071","Vida Health","avatar_identity_coaching","medium_high","1","jtbd_structure_self_improvement","jtbd","Turn vague self-improvement into concrete actions","2026-01-03T14:27:02-07:00","https://itunes.apple.com/us/rss/customerreviews/id=917397071/sortBy=mostRecent/json"
"917397071","Vida Health","avatar_identity_coaching","medium_high","1","jtbd_belonging_accountability","jtbd","Feel accompanied or accountable","2026-01-03T14:27:02-07:00","https://itunes.apple.com/us/rss/customerreviews/id=917397071/sortBy=mostRecent/json"
"917397071","Vida Health","avatar_identity_coaching","medium_high","1","pain_content_depth_customization","pain","Users want more depth, options, or customization","2026-01-03T14:27:02-07:00","https://itunes.apple.com/us/rss/customerreviews/id=917397071/sortBy=mostRecent/json"
"917397071","Vida Health","avatar_identity_coaching","medium_high","1","pain_trust_accuracy_safety","pain","Trust, accuracy, or spiritual safety concerns","2025-12-18T19:11:15-07:00","https://itunes.apple.com/us/rss/customerreviews/id=917397071/sortBy=mostRecent/json"
"917397071","Vida Health","avatar_identity_coaching","medium_high","1","pain_signup_access_friction","pain","Signup, access, or device friction blocks activation","2025-12-18T19:11:15-07:00","https://itunes.apple.com/us/rss/customerreviews/id=917397071/sortBy=mostRecent/json"
"6741750886","Lifeline Wellness","avatar_identity_coaching","medium_high","5","jtbd_fast_emotional_reset","jtbd","Help me calm down or reset quickly","2026-02-20T08:40:10-07:00","https://itunes.apple.com/us/rss/customerreviews/id=6741750886/sortBy=mostRecent/json"
"6741750886","Lifeline Wellness","avatar_identity_coaching","medium_high","5","jtbd_make_growth_visible","jtbd","Show me visible progress so effort feels real","2026-02-20T08:40:10-07:00","https://itunes.apple.com/us/rss/customerreviews/id=6741750886/sortBy=mostRecent/json"
"6741750886","Lifeline Wellness","avatar_identity_coaching","medium_high","5","jtbd_structure_self_improvement","jtbd","Turn vague self-improvement into concrete actions","2026-02-20T08:40:10-07:00","https://itunes.apple.com/us/rss/customerreviews/id=6741750886/sortBy=mostRecent/json"
"6741750886","Lifeline Wellness","avatar_identity_coaching","medium_high","5","pain_subscription_value","pain","Subscription or paywall does not feel worth it","2026-02-20T08:40:10-07:00","https://itunes.apple.com/us/rss/customerreviews/id=6741750886/sortBy=mostRecent/json"
"6741750886","Lifeline Wellness","avatar_identity_coaching","medium_high","5","pain_content_depth_customization","pain","Users want more depth, options, or customization","2026-02-20T08:40:10-07:00","https://itunes.apple.com/us/rss/customerreviews/id=6741750886/sortBy=mostRecent/json"
"6741750886","Lifeline Wellness","avatar_identity_coaching","medium_high","5","jtbd_make_growth_visible","jtbd","Show me visible progress so effort feels real","2025-07-28T07:49:36-07:00","https://itunes.apple.com/us/rss/customerreviews/id=6741750886/sortBy=mostRecent/json"
"6737979775","Orakemu - Planner Journal Todo","gamified_self_improvement","medium_high","4","pain_content_depth_customization","pain","Users want more depth, options, or customization","2025-11-16T05:51:01-07:00","https://itunes.apple.com/us/rss/customerreviews/id=6737979775/sortBy=mostRecent/json"
"6737979775","Orakemu - Planner Journal Todo","gamified_self_improvement","medium_high","5","jtbd_daily_anchor","jtbd","Give me a daily anchor I can return to","2025-07-07T10:53:52-07:00","https://itunes.apple.com/us/rss/customerreviews/id=6737979775/sortBy=mostRecent/json"
"6737979775","Orakemu - Planner Journal Todo","gamified_self_improvement","medium_high","5","jtbd_make_growth_visible","jtbd","Show me visible progress so effort feels real","2025-07-07T10:53:52-07:00","https://itunes.apple.com/us/rss/customerreviews/id=6737979775/sortBy=mostRecent/json"
"6737979775","Orakemu - Planner Journal Todo","gamified_self_improvement","medium_high","5","jtbd_structure_self_improvement","jtbd","Turn vague self-improvement into concrete actions","2025-07-07T10:53:52-07:00","https://itunes.apple.com/us/rss/customerreviews/id=6737979775/sortBy=mostRecent/json"
"6737979775","Orakemu - Planner Journal Todo","gamified_self_improvement","medium_high","5","pain_content_depth_customization","pain","Users want more depth, options, or customization","2025-07-07T10:53:52-07:00","https://itunes.apple.com/us/rss/customerreviews/id=6737979775/sortBy=mostRecent/json"
"6737979775","Orakemu - Planner Journal Todo","gamified_self_improvement","medium_high","5","pain_unclear_game_loop","pain","The game layer can feel confusing or disconnected","2025-07-07T10:53:52-07:00","https://itunes.apple.com/us/rss/customerreviews/id=6737979775/sortBy=mostRecent/json"
"6744328233","HootieLife: AI Wellness Coach","avatar_identity_coaching","medium_high","1","pain_reliability_breaks_ritual","pain","Bugs break trust and interrupt the ritual","2026-04-02T18:16:10-07:00","https://itunes.apple.com/us/rss/customerreviews/id=6744328233/sortBy=mostRecent/json"
"1603849115","Bodhi: Astrology & Horoscope","astrology_guidance","medium_high","5","jtbd_daily_anchor","jtbd","Give me a daily anchor I can return to","2025-04-22T07:43:21-07:00","https://itunes.apple.com/us/rss/customerreviews/id=1603849115/sortBy=mostRecent/json"
"1603849115","Bodhi: Astrology & Horoscope","astrology_guidance","medium_high","5","jtbd_make_growth_visible","jtbd","Show me visible progress so effort feels real","2025-04-22T07:43:21-07:00","https://itunes.apple.com/us/rss/customerreviews/id=1603849115/sortBy=mostRecent/json"
"1603849115","Bodhi: Astrology & Horoscope","astrology_guidance","medium_high","5","jtbd_daily_anchor","jtbd","Give me a daily anchor I can return to","2024-11-03T02:52:08-07:00","https://itunes.apple.com/us/rss/customerreviews/id=1603849115/sortBy=mostRecent/json"
"1603849115","Bodhi: Astrology & Horoscope","astrology_guidance","medium_high","5","jtbd_feel_seen_personalized","jtbd","Make the guidance feel personally about me","2024-11-03T02:52:08-07:00","https://itunes.apple.com/us/rss/customerreviews/id=1603849115/sortBy=mostRecent/json"
"1603849115","Bodhi: Astrology & Horoscope","astrology_guidance","medium_high","5","jtbd_fast_emotional_reset","jtbd","Help me calm down or reset quickly","2024-11-03T02:52:08-07:00","https://itunes.apple.com/us/rss/customerreviews/id=1603849115/sortBy=mostRecent/json"
"1603849115","Bodhi: Astrology & Horoscope","astrology_guidance","medium_high","5","jtbd_make_growth_visible","jtbd","Show me visible progress so effort feels real","2024-11-03T02:52:08-07:00","https://itunes.apple.com/us/rss/customerreviews/id=1603849115/sortBy=mostRecent/json"
"1603849115","Bodhi: Astrology & Horoscope","astrology_guidance","medium_high","1","pain_content_depth_customization","pain","Users want more depth, options, or customization","2024-09-06T05:23:16-07:00","https://itunes.apple.com/us/rss/customerreviews/id=1603849115/sortBy=mostRecent/json"
"1603849115","Bodhi: Astrology & Horoscope","astrology_guidance","medium_high","5","jtbd_feel_seen_personalized","jtbd","Make the guidance feel personally about me","2024-07-25T15:03:37-07:00","https://itunes.apple.com/us/rss/customerreviews/id=1603849115/sortBy=mostRecent/json"
"1603849115","Bodhi: Astrology & Horoscope","astrology_guidance","medium_high","5","jtbd_make_growth_visible","jtbd","Show me visible progress so effort feels real","2024-06-22T14:56:50-07:00","https://itunes.apple.com/us/rss/customerreviews/id=1603849115/sortBy=mostRecent/json"
"1603849115","Bodhi: Astrology & Horoscope","astrology_guidance","medium_high","3","pain_subscription_value","pain","Subscription or paywall does not feel worth it","2024-03-01T11:13:18-07:00","https://itunes.apple.com/us/rss/customerreviews/id=1603849115/sortBy=mostRecent/json"
"1603849115","Bodhi: Astrology & Horoscope","astrology_guidance","medium_high","3","pain_content_depth_customization","pain","Users want more depth, options, or customization","2024-03-01T11:13:18-07:00","https://itunes.apple.com/us/rss/customerreviews/id=1603849115/sortBy=mostRecent/json"
"1603849115","Bodhi: Astrology & Horoscope","astrology_guidance","medium_high","3","pain_unclear_game_loop","pain","The game layer can feel confusing or disconnected","2024-03-01T11:13:18-07:00","https://itunes.apple.com/us/rss/customerreviews/id=1603849115/sortBy=mostRecent/json"
"522674372","Kindara: Fertility Tracker","astrology_guidance","medium","5","jtbd_feel_seen_personalized","jtbd","Make the guidance feel personally about me","2026-05-28T10:15:12-07:00","https://itunes.apple.com/us/rss/customerreviews/id=522674372/sortBy=mostRecent/json"
"522674372","Kindara: Fertility Tracker","astrology_guidance","medium","5","pain_content_depth_customization","pain","Users want more depth, options, or customization","2026-05-28T10:15:12-07:00","https://itunes.apple.com/us/rss/customerreviews/id=522674372/sortBy=mostRecent/json"
"522674372","Kindara: Fertility Tracker","astrology_guidance","medium","5","jtbd_feel_seen_personalized","jtbd","Make the guidance feel personally about me","2026-05-27T03:07:31-07:00","https://itunes.apple.com/us/rss/customerreviews/id=522674372/sortBy=mostRecent/json"
"522674372","Kindara: Fertility Tracker","astrology_guidance","medium","5","pain_content_depth_customization","pain","Users want more depth, options, or customization","2026-05-27T03:07:31-07:00","https://itunes.apple.com/us/rss/customerreviews/id=522674372/sortBy=mostRecent/json"
"522674372","Kindara: Fertility Tracker","astrology_guidance","medium","3","jtbd_feel_seen_personalized","jtbd","Make the guidance feel personally about me","2026-05-25T06:32:48-07:00","https://itunes.apple.com/us/rss/customerreviews/id=522674372/sortBy=mostRecent/json"
"522674372","Kindara: Fertility Tracker","astrology_guidance","medium","3","jtbd_belonging_accountability","jtbd","Feel accompanied or accountable","2026-05-25T06:32:48-07:00","https://itunes.apple.com/us/rss/customerreviews/id=522674372/sortBy=mostRecent/json"
"522674372","Kindara: Fertility Tracker","astrology_guidance","medium","3","pain_content_depth_customization","pain","Users want more depth, options, or customization","2026-05-25T06:32:48-07:00","https://itunes.apple.com/us/rss/customerreviews/id=522674372/sortBy=mostRecent/json"
"522674372","Kindara: Fertility Tracker","astrology_guidance","medium","5","jtbd_daily_anchor","jtbd","Give me a daily anchor I can return to","2026-04-22T11:53:16-07:00","https://itunes.apple.com/us/rss/customerreviews/id=522674372/sortBy=mostRecent/json"
"522674372","Kindara: Fertility Tracker","astrology_guidance","medium","5","jtbd_belonging_accountability","jtbd","Feel accompanied or accountable","2026-04-22T11:53:16-07:00","https://itunes.apple.com/us/rss/customerreviews/id=522674372/sortBy=mostRecent/json"
"522674372","Kindara: Fertility Tracker","astrology_guidance","medium","5","jtbd_feel_seen_personalized","jtbd","Make the guidance feel personally about me","2026-03-03T09:34:01-07:00","https://itunes.apple.com/us/rss/customerreviews/id=522674372/sortBy=mostRecent/json"
"522674372","Kindara: Fertility Tracker","astrology_guidance","medium","5","jtbd_structure_self_improvement","jtbd","Turn vague self-improvement into concrete actions","2026-02-14T05:20:35-07:00","https://itunes.apple.com/us/rss/customerreviews/id=522674372/sortBy=mostRecent/json"
"522674372","Kindara: Fertility Tracker","astrology_guidance","medium","1","pain_content_depth_customization","pain","Users want more depth, options, or customization","2026-02-12T09:43:05-07:00","https://itunes.apple.com/us/rss/customerreviews/id=522674372/sortBy=mostRecent/json"
"522674372","Kindara: Fertility Tracker","astrology_guidance","medium","1","pain_trust_accuracy_safety","pain","Trust, accuracy, or spiritual safety concerns","2026-02-12T09:43:05-07:00","https://itunes.apple.com/us/rss/customerreviews/id=522674372/sortBy=mostRecent/json"
"522674372","Kindara: Fertility Tracker","astrology_guidance","medium","4","jtbd_make_growth_visible","jtbd","Show me visible progress so effort feels real","2026-01-14T07:59:55-07:00","https://itunes.apple.com/us/rss/customerreviews/id=522674372/sortBy=mostRecent/json"
"522674372","Kindara: Fertility Tracker","astrology_guidance","medium","4","jtbd_structure_self_improvement","jtbd","Turn vague self-improvement into concrete actions","2026-01-14T07:59:55-07:00","https://itunes.apple.com/us/rss/customerreviews/id=522674372/sortBy=mostRecent/json"
"522674372","Kindara: Fertility Tracker","astrology_guidance","medium","5","jtbd_daily_anchor","jtbd","Give me a daily anchor I can return to","2026-01-12T05:31:52-07:00","https://itunes.apple.com/us/rss/customerreviews/id=522674372/sortBy=mostRecent/json"
"522674372","Kindara: Fertility Tracker","astrology_guidance","medium","5","jtbd_fast_emotional_reset","jtbd","Help me calm down or reset quickly","2026-01-12T05:31:52-07:00","https://itunes.apple.com/us/rss/customerreviews/id=522674372/sortBy=mostRecent/json"
"522674372","Kindara: Fertility Tracker","astrology_guidance","medium","5","jtbd_make_growth_visible","jtbd","Show me visible progress so effort feels real","2026-01-12T05:31:52-07:00","https://itunes.apple.com/us/rss/customerreviews/id=522674372/sortBy=mostRecent/json"
"522674372","Kindara: Fertility Tracker","astrology_guidance","medium","5","jtbd_belonging_accountability","jtbd","Feel accompanied or accountable","2026-01-12T05:31:52-07:00","https://itunes.apple.com/us/rss/customerreviews/id=522674372/sortBy=mostRecent/json"
"522674372","Kindara: Fertility Tracker","astrology_guidance","medium","5","jtbd_belonging_accountability","jtbd","Feel accompanied or accountable","2025-12-24T05:50:15-07:00","https://itunes.apple.com/us/rss/customerreviews/id=522674372/sortBy=mostRecent/json"
"522674372","Kindara: Fertility Tracker","astrology_guidance","medium","5","jtbd_belonging_accountability","jtbd","Feel accompanied or accountable","2025-11-16T09:58:56-07:00","https://itunes.apple.com/us/rss/customerreviews/id=522674372/sortBy=mostRecent/json"
"522674372","Kindara: Fertility Tracker","astrology_guidance","medium","5","jtbd_feel_seen_personalized","jtbd","Make the guidance feel personally about me","2025-11-13T14:19:13-07:00","https://itunes.apple.com/us/rss/customerreviews/id=522674372/sortBy=mostRecent/json"
"522674372","Kindara: Fertility Tracker","astrology_guidance","medium","5","pain_trust_accuracy_safety","pain","Trust, accuracy, or spiritual safety concerns","2025-10-22T03:29:21-07:00","https://itunes.apple.com/us/rss/customerreviews/id=522674372/sortBy=mostRecent/json"
"522674372","Kindara: Fertility Tracker","astrology_guidance","medium","5","pain_content_depth_customization","pain","Users want more depth, options, or customization","2025-10-14T19:33:36-07:00","https://itunes.apple.com/us/rss/customerreviews/id=522674372/sortBy=mostRecent/json"
"522674372","Kindara: Fertility Tracker","astrology_guidance","medium","5","pain_unclear_game_loop","pain","The game layer can feel confusing or disconnected","2025-10-14T19:33:36-07:00","https://itunes.apple.com/us/rss/customerreviews/id=522674372/sortBy=mostRecent/json"
"522674372","Kindara: Fertility Tracker","astrology_guidance","medium","5","jtbd_belonging_accountability","jtbd","Feel accompanied or accountable","2025-10-14T17:01:57-07:00","https://itunes.apple.com/us/rss/customerreviews/id=522674372/sortBy=mostRecent/json"
"522674372","Kindara: Fertility Tracker","astrology_guidance","medium","5","jtbd_structure_self_improvement","jtbd","Turn vague self-improvement into concrete actions","2025-10-05T12:54:50-07:00","https://itunes.apple.com/us/rss/customerreviews/id=522674372/sortBy=mostRecent/json"
"522674372","Kindara: Fertility Tracker","astrology_guidance","medium","5","pain_signup_access_friction","pain","Signup, access, or device friction blocks activation","2025-10-05T12:54:50-07:00","https://itunes.apple.com/us/rss/customerreviews/id=522674372/sortBy=mostRecent/json"
"522674372","Kindara: Fertility Tracker","astrology_guidance","medium","5","jtbd_belonging_accountability","jtbd","Feel accompanied or accountable","2025-10-03T07:23:41-07:00","https://itunes.apple.com/us/rss/customerreviews/id=522674372/sortBy=mostRecent/json"
"522674372","Kindara: Fertility Tracker","astrology_guidance","medium","5","pain_subscription_value","pain","Subscription or paywall does not feel worth it","2025-09-08T05:54:00-07:00","https://itunes.apple.com/us/rss/customerreviews/id=522674372/sortBy=mostRecent/json"
"522674372","Kindara: Fertility Tracker","astrology_guidance","medium","5","pain_content_depth_customization","pain","Users want more depth, options, or customization","2025-09-02T08:45:26-07:00","https://itunes.apple.com/us/rss/customerreviews/id=522674372/sortBy=mostRecent/json"
"522674372","Kindara: Fertility Tracker","astrology_guidance","medium","3","pain_content_depth_customization","pain","Users want more depth, options, or customization","2025-08-24T12:07:36-07:00","https://itunes.apple.com/us/rss/customerreviews/id=522674372/sortBy=mostRecent/json"
"522674372","Kindara: Fertility Tracker","astrology_guidance","medium","3","pain_trust_accuracy_safety","pain","Trust, accuracy, or spiritual safety concerns","2025-08-24T12:07:36-07:00","https://itunes.apple.com/us/rss/customerreviews/id=522674372/sortBy=mostRecent/json"
"522674372","Kindara: Fertility Tracker","astrology_guidance","medium","3","pain_signup_access_friction","pain","Signup, access, or device friction blocks activation","2025-08-24T12:07:36-07:00","https://itunes.apple.com/us/rss/customerreviews/id=522674372/sortBy=mostRecent/json"
"1632227512","Haute Hypnosis - Mind Manifest","manifestation_tool","medium_high","5","pain_content_depth_customization","pain","Users want more depth, options, or customization","2023-07-15T09:39:15-07:00","https://itunes.apple.com/us/rss/customerreviews/id=1632227512/sortBy=mostRecent/json"
"1632227512","Haute Hypnosis - Mind Manifest","manifestation_tool","medium_high","5","jtbd_daily_anchor","jtbd","Give me a daily anchor I can return to","2023-07-04T14:33:13-07:00","https://itunes.apple.com/us/rss/customerreviews/id=1632227512/sortBy=mostRecent/json"
"1632227512","Haute Hypnosis - Mind Manifest","manifestation_tool","medium_high","5","jtbd_fast_emotional_reset","jtbd","Help me calm down or reset quickly","2023-07-04T14:33:13-07:00","https://itunes.apple.com/us/rss/customerreviews/id=1632227512/sortBy=mostRecent/json"
"1632227512","Haute Hypnosis - Mind Manifest","manifestation_tool","medium_high","5","jtbd_structure_self_improvement","jtbd","Turn vague self-improvement into concrete actions","2023-07-04T14:33:13-07:00","https://itunes.apple.com/us/rss/customerreviews/id=1632227512/sortBy=mostRecent/json"
"1632227512","Haute Hypnosis - Mind Manifest","manifestation_tool","medium_high","5","pain_content_depth_customization","pain","Users want more depth, options, or customization","2023-07-04T14:33:13-07:00","https://itunes.apple.com/us/rss/customerreviews/id=1632227512/sortBy=mostRecent/json"
"1632227512","Haute Hypnosis - Mind Manifest","manifestation_tool","medium_high","5","pain_signup_access_friction","pain","Signup, access, or device friction blocks activation","2023-07-04T14:33:13-07:00","https://itunes.apple.com/us/rss/customerreviews/id=1632227512/sortBy=mostRecent/json"
"1632227512","Haute Hypnosis - Mind Manifest","manifestation_tool","medium_high","5","pain_content_depth_customization","pain","Users want more depth, options, or customization","2022-12-01T10:31:21-07:00","https://itunes.apple.com/us/rss/customerreviews/id=1632227512/sortBy=mostRecent/json"
"1632227512","Haute Hypnosis - Mind Manifest","manifestation_tool","medium_high","5","jtbd_fast_emotional_reset","jtbd","Help me calm down or reset quickly","2022-11-19T21:33:52-07:00","https://itunes.apple.com/us/rss/customerreviews/id=1632227512/sortBy=mostRecent/json"
"1632227512","Haute Hypnosis - Mind Manifest","manifestation_tool","medium_high","5","jtbd_belonging_accountability","jtbd","Feel accompanied or accountable","2022-11-15T07:27:04-07:00","https://itunes.apple.com/us/rss/customerreviews/id=1632227512/sortBy=mostRecent/json"
"1632227512","Haute Hypnosis - Mind Manifest","manifestation_tool","medium_high","5","pain_content_depth_customization","pain","Users want more depth, options, or customization","2022-11-15T07:27:04-07:00","https://itunes.apple.com/us/rss/customerreviews/id=1632227512/sortBy=mostRecent/json"
"1632227512","Haute Hypnosis - Mind Manifest","manifestation_tool","medium_high","5","jtbd_make_growth_visible","jtbd","Show me visible progress so effort feels real","2022-11-12T21:13:11-07:00","https://itunes.apple.com/us/rss/customerreviews/id=1632227512/sortBy=mostRecent/json"
"1632227512","Haute Hypnosis - Mind Manifest","manifestation_tool","medium_high","5","jtbd_belonging_accountability","jtbd","Feel accompanied or accountable","2022-11-12T11:32:53-07:00","https://itunes.apple.com/us/rss/customerreviews/id=1632227512/sortBy=mostRecent/json"
"1632227512","Haute Hypnosis - Mind Manifest","manifestation_tool","medium_high","5","jtbd_belonging_accountability","jtbd","Feel accompanied or accountable","2022-11-09T19:33:54-07:00","https://itunes.apple.com/us/rss/customerreviews/id=1632227512/sortBy=mostRecent/json"
"1632227512","Haute Hypnosis - Mind Manifest","manifestation_tool","medium_high","5","jtbd_daily_anchor","jtbd","Give me a daily anchor I can return to","2022-10-25T09:26:11-07:00","https://itunes.apple.com/us/rss/customerreviews/id=1632227512/sortBy=mostRecent/json"
"1632227512","Haute Hypnosis - Mind Manifest","manifestation_tool","medium_high","5","jtbd_structure_self_improvement","jtbd","Turn vague self-improvement into concrete actions","2022-10-25T09:26:11-07:00","https://itunes.apple.com/us/rss/customerreviews/id=1632227512/sortBy=mostRecent/json"
"6449228979","Affirmations - Mood Mantra","manifestation_tool","medium_high","5","jtbd_daily_anchor","jtbd","Give me a daily anchor I can return to","2025-01-17T13:05:05-07:00","https://itunes.apple.com/us/rss/customerreviews/id=6449228979/sortBy=mostRecent/json"
"6449228979","Affirmations - Mood Mantra","manifestation_tool","medium_high","5","jtbd_daily_anchor","jtbd","Give me a daily anchor I can return to","2023-10-29T05:54:06-07:00","https://itunes.apple.com/us/rss/customerreviews/id=6449228979/sortBy=mostRecent/json"
"6449228979","Affirmations - Mood Mantra","manifestation_tool","medium_high","5","pain_content_depth_customization","pain","Users want more depth, options, or customization","2023-10-29T05:54:06-07:00","https://itunes.apple.com/us/rss/customerreviews/id=6449228979/sortBy=mostRecent/json"
"6449228979","Affirmations - Mood Mantra","manifestation_tool","medium_high","3","jtbd_make_growth_visible","jtbd","Show me visible progress so effort feels real","2023-10-28T17:02:50-07:00","https://itunes.apple.com/us/rss/customerreviews/id=6449228979/sortBy=mostRecent/json"
"6449228979","Affirmations - Mood Mantra","manifestation_tool","medium_high","3","pain_content_depth_customization","pain","Users want more depth, options, or customization","2023-10-28T17:02:50-07:00","https://itunes.apple.com/us/rss/customerreviews/id=6449228979/sortBy=mostRecent/json"
"1062945251","5 Minute Journal・Daily Diary","manifestation_tool","medium","5","jtbd_daily_anchor","jtbd","Give me a daily anchor I can return to","2026-05-19T04:20:07-07:00","https://itunes.apple.com/us/rss/customerreviews/id=1062945251/sortBy=mostRecent/json"
"1062945251","5 Minute Journal・Daily Diary","manifestation_tool","medium","5","jtbd_structure_self_improvement","jtbd","Turn vague self-improvement into concrete actions","2026-05-19T04:20:07-07:00","https://itunes.apple.com/us/rss/customerreviews/id=1062945251/sortBy=mostRecent/json"
"1062945251","5 Minute Journal・Daily Diary","manifestation_tool","medium","5","pain_content_depth_customization","pain","Users want more depth, options, or customization","2026-05-18T14:09:02-07:00","https://itunes.apple.com/us/rss/customerreviews/id=1062945251/sortBy=mostRecent/json"
"1062945251","5 Minute Journal・Daily Diary","manifestation_tool","medium","5","pain_content_depth_customization","pain","Users want more depth, options, or customization","2026-05-16T14:18:26-07:00","https://itunes.apple.com/us/rss/customerreviews/id=1062945251/sortBy=mostRecent/json"
"1062945251","5 Minute Journal・Daily Diary","manifestation_tool","medium","1","jtbd_structure_self_improvement","jtbd","Turn vague self-improvement into concrete actions","2026-04-22T09:23:31-07:00","https://itunes.apple.com/us/rss/customerreviews/id=1062945251/sortBy=mostRecent/json"
"1062945251","5 Minute Journal・Daily Diary","manifestation_tool","medium","5","jtbd_daily_anchor","jtbd","Give me a daily anchor I can return to","2026-04-20T14:04:14-07:00","https://itunes.apple.com/us/rss/customerreviews/id=1062945251/sortBy=mostRecent/json"
"1062945251","5 Minute Journal・Daily Diary","manifestation_tool","medium","5","jtbd_structure_self_improvement","jtbd","Turn vague self-improvement into concrete actions","2026-04-20T14:04:14-07:00","https://itunes.apple.com/us/rss/customerreviews/id=1062945251/sortBy=mostRecent/json"
"1062945251","5 Minute Journal・Daily Diary","manifestation_tool","medium","5","jtbd_daily_anchor","jtbd","Give me a daily anchor I can return to","2026-04-01T07:27:27-07:00","https://itunes.apple.com/us/rss/customerreviews/id=1062945251/sortBy=mostRecent/json"
"1062945251","5 Minute Journal・Daily Diary","manifestation_tool","medium","5","jtbd_make_growth_visible","jtbd","Show me visible progress so effort feels real","2026-04-01T07:27:27-07:00","https://itunes.apple.com/us/rss/customerreviews/id=1062945251/sortBy=mostRecent/json"
"1062945251","5 Minute Journal・Daily Diary","manifestation_tool","medium","5","pain_content_depth_customization","pain","Users want more depth, options, or customization","2026-04-01T07:27:27-07:00","https://itunes.apple.com/us/rss/customerreviews/id=1062945251/sortBy=mostRecent/json"
"1062945251","5 Minute Journal・Daily Diary","manifestation_tool","medium","4","jtbd_structure_self_improvement","jtbd","Turn vague self-improvement into concrete actions","2026-03-30T20:01:32-07:00","https://itunes.apple.com/us/rss/customerreviews/id=1062945251/sortBy=mostRecent/json"
"1062945251","5 Minute Journal・Daily Diary","manifestation_tool","medium","4","pain_content_depth_customization","pain","Users want more depth, options, or customization","2026-03-30T20:01:32-07:00","https://itunes.apple.com/us/rss/customerreviews/id=1062945251/sortBy=mostRecent/json"
"1062945251","5 Minute Journal・Daily Diary","manifestation_tool","medium","4","pain_signup_access_friction","pain","Signup, access, or device friction blocks activation","2026-03-30T20:01:32-07:00","https://itunes.apple.com/us/rss/customerreviews/id=1062945251/sortBy=mostRecent/json"
"1062945251","5 Minute Journal・Daily Diary","manifestation_tool","medium","5","jtbd_daily_anchor","jtbd","Give me a daily anchor I can return to","2026-03-20T02:03:05-07:00","https://itunes.apple.com/us/rss/customerreviews/id=1062945251/sortBy=mostRecent/json"
"1062945251","5 Minute Journal・Daily Diary","manifestation_tool","medium","4","jtbd_daily_anchor","jtbd","Give me a daily anchor I can return to","2026-03-06T23:48:19-07:00","https://itunes.apple.com/us/rss/customerreviews/id=1062945251/sortBy=mostRecent/json"
"1062945251","5 Minute Journal・Daily Diary","manifestation_tool","medium","4","jtbd_fast_emotional_reset","jtbd","Help me calm down or reset quickly","2026-03-06T23:48:19-07:00","https://itunes.apple.com/us/rss/customerreviews/id=1062945251/sortBy=mostRecent/json"
"1062945251","5 Minute Journal・Daily Diary","manifestation_tool","medium","4","pain_subscription_value","pain","Subscription or paywall does not feel worth it","2026-03-06T23:48:19-07:00","https://itunes.apple.com/us/rss/customerreviews/id=1062945251/sortBy=mostRecent/json"
"1062945251","5 Minute Journal・Daily Diary","manifestation_tool","medium","1","jtbd_daily_anchor","jtbd","Give me a daily anchor I can return to","2026-03-04T06:25:00-07:00","https://itunes.apple.com/us/rss/customerreviews/id=1062945251/sortBy=mostRecent/json"
"1062945251","5 Minute Journal・Daily Diary","manifestation_tool","medium","1","jtbd_structure_self_improvement","jtbd","Turn vague self-improvement into concrete actions","2026-02-28T16:43:19-07:00","https://itunes.apple.com/us/rss/customerreviews/id=1062945251/sortBy=mostRecent/json"
"1062945251","5 Minute Journal・Daily Diary","manifestation_tool","medium","1","pain_subscription_value","pain","Subscription or paywall does not feel worth it","2026-02-28T16:43:19-07:00","https://itunes.apple.com/us/rss/customerreviews/id=1062945251/sortBy=mostRecent/json"
"1062945251","5 Minute Journal・Daily Diary","manifestation_tool","medium","1","pain_reliability_breaks_ritual","pain","Bugs break trust and interrupt the ritual","2026-02-28T16:43:19-07:00","https://itunes.apple.com/us/rss/customerreviews/id=1062945251/sortBy=mostRecent/json"
"1062945251","5 Minute Journal・Daily Diary","manifestation_tool","medium","1","pain_content_depth_customization","pain","Users want more depth, options, or customization","2026-02-28T16:43:19-07:00","https://itunes.apple.com/us/rss/customerreviews/id=1062945251/sortBy=mostRecent/json"
"1062945251","5 Minute Journal・Daily Diary","manifestation_tool","medium","2","jtbd_structure_self_improvement","jtbd","Turn vague self-improvement into concrete actions","2026-02-27T13:53:52-07:00","https://itunes.apple.com/us/rss/customerreviews/id=1062945251/sortBy=mostRecent/json"
"1062945251","5 Minute Journal・Daily Diary","manifestation_tool","medium","5","jtbd_make_growth_visible","jtbd","Show me visible progress so effort feels real","2026-02-26T05:55:47-07:00","https://itunes.apple.com/us/rss/customerreviews/id=1062945251/sortBy=mostRecent/json"
"1062945251","5 Minute Journal・Daily Diary","manifestation_tool","medium","5","jtbd_structure_self_improvement","jtbd","Turn vague self-improvement into concrete actions","2026-02-26T05:55:47-07:00","https://itunes.apple.com/us/rss/customerreviews/id=1062945251/sortBy=mostRecent/json"
"1062945251","5 Minute Journal・Daily Diary","manifestation_tool","medium","5","jtbd_belonging_accountability","jtbd","Feel accompanied or accountable","2026-02-26T05:55:47-07:00","https://itunes.apple.com/us/rss/customerreviews/id=1062945251/sortBy=mostRecent/json"
"1062945251","5 Minute Journal・Daily Diary","manifestation_tool","medium","5","jtbd_daily_anchor","jtbd","Give me a daily anchor I can return to","2026-02-23T01:12:52-07:00","https://itunes.apple.com/us/rss/customerreviews/id=1062945251/sortBy=mostRecent/json"
"1062945251","5 Minute Journal・Daily Diary","manifestation_tool","medium","5","jtbd_structure_self_improvement","jtbd","Turn vague self-improvement into concrete actions","2026-02-23T01:12:52-07:00","https://itunes.apple.com/us/rss/customerreviews/id=1062945251/sortBy=mostRecent/json"
"1062945251","5 Minute Journal・Daily Diary","manifestation_tool","medium","5","pain_content_depth_customization","pain","Users want more depth, options, or customization","2026-02-23T01:12:52-07:00","https://itunes.apple.com/us/rss/customerreviews/id=1062945251/sortBy=mostRecent/json"
"1062945251","5 Minute Journal・Daily Diary","manifestation_tool","medium","5","jtbd_structure_self_improvement","jtbd","Turn vague self-improvement into concrete actions","2026-02-03T09:15:08-07:00","https://itunes.apple.com/us/rss/customerreviews/id=1062945251/sortBy=mostRecent/json"
"1062945251","5 Minute Journal・Daily Diary","manifestation_tool","medium","5","jtbd_belonging_accountability","jtbd","Feel accompanied or accountable","2026-02-03T09:15:08-07:00","https://itunes.apple.com/us/rss/customerreviews/id=1062945251/sortBy=mostRecent/json"
"1062945251","5 Minute Journal・Daily Diary","manifestation_tool","medium","5","pain_content_depth_customization","pain","Users want more depth, options, or customization","2026-02-03T09:15:08-07:00","https://itunes.apple.com/us/rss/customerreviews/id=1062945251/sortBy=mostRecent/json"
"1062945251","5 Minute Journal・Daily Diary","manifestation_tool","medium","2","jtbd_daily_anchor","jtbd","Give me a daily anchor I can return to","2026-01-24T18:43:16-07:00","https://itunes.apple.com/us/rss/customerreviews/id=1062945251/sortBy=mostRecent/json"
"1062945251","5 Minute Journal・Daily Diary","manifestation_tool","medium","2","jtbd_structure_self_improvement","jtbd","Turn vague self-improvement into concrete actions","2026-01-24T18:43:16-07:00","https://itunes.apple.com/us/rss/customerreviews/id=1062945251/sortBy=mostRecent/json"
"1062945251","5 Minute Journal・Daily Diary","manifestation_tool","medium","2","pain_trust_accuracy_safety","pain","Trust, accuracy, or spiritual safety concerns","2026-01-24T18:43:16-07:00","https://itunes.apple.com/us/rss/customerreviews/id=1062945251/sortBy=mostRecent/json"
"1062945251","5 Minute Journal・Daily Diary","manifestation_tool","medium","5","jtbd_structure_self_improvement","jtbd","Turn vague self-improvement into concrete actions","2026-01-23T19:31:44-07:00","https://itunes.apple.com/us/rss/customerreviews/id=1062945251/sortBy=mostRecent/json"
"1062945251","5 Minute Journal・Daily Diary","manifestation_tool","medium","5","jtbd_belonging_accountability","jtbd","Feel accompanied or accountable","2026-01-23T19:31:44-07:00","https://itunes.apple.com/us/rss/customerreviews/id=1062945251/sortBy=mostRecent/json"
"1062945251","5 Minute Journal・Daily Diary","manifestation_tool","medium","5","pain_content_depth_customization","pain","Users want more depth, options, or customization","2026-01-23T19:31:44-07:00","https://itunes.apple.com/us/rss/customerreviews/id=1062945251/sortBy=mostRecent/json"
"1062945251","5 Minute Journal・Daily Diary","manifestation_tool","medium","3","jtbd_daily_anchor","jtbd","Give me a daily anchor I can return to","2026-01-22T01:38:57-07:00","https://itunes.apple.com/us/rss/customerreviews/id=1062945251/sortBy=mostRecent/json"
"1062945251","5 Minute Journal・Daily Diary","manifestation_tool","medium","3","pain_content_depth_customization","pain","Users want more depth, options, or customization","2026-01-22T01:38:57-07:00","https://itunes.apple.com/us/rss/customerreviews/id=1062945251/sortBy=mostRecent/json"
"1062945251","5 Minute Journal・Daily Diary","manifestation_tool","medium","5","jtbd_daily_anchor","jtbd","Give me a daily anchor I can return to","2026-01-18T05:15:46-07:00","https://itunes.apple.com/us/rss/customerreviews/id=1062945251/sortBy=mostRecent/json"
"1062945251","5 Minute Journal・Daily Diary","manifestation_tool","medium","5","jtbd_make_growth_visible","jtbd","Show me visible progress so effort feels real","2026-01-18T05:15:46-07:00","https://itunes.apple.com/us/rss/customerreviews/id=1062945251/sortBy=mostRecent/json"
"1062945251","5 Minute Journal・Daily Diary","manifestation_tool","medium","5","jtbd_structure_self_improvement","jtbd","Turn vague self-improvement into concrete actions","2026-01-18T05:15:46-07:00","https://itunes.apple.com/us/rss/customerreviews/id=1062945251/sortBy=mostRecent/json"
"1062945251","5 Minute Journal・Daily Diary","manifestation_tool","medium","5","pain_content_depth_customization","pain","Users want more depth, options, or customization","2026-01-18T05:15:46-07:00","https://itunes.apple.com/us/rss/customerreviews/id=1062945251/sortBy=mostRecent/json"
"1062945251","5 Minute Journal・Daily Diary","manifestation_tool","medium","5","jtbd_structure_self_improvement","jtbd","Turn vague self-improvement into concrete actions","2026-01-15T20:24:14-07:00","https://itunes.apple.com/us/rss/customerreviews/id=1062945251/sortBy=mostRecent/json"
"1062945251","5 Minute Journal・Daily Diary","manifestation_tool","medium","5","jtbd_structure_self_improvement","jtbd","Turn vague self-improvement into concrete actions","2026-01-07T03:36:15-07:00","https://itunes.apple.com/us/rss/customerreviews/id=1062945251/sortBy=mostRecent/json"
"1062945251","5 Minute Journal・Daily Diary","manifestation_tool","medium","5","pain_content_depth_customization","pain","Users want more depth, options, or customization","2026-01-07T03:36:15-07:00","https://itunes.apple.com/us/rss/customerreviews/id=1062945251/sortBy=mostRecent/json"
"1062945251","5 Minute Journal・Daily Diary","manifestation_tool","medium","5","pain_unclear_game_loop","pain","The game layer can feel confusing or disconnected","2026-01-07T03:36:15-07:00","https://itunes.apple.com/us/rss/customerreviews/id=1062945251/sortBy=mostRecent/json"
"1062945251","5 Minute Journal・Daily Diary","manifestation_tool","medium","5","pain_signup_access_friction","pain","Signup, access, or device friction blocks activation","2026-01-07T03:36:15-07:00","https://itunes.apple.com/us/rss/customerreviews/id=1062945251/sortBy=mostRecent/json"
"1062945251","5 Minute Journal・Daily Diary","manifestation_tool","medium","5","jtbd_structure_self_improvement","jtbd","Turn vague self-improvement into concrete actions","2026-01-01T06:52:35-07:00","https://itunes.apple.com/us/rss/customerreviews/id=1062945251/sortBy=mostRecent/json"
"1062945251","5 Minute Journal・Daily Diary","manifestation_tool","medium","5","jtbd_structure_self_improvement","jtbd","Turn vague self-improvement into concrete actions","2025-12-30T21:04:48-07:00","https://itunes.apple.com/us/rss/customerreviews/id=1062945251/sortBy=mostRecent/json"
"1062945251","5 Minute Journal・Daily Diary","manifestation_tool","medium","5","jtbd_daily_anchor","jtbd","Give me a daily anchor I can return to","2025-12-30T05:35:41-07:00","https://itunes.apple.com/us/rss/customerreviews/id=1062945251/sortBy=mostRecent/json"
"1062945251","5 Minute Journal・Daily Diary","manifestation_tool","medium","5","jtbd_structure_self_improvement","jtbd","Turn vague self-improvement into concrete actions","2025-12-29T13:15:45-07:00","https://itunes.apple.com/us/rss/customerreviews/id=1062945251/sortBy=mostRecent/json"
"1062945251","5 Minute Journal・Daily Diary","manifestation_tool","medium","2","jtbd_daily_anchor","jtbd","Give me a daily anchor I can return to","2025-12-25T19:08:54-07:00","https://itunes.apple.com/us/rss/customerreviews/id=1062945251/sortBy=mostRecent/json"
"1062945251","5 Minute Journal・Daily Diary","manifestation_tool","medium","2","pain_content_depth_customization","pain","Users want more depth, options, or customization","2025-12-25T19:08:54-07:00","https://itunes.apple.com/us/rss/customerreviews/id=1062945251/sortBy=mostRecent/json"
"1062945251","5 Minute Journal・Daily Diary","manifestation_tool","medium","5","jtbd_daily_anchor","jtbd","Give me a daily anchor I can return to","2025-12-12T05:33:06-07:00","https://itunes.apple.com/us/rss/customerreviews/id=1062945251/sortBy=mostRecent/json"
"1062945251","5 Minute Journal・Daily Diary","manifestation_tool","medium","5","jtbd_structure_self_improvement","jtbd","Turn vague self-improvement into concrete actions","2025-12-12T05:33:06-07:00","https://itunes.apple.com/us/rss/customerreviews/id=1062945251/sortBy=mostRecent/json"
"1062945251","5 Minute Journal・Daily Diary","manifestation_tool","medium","5","jtbd_daily_anchor","jtbd","Give me a daily anchor I can return to","2025-12-02T10:38:31-07:00","https://itunes.apple.com/us/rss/customerreviews/id=1062945251/sortBy=mostRecent/json"
"1062945251","5 Minute Journal・Daily Diary","manifestation_tool","medium","5","jtbd_structure_self_improvement","jtbd","Turn vague self-improvement into concrete actions","2025-12-02T10:38:31-07:00","https://itunes.apple.com/us/rss/customerreviews/id=1062945251/sortBy=mostRecent/json"
"1062945251","5 Minute Journal・Daily Diary","manifestation_tool","medium","5","pain_content_depth_customization","pain","Users want more depth, options, or customization","2025-11-30T07:55:59-07:00","https://itunes.apple.com/us/rss/customerreviews/id=1062945251/sortBy=mostRecent/json"
"1062945251","5 Minute Journal・Daily Diary","manifestation_tool","medium","5","jtbd_make_growth_visible","jtbd","Show me visible progress so effort feels real","2025-11-30T06:34:43-07:00","https://itunes.apple.com/us/rss/customerreviews/id=1062945251/sortBy=mostRecent/json"
"1062945251","5 Minute Journal・Daily Diary","manifestation_tool","medium","5","pain_content_depth_customization","pain","Users want more depth, options, or customization","2025-11-30T06:34:43-07:00","https://itunes.apple.com/us/rss/customerreviews/id=1062945251/sortBy=mostRecent/json"
"1062945251","5 Minute Journal・Daily Diary","manifestation_tool","medium","5","jtbd_structure_self_improvement","jtbd","Turn vague self-improvement into concrete actions","2025-11-29T05:07:58-07:00","https://itunes.apple.com/us/rss/customerreviews/id=1062945251/sortBy=mostRecent/json"
"1062945251","5 Minute Journal・Daily Diary","manifestation_tool","medium","5","jtbd_structure_self_improvement","jtbd","Turn vague self-improvement into concrete actions","2025-11-28T15:50:45-07:00","https://itunes.apple.com/us/rss/customerreviews/id=1062945251/sortBy=mostRecent/json"
"1062945251","5 Minute Journal・Daily Diary","manifestation_tool","medium","5","jtbd_daily_anchor","jtbd","Give me a daily anchor I can return to","2025-11-28T05:53:20-07:00","https://itunes.apple.com/us/rss/customerreviews/id=1062945251/sortBy=mostRecent/json"
"1062945251","5 Minute Journal・Daily Diary","manifestation_tool","medium","1","jtbd_daily_anchor","jtbd","Give me a daily anchor I can return to","2025-11-28T03:29:10-07:00","https://itunes.apple.com/us/rss/customerreviews/id=1062945251/sortBy=mostRecent/json"
"1062945251","5 Minute Journal・Daily Diary","manifestation_tool","medium","1","jtbd_make_growth_visible","jtbd","Show me visible progress so effort feels real","2025-11-28T03:29:10-07:00","https://itunes.apple.com/us/rss/customerreviews/id=1062945251/sortBy=mostRecent/json"
"1062945251","5 Minute Journal・Daily Diary","manifestation_tool","medium","1","jtbd_belonging_accountability","jtbd","Feel accompanied or accountable","2025-11-28T03:29:10-07:00","https://itunes.apple.com/us/rss/customerreviews/id=1062945251/sortBy=mostRecent/json"
"1062945251","5 Minute Journal・Daily Diary","manifestation_tool","medium","1","pain_reliability_breaks_ritual","pain","Bugs break trust and interrupt the ritual","2025-11-28T03:29:10-07:00","https://itunes.apple.com/us/rss/customerreviews/id=1062945251/sortBy=mostRecent/json"
"1062945251","5 Minute Journal・Daily Diary","manifestation_tool","medium","1","pain_content_depth_customization","pain","Users want more depth, options, or customization","2025-11-28T03:29:10-07:00","https://itunes.apple.com/us/rss/customerreviews/id=1062945251/sortBy=mostRecent/json"
"1062945251","5 Minute Journal・Daily Diary","manifestation_tool","medium","1","pain_signup_access_friction","pain","Signup, access, or device friction blocks activation","2025-11-28T03:29:10-07:00","https://itunes.apple.com/us/rss/customerreviews/id=1062945251/sortBy=mostRecent/json"
"1062945251","5 Minute Journal・Daily Diary","manifestation_tool","medium","3","jtbd_daily_anchor","jtbd","Give me a daily anchor I can return to","2025-11-16T07:07:22-07:00","https://itunes.apple.com/us/rss/customerreviews/id=1062945251/sortBy=mostRecent/json"
"1062945251","5 Minute Journal・Daily Diary","manifestation_tool","medium","3","pain_content_depth_customization","pain","Users want more depth, options, or customization","2025-11-16T07:07:22-07:00","https://itunes.apple.com/us/rss/customerreviews/id=1062945251/sortBy=mostRecent/json"
"1062945251","5 Minute Journal・Daily Diary","manifestation_tool","medium","3","pain_trust_accuracy_safety","pain","Trust, accuracy, or spiritual safety concerns","2025-11-16T07:07:22-07:00","https://itunes.apple.com/us/rss/customerreviews/id=1062945251/sortBy=mostRecent/json"
"1062945251","5 Minute Journal・Daily Diary","manifestation_tool","medium","4","jtbd_make_growth_visible","jtbd","Show me visible progress so effort feels real","2025-10-30T23:30:19-07:00","https://itunes.apple.com/us/rss/customerreviews/id=1062945251/sortBy=mostRecent/json"
"1062945251","5 Minute Journal・Daily Diary","manifestation_tool","medium","4","jtbd_structure_self_improvement","jtbd","Turn vague self-improvement into concrete actions","2025-10-30T23:30:19-07:00","https://itunes.apple.com/us/rss/customerreviews/id=1062945251/sortBy=mostRecent/json"
"1062945251","5 Minute Journal・Daily Diary","manifestation_tool","medium","4","jtbd_belonging_accountability","jtbd","Feel accompanied or accountable","2025-10-30T23:30:19-07:00","https://itunes.apple.com/us/rss/customerreviews/id=1062945251/sortBy=mostRecent/json"
"1062945251","5 Minute Journal・Daily Diary","manifestation_tool","medium","4","pain_content_depth_customization","pain","Users want more depth, options, or customization","2025-10-30T23:30:19-07:00","https://itunes.apple.com/us/rss/customerreviews/id=1062945251/sortBy=mostRecent/json"
"1062945251","5 Minute Journal・Daily Diary","manifestation_tool","medium","4","jtbd_structure_self_improvement","jtbd","Turn vague self-improvement into concrete actions","2025-09-26T09:51:57-07:00","https://itunes.apple.com/us/rss/customerreviews/id=1062945251/sortBy=mostRecent/json"
"1062945251","5 Minute Journal・Daily Diary","manifestation_tool","medium","4","pain_content_depth_customization","pain","Users want more depth, options, or customization","2025-09-26T09:51:57-07:00","https://itunes.apple.com/us/rss/customerreviews/id=1062945251/sortBy=mostRecent/json"
"1062945251","5 Minute Journal・Daily Diary","manifestation_tool","medium","3","jtbd_make_growth_visible","jtbd","Show me visible progress so effort feels real","2025-09-15T17:08:57-07:00","https://itunes.apple.com/us/rss/customerreviews/id=1062945251/sortBy=mostRecent/json"
"1062945251","5 Minute Journal・Daily Diary","manifestation_tool","medium","3","jtbd_structure_self_improvement","jtbd","Turn vague self-improvement into concrete actions","2025-09-15T17:08:57-07:00","https://itunes.apple.com/us/rss/customerreviews/id=1062945251/sortBy=mostRecent/json"
"1062945251","5 Minute Journal・Daily Diary","manifestation_tool","medium","3","pain_content_depth_customization","pain","Users want more depth, options, or customization","2025-09-15T17:08:57-07:00","https://itunes.apple.com/us/rss/customerreviews/id=1062945251/sortBy=mostRecent/json"
"1062945251","5 Minute Journal・Daily Diary","manifestation_tool","medium","3","pain_signup_access_friction","pain","Signup, access, or device friction blocks activation","2025-09-15T17:08:57-07:00","https://itunes.apple.com/us/rss/customerreviews/id=1062945251/sortBy=mostRecent/json"
"1062945251","5 Minute Journal・Daily Diary","manifestation_tool","medium","3","jtbd_structure_self_improvement","jtbd","Turn vague self-improvement into concrete actions","2025-09-03T21:06:00-07:00","https://itunes.apple.com/us/rss/customerreviews/id=1062945251/sortBy=mostRecent/json"
"1062945251","5 Minute Journal・Daily Diary","manifestation_tool","medium","3","pain_reliability_breaks_ritual","pain","Bugs break trust and interrupt the ritual","2025-09-03T21:06:00-07:00","https://itunes.apple.com/us/rss/customerreviews/id=1062945251/sortBy=mostRecent/json"
"1062945251","5 Minute Journal・Daily Diary","manifestation_tool","medium","3","pain_content_depth_customization","pain","Users want more depth, options, or customization","2025-09-03T21:06:00-07:00","https://itunes.apple.com/us/rss/customerreviews/id=1062945251/sortBy=mostRecent/json"
"1062945251","5 Minute Journal・Daily Diary","manifestation_tool","medium","1","pain_subscription_value","pain","Subscription or paywall does not feel worth it","2025-08-28T11:16:48-07:00","https://itunes.apple.com/us/rss/customerreviews/id=1062945251/sortBy=mostRecent/json"
"1062945251","5 Minute Journal・Daily Diary","manifestation_tool","medium","1","pain_content_depth_customization","pain","Users want more depth, options, or customization","2025-08-28T11:16:48-07:00","https://itunes.apple.com/us/rss/customerreviews/id=1062945251/sortBy=mostRecent/json"
"1062945251","5 Minute Journal・Daily Diary","manifestation_tool","medium","5","jtbd_structure_self_improvement","jtbd","Turn vague self-improvement into concrete actions","2025-08-15T09:29:58-07:00","https://itunes.apple.com/us/rss/customerreviews/id=1062945251/sortBy=mostRecent/json"
"1062945251","5 Minute Journal・Daily Diary","manifestation_tool","medium","5","pain_subscription_value","pain","Subscription or paywall does not feel worth it","2025-08-15T09:29:58-07:00","https://itunes.apple.com/us/rss/customerreviews/id=1062945251/sortBy=mostRecent/json"
"1062945251","5 Minute Journal・Daily Diary","manifestation_tool","medium","5","pain_reliability_breaks_ritual","pain","Bugs break trust and interrupt the ritual","2025-08-15T09:29:58-07:00","https://itunes.apple.com/us/rss/customerreviews/id=1062945251/sortBy=mostRecent/json"
"1062945251","5 Minute Journal・Daily Diary","manifestation_tool","medium","5","pain_content_depth_customization","pain","Users want more depth, options, or customization","2025-08-15T09:29:58-07:00","https://itunes.apple.com/us/rss/customerreviews/id=1062945251/sortBy=mostRecent/json"
"1062945251","5 Minute Journal・Daily Diary","manifestation_tool","medium","5","pain_signup_access_friction","pain","Signup, access, or device friction blocks activation","2025-08-15T09:29:58-07:00","https://itunes.apple.com/us/rss/customerreviews/id=1062945251/sortBy=mostRecent/json"
"1062945251","5 Minute Journal・Daily Diary","manifestation_tool","medium","5","jtbd_daily_anchor","jtbd","Give me a daily anchor I can return to","2025-07-10T05:42:24-07:00","https://itunes.apple.com/us/rss/customerreviews/id=1062945251/sortBy=mostRecent/json"
"1062945251","5 Minute Journal・Daily Diary","manifestation_tool","medium","5","jtbd_structure_self_improvement","jtbd","Turn vague self-improvement into concrete actions","2025-07-10T05:42:24-07:00","https://itunes.apple.com/us/rss/customerreviews/id=1062945251/sortBy=mostRecent/json"
"1062945251","5 Minute Journal・Daily Diary","manifestation_tool","medium","5","pain_signup_access_friction","pain","Signup, access, or device friction blocks activation","2025-07-10T05:42:24-07:00","https://itunes.apple.com/us/rss/customerreviews/id=1062945251/sortBy=mostRecent/json"
"1062945251","5 Minute Journal・Daily Diary","manifestation_tool","medium","2","jtbd_daily_anchor","jtbd","Give me a daily anchor I can return to","2025-07-03T12:28:05-07:00","https://itunes.apple.com/us/rss/customerreviews/id=1062945251/sortBy=mostRecent/json"
"1062945251","5 Minute Journal・Daily Diary","manifestation_tool","medium","2","pain_subscription_value","pain","Subscription or paywall does not feel worth it","2025-07-03T12:28:05-07:00","https://itunes.apple.com/us/rss/customerreviews/id=1062945251/sortBy=mostRecent/json"
"1062945251","5 Minute Journal・Daily Diary","manifestation_tool","medium","2","pain_content_depth_customization","pain","Users want more depth, options, or customization","2025-07-03T12:28:05-07:00","https://itunes.apple.com/us/rss/customerreviews/id=1062945251/sortBy=mostRecent/json"
"1062945251","5 Minute Journal・Daily Diary","manifestation_tool","medium","2","pain_reliability_breaks_ritual","pain","Bugs break trust and interrupt the ritual","2025-06-19T03:41:06-07:00","https://itunes.apple.com/us/rss/customerreviews/id=1062945251/sortBy=mostRecent/json"
"1062945251","5 Minute Journal・Daily Diary","manifestation_tool","medium","2","pain_signup_access_friction","pain","Signup, access, or device friction blocks activation","2025-06-19T03:41:06-07:00","https://itunes.apple.com/us/rss/customerreviews/id=1062945251/sortBy=mostRecent/json"
"1062945251","5 Minute Journal・Daily Diary","manifestation_tool","medium","5","jtbd_daily_anchor","jtbd","Give me a daily anchor I can return to","2025-06-04T18:42:00-07:00","https://itunes.apple.com/us/rss/customerreviews/id=1062945251/sortBy=mostRecent/json"
"1062945251","5 Minute Journal・Daily Diary","manifestation_tool","medium","5","jtbd_structure_self_improvement","jtbd","Turn vague self-improvement into concrete actions","2025-06-04T18:42:00-07:00","https://itunes.apple.com/us/rss/customerreviews/id=1062945251/sortBy=mostRecent/json"
"1062945251","5 Minute Journal・Daily Diary","manifestation_tool","medium","5","pain_subscription_value","pain","Subscription or paywall does not feel worth it","2025-06-04T18:42:00-07:00","https://itunes.apple.com/us/rss/customerreviews/id=1062945251/sortBy=mostRecent/json"
"1062945251","5 Minute Journal・Daily Diary","manifestation_tool","medium","5","pain_content_depth_customization","pain","Users want more depth, options, or customization","2025-06-04T18:42:00-07:00","https://itunes.apple.com/us/rss/customerreviews/id=1062945251/sortBy=mostRecent/json"
"626264311","Life Guidance and Inspiration","avatar_identity_coaching","medium","5","pain_content_depth_customization","pain","Users want more depth, options, or customization","2025-01-20T12:56:03-07:00","https://itunes.apple.com/us/rss/customerreviews/id=626264311/sortBy=mostRecent/json"
"626264311","Life Guidance and Inspiration","avatar_identity_coaching","medium","5","jtbd_daily_anchor","jtbd","Give me a daily anchor I can return to","2021-07-05T00:23:52-07:00","https://itunes.apple.com/us/rss/customerreviews/id=626264311/sortBy=mostRecent/json"
"626264311","Life Guidance and Inspiration","avatar_identity_coaching","medium","5","jtbd_make_growth_visible","jtbd","Show me visible progress so effort feels real","2021-07-05T00:23:52-07:00","https://itunes.apple.com/us/rss/customerreviews/id=626264311/sortBy=mostRecent/json"
"626264311","Life Guidance and Inspiration","avatar_identity_coaching","medium","5","jtbd_structure_self_improvement","jtbd","Turn vague self-improvement into concrete actions","2021-07-05T00:23:52-07:00","https://itunes.apple.com/us/rss/customerreviews/id=626264311/sortBy=mostRecent/json"
"626264311","Life Guidance and Inspiration","avatar_identity_coaching","medium","5","pain_subscription_value","pain","Subscription or paywall does not feel worth it","2021-07-05T00:23:52-07:00","https://itunes.apple.com/us/rss/customerreviews/id=626264311/sortBy=mostRecent/json"
"626264311","Life Guidance and Inspiration","avatar_identity_coaching","medium","5","pain_signup_access_friction","pain","Signup, access, or device friction blocks activation","2021-04-12T19:36:08-07:00","https://itunes.apple.com/us/rss/customerreviews/id=626264311/sortBy=mostRecent/json"
"626264311","Life Guidance and Inspiration","avatar_identity_coaching","medium","5","jtbd_daily_anchor","jtbd","Give me a daily anchor I can return to","2017-10-09T10:31:27-07:00","https://itunes.apple.com/us/rss/customerreviews/id=626264311/sortBy=mostRecent/json"
"626264311","Life Guidance and Inspiration","avatar_identity_coaching","medium","5","jtbd_belonging_accountability","jtbd","Feel accompanied or accountable","2017-01-25T05:53:59-07:00","https://itunes.apple.com/us/rss/customerreviews/id=626264311/sortBy=mostRecent/json"
"626264311","Life Guidance and Inspiration","avatar_identity_coaching","medium","5","jtbd_feel_seen_personalized","jtbd","Make the guidance feel personally about me","2017-01-12T08:51:45-07:00","https://itunes.apple.com/us/rss/customerreviews/id=626264311/sortBy=mostRecent/json"
"626264311","Life Guidance and Inspiration","avatar_identity_coaching","medium","5","jtbd_make_growth_visible","jtbd","Show me visible progress so effort feels real","2017-01-12T08:51:45-07:00","https://itunes.apple.com/us/rss/customerreviews/id=626264311/sortBy=mostRecent/json"
"626264311","Life Guidance and Inspiration","avatar_identity_coaching","medium","5","jtbd_daily_anchor","jtbd","Give me a daily anchor I can return to","2016-12-06T07:44:03-07:00","https://itunes.apple.com/us/rss/customerreviews/id=626264311/sortBy=mostRecent/json"
"626264311","Life Guidance and Inspiration","avatar_identity_coaching","medium","5","jtbd_feel_seen_personalized","jtbd","Make the guidance feel personally about me","2016-12-06T07:44:03-07:00","https://itunes.apple.com/us/rss/customerreviews/id=626264311/sortBy=mostRecent/json"
"626264311","Life Guidance and Inspiration","avatar_identity_coaching","medium","5","jtbd_belonging_accountability","jtbd","Feel accompanied or accountable","2016-12-06T07:44:03-07:00","https://itunes.apple.com/us/rss/customerreviews/id=626264311/sortBy=mostRecent/json"
"626264311","Life Guidance and Inspiration","avatar_identity_coaching","medium","5","jtbd_make_growth_visible","jtbd","Show me visible progress so effort feels real","2016-10-28T06:20:30-07:00","https://itunes.apple.com/us/rss/customerreviews/id=626264311/sortBy=mostRecent/json"
"626264311","Life Guidance and Inspiration","avatar_identity_coaching","medium","5","jtbd_daily_anchor","jtbd","Give me a daily anchor I can return to","2016-04-09T16:55:07-07:00","https://itunes.apple.com/us/rss/customerreviews/id=626264311/sortBy=mostRecent/json"
"626264311","Life Guidance and Inspiration","avatar_identity_coaching","medium","4","jtbd_make_growth_visible","jtbd","Show me visible progress so effort feels real","2016-01-02T06:44:22-07:00","https://itunes.apple.com/us/rss/customerreviews/id=626264311/sortBy=mostRecent/json"
"626264311","Life Guidance and Inspiration","avatar_identity_coaching","medium","4","jtbd_belonging_accountability","jtbd","Feel accompanied or accountable","2016-01-02T06:44:22-07:00","https://itunes.apple.com/us/rss/customerreviews/id=626264311/sortBy=mostRecent/json"
"626264311","Life Guidance and Inspiration","avatar_identity_coaching","medium","4","pain_subscription_value","pain","Subscription or paywall does not feel worth it","2016-01-02T06:44:22-07:00","https://itunes.apple.com/us/rss/customerreviews/id=626264311/sortBy=mostRecent/json"
"626264311","Life Guidance and Inspiration","avatar_identity_coaching","medium","4","jtbd_belonging_accountability","jtbd","Feel accompanied or accountable","2015-04-08T13:44:29-07:00","https://itunes.apple.com/us/rss/customerreviews/id=626264311/sortBy=mostRecent/json"
"626264311","Life Guidance and Inspiration","avatar_identity_coaching","medium","4","jtbd_daily_anchor","jtbd","Give me a daily anchor I can return to","2015-03-07T12:34:09-07:00","https://itunes.apple.com/us/rss/customerreviews/id=626264311/sortBy=mostRecent/json"
"626264311","Life Guidance and Inspiration","avatar_identity_coaching","medium","4","jtbd_feel_seen_personalized","jtbd","Make the guidance feel personally about me","2015-03-07T12:34:09-07:00","https://itunes.apple.com/us/rss/customerreviews/id=626264311/sortBy=mostRecent/json"
"626264311","Life Guidance and Inspiration","avatar_identity_coaching","medium","4","jtbd_fast_emotional_reset","jtbd","Help me calm down or reset quickly","2015-03-07T12:34:09-07:00","https://itunes.apple.com/us/rss/customerreviews/id=626264311/sortBy=mostRecent/json"
"626264311","Life Guidance and Inspiration","avatar_identity_coaching","medium","4","jtbd_make_growth_visible","jtbd","Show me visible progress so effort feels real","2015-03-07T12:34:09-07:00","https://itunes.apple.com/us/rss/customerreviews/id=626264311/sortBy=mostRecent/json"
"626264311","Life Guidance and Inspiration","avatar_identity_coaching","medium","4","pain_subscription_value","pain","Subscription or paywall does not feel worth it","2015-03-07T12:34:09-07:00","https://itunes.apple.com/us/rss/customerreviews/id=626264311/sortBy=mostRecent/json"
"626264311","Life Guidance and Inspiration","avatar_identity_coaching","medium","4","pain_content_depth_customization","pain","Users want more depth, options, or customization","2015-03-07T12:34:09-07:00","https://itunes.apple.com/us/rss/customerreviews/id=626264311/sortBy=mostRecent/json"
"626264311","Life Guidance and Inspiration","avatar_identity_coaching","medium","5","jtbd_structure_self_improvement","jtbd","Turn vague self-improvement into concrete actions","2015-01-04T20:07:23-07:00","https://itunes.apple.com/us/rss/customerreviews/id=626264311/sortBy=mostRecent/json"
"626264311","Life Guidance and Inspiration","avatar_identity_coaching","medium","5","pain_content_depth_customization","pain","Users want more depth, options, or customization","2015-01-04T20:07:23-07:00","https://itunes.apple.com/us/rss/customerreviews/id=626264311/sortBy=mostRecent/json"
"626264311","Life Guidance and Inspiration","avatar_identity_coaching","medium","5","jtbd_daily_anchor","jtbd","Give me a daily anchor I can return to","2014-04-10T08:45:34-07:00","https://itunes.apple.com/us/rss/customerreviews/id=626264311/sortBy=mostRecent/json"
"626264311","Life Guidance and Inspiration","avatar_identity_coaching","medium","5","jtbd_daily_anchor","jtbd","Give me a daily anchor I can return to","2013-09-16T09:25:03-07:00","https://itunes.apple.com/us/rss/customerreviews/id=626264311/sortBy=mostRecent/json"
"626264311","Life Guidance and Inspiration","avatar_identity_coaching","medium","5","pain_subscription_value","pain","Subscription or paywall does not feel worth it","2013-09-16T09:25:03-07:00","https://itunes.apple.com/us/rss/customerreviews/id=626264311/sortBy=mostRecent/json"
"626264311","Life Guidance and Inspiration","avatar_identity_coaching","medium","5","pain_content_depth_customization","pain","Users want more depth, options, or customization","2013-09-16T09:25:03-07:00","https://itunes.apple.com/us/rss/customerreviews/id=626264311/sortBy=mostRecent/json"
"626264311","Life Guidance and Inspiration","avatar_identity_coaching","medium","5","pain_content_depth_customization","pain","Users want more depth, options, or customization","2013-08-09T15:58:36-07:00","https://itunes.apple.com/us/rss/customerreviews/id=626264311/sortBy=mostRecent/json"
"6742163195","Faith Guide: Bible Chat","faith_devotional_habit","medium_high","4","jtbd_belonging_accountability","jtbd","Feel accompanied or accountable","2026-02-28T17:00:08-07:00","https://itunes.apple.com/us/rss/customerreviews/id=6742163195/sortBy=mostRecent/json"
"6742163195","Faith Guide: Bible Chat","faith_devotional_habit","medium_high","4","pain_reliability_breaks_ritual","pain","Bugs break trust and interrupt the ritual","2026-02-28T17:00:08-07:00","https://itunes.apple.com/us/rss/customerreviews/id=6742163195/sortBy=mostRecent/json"
"6742163195","Faith Guide: Bible Chat","faith_devotional_habit","medium_high","4","pain_content_depth_customization","pain","Users want more depth, options, or customization","2026-02-28T17:00:08-07:00","https://itunes.apple.com/us/rss/customerreviews/id=6742163195/sortBy=mostRecent/json"
"6742163195","Faith Guide: Bible Chat","faith_devotional_habit","medium_high","5","jtbd_feel_seen_personalized","jtbd","Make the guidance feel personally about me","2026-02-24T13:45:06-07:00","https://itunes.apple.com/us/rss/customerreviews/id=6742163195/sortBy=mostRecent/json"
"6742163195","Faith Guide: Bible Chat","faith_devotional_habit","medium_high","5","pain_signup_access_friction","pain","Signup, access, or device friction blocks activation","2026-01-07T15:42:51-07:00","https://itunes.apple.com/us/rss/customerreviews/id=6742163195/sortBy=mostRecent/json"
"6742163195","Faith Guide: Bible Chat","faith_devotional_habit","medium_high","3","jtbd_daily_anchor","jtbd","Give me a daily anchor I can return to","2025-12-25T10:35:49-07:00","https://itunes.apple.com/us/rss/customerreviews/id=6742163195/sortBy=mostRecent/json"
"6742163195","Faith Guide: Bible Chat","faith_devotional_habit","medium_high","3","jtbd_feel_seen_personalized","jtbd","Make the guidance feel personally about me","2025-12-25T10:35:49-07:00","https://itunes.apple.com/us/rss/customerreviews/id=6742163195/sortBy=mostRecent/json"
"6742163195","Faith Guide: Bible Chat","faith_devotional_habit","medium_high","3","jtbd_structure_self_improvement","jtbd","Turn vague self-improvement into concrete actions","2025-12-25T10:35:49-07:00","https://itunes.apple.com/us/rss/customerreviews/id=6742163195/sortBy=mostRecent/json"
"6742163195","Faith Guide: Bible Chat","faith_devotional_habit","medium_high","3","jtbd_belonging_accountability","jtbd","Feel accompanied or accountable","2025-12-25T10:35:49-07:00","https://itunes.apple.com/us/rss/customerreviews/id=6742163195/sortBy=mostRecent/json"
"6742163195","Faith Guide: Bible Chat","faith_devotional_habit","medium_high","3","pain_subscription_value","pain","Subscription or paywall does not feel worth it","2025-12-25T10:35:49-07:00","https://itunes.apple.com/us/rss/customerreviews/id=6742163195/sortBy=mostRecent/json"
"1007296363","Guiding Light Oracle Cards","tarot_or_oracle_guidance","medium","5","jtbd_daily_anchor","jtbd","Give me a daily anchor I can return to","2026-05-10T19:03:17-07:00","https://itunes.apple.com/us/rss/customerreviews/id=1007296363/sortBy=mostRecent/json"
"1007296363","Guiding Light Oracle Cards","tarot_or_oracle_guidance","medium","5","jtbd_feel_seen_personalized","jtbd","Make the guidance feel personally about me","2026-05-10T19:03:17-07:00","https://itunes.apple.com/us/rss/customerreviews/id=1007296363/sortBy=mostRecent/json"
"1007296363","Guiding Light Oracle Cards","tarot_or_oracle_guidance","medium","5","jtbd_structure_self_improvement","jtbd","Turn vague self-improvement into concrete actions","2024-04-10T12:19:21-07:00","https://itunes.apple.com/us/rss/customerreviews/id=1007296363/sortBy=mostRecent/json"
"1007296363","Guiding Light Oracle Cards","tarot_or_oracle_guidance","medium","5","pain_content_depth_customization","pain","Users want more depth, options, or customization","2024-04-10T12:19:21-07:00","https://itunes.apple.com/us/rss/customerreviews/id=1007296363/sortBy=mostRecent/json"
"1007296363","Guiding Light Oracle Cards","tarot_or_oracle_guidance","medium","5","pain_reliability_breaks_ritual","pain","Bugs break trust and interrupt the ritual","2023-03-16T16:40:14-07:00","https://itunes.apple.com/us/rss/customerreviews/id=1007296363/sortBy=mostRecent/json"
"1007296363","Guiding Light Oracle Cards","tarot_or_oracle_guidance","medium","5","pain_content_depth_customization","pain","Users want more depth, options, or customization","2023-03-16T16:40:14-07:00","https://itunes.apple.com/us/rss/customerreviews/id=1007296363/sortBy=mostRecent/json"
"1007296363","Guiding Light Oracle Cards","tarot_or_oracle_guidance","medium","5","pain_trust_accuracy_safety","pain","Trust, accuracy, or spiritual safety concerns","2023-03-16T16:40:14-07:00","https://itunes.apple.com/us/rss/customerreviews/id=1007296363/sortBy=mostRecent/json"
"1007296363","Guiding Light Oracle Cards","tarot_or_oracle_guidance","medium","5","jtbd_daily_anchor","jtbd","Give me a daily anchor I can return to","2018-05-08T19:51:39-07:00","https://itunes.apple.com/us/rss/customerreviews/id=1007296363/sortBy=mostRecent/json"
"1007296363","Guiding Light Oracle Cards","tarot_or_oracle_guidance","medium","5","jtbd_make_growth_visible","jtbd","Show me visible progress so effort feels real","2018-05-08T19:51:39-07:00","https://itunes.apple.com/us/rss/customerreviews/id=1007296363/sortBy=mostRecent/json"
"1007296363","Guiding Light Oracle Cards","tarot_or_oracle_guidance","medium","5","pain_content_depth_customization","pain","Users want more depth, options, or customization","2018-05-08T19:51:39-07:00","https://itunes.apple.com/us/rss/customerreviews/id=1007296363/sortBy=mostRecent/json"
"1007296363","Guiding Light Oracle Cards","tarot_or_oracle_guidance","medium","5","jtbd_daily_anchor","jtbd","Give me a daily anchor I can return to","2017-07-11T13:03:01-07:00","https://itunes.apple.com/us/rss/customerreviews/id=1007296363/sortBy=mostRecent/json"
"1007296363","Guiding Light Oracle Cards","tarot_or_oracle_guidance","medium","5","jtbd_fast_emotional_reset","jtbd","Help me calm down or reset quickly","2017-07-11T13:03:01-07:00","https://itunes.apple.com/us/rss/customerreviews/id=1007296363/sortBy=mostRecent/json"
"1007296363","Guiding Light Oracle Cards","tarot_or_oracle_guidance","medium","5","pain_content_depth_customization","pain","Users want more depth, options, or customization","2017-07-11T13:03:01-07:00","https://itunes.apple.com/us/rss/customerreviews/id=1007296363/sortBy=mostRecent/json"
"1007296363","Guiding Light Oracle Cards","tarot_or_oracle_guidance","medium","5","jtbd_daily_anchor","jtbd","Give me a daily anchor I can return to","2017-03-23T03:58:05-07:00","https://itunes.apple.com/us/rss/customerreviews/id=1007296363/sortBy=mostRecent/json"
"1007296363","Guiding Light Oracle Cards","tarot_or_oracle_guidance","medium","5","jtbd_feel_seen_personalized","jtbd","Make the guidance feel personally about me","2017-03-23T03:58:05-07:00","https://itunes.apple.com/us/rss/customerreviews/id=1007296363/sortBy=mostRecent/json"
"1007296363","Guiding Light Oracle Cards","tarot_or_oracle_guidance","medium","5","jtbd_feel_seen_personalized","jtbd","Make the guidance feel personally about me","2017-02-26T19:17:06-07:00","https://itunes.apple.com/us/rss/customerreviews/id=1007296363/sortBy=mostRecent/json"
"1007296363","Guiding Light Oracle Cards","tarot_or_oracle_guidance","medium","5","pain_content_depth_customization","pain","Users want more depth, options, or customization","2016-12-13T22:07:55-07:00","https://itunes.apple.com/us/rss/customerreviews/id=1007296363/sortBy=mostRecent/json"
"1007296363","Guiding Light Oracle Cards","tarot_or_oracle_guidance","medium","5","jtbd_feel_seen_personalized","jtbd","Make the guidance feel personally about me","2016-12-02T19:49:43-07:00","https://itunes.apple.com/us/rss/customerreviews/id=1007296363/sortBy=mostRecent/json"
"1007296363","Guiding Light Oracle Cards","tarot_or_oracle_guidance","medium","5","jtbd_feel_seen_personalized","jtbd","Make the guidance feel personally about me","2016-10-30T11:39:01-07:00","https://itunes.apple.com/us/rss/customerreviews/id=1007296363/sortBy=mostRecent/json"
"1007296363","Guiding Light Oracle Cards","tarot_or_oracle_guidance","medium","5","jtbd_feel_seen_personalized","jtbd","Make the guidance feel personally about me","2016-09-20T20:15:29-07:00","https://itunes.apple.com/us/rss/customerreviews/id=1007296363/sortBy=mostRecent/json"
"1007296363","Guiding Light Oracle Cards","tarot_or_oracle_guidance","medium","5","jtbd_feel_seen_personalized","jtbd","Make the guidance feel personally about me","2016-01-27T07:13:30-07:00","https://itunes.apple.com/us/rss/customerreviews/id=1007296363/sortBy=mostRecent/json"
"1007296363","Guiding Light Oracle Cards","tarot_or_oracle_guidance","medium","5","jtbd_structure_self_improvement","jtbd","Turn vague self-improvement into concrete actions","2016-01-21T07:18:03-07:00","https://itunes.apple.com/us/rss/customerreviews/id=1007296363/sortBy=mostRecent/json"
"1007296363","Guiding Light Oracle Cards","tarot_or_oracle_guidance","medium","5","jtbd_daily_anchor","jtbd","Give me a daily anchor I can return to","2015-07-02T14:46:14-07:00","https://itunes.apple.com/us/rss/customerreviews/id=1007296363/sortBy=mostRecent/json"
"1007296363","Guiding Light Oracle Cards","tarot_or_oracle_guidance","medium","5","jtbd_feel_seen_personalized","jtbd","Make the guidance feel personally about me","2015-07-02T14:46:14-07:00","https://itunes.apple.com/us/rss/customerreviews/id=1007296363/sortBy=mostRecent/json"
"1645046083","Mind Power: Guided Meditations","manifestation_tool","medium_high","4","pain_reliability_breaks_ritual","pain","Bugs break trust and interrupt the ritual","2025-09-15T21:35:45-07:00","https://itunes.apple.com/us/rss/customerreviews/id=1645046083/sortBy=mostRecent/json"
"1645046083","Mind Power: Guided Meditations","manifestation_tool","medium_high","4","pain_signup_access_friction","pain","Signup, access, or device friction blocks activation","2025-09-15T21:35:45-07:00","https://itunes.apple.com/us/rss/customerreviews/id=1645046083/sortBy=mostRecent/json"
"1645046083","Mind Power: Guided Meditations","manifestation_tool","medium_high","3","jtbd_structure_self_improvement","jtbd","Turn vague self-improvement into concrete actions","2025-05-14T21:10:02-07:00","https://itunes.apple.com/us/rss/customerreviews/id=1645046083/sortBy=mostRecent/json"
"1645046083","Mind Power: Guided Meditations","manifestation_tool","medium_high","3","pain_reliability_breaks_ritual","pain","Bugs break trust and interrupt the ritual","2025-05-14T21:10:02-07:00","https://itunes.apple.com/us/rss/customerreviews/id=1645046083/sortBy=mostRecent/json"
"1645046083","Mind Power: Guided Meditations","manifestation_tool","medium_high","5","jtbd_daily_anchor","jtbd","Give me a daily anchor I can return to","2025-04-09T20:50:50-07:00","https://itunes.apple.com/us/rss/customerreviews/id=1645046083/sortBy=mostRecent/json"
"1645046083","Mind Power: Guided Meditations","manifestation_tool","medium_high","5","jtbd_fast_emotional_reset","jtbd","Help me calm down or reset quickly","2025-04-09T20:50:50-07:00","https://itunes.apple.com/us/rss/customerreviews/id=1645046083/sortBy=mostRecent/json"
"1645046083","Mind Power: Guided Meditations","manifestation_tool","medium_high","5","pain_content_depth_customization","pain","Users want more depth, options, or customization","2025-04-09T20:50:50-07:00","https://itunes.apple.com/us/rss/customerreviews/id=1645046083/sortBy=mostRecent/json"
"1645046083","Mind Power: Guided Meditations","manifestation_tool","medium_high","5","jtbd_daily_anchor","jtbd","Give me a daily anchor I can return to","2023-09-21T14:59:39-07:00","https://itunes.apple.com/us/rss/customerreviews/id=1645046083/sortBy=mostRecent/json"
"1645046083","Mind Power: Guided Meditations","manifestation_tool","medium_high","3","pain_signup_access_friction","pain","Signup, access, or device friction blocks activation","2023-09-20T23:35:22-07:00","https://itunes.apple.com/us/rss/customerreviews/id=1645046083/sortBy=mostRecent/json"
"1645046083","Mind Power: Guided Meditations","manifestation_tool","medium_high","4","pain_content_depth_customization","pain","Users want more depth, options, or customization","2023-07-12T08:10:53-07:00","https://itunes.apple.com/us/rss/customerreviews/id=1645046083/sortBy=mostRecent/json"
"6755015035","Becoming Whole","avatar_identity_coaching","medium_high","5","jtbd_make_growth_visible","jtbd","Show me visible progress so effort feels real","2026-01-22T07:14:46-07:00","https://itunes.apple.com/us/rss/customerreviews/id=6755015035/sortBy=mostRecent/json"
"6755015035","Becoming Whole","avatar_identity_coaching","medium_high","5","jtbd_belonging_accountability","jtbd","Feel accompanied or accountable","2026-01-22T07:14:46-07:00","https://itunes.apple.com/us/rss/customerreviews/id=6755015035/sortBy=mostRecent/json"
"472322122","Daily Burn: Workout Coach","avatar_identity_coaching","medium_high","5","jtbd_daily_anchor","jtbd","Give me a daily anchor I can return to","2026-04-12T13:31:23-07:00","https://itunes.apple.com/us/rss/customerreviews/id=472322122/sortBy=mostRecent/json"
"472322122","Daily Burn: Workout Coach","avatar_identity_coaching","medium_high","1","pain_subscription_value","pain","Subscription or paywall does not feel worth it","2026-03-29T12:27:53-07:00","https://itunes.apple.com/us/rss/customerreviews/id=472322122/sortBy=mostRecent/json"
"472322122","Daily Burn: Workout Coach","avatar_identity_coaching","medium_high","1","pain_content_depth_customization","pain","Users want more depth, options, or customization","2026-03-29T12:27:53-07:00","https://itunes.apple.com/us/rss/customerreviews/id=472322122/sortBy=mostRecent/json"
"472322122","Daily Burn: Workout Coach","avatar_identity_coaching","medium_high","4","jtbd_daily_anchor","jtbd","Give me a daily anchor I can return to","2026-02-15T04:09:33-07:00","https://itunes.apple.com/us/rss/customerreviews/id=472322122/sortBy=mostRecent/json"
"472322122","Daily Burn: Workout Coach","avatar_identity_coaching","medium_high","4","jtbd_belonging_accountability","jtbd","Feel accompanied or accountable","2026-02-15T04:09:33-07:00","https://itunes.apple.com/us/rss/customerreviews/id=472322122/sortBy=mostRecent/json"
"472322122","Daily Burn: Workout Coach","avatar_identity_coaching","medium_high","5","jtbd_daily_anchor","jtbd","Give me a daily anchor I can return to","2026-01-05T04:15:13-07:00","https://itunes.apple.com/us/rss/customerreviews/id=472322122/sortBy=mostRecent/json"
"472322122","Daily Burn: Workout Coach","avatar_identity_coaching","medium_high","4","jtbd_daily_anchor","jtbd","Give me a daily anchor I can return to","2026-01-04T05:57:16-07:00","https://itunes.apple.com/us/rss/customerreviews/id=472322122/sortBy=mostRecent/json"
"472322122","Daily Burn: Workout Coach","avatar_identity_coaching","medium_high","3","pain_reliability_breaks_ritual","pain","Bugs break trust and interrupt the ritual","2026-01-01T10:18:05-07:00","https://itunes.apple.com/us/rss/customerreviews/id=472322122/sortBy=mostRecent/json"
"472322122","Daily Burn: Workout Coach","avatar_identity_coaching","medium_high","2","pain_content_depth_customization","pain","Users want more depth, options, or customization","2025-12-30T13:27:11-07:00","https://itunes.apple.com/us/rss/customerreviews/id=472322122/sortBy=mostRecent/json"
"472322122","Daily Burn: Workout Coach","avatar_identity_coaching","medium_high","5","jtbd_structure_self_improvement","jtbd","Turn vague self-improvement into concrete actions","2025-12-29T08:40:55-07:00","https://itunes.apple.com/us/rss/customerreviews/id=472322122/sortBy=mostRecent/json"
"472322122","Daily Burn: Workout Coach","avatar_identity_coaching","medium_high","5","pain_content_depth_customization","pain","Users want more depth, options, or customization","2025-12-29T08:40:55-07:00","https://itunes.apple.com/us/rss/customerreviews/id=472322122/sortBy=mostRecent/json"
"472322122","Daily Burn: Workout Coach","avatar_identity_coaching","medium_high","5","jtbd_daily_anchor","jtbd","Give me a daily anchor I can return to","2025-12-24T09:01:42-07:00","https://itunes.apple.com/us/rss/customerreviews/id=472322122/sortBy=mostRecent/json"
"472322122","Daily Burn: Workout Coach","avatar_identity_coaching","medium_high","5","jtbd_make_growth_visible","jtbd","Show me visible progress so effort feels real","2025-12-12T07:17:11-07:00","https://itunes.apple.com/us/rss/customerreviews/id=472322122/sortBy=mostRecent/json"
"472322122","Daily Burn: Workout Coach","avatar_identity_coaching","medium_high","5","jtbd_daily_anchor","jtbd","Give me a daily anchor I can return to","2025-12-07T06:41:15-07:00","https://itunes.apple.com/us/rss/customerreviews/id=472322122/sortBy=mostRecent/json"
"472322122","Daily Burn: Workout Coach","avatar_identity_coaching","medium_high","5","jtbd_make_growth_visible","jtbd","Show me visible progress so effort feels real","2025-12-07T06:41:15-07:00","https://itunes.apple.com/us/rss/customerreviews/id=472322122/sortBy=mostRecent/json"
"472322122","Daily Burn: Workout Coach","avatar_identity_coaching","medium_high","5","jtbd_structure_self_improvement","jtbd","Turn vague self-improvement into concrete actions","2025-12-07T06:41:15-07:00","https://itunes.apple.com/us/rss/customerreviews/id=472322122/sortBy=mostRecent/json"
"472322122","Daily Burn: Workout Coach","avatar_identity_coaching","medium_high","3","jtbd_daily_anchor","jtbd","Give me a daily anchor I can return to","2025-12-05T07:31:55-07:00","https://itunes.apple.com/us/rss/customerreviews/id=472322122/sortBy=mostRecent/json"
"472322122","Daily Burn: Workout Coach","avatar_identity_coaching","medium_high","2","jtbd_daily_anchor","jtbd","Give me a daily anchor I can return to","2025-10-16T14:45:16-07:00","https://itunes.apple.com/us/rss/customerreviews/id=472322122/sortBy=mostRecent/json"
"472322122","Daily Burn: Workout Coach","avatar_identity_coaching","medium_high","3","pain_content_depth_customization","pain","Users want more depth, options, or customization","2025-08-02T05:08:17-07:00","https://itunes.apple.com/us/rss/customerreviews/id=472322122/sortBy=mostRecent/json"
"472322122","Daily Burn: Workout Coach","avatar_identity_coaching","medium_high","1","pain_subscription_value","pain","Subscription or paywall does not feel worth it","2025-07-19T14:02:29-07:00","https://itunes.apple.com/us/rss/customerreviews/id=472322122/sortBy=mostRecent/json"
"472322122","Daily Burn: Workout Coach","avatar_identity_coaching","medium_high","3","pain_content_depth_customization","pain","Users want more depth, options, or customization","2025-07-07T11:49:55-07:00","https://itunes.apple.com/us/rss/customerreviews/id=472322122/sortBy=mostRecent/json"
"472322122","Daily Burn: Workout Coach","avatar_identity_coaching","medium_high","3","jtbd_make_growth_visible","jtbd","Show me visible progress so effort feels real","2025-04-02T12:24:26-07:00","https://itunes.apple.com/us/rss/customerreviews/id=472322122/sortBy=mostRecent/json"
"472322122","Daily Burn: Workout Coach","avatar_identity_coaching","medium_high","3","pain_subscription_value","pain","Subscription or paywall does not feel worth it","2025-04-02T12:24:26-07:00","https://itunes.apple.com/us/rss/customerreviews/id=472322122/sortBy=mostRecent/json"
"472322122","Daily Burn: Workout Coach","avatar_identity_coaching","medium_high","3","pain_reliability_breaks_ritual","pain","Bugs break trust and interrupt the ritual","2025-04-02T12:24:26-07:00","https://itunes.apple.com/us/rss/customerreviews/id=472322122/sortBy=mostRecent/json"
"472322122","Daily Burn: Workout Coach","avatar_identity_coaching","medium_high","1","pain_subscription_value","pain","Subscription or paywall does not feel worth it","2025-03-26T05:45:31-07:00","https://itunes.apple.com/us/rss/customerreviews/id=472322122/sortBy=mostRecent/json"
"472322122","Daily Burn: Workout Coach","avatar_identity_coaching","medium_high","1","pain_signup_access_friction","pain","Signup, access, or device friction blocks activation","2025-03-26T05:45:31-07:00","https://itunes.apple.com/us/rss/customerreviews/id=472322122/sortBy=mostRecent/json"
"472322122","Daily Burn: Workout Coach","avatar_identity_coaching","medium_high","5","jtbd_daily_anchor","jtbd","Give me a daily anchor I can return to","2025-03-22T08:30:07-07:00","https://itunes.apple.com/us/rss/customerreviews/id=472322122/sortBy=mostRecent/json"
"472322122","Daily Burn: Workout Coach","avatar_identity_coaching","medium_high","1","jtbd_make_growth_visible","jtbd","Show me visible progress so effort feels real","2025-01-21T05:31:29-07:00","https://itunes.apple.com/us/rss/customerreviews/id=472322122/sortBy=mostRecent/json"
"472322122","Daily Burn: Workout Coach","avatar_identity_coaching","medium_high","1","pain_subscription_value","pain","Subscription or paywall does not feel worth it","2025-01-21T05:31:29-07:00","https://itunes.apple.com/us/rss/customerreviews/id=472322122/sortBy=mostRecent/json"
"472322122","Daily Burn: Workout Coach","avatar_identity_coaching","medium_high","1","pain_content_depth_customization","pain","Users want more depth, options, or customization","2025-01-21T05:31:29-07:00","https://itunes.apple.com/us/rss/customerreviews/id=472322122/sortBy=mostRecent/json"
"472322122","Daily Burn: Workout Coach","avatar_identity_coaching","medium_high","2","jtbd_make_growth_visible","jtbd","Show me visible progress so effort feels real","2025-01-19T12:37:43-07:00","https://itunes.apple.com/us/rss/customerreviews/id=472322122/sortBy=mostRecent/json"
"472322122","Daily Burn: Workout Coach","avatar_identity_coaching","medium_high","2","pain_subscription_value","pain","Subscription or paywall does not feel worth it","2025-01-06T18:33:25-07:00","https://itunes.apple.com/us/rss/customerreviews/id=472322122/sortBy=mostRecent/json"
"472322122","Daily Burn: Workout Coach","avatar_identity_coaching","medium_high","2","pain_signup_access_friction","pain","Signup, access, or device friction blocks activation","2025-01-06T18:33:25-07:00","https://itunes.apple.com/us/rss/customerreviews/id=472322122/sortBy=mostRecent/json"
"472322122","Daily Burn: Workout Coach","avatar_identity_coaching","medium_high","5","pain_subscription_value","pain","Subscription or paywall does not feel worth it","2025-01-06T15:37:11-07:00","https://itunes.apple.com/us/rss/customerreviews/id=472322122/sortBy=mostRecent/json"
"472322122","Daily Burn: Workout Coach","avatar_identity_coaching","medium_high","5","pain_signup_access_friction","pain","Signup, access, or device friction blocks activation","2025-01-06T15:37:11-07:00","https://itunes.apple.com/us/rss/customerreviews/id=472322122/sortBy=mostRecent/json"
"472322122","Daily Burn: Workout Coach","avatar_identity_coaching","medium_high","5","pain_content_depth_customization","pain","Users want more depth, options, or customization","2024-11-11T04:55:28-07:00","https://itunes.apple.com/us/rss/customerreviews/id=472322122/sortBy=mostRecent/json"
"472322122","Daily Burn: Workout Coach","avatar_identity_coaching","medium_high","5","jtbd_daily_anchor","jtbd","Give me a daily anchor I can return to","2024-09-19T05:28:01-07:00","https://itunes.apple.com/us/rss/customerreviews/id=472322122/sortBy=mostRecent/json"
"472322122","Daily Burn: Workout Coach","avatar_identity_coaching","medium_high","5","jtbd_belonging_accountability","jtbd","Feel accompanied or accountable","2024-09-19T05:28:01-07:00","https://itunes.apple.com/us/rss/customerreviews/id=472322122/sortBy=mostRecent/json"
"472322122","Daily Burn: Workout Coach","avatar_identity_coaching","medium_high","5","pain_content_depth_customization","pain","Users want more depth, options, or customization","2024-09-19T05:28:01-07:00","https://itunes.apple.com/us/rss/customerreviews/id=472322122/sortBy=mostRecent/json"
"472322122","Daily Burn: Workout Coach","avatar_identity_coaching","medium_high","1","jtbd_structure_self_improvement","jtbd","Turn vague self-improvement into concrete actions","2024-08-23T09:51:32-07:00","https://itunes.apple.com/us/rss/customerreviews/id=472322122/sortBy=mostRecent/json"
"472322122","Daily Burn: Workout Coach","avatar_identity_coaching","medium_high","1","pain_content_depth_customization","pain","Users want more depth, options, or customization","2024-08-23T09:51:32-07:00","https://itunes.apple.com/us/rss/customerreviews/id=472322122/sortBy=mostRecent/json"
"472322122","Daily Burn: Workout Coach","avatar_identity_coaching","medium_high","1","pain_subscription_value","pain","Subscription or paywall does not feel worth it","2024-07-30T05:56:07-07:00","https://itunes.apple.com/us/rss/customerreviews/id=472322122/sortBy=mostRecent/json"
"472322122","Daily Burn: Workout Coach","avatar_identity_coaching","medium_high","1","pain_content_depth_customization","pain","Users want more depth, options, or customization","2024-07-30T05:56:07-07:00","https://itunes.apple.com/us/rss/customerreviews/id=472322122/sortBy=mostRecent/json"
"472322122","Daily Burn: Workout Coach","avatar_identity_coaching","medium_high","1","pain_signup_access_friction","pain","Signup, access, or device friction blocks activation","2024-07-30T05:56:07-07:00","https://itunes.apple.com/us/rss/customerreviews/id=472322122/sortBy=mostRecent/json"
"472322122","Daily Burn: Workout Coach","avatar_identity_coaching","medium_high","5","jtbd_daily_anchor","jtbd","Give me a daily anchor I can return to","2024-02-09T18:52:30-07:00","https://itunes.apple.com/us/rss/customerreviews/id=472322122/sortBy=mostRecent/json"
"472322122","Daily Burn: Workout Coach","avatar_identity_coaching","medium_high","5","pain_content_depth_customization","pain","Users want more depth, options, or customization","2024-02-09T18:52:30-07:00","https://itunes.apple.com/us/rss/customerreviews/id=472322122/sortBy=mostRecent/json"
"472322122","Daily Burn: Workout Coach","avatar_identity_coaching","medium_high","1","pain_content_depth_customization","pain","Users want more depth, options, or customization","2024-01-11T02:06:32-07:00","https://itunes.apple.com/us/rss/customerreviews/id=472322122/sortBy=mostRecent/json"
"472322122","Daily Burn: Workout Coach","avatar_identity_coaching","medium_high","1","pain_signup_access_friction","pain","Signup, access, or device friction blocks activation","2024-01-11T02:06:32-07:00","https://itunes.apple.com/us/rss/customerreviews/id=472322122/sortBy=mostRecent/json"
"472322122","Daily Burn: Workout Coach","avatar_identity_coaching","medium_high","3","jtbd_structure_self_improvement","jtbd","Turn vague self-improvement into concrete actions","2024-01-03T02:58:47-07:00","https://itunes.apple.com/us/rss/customerreviews/id=472322122/sortBy=mostRecent/json"
"472322122","Daily Burn: Workout Coach","avatar_identity_coaching","medium_high","3","pain_content_depth_customization","pain","Users want more depth, options, or customization","2024-01-03T02:58:47-07:00","https://itunes.apple.com/us/rss/customerreviews/id=472322122/sortBy=mostRecent/json"
"472322122","Daily Burn: Workout Coach","avatar_identity_coaching","medium_high","1","jtbd_daily_anchor","jtbd","Give me a daily anchor I can return to","2023-12-21T00:04:04-07:00","https://itunes.apple.com/us/rss/customerreviews/id=472322122/sortBy=mostRecent/json"
"472322122","Daily Burn: Workout Coach","avatar_identity_coaching","medium_high","1","pain_subscription_value","pain","Subscription or paywall does not feel worth it","2023-12-21T00:04:04-07:00","https://itunes.apple.com/us/rss/customerreviews/id=472322122/sortBy=mostRecent/json"
"472322122","Daily Burn: Workout Coach","avatar_identity_coaching","medium_high","1","pain_content_depth_customization","pain","Users want more depth, options, or customization","2023-12-21T00:04:04-07:00","https://itunes.apple.com/us/rss/customerreviews/id=472322122/sortBy=mostRecent/json"
"472322122","Daily Burn: Workout Coach","avatar_identity_coaching","medium_high","1","pain_trust_accuracy_safety","pain","Trust, accuracy, or spiritual safety concerns","2023-12-21T00:04:04-07:00","https://itunes.apple.com/us/rss/customerreviews/id=472322122/sortBy=mostRecent/json"
"472322122","Daily Burn: Workout Coach","avatar_identity_coaching","medium_high","1","pain_signup_access_friction","pain","Signup, access, or device friction blocks activation","2023-12-21T00:04:04-07:00","https://itunes.apple.com/us/rss/customerreviews/id=472322122/sortBy=mostRecent/json"
"472322122","Daily Burn: Workout Coach","avatar_identity_coaching","medium_high","1","pain_subscription_value","pain","Subscription or paywall does not feel worth it","2023-12-10T02:02:19-07:00","https://itunes.apple.com/us/rss/customerreviews/id=472322122/sortBy=mostRecent/json"
"472322122","Daily Burn: Workout Coach","avatar_identity_coaching","medium_high","1","pain_trust_accuracy_safety","pain","Trust, accuracy, or spiritual safety concerns","2023-12-10T02:02:19-07:00","https://itunes.apple.com/us/rss/customerreviews/id=472322122/sortBy=mostRecent/json"
"472322122","Daily Burn: Workout Coach","avatar_identity_coaching","medium_high","1","pain_signup_access_friction","pain","Signup, access, or device friction blocks activation","2023-12-10T02:02:19-07:00","https://itunes.apple.com/us/rss/customerreviews/id=472322122/sortBy=mostRecent/json"
"472322122","Daily Burn: Workout Coach","avatar_identity_coaching","medium_high","1","jtbd_daily_anchor","jtbd","Give me a daily anchor I can return to","2023-10-02T14:01:57-07:00","https://itunes.apple.com/us/rss/customerreviews/id=472322122/sortBy=mostRecent/json"
"472322122","Daily Burn: Workout Coach","avatar_identity_coaching","medium_high","1","pain_subscription_value","pain","Subscription or paywall does not feel worth it","2023-10-02T14:01:57-07:00","https://itunes.apple.com/us/rss/customerreviews/id=472322122/sortBy=mostRecent/json"
"472322122","Daily Burn: Workout Coach","avatar_identity_coaching","medium_high","1","pain_content_depth_customization","pain","Users want more depth, options, or customization","2023-10-02T14:01:57-07:00","https://itunes.apple.com/us/rss/customerreviews/id=472322122/sortBy=mostRecent/json"
"472322122","Daily Burn: Workout Coach","avatar_identity_coaching","medium_high","1","jtbd_daily_anchor","jtbd","Give me a daily anchor I can return to","2023-09-06T08:40:46-07:00","https://itunes.apple.com/us/rss/customerreviews/id=472322122/sortBy=mostRecent/json"
"472322122","Daily Burn: Workout Coach","avatar_identity_coaching","medium_high","1","jtbd_make_growth_visible","jtbd","Show me visible progress so effort feels real","2023-09-06T08:40:46-07:00","https://itunes.apple.com/us/rss/customerreviews/id=472322122/sortBy=mostRecent/json"
"472322122","Daily Burn: Workout Coach","avatar_identity_coaching","medium_high","1","pain_subscription_value","pain","Subscription or paywall does not feel worth it","2023-09-06T08:40:46-07:00","https://itunes.apple.com/us/rss/customerreviews/id=472322122/sortBy=mostRecent/json"
"472322122","Daily Burn: Workout Coach","avatar_identity_coaching","medium_high","1","pain_content_depth_customization","pain","Users want more depth, options, or customization","2023-09-06T08:40:46-07:00","https://itunes.apple.com/us/rss/customerreviews/id=472322122/sortBy=mostRecent/json"
"472322122","Daily Burn: Workout Coach","avatar_identity_coaching","medium_high","3","pain_subscription_value","pain","Subscription or paywall does not feel worth it","2023-09-02T14:13:43-07:00","https://itunes.apple.com/us/rss/customerreviews/id=472322122/sortBy=mostRecent/json"
"472322122","Daily Burn: Workout Coach","avatar_identity_coaching","medium_high","3","pain_content_depth_customization","pain","Users want more depth, options, or customization","2023-09-02T14:13:43-07:00","https://itunes.apple.com/us/rss/customerreviews/id=472322122/sortBy=mostRecent/json"
"472322122","Daily Burn: Workout Coach","avatar_identity_coaching","medium_high","5","jtbd_belonging_accountability","jtbd","Feel accompanied or accountable","2023-08-25T13:33:34-07:00","https://itunes.apple.com/us/rss/customerreviews/id=472322122/sortBy=mostRecent/json"
"472322122","Daily Burn: Workout Coach","avatar_identity_coaching","medium_high","5","jtbd_belonging_accountability","jtbd","Feel accompanied or accountable","2023-08-24T18:10:01-07:00","https://itunes.apple.com/us/rss/customerreviews/id=472322122/sortBy=mostRecent/json"
"472322122","Daily Burn: Workout Coach","avatar_identity_coaching","medium_high","5","pain_subscription_value","pain","Subscription or paywall does not feel worth it","2023-08-24T18:10:01-07:00","https://itunes.apple.com/us/rss/customerreviews/id=472322122/sortBy=mostRecent/json"
"472322122","Daily Burn: Workout Coach","avatar_identity_coaching","medium_high","5","pain_content_depth_customization","pain","Users want more depth, options, or customization","2023-08-24T18:10:01-07:00","https://itunes.apple.com/us/rss/customerreviews/id=472322122/sortBy=mostRecent/json"
"1372744723","Daily Bible Verse - Biblify","faith_devotional_habit","medium_high","1","pain_content_depth_customization","pain","Users want more depth, options, or customization","2025-11-12T14:32:21-07:00","https://itunes.apple.com/us/rss/customerreviews/id=1372744723/sortBy=mostRecent/json"
"1372744723","Daily Bible Verse - Biblify","faith_devotional_habit","medium_high","5","jtbd_fast_emotional_reset","jtbd","Help me calm down or reset quickly","2025-10-22T09:44:46-07:00","https://itunes.apple.com/us/rss/customerreviews/id=1372744723/sortBy=mostRecent/json"
"1372744723","Daily Bible Verse - Biblify","faith_devotional_habit","medium_high","3","jtbd_structure_self_improvement","jtbd","Turn vague self-improvement into concrete actions","2025-05-23T08:41:23-07:00","https://itunes.apple.com/us/rss/customerreviews/id=1372744723/sortBy=mostRecent/json"
"1372744723","Daily Bible Verse - Biblify","faith_devotional_habit","medium_high","3","pain_content_depth_customization","pain","Users want more depth, options, or customization","2025-05-23T08:41:23-07:00","https://itunes.apple.com/us/rss/customerreviews/id=1372744723/sortBy=mostRecent/json"
"1372744723","Daily Bible Verse - Biblify","faith_devotional_habit","medium_high","3","pain_signup_access_friction","pain","Signup, access, or device friction blocks activation","2025-05-23T08:41:23-07:00","https://itunes.apple.com/us/rss/customerreviews/id=1372744723/sortBy=mostRecent/json"
"1372744723","Daily Bible Verse - Biblify","faith_devotional_habit","medium_high","5","pain_signup_access_friction","pain","Signup, access, or device friction blocks activation","2025-05-02T04:20:48-07:00","https://itunes.apple.com/us/rss/customerreviews/id=1372744723/sortBy=mostRecent/json"
"1372744723","Daily Bible Verse - Biblify","faith_devotional_habit","medium_high","5","jtbd_daily_anchor","jtbd","Give me a daily anchor I can return to","2025-03-18T22:36:26-07:00","https://itunes.apple.com/us/rss/customerreviews/id=1372744723/sortBy=mostRecent/json"
"1372744723","Daily Bible Verse - Biblify","faith_devotional_habit","medium_high","5","jtbd_structure_self_improvement","jtbd","Turn vague self-improvement into concrete actions","2025-03-18T00:00:40-07:00","https://itunes.apple.com/us/rss/customerreviews/id=1372744723/sortBy=mostRecent/json"
"1372744723","Daily Bible Verse - Biblify","faith_devotional_habit","medium_high","5","pain_content_depth_customization","pain","Users want more depth, options, or customization","2025-03-18T00:00:40-07:00","https://itunes.apple.com/us/rss/customerreviews/id=1372744723/sortBy=mostRecent/json"
"1372744723","Daily Bible Verse - Biblify","faith_devotional_habit","medium_high","5","jtbd_daily_anchor","jtbd","Give me a daily anchor I can return to","2025-01-30T06:37:42-07:00","https://itunes.apple.com/us/rss/customerreviews/id=1372744723/sortBy=mostRecent/json"
"1372744723","Daily Bible Verse - Biblify","faith_devotional_habit","medium_high","2","pain_reliability_breaks_ritual","pain","Bugs break trust and interrupt the ritual","2024-11-24T02:14:41-07:00","https://itunes.apple.com/us/rss/customerreviews/id=1372744723/sortBy=mostRecent/json"
"1372744723","Daily Bible Verse - Biblify","faith_devotional_habit","medium_high","5","jtbd_fast_emotional_reset","jtbd","Help me calm down or reset quickly","2024-09-30T03:37:31-07:00","https://itunes.apple.com/us/rss/customerreviews/id=1372744723/sortBy=mostRecent/json"
"1372744723","Daily Bible Verse - Biblify","faith_devotional_habit","medium_high","4","jtbd_daily_anchor","jtbd","Give me a daily anchor I can return to","2024-09-02T18:16:40-07:00","https://itunes.apple.com/us/rss/customerreviews/id=1372744723/sortBy=mostRecent/json"
"1372744723","Daily Bible Verse - Biblify","faith_devotional_habit","medium_high","5","jtbd_daily_anchor","jtbd","Give me a daily anchor I can return to","2024-07-11T15:02:30-07:00","https://itunes.apple.com/us/rss/customerreviews/id=1372744723/sortBy=mostRecent/json"
"1372744723","Daily Bible Verse - Biblify","faith_devotional_habit","medium_high","1","jtbd_daily_anchor","jtbd","Give me a daily anchor I can return to","2024-07-02T04:36:35-07:00","https://itunes.apple.com/us/rss/customerreviews/id=1372744723/sortBy=mostRecent/json"
"1372744723","Daily Bible Verse - Biblify","faith_devotional_habit","medium_high","5","jtbd_daily_anchor","jtbd","Give me a daily anchor I can return to","2024-06-23T04:57:57-07:00","https://itunes.apple.com/us/rss/customerreviews/id=1372744723/sortBy=mostRecent/json"
"1372744723","Daily Bible Verse - Biblify","faith_devotional_habit","medium_high","5","jtbd_fast_emotional_reset","jtbd","Help me calm down or reset quickly","2024-06-23T04:57:57-07:00","https://itunes.apple.com/us/rss/customerreviews/id=1372744723/sortBy=mostRecent/json"
"1372744723","Daily Bible Verse - Biblify","faith_devotional_habit","medium_high","5","jtbd_belonging_accountability","jtbd","Feel accompanied or accountable","2024-03-14T02:36:55-07:00","https://itunes.apple.com/us/rss/customerreviews/id=1372744723/sortBy=mostRecent/json"
"1372744723","Daily Bible Verse - Biblify","faith_devotional_habit","medium_high","5","jtbd_daily_anchor","jtbd","Give me a daily anchor I can return to","2023-12-25T07:20:24-07:00","https://itunes.apple.com/us/rss/customerreviews/id=1372744723/sortBy=mostRecent/json"
"1372744723","Daily Bible Verse - Biblify","faith_devotional_habit","medium_high","5","jtbd_daily_anchor","jtbd","Give me a daily anchor I can return to","2023-11-16T05:59:54-07:00","https://itunes.apple.com/us/rss/customerreviews/id=1372744723/sortBy=mostRecent/json"
"1372744723","Daily Bible Verse - Biblify","faith_devotional_habit","medium_high","4","jtbd_daily_anchor","jtbd","Give me a daily anchor I can return to","2023-08-15T05:24:50-07:00","https://itunes.apple.com/us/rss/customerreviews/id=1372744723/sortBy=mostRecent/json"
"1372744723","Daily Bible Verse - Biblify","faith_devotional_habit","medium_high","4","pain_subscription_value","pain","Subscription or paywall does not feel worth it","2023-08-15T05:24:50-07:00","https://itunes.apple.com/us/rss/customerreviews/id=1372744723/sortBy=mostRecent/json"
"1372744723","Daily Bible Verse - Biblify","faith_devotional_habit","medium_high","4","pain_reliability_breaks_ritual","pain","Bugs break trust and interrupt the ritual","2023-08-15T05:24:50-07:00","https://itunes.apple.com/us/rss/customerreviews/id=1372744723/sortBy=mostRecent/json"
"1372744723","Daily Bible Verse - Biblify","faith_devotional_habit","medium_high","4","pain_signup_access_friction","pain","Signup, access, or device friction blocks activation","2023-08-15T05:24:50-07:00","https://itunes.apple.com/us/rss/customerreviews/id=1372744723/sortBy=mostRecent/json"
"1372744723","Daily Bible Verse - Biblify","faith_devotional_habit","medium_high","4","jtbd_daily_anchor","jtbd","Give me a daily anchor I can return to","2023-06-27T08:28:14-07:00","https://itunes.apple.com/us/rss/customerreviews/id=1372744723/sortBy=mostRecent/json"
"1372744723","Daily Bible Verse - Biblify","faith_devotional_habit","medium_high","5","jtbd_daily_anchor","jtbd","Give me a daily anchor I can return to","2023-06-06T19:32:55-07:00","https://itunes.apple.com/us/rss/customerreviews/id=1372744723/sortBy=mostRecent/json"
"1372744723","Daily Bible Verse - Biblify","faith_devotional_habit","medium_high","5","jtbd_structure_self_improvement","jtbd","Turn vague self-improvement into concrete actions","2023-06-06T19:32:55-07:00","https://itunes.apple.com/us/rss/customerreviews/id=1372744723/sortBy=mostRecent/json"
"1372744723","Daily Bible Verse - Biblify","faith_devotional_habit","medium_high","5","jtbd_structure_self_improvement","jtbd","Turn vague self-improvement into concrete actions","2023-03-28T00:42:19-07:00","https://itunes.apple.com/us/rss/customerreviews/id=1372744723/sortBy=mostRecent/json"
"1372744723","Daily Bible Verse - Biblify","faith_devotional_habit","medium_high","5","jtbd_belonging_accountability","jtbd","Feel accompanied or accountable","2023-03-28T00:42:19-07:00","https://itunes.apple.com/us/rss/customerreviews/id=1372744723/sortBy=mostRecent/json"
"1372744723","Daily Bible Verse - Biblify","faith_devotional_habit","medium_high","4","pain_content_depth_customization","pain","Users want more depth, options, or customization","2023-01-14T06:30:29-07:00","https://itunes.apple.com/us/rss/customerreviews/id=1372744723/sortBy=mostRecent/json"
"1372744723","Daily Bible Verse - Biblify","faith_devotional_habit","medium_high","5","jtbd_daily_anchor","jtbd","Give me a daily anchor I can return to","2022-11-27T17:38:26-07:00","https://itunes.apple.com/us/rss/customerreviews/id=1372744723/sortBy=mostRecent/json"
"1372744723","Daily Bible Verse - Biblify","faith_devotional_habit","medium_high","5","jtbd_structure_self_improvement","jtbd","Turn vague self-improvement into concrete actions","2022-11-27T17:38:26-07:00","https://itunes.apple.com/us/rss/customerreviews/id=1372744723/sortBy=mostRecent/json"
"1372744723","Daily Bible Verse - Biblify","faith_devotional_habit","medium_high","5","jtbd_daily_anchor","jtbd","Give me a daily anchor I can return to","2022-11-18T06:08:11-07:00","https://itunes.apple.com/us/rss/customerreviews/id=1372744723/sortBy=mostRecent/json"
"1372744723","Daily Bible Verse - Biblify","faith_devotional_habit","medium_high","4","jtbd_daily_anchor","jtbd","Give me a daily anchor I can return to","2022-11-01T09:56:07-07:00","https://itunes.apple.com/us/rss/customerreviews/id=1372744723/sortBy=mostRecent/json"
"1372744723","Daily Bible Verse - Biblify","faith_devotional_habit","medium_high","4","pain_content_depth_customization","pain","Users want more depth, options, or customization","2022-11-01T09:56:07-07:00","https://itunes.apple.com/us/rss/customerreviews/id=1372744723/sortBy=mostRecent/json"
"1372744723","Daily Bible Verse - Biblify","faith_devotional_habit","medium_high","5","jtbd_daily_anchor","jtbd","Give me a daily anchor I can return to","2022-10-01T16:13:23-07:00","https://itunes.apple.com/us/rss/customerreviews/id=1372744723/sortBy=mostRecent/json"
"1372744723","Daily Bible Verse - Biblify","faith_devotional_habit","medium_high","5","pain_content_depth_customization","pain","Users want more depth, options, or customization","2022-10-01T16:13:23-07:00","https://itunes.apple.com/us/rss/customerreviews/id=1372744723/sortBy=mostRecent/json"
"1372744723","Daily Bible Verse - Biblify","faith_devotional_habit","medium_high","5","jtbd_daily_anchor","jtbd","Give me a daily anchor I can return to","2022-02-25T04:02:13-07:00","https://itunes.apple.com/us/rss/customerreviews/id=1372744723/sortBy=mostRecent/json"
"1372744723","Daily Bible Verse - Biblify","faith_devotional_habit","medium_high","2","pain_subscription_value","pain","Subscription or paywall does not feel worth it","2022-01-24T19:32:36-07:00","https://itunes.apple.com/us/rss/customerreviews/id=1372744723/sortBy=mostRecent/json"
"1372744723","Daily Bible Verse - Biblify","faith_devotional_habit","medium_high","2","pain_trust_accuracy_safety","pain","Trust, accuracy, or spiritual safety concerns","2022-01-24T19:32:36-07:00","https://itunes.apple.com/us/rss/customerreviews/id=1372744723/sortBy=mostRecent/json"
"1372744723","Daily Bible Verse - Biblify","faith_devotional_habit","medium_high","1","jtbd_daily_anchor","jtbd","Give me a daily anchor I can return to","2021-11-27T20:12:33-07:00","https://itunes.apple.com/us/rss/customerreviews/id=1372744723/sortBy=mostRecent/json"
"1372744723","Daily Bible Verse - Biblify","faith_devotional_habit","medium_high","1","pain_subscription_value","pain","Subscription or paywall does not feel worth it","2021-11-27T20:12:33-07:00","https://itunes.apple.com/us/rss/customerreviews/id=1372744723/sortBy=mostRecent/json"
"1372744723","Daily Bible Verse - Biblify","faith_devotional_habit","medium_high","1","pain_signup_access_friction","pain","Signup, access, or device friction blocks activation","2021-11-27T20:12:33-07:00","https://itunes.apple.com/us/rss/customerreviews/id=1372744723/sortBy=mostRecent/json"
"1372744723","Daily Bible Verse - Biblify","faith_devotional_habit","medium_high","5","jtbd_daily_anchor","jtbd","Give me a daily anchor I can return to","2021-11-09T06:22:45-07:00","https://itunes.apple.com/us/rss/customerreviews/id=1372744723/sortBy=mostRecent/json"
"1372744723","Daily Bible Verse - Biblify","faith_devotional_habit","medium_high","5","jtbd_belonging_accountability","jtbd","Feel accompanied or accountable","2021-11-09T06:22:45-07:00","https://itunes.apple.com/us/rss/customerreviews/id=1372744723/sortBy=mostRecent/json"
"1372744723","Daily Bible Verse - Biblify","faith_devotional_habit","medium_high","5","pain_unclear_game_loop","pain","The game layer can feel confusing or disconnected","2021-11-09T06:22:45-07:00","https://itunes.apple.com/us/rss/customerreviews/id=1372744723/sortBy=mostRecent/json"
"1372744723","Daily Bible Verse - Biblify","faith_devotional_habit","medium_high","5","jtbd_daily_anchor","jtbd","Give me a daily anchor I can return to","2021-11-08T06:08:37-07:00","https://itunes.apple.com/us/rss/customerreviews/id=1372744723/sortBy=mostRecent/json"
"1372744723","Daily Bible Verse - Biblify","faith_devotional_habit","medium_high","5","jtbd_belonging_accountability","jtbd","Feel accompanied or accountable","2021-10-25T07:51:07-07:00","https://itunes.apple.com/us/rss/customerreviews/id=1372744723/sortBy=mostRecent/json"
"1372744723","Daily Bible Verse - Biblify","faith_devotional_habit","medium_high","4","jtbd_daily_anchor","jtbd","Give me a daily anchor I can return to","2021-09-12T06:28:10-07:00","https://itunes.apple.com/us/rss/customerreviews/id=1372744723/sortBy=mostRecent/json"
"1372744723","Daily Bible Verse - Biblify","faith_devotional_habit","medium_high","1","jtbd_daily_anchor","jtbd","Give me a daily anchor I can return to","2021-08-25T08:11:46-07:00","https://itunes.apple.com/us/rss/customerreviews/id=1372744723/sortBy=mostRecent/json"
"1372744723","Daily Bible Verse - Biblify","faith_devotional_habit","medium_high","1","pain_reliability_breaks_ritual","pain","Bugs break trust and interrupt the ritual","2021-08-25T08:11:46-07:00","https://itunes.apple.com/us/rss/customerreviews/id=1372744723/sortBy=mostRecent/json"
"1372744723","Daily Bible Verse - Biblify","faith_devotional_habit","medium_high","1","pain_content_depth_customization","pain","Users want more depth, options, or customization","2021-08-25T08:11:46-07:00","https://itunes.apple.com/us/rss/customerreviews/id=1372744723/sortBy=mostRecent/json"
"1372744723","Daily Bible Verse - Biblify","faith_devotional_habit","medium_high","1","pain_signup_access_friction","pain","Signup, access, or device friction blocks activation","2021-08-25T08:11:46-07:00","https://itunes.apple.com/us/rss/customerreviews/id=1372744723/sortBy=mostRecent/json"
"1566133213","Good Morning Messages & Images","faith_devotional_habit","medium_high","5","jtbd_daily_anchor","jtbd","Give me a daily anchor I can return to","2026-05-24T07:32:15-07:00","https://itunes.apple.com/us/rss/customerreviews/id=1566133213/sortBy=mostRecent/json"
"1566133213","Good Morning Messages & Images","faith_devotional_habit","medium_high","5","jtbd_belonging_accountability","jtbd","Feel accompanied or accountable","2026-05-24T06:33:32-07:00","https://itunes.apple.com/us/rss/customerreviews/id=1566133213/sortBy=mostRecent/json"
"1566133213","Good Morning Messages & Images","faith_devotional_habit","medium_high","5","jtbd_daily_anchor","jtbd","Give me a daily anchor I can return to","2026-02-03T06:12:58-07:00","https://itunes.apple.com/us/rss/customerreviews/id=1566133213/sortBy=mostRecent/json"
"1566133213","Good Morning Messages & Images","faith_devotional_habit","medium_high","5","jtbd_make_growth_visible","jtbd","Show me visible progress so effort feels real","2026-02-03T06:12:58-07:00","https://itunes.apple.com/us/rss/customerreviews/id=1566133213/sortBy=mostRecent/json"
"1566133213","Good Morning Messages & Images","faith_devotional_habit","medium_high","5","jtbd_belonging_accountability","jtbd","Feel accompanied or accountable","2026-01-20T03:05:03-07:00","https://itunes.apple.com/us/rss/customerreviews/id=1566133213/sortBy=mostRecent/json"
"1566133213","Good Morning Messages & Images","faith_devotional_habit","medium_high","5","jtbd_daily_anchor","jtbd","Give me a daily anchor I can return to","2025-12-29T11:31:14-07:00","https://itunes.apple.com/us/rss/customerreviews/id=1566133213/sortBy=mostRecent/json"
"1566133213","Good Morning Messages & Images","faith_devotional_habit","medium_high","5","pain_content_depth_customization","pain","Users want more depth, options, or customization","2025-12-01T05:55:55-07:00","https://itunes.apple.com/us/rss/customerreviews/id=1566133213/sortBy=mostRecent/json"
"1566133213","Good Morning Messages & Images","faith_devotional_habit","medium_high","3","pain_subscription_value","pain","Subscription or paywall does not feel worth it","2025-09-25T05:35:42-07:00","https://itunes.apple.com/us/rss/customerreviews/id=1566133213/sortBy=mostRecent/json"
"1566133213","Good Morning Messages & Images","faith_devotional_habit","medium_high","5","jtbd_belonging_accountability","jtbd","Feel accompanied or accountable","2025-09-10T08:13:00-07:00","https://itunes.apple.com/us/rss/customerreviews/id=1566133213/sortBy=mostRecent/json"
"1566133213","Good Morning Messages & Images","faith_devotional_habit","medium_high","5","jtbd_daily_anchor","jtbd","Give me a daily anchor I can return to","2025-08-23T23:22:21-07:00","https://itunes.apple.com/us/rss/customerreviews/id=1566133213/sortBy=mostRecent/json"
"1566133213","Good Morning Messages & Images","faith_devotional_habit","medium_high","5","jtbd_belonging_accountability","jtbd","Feel accompanied or accountable","2025-08-23T23:22:21-07:00","https://itunes.apple.com/us/rss/customerreviews/id=1566133213/sortBy=mostRecent/json"
"1566133213","Good Morning Messages & Images","faith_devotional_habit","medium_high","5","jtbd_belonging_accountability","jtbd","Feel accompanied or accountable","2025-07-30T06:47:03-07:00","https://itunes.apple.com/us/rss/customerreviews/id=1566133213/sortBy=mostRecent/json"
"1566133213","Good Morning Messages & Images","faith_devotional_habit","medium_high","4","pain_content_depth_customization","pain","Users want more depth, options, or customization","2025-07-23T08:31:50-07:00","https://itunes.apple.com/us/rss/customerreviews/id=1566133213/sortBy=mostRecent/json"
"1566133213","Good Morning Messages & Images","faith_devotional_habit","medium_high","5","jtbd_belonging_accountability","jtbd","Feel accompanied or accountable","2025-06-30T06:09:32-07:00","https://itunes.apple.com/us/rss/customerreviews/id=1566133213/sortBy=mostRecent/json"
"1176695165","Yoga International","avatar_identity_coaching","medium_high","1","pain_signup_access_friction","pain","Signup, access, or device friction blocks activation","2025-05-18T18:50:36-07:00","https://itunes.apple.com/us/rss/customerreviews/id=1176695165/sortBy=mostRecent/json"
"1176695165","Yoga International","avatar_identity_coaching","medium_high","1","pain_reliability_breaks_ritual","pain","Bugs break trust and interrupt the ritual","2024-12-01T10:41:16-07:00","https://itunes.apple.com/us/rss/customerreviews/id=1176695165/sortBy=mostRecent/json"
"1176695165","Yoga International","avatar_identity_coaching","medium_high","1","pain_subscription_value","pain","Subscription or paywall does not feel worth it","2024-09-28T09:43:22-07:00","https://itunes.apple.com/us/rss/customerreviews/id=1176695165/sortBy=mostRecent/json"
"1176695165","Yoga International","avatar_identity_coaching","medium_high","1","pain_reliability_breaks_ritual","pain","Bugs break trust and interrupt the ritual","2024-09-13T09:15:22-07:00","https://itunes.apple.com/us/rss/customerreviews/id=1176695165/sortBy=mostRecent/json"
"1176695165","Yoga International","avatar_identity_coaching","medium_high","1","pain_content_depth_customization","pain","Users want more depth, options, or customization","2024-09-13T09:15:22-07:00","https://itunes.apple.com/us/rss/customerreviews/id=1176695165/sortBy=mostRecent/json"
"1176695165","Yoga International","avatar_identity_coaching","medium_high","1","pain_subscription_value","pain","Subscription or paywall does not feel worth it","2024-07-26T14:00:50-07:00","https://itunes.apple.com/us/rss/customerreviews/id=1176695165/sortBy=mostRecent/json"
"1176695165","Yoga International","avatar_identity_coaching","medium_high","1","pain_signup_access_friction","pain","Signup, access, or device friction blocks activation","2024-07-26T14:00:50-07:00","https://itunes.apple.com/us/rss/customerreviews/id=1176695165/sortBy=mostRecent/json"
"1176695165","Yoga International","avatar_identity_coaching","medium_high","1","jtbd_feel_seen_personalized","jtbd","Make the guidance feel personally about me","2024-05-17T14:50:12-07:00","https://itunes.apple.com/us/rss/customerreviews/id=1176695165/sortBy=mostRecent/json"
"1176695165","Yoga International","avatar_identity_coaching","medium_high","1","pain_subscription_value","pain","Subscription or paywall does not feel worth it","2024-05-17T14:50:12-07:00","https://itunes.apple.com/us/rss/customerreviews/id=1176695165/sortBy=mostRecent/json"
"1176695165","Yoga International","avatar_identity_coaching","medium_high","1","pain_content_depth_customization","pain","Users want more depth, options, or customization","2024-05-17T14:50:12-07:00","https://itunes.apple.com/us/rss/customerreviews/id=1176695165/sortBy=mostRecent/json"
"1176695165","Yoga International","avatar_identity_coaching","medium_high","1","pain_subscription_value","pain","Subscription or paywall does not feel worth it","2024-03-10T13:35:53-07:00","https://itunes.apple.com/us/rss/customerreviews/id=1176695165/sortBy=mostRecent/json"
"1176695165","Yoga International","avatar_identity_coaching","medium_high","1","pain_content_depth_customization","pain","Users want more depth, options, or customization","2024-03-10T13:35:53-07:00","https://itunes.apple.com/us/rss/customerreviews/id=1176695165/sortBy=mostRecent/json"
"1176695165","Yoga International","avatar_identity_coaching","medium_high","2","pain_content_depth_customization","pain","Users want more depth, options, or customization","2023-07-24T12:39:38-07:00","https://itunes.apple.com/us/rss/customerreviews/id=1176695165/sortBy=mostRecent/json"
"1176695165","Yoga International","avatar_identity_coaching","medium_high","4","pain_subscription_value","pain","Subscription or paywall does not feel worth it","2023-05-29T07:59:07-07:00","https://itunes.apple.com/us/rss/customerreviews/id=1176695165/sortBy=mostRecent/json"
"1176695165","Yoga International","avatar_identity_coaching","medium_high","3","jtbd_make_growth_visible","jtbd","Show me visible progress so effort feels real","2023-05-07T10:41:16-07:00","https://itunes.apple.com/us/rss/customerreviews/id=1176695165/sortBy=mostRecent/json"
"1176695165","Yoga International","avatar_identity_coaching","medium_high","3","pain_subscription_value","pain","Subscription or paywall does not feel worth it","2023-05-07T10:41:16-07:00","https://itunes.apple.com/us/rss/customerreviews/id=1176695165/sortBy=mostRecent/json"
"1176695165","Yoga International","avatar_identity_coaching","medium_high","3","pain_reliability_breaks_ritual","pain","Bugs break trust and interrupt the ritual","2023-05-07T10:41:16-07:00","https://itunes.apple.com/us/rss/customerreviews/id=1176695165/sortBy=mostRecent/json"
"1176695165","Yoga International","avatar_identity_coaching","medium_high","3","pain_content_depth_customization","pain","Users want more depth, options, or customization","2023-05-07T10:41:16-07:00","https://itunes.apple.com/us/rss/customerreviews/id=1176695165/sortBy=mostRecent/json"
"1176695165","Yoga International","avatar_identity_coaching","medium_high","3","pain_trust_accuracy_safety","pain","Trust, accuracy, or spiritual safety concerns","2023-05-07T10:41:16-07:00","https://itunes.apple.com/us/rss/customerreviews/id=1176695165/sortBy=mostRecent/json"
"1176695165","Yoga International","avatar_identity_coaching","medium_high","3","pain_signup_access_friction","pain","Signup, access, or device friction blocks activation","2023-05-07T10:41:16-07:00","https://itunes.apple.com/us/rss/customerreviews/id=1176695165/sortBy=mostRecent/json"
"1176695165","Yoga International","avatar_identity_coaching","medium_high","1","jtbd_make_growth_visible","jtbd","Show me visible progress so effort feels real","2022-08-12T09:34:04-07:00","https://itunes.apple.com/us/rss/customerreviews/id=1176695165/sortBy=mostRecent/json"
"1176695165","Yoga International","avatar_identity_coaching","medium_high","1","pain_subscription_value","pain","Subscription or paywall does not feel worth it","2022-08-12T09:34:04-07:00","https://itunes.apple.com/us/rss/customerreviews/id=1176695165/sortBy=mostRecent/json"
"1176695165","Yoga International","avatar_identity_coaching","medium_high","1","pain_subscription_value","pain","Subscription or paywall does not feel worth it","2022-05-26T03:40:04-07:00","https://itunes.apple.com/us/rss/customerreviews/id=1176695165/sortBy=mostRecent/json"
"1176695165","Yoga International","avatar_identity_coaching","medium_high","2","jtbd_make_growth_visible","jtbd","Show me visible progress so effort feels real","2022-03-10T13:48:54-07:00","https://itunes.apple.com/us/rss/customerreviews/id=1176695165/sortBy=mostRecent/json"
"1176695165","Yoga International","avatar_identity_coaching","medium_high","2","pain_subscription_value","pain","Subscription or paywall does not feel worth it","2022-03-10T13:48:54-07:00","https://itunes.apple.com/us/rss/customerreviews/id=1176695165/sortBy=mostRecent/json"
"1176695165","Yoga International","avatar_identity_coaching","medium_high","2","pain_signup_access_friction","pain","Signup, access, or device friction blocks activation","2022-03-10T13:48:54-07:00","https://itunes.apple.com/us/rss/customerreviews/id=1176695165/sortBy=mostRecent/json"
"1176695165","Yoga International","avatar_identity_coaching","medium_high","3","jtbd_make_growth_visible","jtbd","Show me visible progress so effort feels real","2021-11-08T08:30:51-07:00","https://itunes.apple.com/us/rss/customerreviews/id=1176695165/sortBy=mostRecent/json"
"1176695165","Yoga International","avatar_identity_coaching","medium_high","2","pain_reliability_breaks_ritual","pain","Bugs break trust and interrupt the ritual","2021-11-05T09:13:33-07:00","https://itunes.apple.com/us/rss/customerreviews/id=1176695165/sortBy=mostRecent/json"
"1176695165","Yoga International","avatar_identity_coaching","medium_high","1","pain_subscription_value","pain","Subscription or paywall does not feel worth it","2021-09-28T13:41:31-07:00","https://itunes.apple.com/us/rss/customerreviews/id=1176695165/sortBy=mostRecent/json"
"1176695165","Yoga International","avatar_identity_coaching","medium_high","1","jtbd_feel_seen_personalized","jtbd","Make the guidance feel personally about me","2021-09-15T10:42:20-07:00","https://itunes.apple.com/us/rss/customerreviews/id=1176695165/sortBy=mostRecent/json"
"1176695165","Yoga International","avatar_identity_coaching","medium_high","1","pain_subscription_value","pain","Subscription or paywall does not feel worth it","2021-08-17T11:40:57-07:00","https://itunes.apple.com/us/rss/customerreviews/id=1176695165/sortBy=mostRecent/json"
"1176695165","Yoga International","avatar_identity_coaching","medium_high","1","pain_content_depth_customization","pain","Users want more depth, options, or customization","2021-08-17T11:40:57-07:00","https://itunes.apple.com/us/rss/customerreviews/id=1176695165/sortBy=mostRecent/json"
"1176695165","Yoga International","avatar_identity_coaching","medium_high","1","pain_subscription_value","pain","Subscription or paywall does not feel worth it","2021-08-17T08:26:53-07:00","https://itunes.apple.com/us/rss/customerreviews/id=1176695165/sortBy=mostRecent/json"
"1176695165","Yoga International","avatar_identity_coaching","medium_high","1","pain_content_depth_customization","pain","Users want more depth, options, or customization","2021-08-17T08:26:53-07:00","https://itunes.apple.com/us/rss/customerreviews/id=1176695165/sortBy=mostRecent/json"
"1176695165","Yoga International","avatar_identity_coaching","medium_high","1","pain_signup_access_friction","pain","Signup, access, or device friction blocks activation","2021-08-17T08:26:53-07:00","https://itunes.apple.com/us/rss/customerreviews/id=1176695165/sortBy=mostRecent/json"
"1176695165","Yoga International","avatar_identity_coaching","medium_high","1","pain_subscription_value","pain","Subscription or paywall does not feel worth it","2021-02-23T07:25:00-07:00","https://itunes.apple.com/us/rss/customerreviews/id=1176695165/sortBy=mostRecent/json"
"1176695165","Yoga International","avatar_identity_coaching","medium_high","1","pain_content_depth_customization","pain","Users want more depth, options, or customization","2021-02-23T07:25:00-07:00","https://itunes.apple.com/us/rss/customerreviews/id=1176695165/sortBy=mostRecent/json"
"1176695165","Yoga International","avatar_identity_coaching","medium_high","1","pain_reliability_breaks_ritual","pain","Bugs break trust and interrupt the ritual","2021-01-26T05:42:16-07:00","https://itunes.apple.com/us/rss/customerreviews/id=1176695165/sortBy=mostRecent/json"
"1176695165","Yoga International","avatar_identity_coaching","medium_high","2","jtbd_fast_emotional_reset","jtbd","Help me calm down or reset quickly","2021-01-24T11:12:43-07:00","https://itunes.apple.com/us/rss/customerreviews/id=1176695165/sortBy=mostRecent/json"
"1176695165","Yoga International","avatar_identity_coaching","medium_high","2","jtbd_make_growth_visible","jtbd","Show me visible progress so effort feels real","2021-01-24T11:12:43-07:00","https://itunes.apple.com/us/rss/customerreviews/id=1176695165/sortBy=mostRecent/json"
"1176695165","Yoga International","avatar_identity_coaching","medium_high","2","jtbd_belonging_accountability","jtbd","Feel accompanied or accountable","2021-01-24T11:12:43-07:00","https://itunes.apple.com/us/rss/customerreviews/id=1176695165/sortBy=mostRecent/json"
"1176695165","Yoga International","avatar_identity_coaching","medium_high","2","pain_subscription_value","pain","Subscription or paywall does not feel worth it","2021-01-24T11:12:43-07:00","https://itunes.apple.com/us/rss/customerreviews/id=1176695165/sortBy=mostRecent/json"
"1176695165","Yoga International","avatar_identity_coaching","medium_high","2","pain_reliability_breaks_ritual","pain","Bugs break trust and interrupt the ritual","2021-01-24T11:12:43-07:00","https://itunes.apple.com/us/rss/customerreviews/id=1176695165/sortBy=mostRecent/json"
"1176695165","Yoga International","avatar_identity_coaching","medium_high","2","pain_content_depth_customization","pain","Users want more depth, options, or customization","2021-01-24T11:12:43-07:00","https://itunes.apple.com/us/rss/customerreviews/id=1176695165/sortBy=mostRecent/json"
"1176695165","Yoga International","avatar_identity_coaching","medium_high","3","jtbd_belonging_accountability","jtbd","Feel accompanied or accountable","2021-01-17T09:22:34-07:00","https://itunes.apple.com/us/rss/customerreviews/id=1176695165/sortBy=mostRecent/json"
"1176695165","Yoga International","avatar_identity_coaching","medium_high","3","pain_content_depth_customization","pain","Users want more depth, options, or customization","2021-01-17T09:22:34-07:00","https://itunes.apple.com/us/rss/customerreviews/id=1176695165/sortBy=mostRecent/json"
"1176695165","Yoga International","avatar_identity_coaching","medium_high","1","pain_subscription_value","pain","Subscription or paywall does not feel worth it","2020-12-13T11:25:15-07:00","https://itunes.apple.com/us/rss/customerreviews/id=1176695165/sortBy=mostRecent/json"
"1176695165","Yoga International","avatar_identity_coaching","medium_high","1","jtbd_daily_anchor","jtbd","Give me a daily anchor I can return to","2020-11-11T09:33:54-07:00","https://itunes.apple.com/us/rss/customerreviews/id=1176695165/sortBy=mostRecent/json"
"1176695165","Yoga International","avatar_identity_coaching","medium_high","1","pain_subscription_value","pain","Subscription or paywall does not feel worth it","2020-11-11T09:33:54-07:00","https://itunes.apple.com/us/rss/customerreviews/id=1176695165/sortBy=mostRecent/json"
"1176695165","Yoga International","avatar_identity_coaching","medium_high","1","pain_reliability_breaks_ritual","pain","Bugs break trust and interrupt the ritual","2020-11-11T09:33:54-07:00","https://itunes.apple.com/us/rss/customerreviews/id=1176695165/sortBy=mostRecent/json"
"1176695165","Yoga International","avatar_identity_coaching","medium_high","1","pain_signup_access_friction","pain","Signup, access, or device friction blocks activation","2020-11-11T09:33:54-07:00","https://itunes.apple.com/us/rss/customerreviews/id=1176695165/sortBy=mostRecent/json"
"1176695165","Yoga International","avatar_identity_coaching","medium_high","3","jtbd_daily_anchor","jtbd","Give me a daily anchor I can return to","2020-10-23T08:12:25-07:00","https://itunes.apple.com/us/rss/customerreviews/id=1176695165/sortBy=mostRecent/json"
"1176695165","Yoga International","avatar_identity_coaching","medium_high","3","pain_reliability_breaks_ritual","pain","Bugs break trust and interrupt the ritual","2020-10-23T08:12:25-07:00","https://itunes.apple.com/us/rss/customerreviews/id=1176695165/sortBy=mostRecent/json"
"1176695165","Yoga International","avatar_identity_coaching","medium_high","3","pain_content_depth_customization","pain","Users want more depth, options, or customization","2020-10-23T08:12:25-07:00","https://itunes.apple.com/us/rss/customerreviews/id=1176695165/sortBy=mostRecent/json"
"1176695165","Yoga International","avatar_identity_coaching","medium_high","1","jtbd_make_growth_visible","jtbd","Show me visible progress so effort feels real","2020-10-20T14:58:00-07:00","https://itunes.apple.com/us/rss/customerreviews/id=1176695165/sortBy=mostRecent/json"
"1176695165","Yoga International","avatar_identity_coaching","medium_high","1","pain_subscription_value","pain","Subscription or paywall does not feel worth it","2020-10-20T14:58:00-07:00","https://itunes.apple.com/us/rss/customerreviews/id=1176695165/sortBy=mostRecent/json"
"1176695165","Yoga International","avatar_identity_coaching","medium_high","1","pain_trust_accuracy_safety","pain","Trust, accuracy, or spiritual safety concerns","2020-10-20T14:58:00-07:00","https://itunes.apple.com/us/rss/customerreviews/id=1176695165/sortBy=mostRecent/json"
"1176695165","Yoga International","avatar_identity_coaching","medium_high","1","pain_subscription_value","pain","Subscription or paywall does not feel worth it","2020-10-05T10:33:31-07:00","https://itunes.apple.com/us/rss/customerreviews/id=1176695165/sortBy=mostRecent/json"
"1176695165","Yoga International","avatar_identity_coaching","medium_high","1","pain_trust_accuracy_safety","pain","Trust, accuracy, or spiritual safety concerns","2020-10-05T10:33:31-07:00","https://itunes.apple.com/us/rss/customerreviews/id=1176695165/sortBy=mostRecent/json"
"1176695165","Yoga International","avatar_identity_coaching","medium_high","1","jtbd_fast_emotional_reset","jtbd","Help me calm down or reset quickly","2020-10-05T05:27:50-07:00","https://itunes.apple.com/us/rss/customerreviews/id=1176695165/sortBy=mostRecent/json"
"1176695165","Yoga International","avatar_identity_coaching","medium_high","1","jtbd_make_growth_visible","jtbd","Show me visible progress so effort feels real","2020-10-05T05:27:50-07:00","https://itunes.apple.com/us/rss/customerreviews/id=1176695165/sortBy=mostRecent/json"
"1176695165","Yoga International","avatar_identity_coaching","medium_high","1","jtbd_structure_self_improvement","jtbd","Turn vague self-improvement into concrete actions","2020-10-05T05:27:50-07:00","https://itunes.apple.com/us/rss/customerreviews/id=1176695165/sortBy=mostRecent/json"
"1176695165","Yoga International","avatar_identity_coaching","medium_high","1","pain_subscription_value","pain","Subscription or paywall does not feel worth it","2020-10-05T05:27:50-07:00","https://itunes.apple.com/us/rss/customerreviews/id=1176695165/sortBy=mostRecent/json"
"1176695165","Yoga International","avatar_identity_coaching","medium_high","1","pain_content_depth_customization","pain","Users want more depth, options, or customization","2020-10-05T05:27:50-07:00","https://itunes.apple.com/us/rss/customerreviews/id=1176695165/sortBy=mostRecent/json"
"1176695165","Yoga International","avatar_identity_coaching","medium_high","1","pain_signup_access_friction","pain","Signup, access, or device friction blocks activation","2020-10-05T05:27:50-07:00","https://itunes.apple.com/us/rss/customerreviews/id=1176695165/sortBy=mostRecent/json"
"1176695165","Yoga International","avatar_identity_coaching","medium_high","1","pain_subscription_value","pain","Subscription or paywall does not feel worth it","2020-10-01T09:11:00-07:00","https://itunes.apple.com/us/rss/customerreviews/id=1176695165/sortBy=mostRecent/json"
"1176695165","Yoga International","avatar_identity_coaching","medium_high","1","pain_content_depth_customization","pain","Users want more depth, options, or customization","2020-10-01T09:11:00-07:00","https://itunes.apple.com/us/rss/customerreviews/id=1176695165/sortBy=mostRecent/json"
"1176695165","Yoga International","avatar_identity_coaching","medium_high","2","pain_reliability_breaks_ritual","pain","Bugs break trust and interrupt the ritual","2020-09-22T14:56:10-07:00","https://itunes.apple.com/us/rss/customerreviews/id=1176695165/sortBy=mostRecent/json"
"1176695165","Yoga International","avatar_identity_coaching","medium_high","2","jtbd_make_growth_visible","jtbd","Show me visible progress so effort feels real","2020-09-19T08:56:53-07:00","https://itunes.apple.com/us/rss/customerreviews/id=1176695165/sortBy=mostRecent/json"
"1176695165","Yoga International","avatar_identity_coaching","medium_high","2","pain_reliability_breaks_ritual","pain","Bugs break trust and interrupt the ritual","2020-09-19T08:56:53-07:00","https://itunes.apple.com/us/rss/customerreviews/id=1176695165/sortBy=mostRecent/json"
"1176695165","Yoga International","avatar_identity_coaching","medium_high","2","pain_content_depth_customization","pain","Users want more depth, options, or customization","2020-09-19T08:56:53-07:00","https://itunes.apple.com/us/rss/customerreviews/id=1176695165/sortBy=mostRecent/json"
"1176695165","Yoga International","avatar_identity_coaching","medium_high","1","pain_subscription_value","pain","Subscription or paywall does not feel worth it","2020-09-16T10:20:23-07:00","https://itunes.apple.com/us/rss/customerreviews/id=1176695165/sortBy=mostRecent/json"
"1176695165","Yoga International","avatar_identity_coaching","medium_high","3","jtbd_make_growth_visible","jtbd","Show me visible progress so effort feels real","2020-08-05T12:55:56-07:00","https://itunes.apple.com/us/rss/customerreviews/id=1176695165/sortBy=mostRecent/json"
"1176695165","Yoga International","avatar_identity_coaching","medium_high","3","jtbd_structure_self_improvement","jtbd","Turn vague self-improvement into concrete actions","2020-08-05T12:55:56-07:00","https://itunes.apple.com/us/rss/customerreviews/id=1176695165/sortBy=mostRecent/json"
"1176695165","Yoga International","avatar_identity_coaching","medium_high","3","pain_content_depth_customization","pain","Users want more depth, options, or customization","2020-08-05T12:55:56-07:00","https://itunes.apple.com/us/rss/customerreviews/id=1176695165/sortBy=mostRecent/json"
"1176695165","Yoga International","avatar_identity_coaching","medium_high","5","pain_signup_access_friction","pain","Signup, access, or device friction blocks activation","2020-07-09T07:43:11-07:00","https://itunes.apple.com/us/rss/customerreviews/id=1176695165/sortBy=mostRecent/json"
"1176695165","Yoga International","avatar_identity_coaching","medium_high","1","jtbd_make_growth_visible","jtbd","Show me visible progress so effort feels real","2020-06-26T10:11:35-07:00","https://itunes.apple.com/us/rss/customerreviews/id=1176695165/sortBy=mostRecent/json"
"1176695165","Yoga International","avatar_identity_coaching","medium_high","1","pain_subscription_value","pain","Subscription or paywall does not feel worth it","2020-06-26T10:11:35-07:00","https://itunes.apple.com/us/rss/customerreviews/id=1176695165/sortBy=mostRecent/json"
"1176695165","Yoga International","avatar_identity_coaching","medium_high","1","pain_content_depth_customization","pain","Users want more depth, options, or customization","2020-06-26T10:11:35-07:00","https://itunes.apple.com/us/rss/customerreviews/id=1176695165/sortBy=mostRecent/json"
"1176695165","Yoga International","avatar_identity_coaching","medium_high","1","pain_trust_accuracy_safety","pain","Trust, accuracy, or spiritual safety concerns","2020-06-26T10:11:35-07:00","https://itunes.apple.com/us/rss/customerreviews/id=1176695165/sortBy=mostRecent/json"
"1176695165","Yoga International","avatar_identity_coaching","medium_high","1","pain_subscription_value","pain","Subscription or paywall does not feel worth it","2020-06-21T05:45:09-07:00","https://itunes.apple.com/us/rss/customerreviews/id=1176695165/sortBy=mostRecent/json"
"1176695165","Yoga International","avatar_identity_coaching","medium_high","1","pain_content_depth_customization","pain","Users want more depth, options, or customization","2020-06-21T05:45:09-07:00","https://itunes.apple.com/us/rss/customerreviews/id=1176695165/sortBy=mostRecent/json"
"1176695165","Yoga International","avatar_identity_coaching","medium_high","1","pain_subscription_value","pain","Subscription or paywall does not feel worth it","2020-06-16T15:55:35-07:00","https://itunes.apple.com/us/rss/customerreviews/id=1176695165/sortBy=mostRecent/json"
"1176695165","Yoga International","avatar_identity_coaching","medium_high","1","pain_content_depth_customization","pain","Users want more depth, options, or customization","2020-06-16T15:55:35-07:00","https://itunes.apple.com/us/rss/customerreviews/id=1176695165/sortBy=mostRecent/json"
"1176695165","Yoga International","avatar_identity_coaching","medium_high","5","jtbd_belonging_accountability","jtbd","Feel accompanied or accountable","2020-05-09T05:44:26-07:00","https://itunes.apple.com/us/rss/customerreviews/id=1176695165/sortBy=mostRecent/json"
"1176695165","Yoga International","avatar_identity_coaching","medium_high","4","pain_signup_access_friction","pain","Signup, access, or device friction blocks activation","2020-04-01T11:51:37-07:00","https://itunes.apple.com/us/rss/customerreviews/id=1176695165/sortBy=mostRecent/json"
"1176695165","Yoga International","avatar_identity_coaching","medium_high","1","pain_reliability_breaks_ritual","pain","Bugs break trust and interrupt the ritual","2020-03-28T13:10:35-07:00","https://itunes.apple.com/us/rss/customerreviews/id=1176695165/sortBy=mostRecent/json"
"1176695165","Yoga International","avatar_identity_coaching","medium_high","1","pain_content_depth_customization","pain","Users want more depth, options, or customization","2020-03-28T13:10:35-07:00","https://itunes.apple.com/us/rss/customerreviews/id=1176695165/sortBy=mostRecent/json"
"1176695165","Yoga International","avatar_identity_coaching","medium_high","5","jtbd_daily_anchor","jtbd","Give me a daily anchor I can return to","2020-03-22T15:16:38-07:00","https://itunes.apple.com/us/rss/customerreviews/id=1176695165/sortBy=mostRecent/json"
"6758316493","PALs by Tavus: AI Companions","tarot_or_oracle_guidance","medium_high","5","jtbd_belonging_accountability","jtbd","Feel accompanied or accountable","2026-04-21T15:34:16-07:00","https://itunes.apple.com/us/rss/customerreviews/id=6758316493/sortBy=mostRecent/json"
"6758316493","PALs by Tavus: AI Companions","tarot_or_oracle_guidance","medium_high","5","pain_content_depth_customization","pain","Users want more depth, options, or customization","2026-04-10T08:00:27-07:00","https://itunes.apple.com/us/rss/customerreviews/id=6758316493/sortBy=mostRecent/json"
"6758316493","PALs by Tavus: AI Companions","tarot_or_oracle_guidance","medium_high","5","jtbd_belonging_accountability","jtbd","Feel accompanied or accountable","2026-04-09T15:21:11-07:00","https://itunes.apple.com/us/rss/customerreviews/id=6758316493/sortBy=mostRecent/json"
"6758316493","PALs by Tavus: AI Companions","tarot_or_oracle_guidance","medium_high","5","pain_content_depth_customization","pain","Users want more depth, options, or customization","2026-04-09T15:21:11-07:00","https://itunes.apple.com/us/rss/customerreviews/id=6758316493/sortBy=mostRecent/json"
"6758316493","PALs by Tavus: AI Companions","tarot_or_oracle_guidance","medium_high","5","jtbd_make_growth_visible","jtbd","Show me visible progress so effort feels real","2026-04-06T13:13:48-07:00","https://itunes.apple.com/us/rss/customerreviews/id=6758316493/sortBy=mostRecent/json"
"6758316493","PALs by Tavus: AI Companions","tarot_or_oracle_guidance","medium_high","5","pain_content_depth_customization","pain","Users want more depth, options, or customization","2026-04-03T21:00:01-07:00","https://itunes.apple.com/us/rss/customerreviews/id=6758316493/sortBy=mostRecent/json"
"6758316493","PALs by Tavus: AI Companions","tarot_or_oracle_guidance","medium_high","5","jtbd_make_growth_visible","jtbd","Show me visible progress so effort feels real","2026-04-03T11:45:15-07:00","https://itunes.apple.com/us/rss/customerreviews/id=6758316493/sortBy=mostRecent/json"
"6758316493","PALs by Tavus: AI Companions","tarot_or_oracle_guidance","medium_high","5","pain_trust_accuracy_safety","pain","Trust, accuracy, or spiritual safety concerns","2026-04-03T11:45:15-07:00","https://itunes.apple.com/us/rss/customerreviews/id=6758316493/sortBy=mostRecent/json"
"1188080269","Unplug: Meditation","avatar_identity_coaching","medium_high","5","jtbd_fast_emotional_reset","jtbd","Help me calm down or reset quickly","2026-04-18T23:11:09-07:00","https://itunes.apple.com/us/rss/customerreviews/id=1188080269/sortBy=mostRecent/json"
"1188080269","Unplug: Meditation","avatar_identity_coaching","medium_high","5","pain_content_depth_customization","pain","Users want more depth, options, or customization","2026-04-16T04:04:47-07:00","https://itunes.apple.com/us/rss/customerreviews/id=1188080269/sortBy=mostRecent/json"
"1188080269","Unplug: Meditation","avatar_identity_coaching","medium_high","5","pain_subscription_value","pain","Subscription or paywall does not feel worth it","2026-04-05T13:13:29-07:00","https://itunes.apple.com/us/rss/customerreviews/id=1188080269/sortBy=mostRecent/json"
"1188080269","Unplug: Meditation","avatar_identity_coaching","medium_high","5","pain_content_depth_customization","pain","Users want more depth, options, or customization","2026-04-05T13:13:29-07:00","https://itunes.apple.com/us/rss/customerreviews/id=1188080269/sortBy=mostRecent/json"
"1188080269","Unplug: Meditation","avatar_identity_coaching","medium_high","5","jtbd_daily_anchor","jtbd","Give me a daily anchor I can return to","2026-01-08T09:17:41-07:00","https://itunes.apple.com/us/rss/customerreviews/id=1188080269/sortBy=mostRecent/json"
"1188080269","Unplug: Meditation","avatar_identity_coaching","medium_high","5","jtbd_structure_self_improvement","jtbd","Turn vague self-improvement into concrete actions","2026-01-08T09:17:41-07:00","https://itunes.apple.com/us/rss/customerreviews/id=1188080269/sortBy=mostRecent/json"
"1188080269","Unplug: Meditation","avatar_identity_coaching","medium_high","5","jtbd_daily_anchor","jtbd","Give me a daily anchor I can return to","2025-12-16T19:10:18-07:00","https://itunes.apple.com/us/rss/customerreviews/id=1188080269/sortBy=mostRecent/json"
"1188080269","Unplug: Meditation","avatar_identity_coaching","medium_high","5","jtbd_fast_emotional_reset","jtbd","Help me calm down or reset quickly","2025-12-16T19:10:18-07:00","https://itunes.apple.com/us/rss/customerreviews/id=1188080269/sortBy=mostRecent/json"
"1188080269","Unplug: Meditation","avatar_identity_coaching","medium_high","5","jtbd_daily_anchor","jtbd","Give me a daily anchor I can return to","2025-12-11T03:43:14-07:00","https://itunes.apple.com/us/rss/customerreviews/id=1188080269/sortBy=mostRecent/json"
"1188080269","Unplug: Meditation","avatar_identity_coaching","medium_high","5","jtbd_fast_emotional_reset","jtbd","Help me calm down or reset quickly","2025-12-08T19:48:02-07:00","https://itunes.apple.com/us/rss/customerreviews/id=1188080269/sortBy=mostRecent/json"
"1188080269","Unplug: Meditation","avatar_identity_coaching","medium_high","5","jtbd_daily_anchor","jtbd","Give me a daily anchor I can return to","2025-10-07T09:48:10-07:00","https://itunes.apple.com/us/rss/customerreviews/id=1188080269/sortBy=mostRecent/json"
"1188080269","Unplug: Meditation","avatar_identity_coaching","medium_high","5","jtbd_fast_emotional_reset","jtbd","Help me calm down or reset quickly","2025-10-07T00:22:52-07:00","https://itunes.apple.com/us/rss/customerreviews/id=1188080269/sortBy=mostRecent/json"
"1188080269","Unplug: Meditation","avatar_identity_coaching","medium_high","5","jtbd_structure_self_improvement","jtbd","Turn vague self-improvement into concrete actions","2025-10-07T00:22:52-07:00","https://itunes.apple.com/us/rss/customerreviews/id=1188080269/sortBy=mostRecent/json"
"1188080269","Unplug: Meditation","avatar_identity_coaching","medium_high","5","pain_content_depth_customization","pain","Users want more depth, options, or customization","2025-10-07T00:22:52-07:00","https://itunes.apple.com/us/rss/customerreviews/id=1188080269/sortBy=mostRecent/json"
"1188080269","Unplug: Meditation","avatar_identity_coaching","medium_high","5","jtbd_fast_emotional_reset","jtbd","Help me calm down or reset quickly","2025-10-06T19:46:48-07:00","https://itunes.apple.com/us/rss/customerreviews/id=1188080269/sortBy=mostRecent/json"
"1188080269","Unplug: Meditation","avatar_identity_coaching","medium_high","5","jtbd_daily_anchor","jtbd","Give me a daily anchor I can return to","2025-09-24T23:41:49-07:00","https://itunes.apple.com/us/rss/customerreviews/id=1188080269/sortBy=mostRecent/json"
"1188080269","Unplug: Meditation","avatar_identity_coaching","medium_high","5","jtbd_fast_emotional_reset","jtbd","Help me calm down or reset quickly","2025-09-24T23:41:49-07:00","https://itunes.apple.com/us/rss/customerreviews/id=1188080269/sortBy=mostRecent/json"
"1188080269","Unplug: Meditation","avatar_identity_coaching","medium_high","5","jtbd_make_growth_visible","jtbd","Show me visible progress so effort feels real","2025-09-24T23:41:49-07:00","https://itunes.apple.com/us/rss/customerreviews/id=1188080269/sortBy=mostRecent/json"
"1188080269","Unplug: Meditation","avatar_identity_coaching","medium_high","5","jtbd_structure_self_improvement","jtbd","Turn vague self-improvement into concrete actions","2025-09-24T23:41:49-07:00","https://itunes.apple.com/us/rss/customerreviews/id=1188080269/sortBy=mostRecent/json"
"1188080269","Unplug: Meditation","avatar_identity_coaching","medium_high","5","pain_content_depth_customization","pain","Users want more depth, options, or customization","2025-09-24T23:41:49-07:00","https://itunes.apple.com/us/rss/customerreviews/id=1188080269/sortBy=mostRecent/json"
"1188080269","Unplug: Meditation","avatar_identity_coaching","medium_high","5","jtbd_fast_emotional_reset","jtbd","Help me calm down or reset quickly","2025-08-06T07:34:36-07:00","https://itunes.apple.com/us/rss/customerreviews/id=1188080269/sortBy=mostRecent/json"
"1188080269","Unplug: Meditation","avatar_identity_coaching","medium_high","5","jtbd_daily_anchor","jtbd","Give me a daily anchor I can return to","2025-07-31T02:10:35-07:00","https://itunes.apple.com/us/rss/customerreviews/id=1188080269/sortBy=mostRecent/json"
"1188080269","Unplug: Meditation","avatar_identity_coaching","medium_high","5","jtbd_make_growth_visible","jtbd","Show me visible progress so effort feels real","2025-06-12T16:06:37-07:00","https://itunes.apple.com/us/rss/customerreviews/id=1188080269/sortBy=mostRecent/json"
"1188080269","Unplug: Meditation","avatar_identity_coaching","medium_high","5","jtbd_belonging_accountability","jtbd","Feel accompanied or accountable","2025-06-12T12:26:48-07:00","https://itunes.apple.com/us/rss/customerreviews/id=1188080269/sortBy=mostRecent/json"
"1188080269","Unplug: Meditation","avatar_identity_coaching","medium_high","5","pain_subscription_value","pain","Subscription or paywall does not feel worth it","2025-06-12T11:28:33-07:00","https://itunes.apple.com/us/rss/customerreviews/id=1188080269/sortBy=mostRecent/json"
"1188080269","Unplug: Meditation","avatar_identity_coaching","medium_high","5","pain_content_depth_customization","pain","Users want more depth, options, or customization","2025-06-12T11:28:33-07:00","https://itunes.apple.com/us/rss/customerreviews/id=1188080269/sortBy=mostRecent/json"
"1188080269","Unplug: Meditation","avatar_identity_coaching","medium_high","5","jtbd_belonging_accountability","jtbd","Feel accompanied or accountable","2025-06-12T10:29:00-07:00","https://itunes.apple.com/us/rss/customerreviews/id=1188080269/sortBy=mostRecent/json"
"1188080269","Unplug: Meditation","avatar_identity_coaching","medium_high","5","jtbd_daily_anchor","jtbd","Give me a daily anchor I can return to","2025-06-12T10:18:02-07:00","https://itunes.apple.com/us/rss/customerreviews/id=1188080269/sortBy=mostRecent/json"
"1188080269","Unplug: Meditation","avatar_identity_coaching","medium_high","5","jtbd_fast_emotional_reset","jtbd","Help me calm down or reset quickly","2025-06-12T06:07:37-07:00","https://itunes.apple.com/us/rss/customerreviews/id=1188080269/sortBy=mostRecent/json"
"1188080269","Unplug: Meditation","avatar_identity_coaching","medium_high","5","jtbd_make_growth_visible","jtbd","Show me visible progress so effort feels real","2025-05-29T08:38:35-07:00","https://itunes.apple.com/us/rss/customerreviews/id=1188080269/sortBy=mostRecent/json"
"1188080269","Unplug: Meditation","avatar_identity_coaching","medium_high","5","jtbd_fast_emotional_reset","jtbd","Help me calm down or reset quickly","2025-05-29T08:03:19-07:00","https://itunes.apple.com/us/rss/customerreviews/id=1188080269/sortBy=mostRecent/json"
"1188080269","Unplug: Meditation","avatar_identity_coaching","medium_high","1","pain_subscription_value","pain","Subscription or paywall does not feel worth it","2025-05-05T06:18:24-07:00","https://itunes.apple.com/us/rss/customerreviews/id=1188080269/sortBy=mostRecent/json"
"1188080269","Unplug: Meditation","avatar_identity_coaching","medium_high","1","pain_signup_access_friction","pain","Signup, access, or device friction blocks activation","2025-05-05T06:18:24-07:00","https://itunes.apple.com/us/rss/customerreviews/id=1188080269/sortBy=mostRecent/json"
"1188080269","Unplug: Meditation","avatar_identity_coaching","medium_high","5","jtbd_fast_emotional_reset","jtbd","Help me calm down or reset quickly","2025-05-02T08:40:14-07:00","https://itunes.apple.com/us/rss/customerreviews/id=1188080269/sortBy=mostRecent/json"
"1188080269","Unplug: Meditation","avatar_identity_coaching","medium_high","5","jtbd_make_growth_visible","jtbd","Show me visible progress so effort feels real","2025-05-02T08:40:14-07:00","https://itunes.apple.com/us/rss/customerreviews/id=1188080269/sortBy=mostRecent/json"
"1188080269","Unplug: Meditation","avatar_identity_coaching","medium_high","1","jtbd_fast_emotional_reset","jtbd","Help me calm down or reset quickly","2025-04-27T18:10:28-07:00","https://itunes.apple.com/us/rss/customerreviews/id=1188080269/sortBy=mostRecent/json"
"1188080269","Unplug: Meditation","avatar_identity_coaching","medium_high","5","jtbd_fast_emotional_reset","jtbd","Help me calm down or reset quickly","2025-04-24T04:10:06-07:00","https://itunes.apple.com/us/rss/customerreviews/id=1188080269/sortBy=mostRecent/json"
"1188080269","Unplug: Meditation","avatar_identity_coaching","medium_high","4","jtbd_daily_anchor","jtbd","Give me a daily anchor I can return to","2025-03-12T05:04:52-07:00","https://itunes.apple.com/us/rss/customerreviews/id=1188080269/sortBy=mostRecent/json"
"1188080269","Unplug: Meditation","avatar_identity_coaching","medium_high","5","jtbd_fast_emotional_reset","jtbd","Help me calm down or reset quickly","2025-02-24T04:55:53-07:00","https://itunes.apple.com/us/rss/customerreviews/id=1188080269/sortBy=mostRecent/json"
"1199335009","Testimonio","faith_devotional_habit","medium_high","5","jtbd_fast_emotional_reset","jtbd","Help me calm down or reset quickly","2026-03-19T10:58:06-07:00","https://itunes.apple.com/us/rss/customerreviews/id=1199335009/sortBy=mostRecent/json"
"1199335009","Testimonio","faith_devotional_habit","medium_high","5","jtbd_daily_anchor","jtbd","Give me a daily anchor I can return to","2026-03-18T20:37:33-07:00","https://itunes.apple.com/us/rss/customerreviews/id=1199335009/sortBy=mostRecent/json"
"1199335009","Testimonio","faith_devotional_habit","medium_high","5","jtbd_daily_anchor","jtbd","Give me a daily anchor I can return to","2026-03-18T18:44:41-07:00","https://itunes.apple.com/us/rss/customerreviews/id=1199335009/sortBy=mostRecent/json"
"1199335009","Testimonio","faith_devotional_habit","medium_high","5","jtbd_fast_emotional_reset","jtbd","Help me calm down or reset quickly","2026-03-18T18:44:41-07:00","https://itunes.apple.com/us/rss/customerreviews/id=1199335009/sortBy=mostRecent/json"
"1199335009","Testimonio","faith_devotional_habit","medium_high","4","pain_content_depth_customization","pain","Users want more depth, options, or customization","2022-10-21T04:17:49-07:00","https://itunes.apple.com/us/rss/customerreviews/id=1199335009/sortBy=mostRecent/json"
"1199335009","Testimonio","faith_devotional_habit","medium_high","3","pain_reliability_breaks_ritual","pain","Bugs break trust and interrupt the ritual","2022-04-22T04:49:54-07:00","https://itunes.apple.com/us/rss/customerreviews/id=1199335009/sortBy=mostRecent/json"
"1199335009","Testimonio","faith_devotional_habit","medium_high","3","pain_content_depth_customization","pain","Users want more depth, options, or customization","2022-04-22T04:49:54-07:00","https://itunes.apple.com/us/rss/customerreviews/id=1199335009/sortBy=mostRecent/json"
"1199335009","Testimonio","faith_devotional_habit","medium_high","3","pain_signup_access_friction","pain","Signup, access, or device friction blocks activation","2022-04-22T04:49:54-07:00","https://itunes.apple.com/us/rss/customerreviews/id=1199335009/sortBy=mostRecent/json"
"1199335009","Testimonio","faith_devotional_habit","medium_high","1","pain_signup_access_friction","pain","Signup, access, or device friction blocks activation","2021-09-08T07:36:29-07:00","https://itunes.apple.com/us/rss/customerreviews/id=1199335009/sortBy=mostRecent/json"
"1199335009","Testimonio","faith_devotional_habit","medium_high","5","jtbd_make_growth_visible","jtbd","Show me visible progress so effort feels real","2021-03-12T13:36:59-07:00","https://itunes.apple.com/us/rss/customerreviews/id=1199335009/sortBy=mostRecent/json"
"1199335009","Testimonio","faith_devotional_habit","medium_high","5","jtbd_daily_anchor","jtbd","Give me a daily anchor I can return to","2021-03-11T21:27:18-07:00","https://itunes.apple.com/us/rss/customerreviews/id=1199335009/sortBy=mostRecent/json"
"1199335009","Testimonio","faith_devotional_habit","medium_high","5","jtbd_daily_anchor","jtbd","Give me a daily anchor I can return to","2021-02-26T15:08:21-07:00","https://itunes.apple.com/us/rss/customerreviews/id=1199335009/sortBy=mostRecent/json"
"1199335009","Testimonio","faith_devotional_habit","medium_high","5","pain_content_depth_customization","pain","Users want more depth, options, or customization","2021-02-23T14:04:18-07:00","https://itunes.apple.com/us/rss/customerreviews/id=1199335009/sortBy=mostRecent/json"
"732850216","HOLOSYNC® MEDITATION: BRAINWAVE TRAINING FOR RELAXATION, PROSPERITY, LOVE, HEALTH & SUCCESS","manifestation_tool","medium_high","2","pain_subscription_value","pain","Subscription or paywall does not feel worth it","2025-08-26T13:32:36-07:00","https://itunes.apple.com/us/rss/customerreviews/id=732850216/sortBy=mostRecent/json"
"732850216","HOLOSYNC® MEDITATION: BRAINWAVE TRAINING FOR RELAXATION, PROSPERITY, LOVE, HEALTH & SUCCESS","manifestation_tool","medium_high","1","pain_reliability_breaks_ritual","pain","Bugs break trust and interrupt the ritual","2025-02-16T10:08:32-07:00","https://itunes.apple.com/us/rss/customerreviews/id=732850216/sortBy=mostRecent/json"
"732850216","HOLOSYNC® MEDITATION: BRAINWAVE TRAINING FOR RELAXATION, PROSPERITY, LOVE, HEALTH & SUCCESS","manifestation_tool","medium_high","1","pain_signup_access_friction","pain","Signup, access, or device friction blocks activation","2025-02-16T10:08:32-07:00","https://itunes.apple.com/us/rss/customerreviews/id=732850216/sortBy=mostRecent/json"
"732850216","HOLOSYNC® MEDITATION: BRAINWAVE TRAINING FOR RELAXATION, PROSPERITY, LOVE, HEALTH & SUCCESS","manifestation_tool","medium_high","1","pain_subscription_value","pain","Subscription or paywall does not feel worth it","2023-10-26T11:48:59-07:00","https://itunes.apple.com/us/rss/customerreviews/id=732850216/sortBy=mostRecent/json"
"732850216","HOLOSYNC® MEDITATION: BRAINWAVE TRAINING FOR RELAXATION, PROSPERITY, LOVE, HEALTH & SUCCESS","manifestation_tool","medium_high","1","pain_trust_accuracy_safety","pain","Trust, accuracy, or spiritual safety concerns","2023-10-26T11:48:59-07:00","https://itunes.apple.com/us/rss/customerreviews/id=732850216/sortBy=mostRecent/json"
"732850216","HOLOSYNC® MEDITATION: BRAINWAVE TRAINING FOR RELAXATION, PROSPERITY, LOVE, HEALTH & SUCCESS","manifestation_tool","medium_high","1","pain_signup_access_friction","pain","Signup, access, or device friction blocks activation","2023-10-26T11:48:59-07:00","https://itunes.apple.com/us/rss/customerreviews/id=732850216/sortBy=mostRecent/json"
"732850216","HOLOSYNC® MEDITATION: BRAINWAVE TRAINING FOR RELAXATION, PROSPERITY, LOVE, HEALTH & SUCCESS","manifestation_tool","medium_high","1","pain_reliability_breaks_ritual","pain","Bugs break trust and interrupt the ritual","2023-07-26T00:10:18-07:00","https://itunes.apple.com/us/rss/customerreviews/id=732850216/sortBy=mostRecent/json"
"732850216","HOLOSYNC® MEDITATION: BRAINWAVE TRAINING FOR RELAXATION, PROSPERITY, LOVE, HEALTH & SUCCESS","manifestation_tool","medium_high","1","pain_trust_accuracy_safety","pain","Trust, accuracy, or spiritual safety concerns","2023-07-26T00:10:18-07:00","https://itunes.apple.com/us/rss/customerreviews/id=732850216/sortBy=mostRecent/json"
"732850216","HOLOSYNC® MEDITATION: BRAINWAVE TRAINING FOR RELAXATION, PROSPERITY, LOVE, HEALTH & SUCCESS","manifestation_tool","medium_high","1","pain_reliability_breaks_ritual","pain","Bugs break trust and interrupt the ritual","2023-02-20T10:51:40-07:00","https://itunes.apple.com/us/rss/customerreviews/id=732850216/sortBy=mostRecent/json"
"732850216","HOLOSYNC® MEDITATION: BRAINWAVE TRAINING FOR RELAXATION, PROSPERITY, LOVE, HEALTH & SUCCESS","manifestation_tool","medium_high","1","pain_content_depth_customization","pain","Users want more depth, options, or customization","2023-02-20T10:51:40-07:00","https://itunes.apple.com/us/rss/customerreviews/id=732850216/sortBy=mostRecent/json"
"732850216","HOLOSYNC® MEDITATION: BRAINWAVE TRAINING FOR RELAXATION, PROSPERITY, LOVE, HEALTH & SUCCESS","manifestation_tool","medium_high","2","jtbd_make_growth_visible","jtbd","Show me visible progress so effort feels real","2022-11-19T08:15:44-07:00","https://itunes.apple.com/us/rss/customerreviews/id=732850216/sortBy=mostRecent/json"
"732850216","HOLOSYNC® MEDITATION: BRAINWAVE TRAINING FOR RELAXATION, PROSPERITY, LOVE, HEALTH & SUCCESS","manifestation_tool","medium_high","2","pain_content_depth_customization","pain","Users want more depth, options, or customization","2022-11-19T08:15:44-07:00","https://itunes.apple.com/us/rss/customerreviews/id=732850216/sortBy=mostRecent/json"
"732850216","HOLOSYNC® MEDITATION: BRAINWAVE TRAINING FOR RELAXATION, PROSPERITY, LOVE, HEALTH & SUCCESS","manifestation_tool","medium_high","2","pain_signup_access_friction","pain","Signup, access, or device friction blocks activation","2022-11-19T08:15:44-07:00","https://itunes.apple.com/us/rss/customerreviews/id=732850216/sortBy=mostRecent/json"
"732850216","HOLOSYNC® MEDITATION: BRAINWAVE TRAINING FOR RELAXATION, PROSPERITY, LOVE, HEALTH & SUCCESS","manifestation_tool","medium_high","1","pain_content_depth_customization","pain","Users want more depth, options, or customization","2022-05-05T02:31:57-07:00","https://itunes.apple.com/us/rss/customerreviews/id=732850216/sortBy=mostRecent/json"
"732850216","HOLOSYNC® MEDITATION: BRAINWAVE TRAINING FOR RELAXATION, PROSPERITY, LOVE, HEALTH & SUCCESS","manifestation_tool","medium_high","2","jtbd_fast_emotional_reset","jtbd","Help me calm down or reset quickly","2022-01-18T10:38:12-07:00","https://itunes.apple.com/us/rss/customerreviews/id=732850216/sortBy=mostRecent/json"
"732850216","HOLOSYNC® MEDITATION: BRAINWAVE TRAINING FOR RELAXATION, PROSPERITY, LOVE, HEALTH & SUCCESS","manifestation_tool","medium_high","2","pain_content_depth_customization","pain","Users want more depth, options, or customization","2022-01-18T10:38:12-07:00","https://itunes.apple.com/us/rss/customerreviews/id=732850216/sortBy=mostRecent/json"
"732850216","HOLOSYNC® MEDITATION: BRAINWAVE TRAINING FOR RELAXATION, PROSPERITY, LOVE, HEALTH & SUCCESS","manifestation_tool","medium_high","2","pain_signup_access_friction","pain","Signup, access, or device friction blocks activation","2022-01-18T10:38:12-07:00","https://itunes.apple.com/us/rss/customerreviews/id=732850216/sortBy=mostRecent/json"
"732850216","HOLOSYNC® MEDITATION: BRAINWAVE TRAINING FOR RELAXATION, PROSPERITY, LOVE, HEALTH & SUCCESS","manifestation_tool","medium_high","5","jtbd_fast_emotional_reset","jtbd","Help me calm down or reset quickly","2021-11-06T20:42:47-07:00","https://itunes.apple.com/us/rss/customerreviews/id=732850216/sortBy=mostRecent/json"
"732850216","HOLOSYNC® MEDITATION: BRAINWAVE TRAINING FOR RELAXATION, PROSPERITY, LOVE, HEALTH & SUCCESS","manifestation_tool","medium_high","1","pain_content_depth_customization","pain","Users want more depth, options, or customization","2021-01-23T12:10:42-07:00","https://itunes.apple.com/us/rss/customerreviews/id=732850216/sortBy=mostRecent/json"
"732850216","HOLOSYNC® MEDITATION: BRAINWAVE TRAINING FOR RELAXATION, PROSPERITY, LOVE, HEALTH & SUCCESS","manifestation_tool","medium_high","1","pain_subscription_value","pain","Subscription or paywall does not feel worth it","2020-12-13T22:20:55-07:00","https://itunes.apple.com/us/rss/customerreviews/id=732850216/sortBy=mostRecent/json"
"732850216","HOLOSYNC® MEDITATION: BRAINWAVE TRAINING FOR RELAXATION, PROSPERITY, LOVE, HEALTH & SUCCESS","manifestation_tool","medium_high","3","pain_subscription_value","pain","Subscription or paywall does not feel worth it","2020-08-27T09:58:13-07:00","https://itunes.apple.com/us/rss/customerreviews/id=732850216/sortBy=mostRecent/json"
"732850216","HOLOSYNC® MEDITATION: BRAINWAVE TRAINING FOR RELAXATION, PROSPERITY, LOVE, HEALTH & SUCCESS","manifestation_tool","medium_high","3","pain_content_depth_customization","pain","Users want more depth, options, or customization","2020-08-27T09:58:13-07:00","https://itunes.apple.com/us/rss/customerreviews/id=732850216/sortBy=mostRecent/json"
"732850216","HOLOSYNC® MEDITATION: BRAINWAVE TRAINING FOR RELAXATION, PROSPERITY, LOVE, HEALTH & SUCCESS","manifestation_tool","medium_high","3","pain_signup_access_friction","pain","Signup, access, or device friction blocks activation","2020-08-27T09:58:13-07:00","https://itunes.apple.com/us/rss/customerreviews/id=732850216/sortBy=mostRecent/json"
"732850216","HOLOSYNC® MEDITATION: BRAINWAVE TRAINING FOR RELAXATION, PROSPERITY, LOVE, HEALTH & SUCCESS","manifestation_tool","medium_high","2","pain_reliability_breaks_ritual","pain","Bugs break trust and interrupt the ritual","2020-08-22T11:44:58-07:00","https://itunes.apple.com/us/rss/customerreviews/id=732850216/sortBy=mostRecent/json"
"732850216","HOLOSYNC® MEDITATION: BRAINWAVE TRAINING FOR RELAXATION, PROSPERITY, LOVE, HEALTH & SUCCESS","manifestation_tool","medium_high","5","jtbd_fast_emotional_reset","jtbd","Help me calm down or reset quickly","2020-07-18T06:09:18-07:00","https://itunes.apple.com/us/rss/customerreviews/id=732850216/sortBy=mostRecent/json"
"732850216","HOLOSYNC® MEDITATION: BRAINWAVE TRAINING FOR RELAXATION, PROSPERITY, LOVE, HEALTH & SUCCESS","manifestation_tool","medium_high","2","pain_content_depth_customization","pain","Users want more depth, options, or customization","2020-05-10T03:10:49-07:00","https://itunes.apple.com/us/rss/customerreviews/id=732850216/sortBy=mostRecent/json"
"732850216","HOLOSYNC® MEDITATION: BRAINWAVE TRAINING FOR RELAXATION, PROSPERITY, LOVE, HEALTH & SUCCESS","manifestation_tool","medium_high","1","pain_subscription_value","pain","Subscription or paywall does not feel worth it","2019-05-21T21:35:25-07:00","https://itunes.apple.com/us/rss/customerreviews/id=732850216/sortBy=mostRecent/json"
"732850216","HOLOSYNC® MEDITATION: BRAINWAVE TRAINING FOR RELAXATION, PROSPERITY, LOVE, HEALTH & SUCCESS","manifestation_tool","medium_high","1","pain_signup_access_friction","pain","Signup, access, or device friction blocks activation","2019-03-27T07:18:11-07:00","https://itunes.apple.com/us/rss/customerreviews/id=732850216/sortBy=mostRecent/json"
"732850216","HOLOSYNC® MEDITATION: BRAINWAVE TRAINING FOR RELAXATION, PROSPERITY, LOVE, HEALTH & SUCCESS","manifestation_tool","medium_high","5","jtbd_fast_emotional_reset","jtbd","Help me calm down or reset quickly","2018-10-12T05:40:43-07:00","https://itunes.apple.com/us/rss/customerreviews/id=732850216/sortBy=mostRecent/json"
"732850216","HOLOSYNC® MEDITATION: BRAINWAVE TRAINING FOR RELAXATION, PROSPERITY, LOVE, HEALTH & SUCCESS","manifestation_tool","medium_high","3","jtbd_fast_emotional_reset","jtbd","Help me calm down or reset quickly","2018-09-11T07:49:13-07:00","https://itunes.apple.com/us/rss/customerreviews/id=732850216/sortBy=mostRecent/json"
"732850216","HOLOSYNC® MEDITATION: BRAINWAVE TRAINING FOR RELAXATION, PROSPERITY, LOVE, HEALTH & SUCCESS","manifestation_tool","medium_high","3","pain_content_depth_customization","pain","Users want more depth, options, or customization","2018-09-11T07:49:13-07:00","https://itunes.apple.com/us/rss/customerreviews/id=732850216/sortBy=mostRecent/json"
"732850216","HOLOSYNC® MEDITATION: BRAINWAVE TRAINING FOR RELAXATION, PROSPERITY, LOVE, HEALTH & SUCCESS","manifestation_tool","medium_high","1","jtbd_fast_emotional_reset","jtbd","Help me calm down or reset quickly","2018-07-16T07:49:20-07:00","https://itunes.apple.com/us/rss/customerreviews/id=732850216/sortBy=mostRecent/json"
"732850216","HOLOSYNC® MEDITATION: BRAINWAVE TRAINING FOR RELAXATION, PROSPERITY, LOVE, HEALTH & SUCCESS","manifestation_tool","medium_high","1","jtbd_fast_emotional_reset","jtbd","Help me calm down or reset quickly","2018-05-05T12:17:39-07:00","https://itunes.apple.com/us/rss/customerreviews/id=732850216/sortBy=mostRecent/json"
"732850216","HOLOSYNC® MEDITATION: BRAINWAVE TRAINING FOR RELAXATION, PROSPERITY, LOVE, HEALTH & SUCCESS","manifestation_tool","medium_high","1","pain_content_depth_customization","pain","Users want more depth, options, or customization","2018-05-05T12:17:39-07:00","https://itunes.apple.com/us/rss/customerreviews/id=732850216/sortBy=mostRecent/json"
"732850216","HOLOSYNC® MEDITATION: BRAINWAVE TRAINING FOR RELAXATION, PROSPERITY, LOVE, HEALTH & SUCCESS","manifestation_tool","medium_high","4","jtbd_make_growth_visible","jtbd","Show me visible progress so effort feels real","2017-04-02T03:28:19-07:00","https://itunes.apple.com/us/rss/customerreviews/id=732850216/sortBy=mostRecent/json"
"732850216","HOLOSYNC® MEDITATION: BRAINWAVE TRAINING FOR RELAXATION, PROSPERITY, LOVE, HEALTH & SUCCESS","manifestation_tool","medium_high","4","jtbd_structure_self_improvement","jtbd","Turn vague self-improvement into concrete actions","2017-04-02T03:28:19-07:00","https://itunes.apple.com/us/rss/customerreviews/id=732850216/sortBy=mostRecent/json"
"732850216","HOLOSYNC® MEDITATION: BRAINWAVE TRAINING FOR RELAXATION, PROSPERITY, LOVE, HEALTH & SUCCESS","manifestation_tool","medium_high","4","pain_subscription_value","pain","Subscription or paywall does not feel worth it","2017-04-02T03:28:19-07:00","https://itunes.apple.com/us/rss/customerreviews/id=732850216/sortBy=mostRecent/json"
"732850216","HOLOSYNC® MEDITATION: BRAINWAVE TRAINING FOR RELAXATION, PROSPERITY, LOVE, HEALTH & SUCCESS","manifestation_tool","medium_high","4","pain_content_depth_customization","pain","Users want more depth, options, or customization","2017-04-02T03:28:19-07:00","https://itunes.apple.com/us/rss/customerreviews/id=732850216/sortBy=mostRecent/json"
"732850216","HOLOSYNC® MEDITATION: BRAINWAVE TRAINING FOR RELAXATION, PROSPERITY, LOVE, HEALTH & SUCCESS","manifestation_tool","medium_high","1","pain_subscription_value","pain","Subscription or paywall does not feel worth it","2017-01-05T15:32:38-07:00","https://itunes.apple.com/us/rss/customerreviews/id=732850216/sortBy=mostRecent/json"
"732850216","HOLOSYNC® MEDITATION: BRAINWAVE TRAINING FOR RELAXATION, PROSPERITY, LOVE, HEALTH & SUCCESS","manifestation_tool","medium_high","1","pain_subscription_value","pain","Subscription or paywall does not feel worth it","2016-11-14T11:11:27-07:00","https://itunes.apple.com/us/rss/customerreviews/id=732850216/sortBy=mostRecent/json"
"732850216","HOLOSYNC® MEDITATION: BRAINWAVE TRAINING FOR RELAXATION, PROSPERITY, LOVE, HEALTH & SUCCESS","manifestation_tool","medium_high","2","pain_reliability_breaks_ritual","pain","Bugs break trust and interrupt the ritual","2016-10-03T01:39:13-07:00","https://itunes.apple.com/us/rss/customerreviews/id=732850216/sortBy=mostRecent/json"
"732850216","HOLOSYNC® MEDITATION: BRAINWAVE TRAINING FOR RELAXATION, PROSPERITY, LOVE, HEALTH & SUCCESS","manifestation_tool","medium_high","2","pain_signup_access_friction","pain","Signup, access, or device friction blocks activation","2016-10-03T01:39:13-07:00","https://itunes.apple.com/us/rss/customerreviews/id=732850216/sortBy=mostRecent/json"
"732850216","HOLOSYNC® MEDITATION: BRAINWAVE TRAINING FOR RELAXATION, PROSPERITY, LOVE, HEALTH & SUCCESS","manifestation_tool","medium_high","1","pain_subscription_value","pain","Subscription or paywall does not feel worth it","2016-09-29T01:46:39-07:00","https://itunes.apple.com/us/rss/customerreviews/id=732850216/sortBy=mostRecent/json"
"732850216","HOLOSYNC® MEDITATION: BRAINWAVE TRAINING FOR RELAXATION, PROSPERITY, LOVE, HEALTH & SUCCESS","manifestation_tool","medium_high","1","pain_content_depth_customization","pain","Users want more depth, options, or customization","2016-09-29T01:46:39-07:00","https://itunes.apple.com/us/rss/customerreviews/id=732850216/sortBy=mostRecent/json"
"732850216","HOLOSYNC® MEDITATION: BRAINWAVE TRAINING FOR RELAXATION, PROSPERITY, LOVE, HEALTH & SUCCESS","manifestation_tool","medium_high","4","pain_content_depth_customization","pain","Users want more depth, options, or customization","2016-02-15T22:49:53-07:00","https://itunes.apple.com/us/rss/customerreviews/id=732850216/sortBy=mostRecent/json"
"732850216","HOLOSYNC® MEDITATION: BRAINWAVE TRAINING FOR RELAXATION, PROSPERITY, LOVE, HEALTH & SUCCESS","manifestation_tool","medium_high","1","pain_reliability_breaks_ritual","pain","Bugs break trust and interrupt the ritual","2015-09-13T13:11:25-07:00","https://itunes.apple.com/us/rss/customerreviews/id=732850216/sortBy=mostRecent/json"
"732850216","HOLOSYNC® MEDITATION: BRAINWAVE TRAINING FOR RELAXATION, PROSPERITY, LOVE, HEALTH & SUCCESS","manifestation_tool","medium_high","4","jtbd_make_growth_visible","jtbd","Show me visible progress so effort feels real","2015-04-07T19:07:34-07:00","https://itunes.apple.com/us/rss/customerreviews/id=732850216/sortBy=mostRecent/json"
"732850216","HOLOSYNC® MEDITATION: BRAINWAVE TRAINING FOR RELAXATION, PROSPERITY, LOVE, HEALTH & SUCCESS","manifestation_tool","medium_high","4","pain_content_depth_customization","pain","Users want more depth, options, or customization","2015-04-07T19:07:34-07:00","https://itunes.apple.com/us/rss/customerreviews/id=732850216/sortBy=mostRecent/json"
"732850216","HOLOSYNC® MEDITATION: BRAINWAVE TRAINING FOR RELAXATION, PROSPERITY, LOVE, HEALTH & SUCCESS","manifestation_tool","medium_high","1","jtbd_fast_emotional_reset","jtbd","Help me calm down or reset quickly","2015-04-06T10:46:10-07:00","https://itunes.apple.com/us/rss/customerreviews/id=732850216/sortBy=mostRecent/json"
"732850216","HOLOSYNC® MEDITATION: BRAINWAVE TRAINING FOR RELAXATION, PROSPERITY, LOVE, HEALTH & SUCCESS","manifestation_tool","medium_high","2","pain_reliability_breaks_ritual","pain","Bugs break trust and interrupt the ritual","2015-02-21T12:45:33-07:00","https://itunes.apple.com/us/rss/customerreviews/id=732850216/sortBy=mostRecent/json"
"732850216","HOLOSYNC® MEDITATION: BRAINWAVE TRAINING FOR RELAXATION, PROSPERITY, LOVE, HEALTH & SUCCESS","manifestation_tool","medium_high","2","pain_content_depth_customization","pain","Users want more depth, options, or customization","2015-02-21T12:45:33-07:00","https://itunes.apple.com/us/rss/customerreviews/id=732850216/sortBy=mostRecent/json"
"732850216","HOLOSYNC® MEDITATION: BRAINWAVE TRAINING FOR RELAXATION, PROSPERITY, LOVE, HEALTH & SUCCESS","manifestation_tool","medium_high","2","pain_content_depth_customization","pain","Users want more depth, options, or customization","2015-02-04T12:45:44-07:00","https://itunes.apple.com/us/rss/customerreviews/id=732850216/sortBy=mostRecent/json"
"732850216","HOLOSYNC® MEDITATION: BRAINWAVE TRAINING FOR RELAXATION, PROSPERITY, LOVE, HEALTH & SUCCESS","manifestation_tool","medium_high","1","pain_content_depth_customization","pain","Users want more depth, options, or customization","2015-02-01T11:09:36-07:00","https://itunes.apple.com/us/rss/customerreviews/id=732850216/sortBy=mostRecent/json"
"732850216","HOLOSYNC® MEDITATION: BRAINWAVE TRAINING FOR RELAXATION, PROSPERITY, LOVE, HEALTH & SUCCESS","manifestation_tool","medium_high","1","pain_signup_access_friction","pain","Signup, access, or device friction blocks activation","2015-01-10T13:19:39-07:00","https://itunes.apple.com/us/rss/customerreviews/id=732850216/sortBy=mostRecent/json"
"732850216","HOLOSYNC® MEDITATION: BRAINWAVE TRAINING FOR RELAXATION, PROSPERITY, LOVE, HEALTH & SUCCESS","manifestation_tool","medium_high","4","jtbd_fast_emotional_reset","jtbd","Help me calm down or reset quickly","2015-01-04T13:32:12-07:00","https://itunes.apple.com/us/rss/customerreviews/id=732850216/sortBy=mostRecent/json"
"732850216","HOLOSYNC® MEDITATION: BRAINWAVE TRAINING FOR RELAXATION, PROSPERITY, LOVE, HEALTH & SUCCESS","manifestation_tool","medium_high","4","jtbd_make_growth_visible","jtbd","Show me visible progress so effort feels real","2015-01-04T13:32:12-07:00","https://itunes.apple.com/us/rss/customerreviews/id=732850216/sortBy=mostRecent/json"
"732850216","HOLOSYNC® MEDITATION: BRAINWAVE TRAINING FOR RELAXATION, PROSPERITY, LOVE, HEALTH & SUCCESS","manifestation_tool","medium_high","4","pain_content_depth_customization","pain","Users want more depth, options, or customization","2015-01-04T13:32:12-07:00","https://itunes.apple.com/us/rss/customerreviews/id=732850216/sortBy=mostRecent/json"
"732850216","HOLOSYNC® MEDITATION: BRAINWAVE TRAINING FOR RELAXATION, PROSPERITY, LOVE, HEALTH & SUCCESS","manifestation_tool","medium_high","3","jtbd_structure_self_improvement","jtbd","Turn vague self-improvement into concrete actions","2014-12-17T13:33:28-07:00","https://itunes.apple.com/us/rss/customerreviews/id=732850216/sortBy=mostRecent/json"
"732850216","HOLOSYNC® MEDITATION: BRAINWAVE TRAINING FOR RELAXATION, PROSPERITY, LOVE, HEALTH & SUCCESS","manifestation_tool","medium_high","3","pain_content_depth_customization","pain","Users want more depth, options, or customization","2014-12-17T13:33:28-07:00","https://itunes.apple.com/us/rss/customerreviews/id=732850216/sortBy=mostRecent/json"
"6761221718","Rift: Reality Shifting","manifestation_tool","medium_high","2","jtbd_fast_emotional_reset","jtbd","Help me calm down or reset quickly","2026-05-25T19:02:59-07:00","https://itunes.apple.com/us/rss/customerreviews/id=6761221718/sortBy=mostRecent/json"
"6761221718","Rift: Reality Shifting","manifestation_tool","medium_high","2","jtbd_make_growth_visible","jtbd","Show me visible progress so effort feels real","2026-05-25T19:02:59-07:00","https://itunes.apple.com/us/rss/customerreviews/id=6761221718/sortBy=mostRecent/json"
"6761221718","Rift: Reality Shifting","manifestation_tool","medium_high","2","pain_subscription_value","pain","Subscription or paywall does not feel worth it","2026-05-25T19:02:59-07:00","https://itunes.apple.com/us/rss/customerreviews/id=6761221718/sortBy=mostRecent/json"
"6761221718","Rift: Reality Shifting","manifestation_tool","medium_high","2","pain_content_depth_customization","pain","Users want more depth, options, or customization","2026-05-25T19:02:59-07:00","https://itunes.apple.com/us/rss/customerreviews/id=6761221718/sortBy=mostRecent/json"
"6761221718","Rift: Reality Shifting","manifestation_tool","medium_high","4","pain_subscription_value","pain","Subscription or paywall does not feel worth it","2026-05-24T02:23:35-07:00","https://itunes.apple.com/us/rss/customerreviews/id=6761221718/sortBy=mostRecent/json"
"6761221718","Rift: Reality Shifting","manifestation_tool","medium_high","4","pain_reliability_breaks_ritual","pain","Bugs break trust and interrupt the ritual","2026-05-24T02:23:35-07:00","https://itunes.apple.com/us/rss/customerreviews/id=6761221718/sortBy=mostRecent/json"
"6761221718","Rift: Reality Shifting","manifestation_tool","medium_high","1","pain_subscription_value","pain","Subscription or paywall does not feel worth it","2026-05-23T12:15:35-07:00","https://itunes.apple.com/us/rss/customerreviews/id=6761221718/sortBy=mostRecent/json"
"6761221718","Rift: Reality Shifting","manifestation_tool","medium_high","1","pain_content_depth_customization","pain","Users want more depth, options, or customization","2026-05-23T12:15:35-07:00","https://itunes.apple.com/us/rss/customerreviews/id=6761221718/sortBy=mostRecent/json"
"6761221718","Rift: Reality Shifting","manifestation_tool","medium_high","2","pain_subscription_value","pain","Subscription or paywall does not feel worth it","2026-05-17T09:48:22-07:00","https://itunes.apple.com/us/rss/customerreviews/id=6761221718/sortBy=mostRecent/json"
"6761221718","Rift: Reality Shifting","manifestation_tool","medium_high","2","pain_content_depth_customization","pain","Users want more depth, options, or customization","2026-05-17T09:48:22-07:00","https://itunes.apple.com/us/rss/customerreviews/id=6761221718/sortBy=mostRecent/json"
"6761221718","Rift: Reality Shifting","manifestation_tool","medium_high","2","pain_signup_access_friction","pain","Signup, access, or device friction blocks activation","2026-05-17T09:48:22-07:00","https://itunes.apple.com/us/rss/customerreviews/id=6761221718/sortBy=mostRecent/json"
"6761221718","Rift: Reality Shifting","manifestation_tool","medium_high","5","pain_signup_access_friction","pain","Signup, access, or device friction blocks activation","2026-05-06T15:51:16-07:00","https://itunes.apple.com/us/rss/customerreviews/id=6761221718/sortBy=mostRecent/json"
"6761221718","Rift: Reality Shifting","manifestation_tool","medium_high","4","pain_content_depth_customization","pain","Users want more depth, options, or customization","2026-05-04T22:42:21-07:00","https://itunes.apple.com/us/rss/customerreviews/id=6761221718/sortBy=mostRecent/json"
"6761221718","Rift: Reality Shifting","manifestation_tool","medium_high","3","pain_subscription_value","pain","Subscription or paywall does not feel worth it","2026-04-30T17:40:58-07:00","https://itunes.apple.com/us/rss/customerreviews/id=6761221718/sortBy=mostRecent/json"
"6761221718","Rift: Reality Shifting","manifestation_tool","medium_high","3","pain_content_depth_customization","pain","Users want more depth, options, or customization","2026-04-30T17:40:58-07:00","https://itunes.apple.com/us/rss/customerreviews/id=6761221718/sortBy=mostRecent/json"
"6761221718","Rift: Reality Shifting","manifestation_tool","medium_high","3","pain_trust_accuracy_safety","pain","Trust, accuracy, or spiritual safety concerns","2026-04-30T17:40:58-07:00","https://itunes.apple.com/us/rss/customerreviews/id=6761221718/sortBy=mostRecent/json"
"6761221718","Rift: Reality Shifting","manifestation_tool","medium_high","3","pain_signup_access_friction","pain","Signup, access, or device friction blocks activation","2026-04-30T17:40:58-07:00","https://itunes.apple.com/us/rss/customerreviews/id=6761221718/sortBy=mostRecent/json"
"6761221718","Rift: Reality Shifting","manifestation_tool","medium_high","1","pain_subscription_value","pain","Subscription or paywall does not feel worth it","2026-04-23T17:26:44-07:00","https://itunes.apple.com/us/rss/customerreviews/id=6761221718/sortBy=mostRecent/json"
"6761221718","Rift: Reality Shifting","manifestation_tool","medium_high","1","pain_content_depth_customization","pain","Users want more depth, options, or customization","2026-04-23T17:26:44-07:00","https://itunes.apple.com/us/rss/customerreviews/id=6761221718/sortBy=mostRecent/json"
"6761221718","Rift: Reality Shifting","manifestation_tool","medium_high","1","pain_trust_accuracy_safety","pain","Trust, accuracy, or spiritual safety concerns","2026-04-23T17:26:44-07:00","https://itunes.apple.com/us/rss/customerreviews/id=6761221718/sortBy=mostRecent/json"
"1637566468","MINDTRX: Self Help & Mindset","manifestation_tool","medium_high","5","jtbd_make_growth_visible","jtbd","Show me visible progress so effort feels real","2025-09-09T00:30:40-07:00","https://itunes.apple.com/us/rss/customerreviews/id=1637566468/sortBy=mostRecent/json"
"1637566468","MINDTRX: Self Help & Mindset","manifestation_tool","medium_high","2","pain_reliability_breaks_ritual","pain","Bugs break trust and interrupt the ritual","2025-09-04T09:07:17-07:00","https://itunes.apple.com/us/rss/customerreviews/id=1637566468/sortBy=mostRecent/json"
"1637566468","MINDTRX: Self Help & Mindset","manifestation_tool","medium_high","2","pain_signup_access_friction","pain","Signup, access, or device friction blocks activation","2025-09-04T09:07:17-07:00","https://itunes.apple.com/us/rss/customerreviews/id=1637566468/sortBy=mostRecent/json"
"1637566468","MINDTRX: Self Help & Mindset","manifestation_tool","medium_high","5","jtbd_fast_emotional_reset","jtbd","Help me calm down or reset quickly","2025-08-13T07:28:23-07:00","https://itunes.apple.com/us/rss/customerreviews/id=1637566468/sortBy=mostRecent/json"
"1637566468","MINDTRX: Self Help & Mindset","manifestation_tool","medium_high","5","jtbd_make_growth_visible","jtbd","Show me visible progress so effort feels real","2025-08-13T07:28:23-07:00","https://itunes.apple.com/us/rss/customerreviews/id=1637566468/sortBy=mostRecent/json"
"1637566468","MINDTRX: Self Help & Mindset","manifestation_tool","medium_high","5","jtbd_belonging_accountability","jtbd","Feel accompanied or accountable","2025-08-13T07:28:23-07:00","https://itunes.apple.com/us/rss/customerreviews/id=1637566468/sortBy=mostRecent/json"
"1637566468","MINDTRX: Self Help & Mindset","manifestation_tool","medium_high","5","pain_subscription_value","pain","Subscription or paywall does not feel worth it","2025-08-13T07:28:23-07:00","https://itunes.apple.com/us/rss/customerreviews/id=1637566468/sortBy=mostRecent/json"
"1637566468","MINDTRX: Self Help & Mindset","manifestation_tool","medium_high","5","pain_content_depth_customization","pain","Users want more depth, options, or customization","2025-08-13T07:28:23-07:00","https://itunes.apple.com/us/rss/customerreviews/id=1637566468/sortBy=mostRecent/json"
"1637566468","MINDTRX: Self Help & Mindset","manifestation_tool","medium_high","5","pain_subscription_value","pain","Subscription or paywall does not feel worth it","2025-07-05T10:08:29-07:00","https://itunes.apple.com/us/rss/customerreviews/id=1637566468/sortBy=mostRecent/json"
"1637566468","MINDTRX: Self Help & Mindset","manifestation_tool","medium_high","5","jtbd_make_growth_visible","jtbd","Show me visible progress so effort feels real","2025-07-02T05:12:13-07:00","https://itunes.apple.com/us/rss/customerreviews/id=1637566468/sortBy=mostRecent/json"
"1637566468","MINDTRX: Self Help & Mindset","manifestation_tool","medium_high","5","jtbd_daily_anchor","jtbd","Give me a daily anchor I can return to","2025-07-01T06:10:19-07:00","https://itunes.apple.com/us/rss/customerreviews/id=1637566468/sortBy=mostRecent/json"
"1637566468","MINDTRX: Self Help & Mindset","manifestation_tool","medium_high","5","jtbd_fast_emotional_reset","jtbd","Help me calm down or reset quickly","2025-07-01T06:10:19-07:00","https://itunes.apple.com/us/rss/customerreviews/id=1637566468/sortBy=mostRecent/json"
"1637566468","MINDTRX: Self Help & Mindset","manifestation_tool","medium_high","5","jtbd_make_growth_visible","jtbd","Show me visible progress so effort feels real","2025-07-01T06:10:19-07:00","https://itunes.apple.com/us/rss/customerreviews/id=1637566468/sortBy=mostRecent/json"
"1637566468","MINDTRX: Self Help & Mindset","manifestation_tool","medium_high","5","jtbd_structure_self_improvement","jtbd","Turn vague self-improvement into concrete actions","2025-07-01T06:10:19-07:00","https://itunes.apple.com/us/rss/customerreviews/id=1637566468/sortBy=mostRecent/json"
"1637566468","MINDTRX: Self Help & Mindset","manifestation_tool","medium_high","5","pain_content_depth_customization","pain","Users want more depth, options, or customization","2025-07-01T06:10:19-07:00","https://itunes.apple.com/us/rss/customerreviews/id=1637566468/sortBy=mostRecent/json"
"1637566468","MINDTRX: Self Help & Mindset","manifestation_tool","medium_high","5","jtbd_fast_emotional_reset","jtbd","Help me calm down or reset quickly","2025-06-30T13:43:03-07:00","https://itunes.apple.com/us/rss/customerreviews/id=1637566468/sortBy=mostRecent/json"
"1637566468","MINDTRX: Self Help & Mindset","manifestation_tool","medium_high","5","pain_subscription_value","pain","Subscription or paywall does not feel worth it","2025-06-26T06:49:42-07:00","https://itunes.apple.com/us/rss/customerreviews/id=1637566468/sortBy=mostRecent/json"
"1637566468","MINDTRX: Self Help & Mindset","manifestation_tool","medium_high","5","jtbd_make_growth_visible","jtbd","Show me visible progress so effort feels real","2025-06-21T08:48:09-07:00","https://itunes.apple.com/us/rss/customerreviews/id=1637566468/sortBy=mostRecent/json"
"1637566468","MINDTRX: Self Help & Mindset","manifestation_tool","medium_high","5","pain_content_depth_customization","pain","Users want more depth, options, or customization","2025-06-04T11:45:59-07:00","https://itunes.apple.com/us/rss/customerreviews/id=1637566468/sortBy=mostRecent/json"
"1637566468","MINDTRX: Self Help & Mindset","manifestation_tool","medium_high","5","jtbd_make_growth_visible","jtbd","Show me visible progress so effort feels real","2025-06-04T04:47:38-07:00","https://itunes.apple.com/us/rss/customerreviews/id=1637566468/sortBy=mostRecent/json"
"1637566468","MINDTRX: Self Help & Mindset","manifestation_tool","medium_high","5","pain_signup_access_friction","pain","Signup, access, or device friction blocks activation","2025-06-04T04:47:38-07:00","https://itunes.apple.com/us/rss/customerreviews/id=1637566468/sortBy=mostRecent/json"
"1637566468","MINDTRX: Self Help & Mindset","manifestation_tool","medium_high","5","jtbd_structure_self_improvement","jtbd","Turn vague self-improvement into concrete actions","2025-05-30T05:44:10-07:00","https://itunes.apple.com/us/rss/customerreviews/id=1637566468/sortBy=mostRecent/json"
"1637566468","MINDTRX: Self Help & Mindset","manifestation_tool","medium_high","5","pain_subscription_value","pain","Subscription or paywall does not feel worth it","2025-05-30T05:42:48-07:00","https://itunes.apple.com/us/rss/customerreviews/id=1637566468/sortBy=mostRecent/json"
"1637566468","MINDTRX: Self Help & Mindset","manifestation_tool","medium_high","5","jtbd_make_growth_visible","jtbd","Show me visible progress so effort feels real","2025-05-29T02:22:12-07:00","https://itunes.apple.com/us/rss/customerreviews/id=1637566468/sortBy=mostRecent/json"
"1637566468","MINDTRX: Self Help & Mindset","manifestation_tool","medium_high","5","jtbd_daily_anchor","jtbd","Give me a daily anchor I can return to","2025-05-27T04:28:48-07:00","https://itunes.apple.com/us/rss/customerreviews/id=1637566468/sortBy=mostRecent/json"
"1637566468","MINDTRX: Self Help & Mindset","manifestation_tool","medium_high","5","jtbd_structure_self_improvement","jtbd","Turn vague self-improvement into concrete actions","2025-05-27T04:28:48-07:00","https://itunes.apple.com/us/rss/customerreviews/id=1637566468/sortBy=mostRecent/json"
"1637566468","MINDTRX: Self Help & Mindset","manifestation_tool","medium_high","5","jtbd_fast_emotional_reset","jtbd","Help me calm down or reset quickly","2025-05-26T21:29:17-07:00","https://itunes.apple.com/us/rss/customerreviews/id=1637566468/sortBy=mostRecent/json"
"1637566468","MINDTRX: Self Help & Mindset","manifestation_tool","medium_high","5","jtbd_structure_self_improvement","jtbd","Turn vague self-improvement into concrete actions","2025-05-26T19:13:29-07:00","https://itunes.apple.com/us/rss/customerreviews/id=1637566468/sortBy=mostRecent/json"
"1637566468","MINDTRX: Self Help & Mindset","manifestation_tool","medium_high","5","jtbd_make_growth_visible","jtbd","Show me visible progress so effort feels real","2025-05-18T16:17:58-07:00","https://itunes.apple.com/us/rss/customerreviews/id=1637566468/sortBy=mostRecent/json"
"1637566468","MINDTRX: Self Help & Mindset","manifestation_tool","medium_high","5","pain_content_depth_customization","pain","Users want more depth, options, or customization","2025-05-18T16:17:58-07:00","https://itunes.apple.com/us/rss/customerreviews/id=1637566468/sortBy=mostRecent/json"
"1637566468","MINDTRX: Self Help & Mindset","manifestation_tool","medium_high","5","jtbd_fast_emotional_reset","jtbd","Help me calm down or reset quickly","2025-02-16T13:35:53-07:00","https://itunes.apple.com/us/rss/customerreviews/id=1637566468/sortBy=mostRecent/json"
"1637566468","MINDTRX: Self Help & Mindset","manifestation_tool","medium_high","4","jtbd_fast_emotional_reset","jtbd","Help me calm down or reset quickly","2025-02-05T18:49:42-07:00","https://itunes.apple.com/us/rss/customerreviews/id=1637566468/sortBy=mostRecent/json"
"1637566468","MINDTRX: Self Help & Mindset","manifestation_tool","medium_high","4","pain_subscription_value","pain","Subscription or paywall does not feel worth it","2025-02-05T18:49:42-07:00","https://itunes.apple.com/us/rss/customerreviews/id=1637566468/sortBy=mostRecent/json"
"1637566468","MINDTRX: Self Help & Mindset","manifestation_tool","medium_high","4","pain_content_depth_customization","pain","Users want more depth, options, or customization","2025-02-05T18:49:42-07:00","https://itunes.apple.com/us/rss/customerreviews/id=1637566468/sortBy=mostRecent/json"
"1637566468","MINDTRX: Self Help & Mindset","manifestation_tool","medium_high","4","pain_trust_accuracy_safety","pain","Trust, accuracy, or spiritual safety concerns","2025-02-05T18:49:42-07:00","https://itunes.apple.com/us/rss/customerreviews/id=1637566468/sortBy=mostRecent/json"
"1637566468","MINDTRX: Self Help & Mindset","manifestation_tool","medium_high","4","pain_signup_access_friction","pain","Signup, access, or device friction blocks activation","2025-02-05T18:49:42-07:00","https://itunes.apple.com/us/rss/customerreviews/id=1637566468/sortBy=mostRecent/json"
"1637566468","MINDTRX: Self Help & Mindset","manifestation_tool","medium_high","5","jtbd_fast_emotional_reset","jtbd","Help me calm down or reset quickly","2024-10-07T00:24:15-07:00","https://itunes.apple.com/us/rss/customerreviews/id=1637566468/sortBy=mostRecent/json"
"1637566468","MINDTRX: Self Help & Mindset","manifestation_tool","medium_high","5","jtbd_make_growth_visible","jtbd","Show me visible progress so effort feels real","2024-04-09T17:50:53-07:00","https://itunes.apple.com/us/rss/customerreviews/id=1637566468/sortBy=mostRecent/json"
"1637566468","MINDTRX: Self Help & Mindset","manifestation_tool","medium_high","5","jtbd_fast_emotional_reset","jtbd","Help me calm down or reset quickly","2024-01-30T17:39:11-07:00","https://itunes.apple.com/us/rss/customerreviews/id=1637566468/sortBy=mostRecent/json"
"1637566468","MINDTRX: Self Help & Mindset","manifestation_tool","medium_high","5","pain_content_depth_customization","pain","Users want more depth, options, or customization","2024-01-30T17:39:11-07:00","https://itunes.apple.com/us/rss/customerreviews/id=1637566468/sortBy=mostRecent/json"
"1637566468","MINDTRX: Self Help & Mindset","manifestation_tool","medium_high","5","pain_signup_access_friction","pain","Signup, access, or device friction blocks activation","2024-01-30T17:39:11-07:00","https://itunes.apple.com/us/rss/customerreviews/id=1637566468/sortBy=mostRecent/json"
"1637566468","MINDTRX: Self Help & Mindset","manifestation_tool","medium_high","5","pain_subscription_value","pain","Subscription or paywall does not feel worth it","2024-01-26T21:02:24-07:00","https://itunes.apple.com/us/rss/customerreviews/id=1637566468/sortBy=mostRecent/json"
"1637566468","MINDTRX: Self Help & Mindset","manifestation_tool","medium_high","5","pain_content_depth_customization","pain","Users want more depth, options, or customization","2024-01-26T21:02:24-07:00","https://itunes.apple.com/us/rss/customerreviews/id=1637566468/sortBy=mostRecent/json"
"1637566468","MINDTRX: Self Help & Mindset","manifestation_tool","medium_high","5","pain_signup_access_friction","pain","Signup, access, or device friction blocks activation","2024-01-26T21:02:24-07:00","https://itunes.apple.com/us/rss/customerreviews/id=1637566468/sortBy=mostRecent/json"
"1637566468","MINDTRX: Self Help & Mindset","manifestation_tool","medium_high","5","jtbd_daily_anchor","jtbd","Give me a daily anchor I can return to","2023-10-06T14:01:38-07:00","https://itunes.apple.com/us/rss/customerreviews/id=1637566468/sortBy=mostRecent/json"
"1637566468","MINDTRX: Self Help & Mindset","manifestation_tool","medium_high","5","jtbd_structure_self_improvement","jtbd","Turn vague self-improvement into concrete actions","2023-08-26T23:14:04-07:00","https://itunes.apple.com/us/rss/customerreviews/id=1637566468/sortBy=mostRecent/json"
"1637566468","MINDTRX: Self Help & Mindset","manifestation_tool","medium_high","5","pain_subscription_value","pain","Subscription or paywall does not feel worth it","2023-08-11T14:14:47-07:00","https://itunes.apple.com/us/rss/customerreviews/id=1637566468/sortBy=mostRecent/json"
"1637566468","MINDTRX: Self Help & Mindset","manifestation_tool","medium_high","5","pain_content_depth_customization","pain","Users want more depth, options, or customization","2023-08-11T14:14:47-07:00","https://itunes.apple.com/us/rss/customerreviews/id=1637566468/sortBy=mostRecent/json"
"1637566468","MINDTRX: Self Help & Mindset","manifestation_tool","medium_high","5","jtbd_fast_emotional_reset","jtbd","Help me calm down or reset quickly","2023-08-01T17:38:27-07:00","https://itunes.apple.com/us/rss/customerreviews/id=1637566468/sortBy=mostRecent/json"
"1637566468","MINDTRX: Self Help & Mindset","manifestation_tool","medium_high","5","jtbd_make_growth_visible","jtbd","Show me visible progress so effort feels real","2023-08-01T17:38:27-07:00","https://itunes.apple.com/us/rss/customerreviews/id=1637566468/sortBy=mostRecent/json"
"1637566468","MINDTRX: Self Help & Mindset","manifestation_tool","medium_high","5","pain_subscription_value","pain","Subscription or paywall does not feel worth it","2023-08-01T17:38:27-07:00","https://itunes.apple.com/us/rss/customerreviews/id=1637566468/sortBy=mostRecent/json"
"1637566468","MINDTRX: Self Help & Mindset","manifestation_tool","medium_high","5","jtbd_fast_emotional_reset","jtbd","Help me calm down or reset quickly","2023-07-04T10:10:01-07:00","https://itunes.apple.com/us/rss/customerreviews/id=1637566468/sortBy=mostRecent/json"
"1637566468","MINDTRX: Self Help & Mindset","manifestation_tool","medium_high","3","pain_subscription_value","pain","Subscription or paywall does not feel worth it","2023-06-29T19:30:06-07:00","https://itunes.apple.com/us/rss/customerreviews/id=1637566468/sortBy=mostRecent/json"
"1637566468","MINDTRX: Self Help & Mindset","manifestation_tool","medium_high","3","pain_content_depth_customization","pain","Users want more depth, options, or customization","2023-06-29T19:30:06-07:00","https://itunes.apple.com/us/rss/customerreviews/id=1637566468/sortBy=mostRecent/json"
"1637566468","MINDTRX: Self Help & Mindset","manifestation_tool","medium_high","3","pain_signup_access_friction","pain","Signup, access, or device friction blocks activation","2023-06-29T19:30:06-07:00","https://itunes.apple.com/us/rss/customerreviews/id=1637566468/sortBy=mostRecent/json"
"1637566468","MINDTRX: Self Help & Mindset","manifestation_tool","medium_high","5","jtbd_daily_anchor","jtbd","Give me a daily anchor I can return to","2023-06-05T07:37:45-07:00","https://itunes.apple.com/us/rss/customerreviews/id=1637566468/sortBy=mostRecent/json"
"1637566468","MINDTRX: Self Help & Mindset","manifestation_tool","medium_high","5","pain_content_depth_customization","pain","Users want more depth, options, or customization","2023-06-05T07:37:45-07:00","https://itunes.apple.com/us/rss/customerreviews/id=1637566468/sortBy=mostRecent/json"
"1637566468","MINDTRX: Self Help & Mindset","manifestation_tool","medium_high","5","pain_signup_access_friction","pain","Signup, access, or device friction blocks activation","2023-06-05T07:37:45-07:00","https://itunes.apple.com/us/rss/customerreviews/id=1637566468/sortBy=mostRecent/json"
"1637566468","MINDTRX: Self Help & Mindset","manifestation_tool","medium_high","5","jtbd_fast_emotional_reset","jtbd","Help me calm down or reset quickly","2023-05-15T08:54:13-07:00","https://itunes.apple.com/us/rss/customerreviews/id=1637566468/sortBy=mostRecent/json"
"1438388363","Habit Tracker","ai_companion_roleplay","medium_high","5","jtbd_daily_anchor","jtbd","Give me a daily anchor I can return to","2026-05-28T10:43:43-07:00","https://itunes.apple.com/us/rss/customerreviews/id=1438388363/sortBy=mostRecent/json"
"1438388363","Habit Tracker","ai_companion_roleplay","medium_high","5","jtbd_structure_self_improvement","jtbd","Turn vague self-improvement into concrete actions","2026-05-28T10:43:43-07:00","https://itunes.apple.com/us/rss/customerreviews/id=1438388363/sortBy=mostRecent/json"
"1438388363","Habit Tracker","ai_companion_roleplay","medium_high","1","jtbd_daily_anchor","jtbd","Give me a daily anchor I can return to","2026-05-28T06:36:00-07:00","https://itunes.apple.com/us/rss/customerreviews/id=1438388363/sortBy=mostRecent/json"
"1438388363","Habit Tracker","ai_companion_roleplay","medium_high","1","jtbd_structure_self_improvement","jtbd","Turn vague self-improvement into concrete actions","2026-05-28T06:36:00-07:00","https://itunes.apple.com/us/rss/customerreviews/id=1438388363/sortBy=mostRecent/json"
"1438388363","Habit Tracker","ai_companion_roleplay","medium_high","1","pain_subscription_value","pain","Subscription or paywall does not feel worth it","2026-05-28T06:36:00-07:00","https://itunes.apple.com/us/rss/customerreviews/id=1438388363/sortBy=mostRecent/json"
"1438388363","Habit Tracker","ai_companion_roleplay","medium_high","1","pain_content_depth_customization","pain","Users want more depth, options, or customization","2026-05-28T06:36:00-07:00","https://itunes.apple.com/us/rss/customerreviews/id=1438388363/sortBy=mostRecent/json"
"1438388363","Habit Tracker","ai_companion_roleplay","medium_high","3","pain_subscription_value","pain","Subscription or paywall does not feel worth it","2026-05-27T23:07:13-07:00","https://itunes.apple.com/us/rss/customerreviews/id=1438388363/sortBy=mostRecent/json"
"1438388363","Habit Tracker","ai_companion_roleplay","medium_high","3","pain_content_depth_customization","pain","Users want more depth, options, or customization","2026-05-27T23:07:13-07:00","https://itunes.apple.com/us/rss/customerreviews/id=1438388363/sortBy=mostRecent/json"
"1438388363","Habit Tracker","ai_companion_roleplay","medium_high","3","pain_signup_access_friction","pain","Signup, access, or device friction blocks activation","2026-05-27T23:07:13-07:00","https://itunes.apple.com/us/rss/customerreviews/id=1438388363/sortBy=mostRecent/json"
"1438388363","Habit Tracker","ai_companion_roleplay","medium_high","4","jtbd_structure_self_improvement","jtbd","Turn vague self-improvement into concrete actions","2026-05-27T06:58:14-07:00","https://itunes.apple.com/us/rss/customerreviews/id=1438388363/sortBy=mostRecent/json"
"1438388363","Habit Tracker","ai_companion_roleplay","medium_high","4","pain_signup_access_friction","pain","Signup, access, or device friction blocks activation","2026-05-27T06:58:14-07:00","https://itunes.apple.com/us/rss/customerreviews/id=1438388363/sortBy=mostRecent/json"
"1438388363","Habit Tracker","ai_companion_roleplay","medium_high","1","jtbd_structure_self_improvement","jtbd","Turn vague self-improvement into concrete actions","2026-05-27T03:58:27-07:00","https://itunes.apple.com/us/rss/customerreviews/id=1438388363/sortBy=mostRecent/json"
"1438388363","Habit Tracker","ai_companion_roleplay","medium_high","1","pain_subscription_value","pain","Subscription or paywall does not feel worth it","2026-05-27T03:58:27-07:00","https://itunes.apple.com/us/rss/customerreviews/id=1438388363/sortBy=mostRecent/json"
"1438388363","Habit Tracker","ai_companion_roleplay","medium_high","2","jtbd_daily_anchor","jtbd","Give me a daily anchor I can return to","2026-05-25T00:17:12-07:00","https://itunes.apple.com/us/rss/customerreviews/id=1438388363/sortBy=mostRecent/json"
"1438388363","Habit Tracker","ai_companion_roleplay","medium_high","2","jtbd_structure_self_improvement","jtbd","Turn vague self-improvement into concrete actions","2026-05-25T00:17:12-07:00","https://itunes.apple.com/us/rss/customerreviews/id=1438388363/sortBy=mostRecent/json"
"1438388363","Habit Tracker","ai_companion_roleplay","medium_high","2","pain_subscription_value","pain","Subscription or paywall does not feel worth it","2026-05-25T00:17:12-07:00","https://itunes.apple.com/us/rss/customerreviews/id=1438388363/sortBy=mostRecent/json"
"1438388363","Habit Tracker","ai_companion_roleplay","medium_high","2","pain_reliability_breaks_ritual","pain","Bugs break trust and interrupt the ritual","2026-05-25T00:17:12-07:00","https://itunes.apple.com/us/rss/customerreviews/id=1438388363/sortBy=mostRecent/json"
"1438388363","Habit Tracker","ai_companion_roleplay","medium_high","2","pain_signup_access_friction","pain","Signup, access, or device friction blocks activation","2026-05-25T00:17:12-07:00","https://itunes.apple.com/us/rss/customerreviews/id=1438388363/sortBy=mostRecent/json"
"1438388363","Habit Tracker","ai_companion_roleplay","medium_high","3","jtbd_daily_anchor","jtbd","Give me a daily anchor I can return to","2026-05-24T22:23:27-07:00","https://itunes.apple.com/us/rss/customerreviews/id=1438388363/sortBy=mostRecent/json"
"1438388363","Habit Tracker","ai_companion_roleplay","medium_high","3","jtbd_structure_self_improvement","jtbd","Turn vague self-improvement into concrete actions","2026-05-24T22:23:27-07:00","https://itunes.apple.com/us/rss/customerreviews/id=1438388363/sortBy=mostRecent/json"
"1438388363","Habit Tracker","ai_companion_roleplay","medium_high","3","pain_subscription_value","pain","Subscription or paywall does not feel worth it","2026-05-24T22:23:27-07:00","https://itunes.apple.com/us/rss/customerreviews/id=1438388363/sortBy=mostRecent/json"
"1438388363","Habit Tracker","ai_companion_roleplay","medium_high","3","pain_content_depth_customization","pain","Users want more depth, options, or customization","2026-05-24T22:23:27-07:00","https://itunes.apple.com/us/rss/customerreviews/id=1438388363/sortBy=mostRecent/json"
"1438388363","Habit Tracker","ai_companion_roleplay","medium_high","3","pain_signup_access_friction","pain","Signup, access, or device friction blocks activation","2026-05-24T22:23:27-07:00","https://itunes.apple.com/us/rss/customerreviews/id=1438388363/sortBy=mostRecent/json"
"1438388363","Habit Tracker","ai_companion_roleplay","medium_high","5","jtbd_structure_self_improvement","jtbd","Turn vague self-improvement into concrete actions","2026-05-24T18:48:30-07:00","https://itunes.apple.com/us/rss/customerreviews/id=1438388363/sortBy=mostRecent/json"
"1438388363","Habit Tracker","ai_companion_roleplay","medium_high","5","pain_content_depth_customization","pain","Users want more depth, options, or customization","2026-05-24T18:48:30-07:00","https://itunes.apple.com/us/rss/customerreviews/id=1438388363/sortBy=mostRecent/json"
"1438388363","Habit Tracker","ai_companion_roleplay","medium_high","4","jtbd_daily_anchor","jtbd","Give me a daily anchor I can return to","2026-05-23T17:12:32-07:00","https://itunes.apple.com/us/rss/customerreviews/id=1438388363/sortBy=mostRecent/json"
"1438388363","Habit Tracker","ai_companion_roleplay","medium_high","4","jtbd_structure_self_improvement","jtbd","Turn vague self-improvement into concrete actions","2026-05-23T17:12:32-07:00","https://itunes.apple.com/us/rss/customerreviews/id=1438388363/sortBy=mostRecent/json"
"1438388363","Habit Tracker","ai_companion_roleplay","medium_high","4","pain_content_depth_customization","pain","Users want more depth, options, or customization","2026-05-23T17:12:32-07:00","https://itunes.apple.com/us/rss/customerreviews/id=1438388363/sortBy=mostRecent/json"
"1438388363","Habit Tracker","ai_companion_roleplay","medium_high","5","jtbd_make_growth_visible","jtbd","Show me visible progress so effort feels real","2026-05-23T06:38:03-07:00","https://itunes.apple.com/us/rss/customerreviews/id=1438388363/sortBy=mostRecent/json"
"1438388363","Habit Tracker","ai_companion_roleplay","medium_high","5","jtbd_structure_self_improvement","jtbd","Turn vague self-improvement into concrete actions","2026-05-23T06:38:03-07:00","https://itunes.apple.com/us/rss/customerreviews/id=1438388363/sortBy=mostRecent/json"
"1438388363","Habit Tracker","ai_companion_roleplay","medium_high","5","pain_content_depth_customization","pain","Users want more depth, options, or customization","2026-05-23T06:38:03-07:00","https://itunes.apple.com/us/rss/customerreviews/id=1438388363/sortBy=mostRecent/json"
"1438388363","Habit Tracker","ai_companion_roleplay","medium_high","5","pain_trust_accuracy_safety","pain","Trust, accuracy, or spiritual safety concerns","2026-05-23T06:38:03-07:00","https://itunes.apple.com/us/rss/customerreviews/id=1438388363/sortBy=mostRecent/json"
"1438388363","Habit Tracker","ai_companion_roleplay","medium_high","5","jtbd_daily_anchor","jtbd","Give me a daily anchor I can return to","2026-05-22T18:36:54-07:00","https://itunes.apple.com/us/rss/customerreviews/id=1438388363/sortBy=mostRecent/json"
"1438388363","Habit Tracker","ai_companion_roleplay","medium_high","5","jtbd_structure_self_improvement","jtbd","Turn vague self-improvement into concrete actions","2026-05-22T18:36:54-07:00","https://itunes.apple.com/us/rss/customerreviews/id=1438388363/sortBy=mostRecent/json"
"1438388363","Habit Tracker","ai_companion_roleplay","medium_high","4","pain_subscription_value","pain","Subscription or paywall does not feel worth it","2026-05-22T17:30:38-07:00","https://itunes.apple.com/us/rss/customerreviews/id=1438388363/sortBy=mostRecent/json"
"1438388363","Habit Tracker","ai_companion_roleplay","medium_high","5","jtbd_make_growth_visible","jtbd","Show me visible progress so effort feels real","2026-05-22T03:39:37-07:00","https://itunes.apple.com/us/rss/customerreviews/id=1438388363/sortBy=mostRecent/json"
"1438388363","Habit Tracker","ai_companion_roleplay","medium_high","1","jtbd_make_growth_visible","jtbd","Show me visible progress so effort feels real","2026-05-22T02:43:25-07:00","https://itunes.apple.com/us/rss/customerreviews/id=1438388363/sortBy=mostRecent/json"
"1438388363","Habit Tracker","ai_companion_roleplay","medium_high","1","jtbd_belonging_accountability","jtbd","Feel accompanied or accountable","2026-05-22T02:43:25-07:00","https://itunes.apple.com/us/rss/customerreviews/id=1438388363/sortBy=mostRecent/json"
"1438388363","Habit Tracker","ai_companion_roleplay","medium_high","1","pain_subscription_value","pain","Subscription or paywall does not feel worth it","2026-05-22T02:43:25-07:00","https://itunes.apple.com/us/rss/customerreviews/id=1438388363/sortBy=mostRecent/json"
"1438388363","Habit Tracker","ai_companion_roleplay","medium_high","1","pain_content_depth_customization","pain","Users want more depth, options, or customization","2026-05-22T02:43:25-07:00","https://itunes.apple.com/us/rss/customerreviews/id=1438388363/sortBy=mostRecent/json"
"1438388363","Habit Tracker","ai_companion_roleplay","medium_high","5","pain_signup_access_friction","pain","Signup, access, or device friction blocks activation","2026-05-21T17:44:28-07:00","https://itunes.apple.com/us/rss/customerreviews/id=1438388363/sortBy=mostRecent/json"
"1438388363","Habit Tracker","ai_companion_roleplay","medium_high","1","jtbd_make_growth_visible","jtbd","Show me visible progress so effort feels real","2026-05-19T17:19:40-07:00","https://itunes.apple.com/us/rss/customerreviews/id=1438388363/sortBy=mostRecent/json"
"1438388363","Habit Tracker","ai_companion_roleplay","medium_high","5","pain_subscription_value","pain","Subscription or paywall does not feel worth it","2026-05-19T02:45:01-07:00","https://itunes.apple.com/us/rss/customerreviews/id=1438388363/sortBy=mostRecent/json"
"1438388363","Habit Tracker","ai_companion_roleplay","medium_high","5","jtbd_daily_anchor","jtbd","Give me a daily anchor I can return to","2026-05-18T11:14:41-07:00","https://itunes.apple.com/us/rss/customerreviews/id=1438388363/sortBy=mostRecent/json"
"1438388363","Habit Tracker","ai_companion_roleplay","medium_high","5","jtbd_structure_self_improvement","jtbd","Turn vague self-improvement into concrete actions","2026-05-18T11:14:41-07:00","https://itunes.apple.com/us/rss/customerreviews/id=1438388363/sortBy=mostRecent/json"
"1438388363","Habit Tracker","ai_companion_roleplay","medium_high","1","pain_subscription_value","pain","Subscription or paywall does not feel worth it","2026-05-17T10:10:44-07:00","https://itunes.apple.com/us/rss/customerreviews/id=1438388363/sortBy=mostRecent/json"
"1438388363","Habit Tracker","ai_companion_roleplay","medium_high","4","jtbd_daily_anchor","jtbd","Give me a daily anchor I can return to","2026-05-15T07:30:14-07:00","https://itunes.apple.com/us/rss/customerreviews/id=1438388363/sortBy=mostRecent/json"
"1438388363","Habit Tracker","ai_companion_roleplay","medium_high","4","jtbd_structure_self_improvement","jtbd","Turn vague self-improvement into concrete actions","2026-05-15T07:30:14-07:00","https://itunes.apple.com/us/rss/customerreviews/id=1438388363/sortBy=mostRecent/json"
"1438388363","Habit Tracker","ai_companion_roleplay","medium_high","4","pain_content_depth_customization","pain","Users want more depth, options, or customization","2026-05-15T07:30:14-07:00","https://itunes.apple.com/us/rss/customerreviews/id=1438388363/sortBy=mostRecent/json"
"1438388363","Habit Tracker","ai_companion_roleplay","medium_high","4","pain_signup_access_friction","pain","Signup, access, or device friction blocks activation","2026-05-15T07:30:14-07:00","https://itunes.apple.com/us/rss/customerreviews/id=1438388363/sortBy=mostRecent/json"
"1438388363","Habit Tracker","ai_companion_roleplay","medium_high","3","pain_subscription_value","pain","Subscription or paywall does not feel worth it","2026-05-14T14:16:27-07:00","https://itunes.apple.com/us/rss/customerreviews/id=1438388363/sortBy=mostRecent/json"
"1438388363","Habit Tracker","ai_companion_roleplay","medium_high","5","jtbd_structure_self_improvement","jtbd","Turn vague self-improvement into concrete actions","2026-05-14T08:42:17-07:00","https://itunes.apple.com/us/rss/customerreviews/id=1438388363/sortBy=mostRecent/json"
"1438388363","Habit Tracker","ai_companion_roleplay","medium_high","5","pain_content_depth_customization","pain","Users want more depth, options, or customization","2026-05-14T08:42:17-07:00","https://itunes.apple.com/us/rss/customerreviews/id=1438388363/sortBy=mostRecent/json"
"1438388363","Habit Tracker","ai_companion_roleplay","medium_high","5","jtbd_daily_anchor","jtbd","Give me a daily anchor I can return to","2026-05-11T16:27:17-07:00","https://itunes.apple.com/us/rss/customerreviews/id=1438388363/sortBy=mostRecent/json"
"1438388363","Habit Tracker","ai_companion_roleplay","medium_high","5","jtbd_structure_self_improvement","jtbd","Turn vague self-improvement into concrete actions","2026-05-11T16:27:17-07:00","https://itunes.apple.com/us/rss/customerreviews/id=1438388363/sortBy=mostRecent/json"
"1438388363","Habit Tracker","ai_companion_roleplay","medium_high","5","pain_subscription_value","pain","Subscription or paywall does not feel worth it","2026-05-11T16:27:17-07:00","https://itunes.apple.com/us/rss/customerreviews/id=1438388363/sortBy=mostRecent/json"
"1438388363","Habit Tracker","ai_companion_roleplay","medium_high","5","pain_content_depth_customization","pain","Users want more depth, options, or customization","2026-05-11T16:27:17-07:00","https://itunes.apple.com/us/rss/customerreviews/id=1438388363/sortBy=mostRecent/json"
"1438388363","Habit Tracker","ai_companion_roleplay","medium_high","5","jtbd_daily_anchor","jtbd","Give me a daily anchor I can return to","2026-05-11T09:43:57-07:00","https://itunes.apple.com/us/rss/customerreviews/id=1438388363/sortBy=mostRecent/json"
"1438388363","Habit Tracker","ai_companion_roleplay","medium_high","5","jtbd_fast_emotional_reset","jtbd","Help me calm down or reset quickly","2026-05-11T09:43:57-07:00","https://itunes.apple.com/us/rss/customerreviews/id=1438388363/sortBy=mostRecent/json"
"1438388363","Habit Tracker","ai_companion_roleplay","medium_high","5","jtbd_structure_self_improvement","jtbd","Turn vague self-improvement into concrete actions","2026-05-11T09:43:57-07:00","https://itunes.apple.com/us/rss/customerreviews/id=1438388363/sortBy=mostRecent/json"
"1438388363","Habit Tracker","ai_companion_roleplay","medium_high","5","pain_content_depth_customization","pain","Users want more depth, options, or customization","2026-05-10T23:26:07-07:00","https://itunes.apple.com/us/rss/customerreviews/id=1438388363/sortBy=mostRecent/json"
"1438388363","Habit Tracker","ai_companion_roleplay","medium_high","5","jtbd_make_growth_visible","jtbd","Show me visible progress so effort feels real","2026-05-10T15:59:07-07:00","https://itunes.apple.com/us/rss/customerreviews/id=1438388363/sortBy=mostRecent/json"
"1438388363","Habit Tracker","ai_companion_roleplay","medium_high","5","pain_subscription_value","pain","Subscription or paywall does not feel worth it","2026-05-10T15:59:07-07:00","https://itunes.apple.com/us/rss/customerreviews/id=1438388363/sortBy=mostRecent/json"
"1438388363","Habit Tracker","ai_companion_roleplay","medium_high","5","pain_signup_access_friction","pain","Signup, access, or device friction blocks activation","2026-05-10T15:59:07-07:00","https://itunes.apple.com/us/rss/customerreviews/id=1438388363/sortBy=mostRecent/json"
"1438388363","Habit Tracker","ai_companion_roleplay","medium_high","4","jtbd_daily_anchor","jtbd","Give me a daily anchor I can return to","2026-05-09T05:13:24-07:00","https://itunes.apple.com/us/rss/customerreviews/id=1438388363/sortBy=mostRecent/json"
"1438388363","Habit Tracker","ai_companion_roleplay","medium_high","5","pain_subscription_value","pain","Subscription or paywall does not feel worth it","2026-05-08T19:10:50-07:00","https://itunes.apple.com/us/rss/customerreviews/id=1438388363/sortBy=mostRecent/json"
"1438388363","Habit Tracker","ai_companion_roleplay","medium_high","5","pain_content_depth_customization","pain","Users want more depth, options, or customization","2026-05-08T19:10:50-07:00","https://itunes.apple.com/us/rss/customerreviews/id=1438388363/sortBy=mostRecent/json"
"1438388363","Habit Tracker","ai_companion_roleplay","medium_high","5","jtbd_structure_self_improvement","jtbd","Turn vague self-improvement into concrete actions","2026-05-07T09:58:07-07:00","https://itunes.apple.com/us/rss/customerreviews/id=1438388363/sortBy=mostRecent/json"
"1438388363","Habit Tracker","ai_companion_roleplay","medium_high","5","jtbd_belonging_accountability","jtbd","Feel accompanied or accountable","2026-05-07T09:58:07-07:00","https://itunes.apple.com/us/rss/customerreviews/id=1438388363/sortBy=mostRecent/json"
"1438388363","Habit Tracker","ai_companion_roleplay","medium_high","5","pain_content_depth_customization","pain","Users want more depth, options, or customization","2026-05-07T09:58:07-07:00","https://itunes.apple.com/us/rss/customerreviews/id=1438388363/sortBy=mostRecent/json"
"1438388363","Habit Tracker","ai_companion_roleplay","medium_high","5","jtbd_daily_anchor","jtbd","Give me a daily anchor I can return to","2026-05-07T05:50:14-07:00","https://itunes.apple.com/us/rss/customerreviews/id=1438388363/sortBy=mostRecent/json"
"1438388363","Habit Tracker","ai_companion_roleplay","medium_high","5","jtbd_fast_emotional_reset","jtbd","Help me calm down or reset quickly","2026-05-07T05:50:14-07:00","https://itunes.apple.com/us/rss/customerreviews/id=1438388363/sortBy=mostRecent/json"
"1438388363","Habit Tracker","ai_companion_roleplay","medium_high","5","jtbd_structure_self_improvement","jtbd","Turn vague self-improvement into concrete actions","2026-05-07T05:50:14-07:00","https://itunes.apple.com/us/rss/customerreviews/id=1438388363/sortBy=mostRecent/json"
"1438388363","Habit Tracker","ai_companion_roleplay","medium_high","5","pain_signup_access_friction","pain","Signup, access, or device friction blocks activation","2026-05-07T05:50:14-07:00","https://itunes.apple.com/us/rss/customerreviews/id=1438388363/sortBy=mostRecent/json"
"1438388363","Habit Tracker","ai_companion_roleplay","medium_high","5","jtbd_daily_anchor","jtbd","Give me a daily anchor I can return to","2026-05-05T18:44:35-07:00","https://itunes.apple.com/us/rss/customerreviews/id=1438388363/sortBy=mostRecent/json"
"1438388363","Habit Tracker","ai_companion_roleplay","medium_high","5","jtbd_daily_anchor","jtbd","Give me a daily anchor I can return to","2026-05-03T18:47:37-07:00","https://itunes.apple.com/us/rss/customerreviews/id=1438388363/sortBy=mostRecent/json"
"1438388363","Habit Tracker","ai_companion_roleplay","medium_high","5","jtbd_structure_self_improvement","jtbd","Turn vague self-improvement into concrete actions","2026-05-03T18:47:37-07:00","https://itunes.apple.com/us/rss/customerreviews/id=1438388363/sortBy=mostRecent/json"
"6754897547","EVOLVE: Transform Your Life","manifestation_tool","high","1","pain_subscription_value","pain","Subscription or paywall does not feel worth it","2026-04-16T23:35:58-07:00","https://itunes.apple.com/us/rss/customerreviews/id=6754897547/sortBy=mostRecent/json"
"6754897547","EVOLVE: Transform Your Life","manifestation_tool","high","1","pain_trust_accuracy_safety","pain","Trust, accuracy, or spiritual safety concerns","2026-04-16T23:35:58-07:00","https://itunes.apple.com/us/rss/customerreviews/id=6754897547/sortBy=mostRecent/json"
"6754897547","EVOLVE: Transform Your Life","manifestation_tool","high","1","jtbd_make_growth_visible","jtbd","Show me visible progress so effort feels real","2026-04-09T09:52:25-07:00","https://itunes.apple.com/us/rss/customerreviews/id=6754897547/sortBy=mostRecent/json"
"6754897547","EVOLVE: Transform Your Life","manifestation_tool","high","4","pain_subscription_value","pain","Subscription or paywall does not feel worth it","2026-04-05T19:16:17-07:00","https://itunes.apple.com/us/rss/customerreviews/id=6754897547/sortBy=mostRecent/json"
"6754897547","EVOLVE: Transform Your Life","manifestation_tool","high","1","pain_reliability_breaks_ritual","pain","Bugs break trust and interrupt the ritual","2026-04-04T20:27:08-07:00","https://itunes.apple.com/us/rss/customerreviews/id=6754897547/sortBy=mostRecent/json"
"6754897547","EVOLVE: Transform Your Life","manifestation_tool","high","1","pain_signup_access_friction","pain","Signup, access, or device friction blocks activation","2026-04-04T20:27:08-07:00","https://itunes.apple.com/us/rss/customerreviews/id=6754897547/sortBy=mostRecent/json"
"6754897547","EVOLVE: Transform Your Life","manifestation_tool","high","1","jtbd_structure_self_improvement","jtbd","Turn vague self-improvement into concrete actions","2026-04-01T16:42:29-07:00","https://itunes.apple.com/us/rss/customerreviews/id=6754897547/sortBy=mostRecent/json"
"6754897547","EVOLVE: Transform Your Life","manifestation_tool","high","1","pain_subscription_value","pain","Subscription or paywall does not feel worth it","2026-04-01T16:42:29-07:00","https://itunes.apple.com/us/rss/customerreviews/id=6754897547/sortBy=mostRecent/json"
"6754897547","EVOLVE: Transform Your Life","manifestation_tool","high","1","pain_content_depth_customization","pain","Users want more depth, options, or customization","2026-04-01T16:42:29-07:00","https://itunes.apple.com/us/rss/customerreviews/id=6754897547/sortBy=mostRecent/json"
"6754897547","EVOLVE: Transform Your Life","manifestation_tool","high","1","jtbd_daily_anchor","jtbd","Give me a daily anchor I can return to","2026-02-12T05:33:59-07:00","https://itunes.apple.com/us/rss/customerreviews/id=6754897547/sortBy=mostRecent/json"
"6754897547","EVOLVE: Transform Your Life","manifestation_tool","high","1","pain_subscription_value","pain","Subscription or paywall does not feel worth it","2026-02-12T05:33:59-07:00","https://itunes.apple.com/us/rss/customerreviews/id=6754897547/sortBy=mostRecent/json"
"6754897547","EVOLVE: Transform Your Life","manifestation_tool","high","1","pain_content_depth_customization","pain","Users want more depth, options, or customization","2026-02-12T05:33:59-07:00","https://itunes.apple.com/us/rss/customerreviews/id=6754897547/sortBy=mostRecent/json"
"6754897547","EVOLVE: Transform Your Life","manifestation_tool","high","1","jtbd_make_growth_visible","jtbd","Show me visible progress so effort feels real","2026-02-09T09:28:08-07:00","https://itunes.apple.com/us/rss/customerreviews/id=6754897547/sortBy=mostRecent/json"
"6754897547","EVOLVE: Transform Your Life","manifestation_tool","high","1","jtbd_structure_self_improvement","jtbd","Turn vague self-improvement into concrete actions","2026-02-09T09:28:08-07:00","https://itunes.apple.com/us/rss/customerreviews/id=6754897547/sortBy=mostRecent/json"
"6754897547","EVOLVE: Transform Your Life","manifestation_tool","high","1","pain_subscription_value","pain","Subscription or paywall does not feel worth it","2026-02-09T09:28:08-07:00","https://itunes.apple.com/us/rss/customerreviews/id=6754897547/sortBy=mostRecent/json"
"6754897547","EVOLVE: Transform Your Life","manifestation_tool","high","1","pain_content_depth_customization","pain","Users want more depth, options, or customization","2026-02-09T09:28:08-07:00","https://itunes.apple.com/us/rss/customerreviews/id=6754897547/sortBy=mostRecent/json"
"6754897547","EVOLVE: Transform Your Life","manifestation_tool","high","1","pain_unclear_game_loop","pain","The game layer can feel confusing or disconnected","2026-02-09T09:28:08-07:00","https://itunes.apple.com/us/rss/customerreviews/id=6754897547/sortBy=mostRecent/json"
"6754897547","EVOLVE: Transform Your Life","manifestation_tool","high","4","jtbd_daily_anchor","jtbd","Give me a daily anchor I can return to","2026-02-07T19:25:55-07:00","https://itunes.apple.com/us/rss/customerreviews/id=6754897547/sortBy=mostRecent/json"
"6754897547","EVOLVE: Transform Your Life","manifestation_tool","high","4","jtbd_make_growth_visible","jtbd","Show me visible progress so effort feels real","2026-02-07T19:25:55-07:00","https://itunes.apple.com/us/rss/customerreviews/id=6754897547/sortBy=mostRecent/json"
"6754897547","EVOLVE: Transform Your Life","manifestation_tool","high","4","jtbd_structure_self_improvement","jtbd","Turn vague self-improvement into concrete actions","2026-02-07T19:25:55-07:00","https://itunes.apple.com/us/rss/customerreviews/id=6754897547/sortBy=mostRecent/json"
"6754897547","EVOLVE: Transform Your Life","manifestation_tool","high","4","jtbd_belonging_accountability","jtbd","Feel accompanied or accountable","2026-02-07T19:25:55-07:00","https://itunes.apple.com/us/rss/customerreviews/id=6754897547/sortBy=mostRecent/json"
"6754897547","EVOLVE: Transform Your Life","manifestation_tool","high","4","pain_content_depth_customization","pain","Users want more depth, options, or customization","2026-02-07T19:25:55-07:00","https://itunes.apple.com/us/rss/customerreviews/id=6754897547/sortBy=mostRecent/json"
"6754897547","EVOLVE: Transform Your Life","manifestation_tool","high","1","pain_reliability_breaks_ritual","pain","Bugs break trust and interrupt the ritual","2026-01-19T22:01:54-07:00","https://itunes.apple.com/us/rss/customerreviews/id=6754897547/sortBy=mostRecent/json"
"6754897547","EVOLVE: Transform Your Life","manifestation_tool","high","1","jtbd_daily_anchor","jtbd","Give me a daily anchor I can return to","2026-01-19T00:03:10-07:00","https://itunes.apple.com/us/rss/customerreviews/id=6754897547/sortBy=mostRecent/json"
"6754897547","EVOLVE: Transform Your Life","manifestation_tool","high","1","jtbd_make_growth_visible","jtbd","Show me visible progress so effort feels real","2026-01-19T00:03:10-07:00","https://itunes.apple.com/us/rss/customerreviews/id=6754897547/sortBy=mostRecent/json"
"6754897547","EVOLVE: Transform Your Life","manifestation_tool","high","1","jtbd_structure_self_improvement","jtbd","Turn vague self-improvement into concrete actions","2026-01-19T00:03:10-07:00","https://itunes.apple.com/us/rss/customerreviews/id=6754897547/sortBy=mostRecent/json"
"6754897547","EVOLVE: Transform Your Life","manifestation_tool","high","3","jtbd_daily_anchor","jtbd","Give me a daily anchor I can return to","2026-01-10T08:03:17-07:00","https://itunes.apple.com/us/rss/customerreviews/id=6754897547/sortBy=mostRecent/json"
"6754897547","EVOLVE: Transform Your Life","manifestation_tool","high","3","jtbd_structure_self_improvement","jtbd","Turn vague self-improvement into concrete actions","2026-01-10T08:03:17-07:00","https://itunes.apple.com/us/rss/customerreviews/id=6754897547/sortBy=mostRecent/json"
"6754897547","EVOLVE: Transform Your Life","manifestation_tool","high","3","pain_reliability_breaks_ritual","pain","Bugs break trust and interrupt the ritual","2026-01-10T08:03:17-07:00","https://itunes.apple.com/us/rss/customerreviews/id=6754897547/sortBy=mostRecent/json"
"6754897547","EVOLVE: Transform Your Life","manifestation_tool","high","1","jtbd_daily_anchor","jtbd","Give me a daily anchor I can return to","2026-01-08T14:24:34-07:00","https://itunes.apple.com/us/rss/customerreviews/id=6754897547/sortBy=mostRecent/json"
"6754897547","EVOLVE: Transform Your Life","manifestation_tool","high","1","pain_subscription_value","pain","Subscription or paywall does not feel worth it","2026-01-08T14:24:34-07:00","https://itunes.apple.com/us/rss/customerreviews/id=6754897547/sortBy=mostRecent/json"
"6754897547","EVOLVE: Transform Your Life","manifestation_tool","high","1","pain_trust_accuracy_safety","pain","Trust, accuracy, or spiritual safety concerns","2026-01-08T14:24:34-07:00","https://itunes.apple.com/us/rss/customerreviews/id=6754897547/sortBy=mostRecent/json"
"6754897547","EVOLVE: Transform Your Life","manifestation_tool","high","1","jtbd_daily_anchor","jtbd","Give me a daily anchor I can return to","2026-01-05T11:26:23-07:00","https://itunes.apple.com/us/rss/customerreviews/id=6754897547/sortBy=mostRecent/json"
"6754897547","EVOLVE: Transform Your Life","manifestation_tool","high","1","jtbd_structure_self_improvement","jtbd","Turn vague self-improvement into concrete actions","2026-01-05T11:26:23-07:00","https://itunes.apple.com/us/rss/customerreviews/id=6754897547/sortBy=mostRecent/json"
"6754897547","EVOLVE: Transform Your Life","manifestation_tool","high","1","pain_trust_accuracy_safety","pain","Trust, accuracy, or spiritual safety concerns","2026-01-05T11:26:23-07:00","https://itunes.apple.com/us/rss/customerreviews/id=6754897547/sortBy=mostRecent/json"
"6754897547","EVOLVE: Transform Your Life","manifestation_tool","high","2","jtbd_daily_anchor","jtbd","Give me a daily anchor I can return to","2026-01-05T05:13:22-07:00","https://itunes.apple.com/us/rss/customerreviews/id=6754897547/sortBy=mostRecent/json"
"6754897547","EVOLVE: Transform Your Life","manifestation_tool","high","2","jtbd_structure_self_improvement","jtbd","Turn vague self-improvement into concrete actions","2026-01-05T05:13:22-07:00","https://itunes.apple.com/us/rss/customerreviews/id=6754897547/sortBy=mostRecent/json"
"6754897547","EVOLVE: Transform Your Life","manifestation_tool","high","2","pain_content_depth_customization","pain","Users want more depth, options, or customization","2026-01-05T05:13:22-07:00","https://itunes.apple.com/us/rss/customerreviews/id=6754897547/sortBy=mostRecent/json"
"6754897547","EVOLVE: Transform Your Life","manifestation_tool","high","1","jtbd_daily_anchor","jtbd","Give me a daily anchor I can return to","2026-01-05T03:23:27-07:00","https://itunes.apple.com/us/rss/customerreviews/id=6754897547/sortBy=mostRecent/json"
"6754897547","EVOLVE: Transform Your Life","manifestation_tool","high","1","jtbd_structure_self_improvement","jtbd","Turn vague self-improvement into concrete actions","2026-01-05T03:23:27-07:00","https://itunes.apple.com/us/rss/customerreviews/id=6754897547/sortBy=mostRecent/json"
"6754897547","EVOLVE: Transform Your Life","manifestation_tool","high","1","jtbd_daily_anchor","jtbd","Give me a daily anchor I can return to","2026-01-03T16:22:59-07:00","https://itunes.apple.com/us/rss/customerreviews/id=6754897547/sortBy=mostRecent/json"
"6754897547","EVOLVE: Transform Your Life","manifestation_tool","high","1","jtbd_make_growth_visible","jtbd","Show me visible progress so effort feels real","2026-01-03T16:22:59-07:00","https://itunes.apple.com/us/rss/customerreviews/id=6754897547/sortBy=mostRecent/json"
"6754897547","EVOLVE: Transform Your Life","manifestation_tool","high","1","jtbd_structure_self_improvement","jtbd","Turn vague self-improvement into concrete actions","2026-01-03T16:22:59-07:00","https://itunes.apple.com/us/rss/customerreviews/id=6754897547/sortBy=mostRecent/json"
"6754897547","EVOLVE: Transform Your Life","manifestation_tool","high","1","pain_subscription_value","pain","Subscription or paywall does not feel worth it","2025-12-31T05:38:30-07:00","https://itunes.apple.com/us/rss/customerreviews/id=6754897547/sortBy=mostRecent/json"
"6754897547","EVOLVE: Transform Your Life","manifestation_tool","high","2","jtbd_daily_anchor","jtbd","Give me a daily anchor I can return to","2025-12-31T00:18:37-07:00","https://itunes.apple.com/us/rss/customerreviews/id=6754897547/sortBy=mostRecent/json"
"6754897547","EVOLVE: Transform Your Life","manifestation_tool","high","2","jtbd_structure_self_improvement","jtbd","Turn vague self-improvement into concrete actions","2025-12-31T00:18:37-07:00","https://itunes.apple.com/us/rss/customerreviews/id=6754897547/sortBy=mostRecent/json"
"6754897547","EVOLVE: Transform Your Life","manifestation_tool","high","5","jtbd_daily_anchor","jtbd","Give me a daily anchor I can return to","2025-12-29T17:39:59-07:00","https://itunes.apple.com/us/rss/customerreviews/id=6754897547/sortBy=mostRecent/json"
"6754897547","EVOLVE: Transform Your Life","manifestation_tool","high","5","jtbd_make_growth_visible","jtbd","Show me visible progress so effort feels real","2025-12-29T17:39:59-07:00","https://itunes.apple.com/us/rss/customerreviews/id=6754897547/sortBy=mostRecent/json"
"6754897547","EVOLVE: Transform Your Life","manifestation_tool","high","5","jtbd_structure_self_improvement","jtbd","Turn vague self-improvement into concrete actions","2025-12-29T17:39:59-07:00","https://itunes.apple.com/us/rss/customerreviews/id=6754897547/sortBy=mostRecent/json"
"6754897547","EVOLVE: Transform Your Life","manifestation_tool","high","5","pain_reliability_breaks_ritual","pain","Bugs break trust and interrupt the ritual","2025-12-29T17:39:59-07:00","https://itunes.apple.com/us/rss/customerreviews/id=6754897547/sortBy=mostRecent/json"
"6754897547","EVOLVE: Transform Your Life","manifestation_tool","high","5","pain_content_depth_customization","pain","Users want more depth, options, or customization","2025-12-29T17:39:59-07:00","https://itunes.apple.com/us/rss/customerreviews/id=6754897547/sortBy=mostRecent/json"
"6754897547","EVOLVE: Transform Your Life","manifestation_tool","high","2","jtbd_daily_anchor","jtbd","Give me a daily anchor I can return to","2025-12-29T12:20:15-07:00","https://itunes.apple.com/us/rss/customerreviews/id=6754897547/sortBy=mostRecent/json"
"6754897547","EVOLVE: Transform Your Life","manifestation_tool","high","2","jtbd_structure_self_improvement","jtbd","Turn vague self-improvement into concrete actions","2025-12-29T12:20:15-07:00","https://itunes.apple.com/us/rss/customerreviews/id=6754897547/sortBy=mostRecent/json"
"6754897547","EVOLVE: Transform Your Life","manifestation_tool","high","2","pain_subscription_value","pain","Subscription or paywall does not feel worth it","2025-12-29T12:20:15-07:00","https://itunes.apple.com/us/rss/customerreviews/id=6754897547/sortBy=mostRecent/json"
"6754897547","EVOLVE: Transform Your Life","manifestation_tool","high","2","pain_reliability_breaks_ritual","pain","Bugs break trust and interrupt the ritual","2025-12-29T12:20:15-07:00","https://itunes.apple.com/us/rss/customerreviews/id=6754897547/sortBy=mostRecent/json"
"6754897547","EVOLVE: Transform Your Life","manifestation_tool","high","2","pain_content_depth_customization","pain","Users want more depth, options, or customization","2025-12-29T12:20:15-07:00","https://itunes.apple.com/us/rss/customerreviews/id=6754897547/sortBy=mostRecent/json"
"6754897547","EVOLVE: Transform Your Life","manifestation_tool","high","1","jtbd_feel_seen_personalized","jtbd","Make the guidance feel personally about me","2025-12-29T07:57:21-07:00","https://itunes.apple.com/us/rss/customerreviews/id=6754897547/sortBy=mostRecent/json"
"6754897547","EVOLVE: Transform Your Life","manifestation_tool","high","1","jtbd_daily_anchor","jtbd","Give me a daily anchor I can return to","2025-12-28T10:25:41-07:00","https://itunes.apple.com/us/rss/customerreviews/id=6754897547/sortBy=mostRecent/json"
"6754897547","EVOLVE: Transform Your Life","manifestation_tool","high","1","jtbd_make_growth_visible","jtbd","Show me visible progress so effort feels real","2025-12-28T10:25:41-07:00","https://itunes.apple.com/us/rss/customerreviews/id=6754897547/sortBy=mostRecent/json"
"6754897547","EVOLVE: Transform Your Life","manifestation_tool","high","1","jtbd_structure_self_improvement","jtbd","Turn vague self-improvement into concrete actions","2025-12-28T10:25:41-07:00","https://itunes.apple.com/us/rss/customerreviews/id=6754897547/sortBy=mostRecent/json"
"6754897547","EVOLVE: Transform Your Life","manifestation_tool","high","1","pain_content_depth_customization","pain","Users want more depth, options, or customization","2025-12-28T10:25:41-07:00","https://itunes.apple.com/us/rss/customerreviews/id=6754897547/sortBy=mostRecent/json"
"6754897547","EVOLVE: Transform Your Life","manifestation_tool","high","1","pain_subscription_value","pain","Subscription or paywall does not feel worth it","2025-12-26T22:34:28-07:00","https://itunes.apple.com/us/rss/customerreviews/id=6754897547/sortBy=mostRecent/json"
"6754897547","EVOLVE: Transform Your Life","manifestation_tool","high","1","pain_content_depth_customization","pain","Users want more depth, options, or customization","2025-12-26T22:34:28-07:00","https://itunes.apple.com/us/rss/customerreviews/id=6754897547/sortBy=mostRecent/json"
"6754897547","EVOLVE: Transform Your Life","manifestation_tool","high","1","pain_subscription_value","pain","Subscription or paywall does not feel worth it","2025-12-26T15:45:53-07:00","https://itunes.apple.com/us/rss/customerreviews/id=6754897547/sortBy=mostRecent/json"
"6754897547","EVOLVE: Transform Your Life","manifestation_tool","high","1","pain_content_depth_customization","pain","Users want more depth, options, or customization","2025-12-26T15:45:53-07:00","https://itunes.apple.com/us/rss/customerreviews/id=6754897547/sortBy=mostRecent/json"
"6754897547","EVOLVE: Transform Your Life","manifestation_tool","high","1","jtbd_daily_anchor","jtbd","Give me a daily anchor I can return to","2025-12-21T14:33:48-07:00","https://itunes.apple.com/us/rss/customerreviews/id=6754897547/sortBy=mostRecent/json"
"6754897547","EVOLVE: Transform Your Life","manifestation_tool","high","1","jtbd_make_growth_visible","jtbd","Show me visible progress so effort feels real","2025-12-21T14:33:48-07:00","https://itunes.apple.com/us/rss/customerreviews/id=6754897547/sortBy=mostRecent/json"
"6754897547","EVOLVE: Transform Your Life","manifestation_tool","high","1","jtbd_structure_self_improvement","jtbd","Turn vague self-improvement into concrete actions","2025-12-21T14:33:48-07:00","https://itunes.apple.com/us/rss/customerreviews/id=6754897547/sortBy=mostRecent/json"
"6754897547","EVOLVE: Transform Your Life","manifestation_tool","high","2","pain_signup_access_friction","pain","Signup, access, or device friction blocks activation","2025-12-16T16:26:41-07:00","https://itunes.apple.com/us/rss/customerreviews/id=6754897547/sortBy=mostRecent/json"
"6754897547","EVOLVE: Transform Your Life","manifestation_tool","high","1","pain_subscription_value","pain","Subscription or paywall does not feel worth it","2025-12-10T19:49:05-07:00","https://itunes.apple.com/us/rss/customerreviews/id=6754897547/sortBy=mostRecent/json"
"6754897547","EVOLVE: Transform Your Life","manifestation_tool","high","1","jtbd_daily_anchor","jtbd","Give me a daily anchor I can return to","2025-11-28T14:06:11-07:00","https://itunes.apple.com/us/rss/customerreviews/id=6754897547/sortBy=mostRecent/json"
"6754897547","EVOLVE: Transform Your Life","manifestation_tool","high","1","jtbd_structure_self_improvement","jtbd","Turn vague self-improvement into concrete actions","2025-11-28T14:06:11-07:00","https://itunes.apple.com/us/rss/customerreviews/id=6754897547/sortBy=mostRecent/json"
"6739170801","Habit Tracker : Haby","manifestation_tool","medium_high","5","jtbd_make_growth_visible","jtbd","Show me visible progress so effort feels real","2026-04-06T20:48:10-07:00","https://itunes.apple.com/us/rss/customerreviews/id=6739170801/sortBy=mostRecent/json"
"6739170801","Habit Tracker : Haby","manifestation_tool","medium_high","5","jtbd_structure_self_improvement","jtbd","Turn vague self-improvement into concrete actions","2026-04-06T20:48:10-07:00","https://itunes.apple.com/us/rss/customerreviews/id=6739170801/sortBy=mostRecent/json"
"6739170801","Habit Tracker : Haby","manifestation_tool","medium_high","1","pain_subscription_value","pain","Subscription or paywall does not feel worth it","2026-03-04T11:05:57-07:00","https://itunes.apple.com/us/rss/customerreviews/id=6739170801/sortBy=mostRecent/json"
"6739170801","Habit Tracker : Haby","manifestation_tool","medium_high","5","jtbd_daily_anchor","jtbd","Give me a daily anchor I can return to","2026-01-24T13:42:07-07:00","https://itunes.apple.com/us/rss/customerreviews/id=6739170801/sortBy=mostRecent/json"
"6739170801","Habit Tracker : Haby","manifestation_tool","medium_high","5","jtbd_structure_self_improvement","jtbd","Turn vague self-improvement into concrete actions","2026-01-24T13:42:07-07:00","https://itunes.apple.com/us/rss/customerreviews/id=6739170801/sortBy=mostRecent/json"
"6739170801","Habit Tracker : Haby","manifestation_tool","medium_high","5","jtbd_daily_anchor","jtbd","Give me a daily anchor I can return to","2025-12-18T00:22:50-07:00","https://itunes.apple.com/us/rss/customerreviews/id=6739170801/sortBy=mostRecent/json"
"6739170801","Habit Tracker : Haby","manifestation_tool","medium_high","5","jtbd_make_growth_visible","jtbd","Show me visible progress so effort feels real","2025-12-18T00:22:50-07:00","https://itunes.apple.com/us/rss/customerreviews/id=6739170801/sortBy=mostRecent/json"
"6739170801","Habit Tracker : Haby","manifestation_tool","medium_high","5","jtbd_structure_self_improvement","jtbd","Turn vague self-improvement into concrete actions","2025-12-18T00:22:50-07:00","https://itunes.apple.com/us/rss/customerreviews/id=6739170801/sortBy=mostRecent/json"
"6739170801","Habit Tracker : Haby","manifestation_tool","medium_high","5","pain_content_depth_customization","pain","Users want more depth, options, or customization","2025-12-18T00:22:50-07:00","https://itunes.apple.com/us/rss/customerreviews/id=6739170801/sortBy=mostRecent/json"
"6739170801","Habit Tracker : Haby","manifestation_tool","medium_high","1","pain_subscription_value","pain","Subscription or paywall does not feel worth it","2025-08-22T23:08:40-07:00","https://itunes.apple.com/us/rss/customerreviews/id=6739170801/sortBy=mostRecent/json"
"6739170801","Habit Tracker : Haby","manifestation_tool","medium_high","1","pain_signup_access_friction","pain","Signup, access, or device friction blocks activation","2025-08-22T23:08:40-07:00","https://itunes.apple.com/us/rss/customerreviews/id=6739170801/sortBy=mostRecent/json"
"6739170801","Habit Tracker : Haby","manifestation_tool","medium_high","4","jtbd_daily_anchor","jtbd","Give me a daily anchor I can return to","2025-07-29T16:39:42-07:00","https://itunes.apple.com/us/rss/customerreviews/id=6739170801/sortBy=mostRecent/json"
"6739170801","Habit Tracker : Haby","manifestation_tool","medium_high","4","jtbd_make_growth_visible","jtbd","Show me visible progress so effort feels real","2025-07-29T16:39:42-07:00","https://itunes.apple.com/us/rss/customerreviews/id=6739170801/sortBy=mostRecent/json"
"6739170801","Habit Tracker : Haby","manifestation_tool","medium_high","4","jtbd_structure_self_improvement","jtbd","Turn vague self-improvement into concrete actions","2025-07-29T16:39:42-07:00","https://itunes.apple.com/us/rss/customerreviews/id=6739170801/sortBy=mostRecent/json"
"6739170801","Habit Tracker : Haby","manifestation_tool","medium_high","4","pain_reliability_breaks_ritual","pain","Bugs break trust and interrupt the ritual","2025-07-29T16:39:42-07:00","https://itunes.apple.com/us/rss/customerreviews/id=6739170801/sortBy=mostRecent/json"
"6739170801","Habit Tracker : Haby","manifestation_tool","medium_high","4","pain_content_depth_customization","pain","Users want more depth, options, or customization","2025-07-29T16:39:42-07:00","https://itunes.apple.com/us/rss/customerreviews/id=6739170801/sortBy=mostRecent/json"
"6739170801","Habit Tracker : Haby","manifestation_tool","medium_high","4","pain_signup_access_friction","pain","Signup, access, or device friction blocks activation","2025-07-29T16:39:42-07:00","https://itunes.apple.com/us/rss/customerreviews/id=6739170801/sortBy=mostRecent/json"
"6739170801","Habit Tracker : Haby","manifestation_tool","medium_high","1","pain_subscription_value","pain","Subscription or paywall does not feel worth it","2025-07-25T09:19:02-07:00","https://itunes.apple.com/us/rss/customerreviews/id=6739170801/sortBy=mostRecent/json"
"6739170801","Habit Tracker : Haby","manifestation_tool","medium_high","1","pain_signup_access_friction","pain","Signup, access, or device friction blocks activation","2025-07-25T09:19:02-07:00","https://itunes.apple.com/us/rss/customerreviews/id=6739170801/sortBy=mostRecent/json"
"6739170801","Habit Tracker : Haby","manifestation_tool","medium_high","3","pain_subscription_value","pain","Subscription or paywall does not feel worth it","2025-07-10T05:54:46-07:00","https://itunes.apple.com/us/rss/customerreviews/id=6739170801/sortBy=mostRecent/json"
"6739170801","Habit Tracker : Haby","manifestation_tool","medium_high","3","pain_reliability_breaks_ritual","pain","Bugs break trust and interrupt the ritual","2025-07-10T05:54:46-07:00","https://itunes.apple.com/us/rss/customerreviews/id=6739170801/sortBy=mostRecent/json"
"6739170801","Habit Tracker : Haby","manifestation_tool","medium_high","3","pain_signup_access_friction","pain","Signup, access, or device friction blocks activation","2025-07-10T05:54:46-07:00","https://itunes.apple.com/us/rss/customerreviews/id=6739170801/sortBy=mostRecent/json"
"6739170801","Habit Tracker : Haby","manifestation_tool","medium_high","3","jtbd_daily_anchor","jtbd","Give me a daily anchor I can return to","2025-04-17T23:12:14-07:00","https://itunes.apple.com/us/rss/customerreviews/id=6739170801/sortBy=mostRecent/json"
"6739170801","Habit Tracker : Haby","manifestation_tool","medium_high","3","jtbd_structure_self_improvement","jtbd","Turn vague self-improvement into concrete actions","2025-04-17T23:12:14-07:00","https://itunes.apple.com/us/rss/customerreviews/id=6739170801/sortBy=mostRecent/json"
"6739170801","Habit Tracker : Haby","manifestation_tool","medium_high","3","pain_subscription_value","pain","Subscription or paywall does not feel worth it","2025-04-17T23:12:14-07:00","https://itunes.apple.com/us/rss/customerreviews/id=6739170801/sortBy=mostRecent/json"
"6739170801","Habit Tracker : Haby","manifestation_tool","medium_high","3","pain_content_depth_customization","pain","Users want more depth, options, or customization","2025-04-17T23:12:14-07:00","https://itunes.apple.com/us/rss/customerreviews/id=6739170801/sortBy=mostRecent/json"
"6739170801","Habit Tracker : Haby","manifestation_tool","medium_high","3","pain_unclear_game_loop","pain","The game layer can feel confusing or disconnected","2025-04-17T23:12:14-07:00","https://itunes.apple.com/us/rss/customerreviews/id=6739170801/sortBy=mostRecent/json"
"6739170801","Habit Tracker : Haby","manifestation_tool","medium_high","3","pain_signup_access_friction","pain","Signup, access, or device friction blocks activation","2025-04-17T23:12:14-07:00","https://itunes.apple.com/us/rss/customerreviews/id=6739170801/sortBy=mostRecent/json"
"6739170801","Habit Tracker : Haby","manifestation_tool","medium_high","1","pain_signup_access_friction","pain","Signup, access, or device friction blocks activation","2025-04-04T18:23:58-07:00","https://itunes.apple.com/us/rss/customerreviews/id=6739170801/sortBy=mostRecent/json"
"6739170801","Habit Tracker : Haby","manifestation_tool","medium_high","4","jtbd_daily_anchor","jtbd","Give me a daily anchor I can return to","2025-03-29T15:03:24-07:00","https://itunes.apple.com/us/rss/customerreviews/id=6739170801/sortBy=mostRecent/json"
"6739170801","Habit Tracker : Haby","manifestation_tool","medium_high","4","jtbd_structure_self_improvement","jtbd","Turn vague self-improvement into concrete actions","2025-03-29T15:03:24-07:00","https://itunes.apple.com/us/rss/customerreviews/id=6739170801/sortBy=mostRecent/json"
"6739170801","Habit Tracker : Haby","manifestation_tool","medium_high","4","pain_content_depth_customization","pain","Users want more depth, options, or customization","2025-03-29T15:03:24-07:00","https://itunes.apple.com/us/rss/customerreviews/id=6739170801/sortBy=mostRecent/json"
"6739170801","Habit Tracker : Haby","manifestation_tool","medium_high","3","jtbd_daily_anchor","jtbd","Give me a daily anchor I can return to","2025-03-23T22:27:59-07:00","https://itunes.apple.com/us/rss/customerreviews/id=6739170801/sortBy=mostRecent/json"
"6739170801","Habit Tracker : Haby","manifestation_tool","medium_high","3","jtbd_structure_self_improvement","jtbd","Turn vague self-improvement into concrete actions","2025-03-23T22:27:59-07:00","https://itunes.apple.com/us/rss/customerreviews/id=6739170801/sortBy=mostRecent/json"
"6739170801","Habit Tracker : Haby","manifestation_tool","medium_high","3","pain_content_depth_customization","pain","Users want more depth, options, or customization","2025-03-23T22:27:59-07:00","https://itunes.apple.com/us/rss/customerreviews/id=6739170801/sortBy=mostRecent/json"
"6739170801","Habit Tracker : Haby","manifestation_tool","medium_high","3","jtbd_structure_self_improvement","jtbd","Turn vague self-improvement into concrete actions","2025-02-28T04:47:11-07:00","https://itunes.apple.com/us/rss/customerreviews/id=6739170801/sortBy=mostRecent/json"
"6739170801","Habit Tracker : Haby","manifestation_tool","medium_high","3","pain_content_depth_customization","pain","Users want more depth, options, or customization","2025-02-28T04:47:11-07:00","https://itunes.apple.com/us/rss/customerreviews/id=6739170801/sortBy=mostRecent/json"
"6739170801","Habit Tracker : Haby","manifestation_tool","medium_high","5","jtbd_daily_anchor","jtbd","Give me a daily anchor I can return to","2025-02-27T05:54:29-07:00","https://itunes.apple.com/us/rss/customerreviews/id=6739170801/sortBy=mostRecent/json"
"6739170801","Habit Tracker : Haby","manifestation_tool","medium_high","5","jtbd_make_growth_visible","jtbd","Show me visible progress so effort feels real","2025-02-27T05:54:29-07:00","https://itunes.apple.com/us/rss/customerreviews/id=6739170801/sortBy=mostRecent/json"
"6739170801","Habit Tracker : Haby","manifestation_tool","medium_high","5","jtbd_structure_self_improvement","jtbd","Turn vague self-improvement into concrete actions","2025-02-27T05:54:29-07:00","https://itunes.apple.com/us/rss/customerreviews/id=6739170801/sortBy=mostRecent/json"
"6739170801","Habit Tracker : Haby","manifestation_tool","medium_high","5","pain_subscription_value","pain","Subscription or paywall does not feel worth it","2025-02-27T05:54:29-07:00","https://itunes.apple.com/us/rss/customerreviews/id=6739170801/sortBy=mostRecent/json"
"6739170801","Habit Tracker : Haby","manifestation_tool","medium_high","5","pain_content_depth_customization","pain","Users want more depth, options, or customization","2025-02-27T05:54:29-07:00","https://itunes.apple.com/us/rss/customerreviews/id=6739170801/sortBy=mostRecent/json"
"6739170801","Habit Tracker : Haby","manifestation_tool","medium_high","3","jtbd_daily_anchor","jtbd","Give me a daily anchor I can return to","2025-02-18T04:41:42-07:00","https://itunes.apple.com/us/rss/customerreviews/id=6739170801/sortBy=mostRecent/json"
"6739170801","Habit Tracker : Haby","manifestation_tool","medium_high","3","jtbd_structure_self_improvement","jtbd","Turn vague self-improvement into concrete actions","2025-02-18T04:41:42-07:00","https://itunes.apple.com/us/rss/customerreviews/id=6739170801/sortBy=mostRecent/json"
"6739170801","Habit Tracker : Haby","manifestation_tool","medium_high","3","pain_content_depth_customization","pain","Users want more depth, options, or customization","2025-02-18T04:41:42-07:00","https://itunes.apple.com/us/rss/customerreviews/id=6739170801/sortBy=mostRecent/json"
"6739170801","Habit Tracker : Haby","manifestation_tool","medium_high","5","pain_content_depth_customization","pain","Users want more depth, options, or customization","2025-02-16T18:37:59-07:00","https://itunes.apple.com/us/rss/customerreviews/id=6739170801/sortBy=mostRecent/json"
"6739170801","Habit Tracker : Haby","manifestation_tool","medium_high","1","jtbd_daily_anchor","jtbd","Give me a daily anchor I can return to","2025-02-10T15:48:18-07:00","https://itunes.apple.com/us/rss/customerreviews/id=6739170801/sortBy=mostRecent/json"
"6739170801","Habit Tracker : Haby","manifestation_tool","medium_high","1","jtbd_structure_self_improvement","jtbd","Turn vague self-improvement into concrete actions","2025-02-10T15:48:18-07:00","https://itunes.apple.com/us/rss/customerreviews/id=6739170801/sortBy=mostRecent/json"
"6739170801","Habit Tracker : Haby","manifestation_tool","medium_high","1","pain_subscription_value","pain","Subscription or paywall does not feel worth it","2025-02-10T15:48:18-07:00","https://itunes.apple.com/us/rss/customerreviews/id=6739170801/sortBy=mostRecent/json"
"6739170801","Habit Tracker : Haby","manifestation_tool","medium_high","5","jtbd_daily_anchor","jtbd","Give me a daily anchor I can return to","2025-01-24T07:09:44-07:00","https://itunes.apple.com/us/rss/customerreviews/id=6739170801/sortBy=mostRecent/json"
"6739170801","Habit Tracker : Haby","manifestation_tool","medium_high","5","jtbd_structure_self_improvement","jtbd","Turn vague self-improvement into concrete actions","2025-01-24T07:09:44-07:00","https://itunes.apple.com/us/rss/customerreviews/id=6739170801/sortBy=mostRecent/json"
"6739170801","Habit Tracker : Haby","manifestation_tool","medium_high","5","jtbd_daily_anchor","jtbd","Give me a daily anchor I can return to","2025-01-05T20:11:14-07:00","https://itunes.apple.com/us/rss/customerreviews/id=6739170801/sortBy=mostRecent/json"
"6739170801","Habit Tracker : Haby","manifestation_tool","medium_high","5","jtbd_structure_self_improvement","jtbd","Turn vague self-improvement into concrete actions","2025-01-05T20:11:14-07:00","https://itunes.apple.com/us/rss/customerreviews/id=6739170801/sortBy=mostRecent/json"
"6739170801","Habit Tracker : Haby","manifestation_tool","medium_high","5","pain_content_depth_customization","pain","Users want more depth, options, or customization","2025-01-05T20:11:14-07:00","https://itunes.apple.com/us/rss/customerreviews/id=6739170801/sortBy=mostRecent/json"
"6739170801","Habit Tracker : Haby","manifestation_tool","medium_high","4","jtbd_daily_anchor","jtbd","Give me a daily anchor I can return to","2025-01-05T17:24:02-07:00","https://itunes.apple.com/us/rss/customerreviews/id=6739170801/sortBy=mostRecent/json"
"6739170801","Habit Tracker : Haby","manifestation_tool","medium_high","4","jtbd_structure_self_improvement","jtbd","Turn vague self-improvement into concrete actions","2025-01-05T17:24:02-07:00","https://itunes.apple.com/us/rss/customerreviews/id=6739170801/sortBy=mostRecent/json"
"6739170801","Habit Tracker : Haby","manifestation_tool","medium_high","4","pain_subscription_value","pain","Subscription or paywall does not feel worth it","2025-01-04T12:42:09-07:00","https://itunes.apple.com/us/rss/customerreviews/id=6739170801/sortBy=mostRecent/json"
"6739170801","Habit Tracker : Haby","manifestation_tool","medium_high","4","pain_signup_access_friction","pain","Signup, access, or device friction blocks activation","2025-01-04T12:42:09-07:00","https://itunes.apple.com/us/rss/customerreviews/id=6739170801/sortBy=mostRecent/json"
"6739170801","Habit Tracker : Haby","manifestation_tool","medium_high","1","pain_signup_access_friction","pain","Signup, access, or device friction blocks activation","2024-12-30T18:05:19-07:00","https://itunes.apple.com/us/rss/customerreviews/id=6739170801/sortBy=mostRecent/json"
"6739170801","Habit Tracker : Haby","manifestation_tool","medium_high","5","jtbd_daily_anchor","jtbd","Give me a daily anchor I can return to","2024-12-30T00:00:02-07:00","https://itunes.apple.com/us/rss/customerreviews/id=6739170801/sortBy=mostRecent/json"
"6739170801","Habit Tracker : Haby","manifestation_tool","medium_high","5","jtbd_structure_self_improvement","jtbd","Turn vague self-improvement into concrete actions","2024-12-30T00:00:02-07:00","https://itunes.apple.com/us/rss/customerreviews/id=6739170801/sortBy=mostRecent/json"
"6739170801","Habit Tracker : Haby","manifestation_tool","medium_high","5","jtbd_daily_anchor","jtbd","Give me a daily anchor I can return to","2024-12-27T03:02:07-07:00","https://itunes.apple.com/us/rss/customerreviews/id=6739170801/sortBy=mostRecent/json"
"6739170801","Habit Tracker : Haby","manifestation_tool","medium_high","5","pain_subscription_value","pain","Subscription or paywall does not feel worth it","2024-12-27T03:02:07-07:00","https://itunes.apple.com/us/rss/customerreviews/id=6739170801/sortBy=mostRecent/json"
"1528204230","Daily Habit List: Goal Tracker","gamified_self_improvement","medium_high","2","pain_subscription_value","pain","Subscription or paywall does not feel worth it","2022-09-08T23:11:18-07:00","https://itunes.apple.com/us/rss/customerreviews/id=1528204230/sortBy=mostRecent/json"
"1528204230","Daily Habit List: Goal Tracker","gamified_self_improvement","medium_high","1","jtbd_daily_anchor","jtbd","Give me a daily anchor I can return to","2022-07-05T10:08:22-07:00","https://itunes.apple.com/us/rss/customerreviews/id=1528204230/sortBy=mostRecent/json"
"1528204230","Daily Habit List: Goal Tracker","gamified_self_improvement","medium_high","1","jtbd_structure_self_improvement","jtbd","Turn vague self-improvement into concrete actions","2022-07-05T10:08:22-07:00","https://itunes.apple.com/us/rss/customerreviews/id=1528204230/sortBy=mostRecent/json"
"1528204230","Daily Habit List: Goal Tracker","gamified_self_improvement","medium_high","1","pain_subscription_value","pain","Subscription or paywall does not feel worth it","2022-07-05T10:08:22-07:00","https://itunes.apple.com/us/rss/customerreviews/id=1528204230/sortBy=mostRecent/json"
"1528204230","Daily Habit List: Goal Tracker","gamified_self_improvement","medium_high","1","jtbd_daily_anchor","jtbd","Give me a daily anchor I can return to","2022-07-03T11:17:19-07:00","https://itunes.apple.com/us/rss/customerreviews/id=1528204230/sortBy=mostRecent/json"
"1528204230","Daily Habit List: Goal Tracker","gamified_self_improvement","medium_high","1","pain_unclear_game_loop","pain","The game layer can feel confusing or disconnected","2022-07-03T11:17:19-07:00","https://itunes.apple.com/us/rss/customerreviews/id=1528204230/sortBy=mostRecent/json"
"1528204230","Daily Habit List: Goal Tracker","gamified_self_improvement","medium_high","1","pain_trust_accuracy_safety","pain","Trust, accuracy, or spiritual safety concerns","2022-06-29T12:56:35-07:00","https://itunes.apple.com/us/rss/customerreviews/id=1528204230/sortBy=mostRecent/json"
"1528204230","Daily Habit List: Goal Tracker","gamified_self_improvement","medium_high","5","jtbd_daily_anchor","jtbd","Give me a daily anchor I can return to","2022-06-02T05:43:25-07:00","https://itunes.apple.com/us/rss/customerreviews/id=1528204230/sortBy=mostRecent/json"
"1528204230","Daily Habit List: Goal Tracker","gamified_self_improvement","medium_high","5","jtbd_structure_self_improvement","jtbd","Turn vague self-improvement into concrete actions","2022-06-02T05:43:25-07:00","https://itunes.apple.com/us/rss/customerreviews/id=1528204230/sortBy=mostRecent/json"
"1528204230","Daily Habit List: Goal Tracker","gamified_self_improvement","medium_high","5","pain_subscription_value","pain","Subscription or paywall does not feel worth it","2022-06-02T05:43:25-07:00","https://itunes.apple.com/us/rss/customerreviews/id=1528204230/sortBy=mostRecent/json"
"1528204230","Daily Habit List: Goal Tracker","gamified_self_improvement","medium_high","5","pain_content_depth_customization","pain","Users want more depth, options, or customization","2022-06-02T05:43:25-07:00","https://itunes.apple.com/us/rss/customerreviews/id=1528204230/sortBy=mostRecent/json"
"1528204230","Daily Habit List: Goal Tracker","gamified_self_improvement","medium_high","5","pain_trust_accuracy_safety","pain","Trust, accuracy, or spiritual safety concerns","2022-06-02T05:43:25-07:00","https://itunes.apple.com/us/rss/customerreviews/id=1528204230/sortBy=mostRecent/json"
"1528204230","Daily Habit List: Goal Tracker","gamified_self_improvement","medium_high","5","pain_signup_access_friction","pain","Signup, access, or device friction blocks activation","2022-06-02T05:43:25-07:00","https://itunes.apple.com/us/rss/customerreviews/id=1528204230/sortBy=mostRecent/json"
"1528204230","Daily Habit List: Goal Tracker","gamified_self_improvement","medium_high","3","jtbd_daily_anchor","jtbd","Give me a daily anchor I can return to","2022-05-20T13:24:40-07:00","https://itunes.apple.com/us/rss/customerreviews/id=1528204230/sortBy=mostRecent/json"
"1528204230","Daily Habit List: Goal Tracker","gamified_self_improvement","medium_high","3","pain_content_depth_customization","pain","Users want more depth, options, or customization","2022-05-20T13:24:40-07:00","https://itunes.apple.com/us/rss/customerreviews/id=1528204230/sortBy=mostRecent/json"
"1528204230","Daily Habit List: Goal Tracker","gamified_self_improvement","medium_high","1","pain_subscription_value","pain","Subscription or paywall does not feel worth it","2022-05-15T13:40:30-07:00","https://itunes.apple.com/us/rss/customerreviews/id=1528204230/sortBy=mostRecent/json"
"1528204230","Daily Habit List: Goal Tracker","gamified_self_improvement","medium_high","1","pain_signup_access_friction","pain","Signup, access, or device friction blocks activation","2022-05-15T13:40:30-07:00","https://itunes.apple.com/us/rss/customerreviews/id=1528204230/sortBy=mostRecent/json"
"1528204230","Daily Habit List: Goal Tracker","gamified_self_improvement","medium_high","1","pain_subscription_value","pain","Subscription or paywall does not feel worth it","2022-04-09T09:16:23-07:00","https://itunes.apple.com/us/rss/customerreviews/id=1528204230/sortBy=mostRecent/json"
"1528204230","Daily Habit List: Goal Tracker","gamified_self_improvement","medium_high","1","jtbd_daily_anchor","jtbd","Give me a daily anchor I can return to","2022-03-28T14:48:18-07:00","https://itunes.apple.com/us/rss/customerreviews/id=1528204230/sortBy=mostRecent/json"
"1528204230","Daily Habit List: Goal Tracker","gamified_self_improvement","medium_high","1","jtbd_structure_self_improvement","jtbd","Turn vague self-improvement into concrete actions","2022-03-28T14:48:18-07:00","https://itunes.apple.com/us/rss/customerreviews/id=1528204230/sortBy=mostRecent/json"
"1528204230","Daily Habit List: Goal Tracker","gamified_self_improvement","medium_high","1","pain_subscription_value","pain","Subscription or paywall does not feel worth it","2022-03-28T14:48:18-07:00","https://itunes.apple.com/us/rss/customerreviews/id=1528204230/sortBy=mostRecent/json"
"1528204230","Daily Habit List: Goal Tracker","gamified_self_improvement","medium_high","1","pain_subscription_value","pain","Subscription or paywall does not feel worth it","2022-03-13T18:37:02-07:00","https://itunes.apple.com/us/rss/customerreviews/id=1528204230/sortBy=mostRecent/json"
"1528204230","Daily Habit List: Goal Tracker","gamified_self_improvement","medium_high","4","jtbd_daily_anchor","jtbd","Give me a daily anchor I can return to","2022-02-09T17:53:16-07:00","https://itunes.apple.com/us/rss/customerreviews/id=1528204230/sortBy=mostRecent/json"
"1528204230","Daily Habit List: Goal Tracker","gamified_self_improvement","medium_high","4","jtbd_structure_self_improvement","jtbd","Turn vague self-improvement into concrete actions","2022-02-09T17:53:16-07:00","https://itunes.apple.com/us/rss/customerreviews/id=1528204230/sortBy=mostRecent/json"
"1528204230","Daily Habit List: Goal Tracker","gamified_self_improvement","medium_high","4","pain_subscription_value","pain","Subscription or paywall does not feel worth it","2022-02-09T17:53:16-07:00","https://itunes.apple.com/us/rss/customerreviews/id=1528204230/sortBy=mostRecent/json"
"1528204230","Daily Habit List: Goal Tracker","gamified_self_improvement","medium_high","1","pain_subscription_value","pain","Subscription or paywall does not feel worth it","2022-02-08T21:52:39-07:00","https://itunes.apple.com/us/rss/customerreviews/id=1528204230/sortBy=mostRecent/json"
"1528204230","Daily Habit List: Goal Tracker","gamified_self_improvement","medium_high","1","pain_subscription_value","pain","Subscription or paywall does not feel worth it","2022-02-02T18:54:12-07:00","https://itunes.apple.com/us/rss/customerreviews/id=1528204230/sortBy=mostRecent/json"
"1528204230","Daily Habit List: Goal Tracker","gamified_self_improvement","medium_high","1","pain_reliability_breaks_ritual","pain","Bugs break trust and interrupt the ritual","2022-02-02T18:54:12-07:00","https://itunes.apple.com/us/rss/customerreviews/id=1528204230/sortBy=mostRecent/json"
"1528204230","Daily Habit List: Goal Tracker","gamified_self_improvement","medium_high","1","pain_signup_access_friction","pain","Signup, access, or device friction blocks activation","2022-02-02T18:54:12-07:00","https://itunes.apple.com/us/rss/customerreviews/id=1528204230/sortBy=mostRecent/json"
"1528204230","Daily Habit List: Goal Tracker","gamified_self_improvement","medium_high","1","jtbd_daily_anchor","jtbd","Give me a daily anchor I can return to","2022-01-18T06:24:50-07:00","https://itunes.apple.com/us/rss/customerreviews/id=1528204230/sortBy=mostRecent/json"
"1528204230","Daily Habit List: Goal Tracker","gamified_self_improvement","medium_high","1","jtbd_structure_self_improvement","jtbd","Turn vague self-improvement into concrete actions","2022-01-18T06:24:50-07:00","https://itunes.apple.com/us/rss/customerreviews/id=1528204230/sortBy=mostRecent/json"
"1528204230","Daily Habit List: Goal Tracker","gamified_self_improvement","medium_high","1","pain_subscription_value","pain","Subscription or paywall does not feel worth it","2022-01-18T06:24:50-07:00","https://itunes.apple.com/us/rss/customerreviews/id=1528204230/sortBy=mostRecent/json"
"1528204230","Daily Habit List: Goal Tracker","gamified_self_improvement","medium_high","1","pain_reliability_breaks_ritual","pain","Bugs break trust and interrupt the ritual","2022-01-18T06:24:50-07:00","https://itunes.apple.com/us/rss/customerreviews/id=1528204230/sortBy=mostRecent/json"
"1528204230","Daily Habit List: Goal Tracker","gamified_self_improvement","medium_high","1","pain_subscription_value","pain","Subscription or paywall does not feel worth it","2022-01-04T09:40:53-07:00","https://itunes.apple.com/us/rss/customerreviews/id=1528204230/sortBy=mostRecent/json"
"1528204230","Daily Habit List: Goal Tracker","gamified_self_improvement","medium_high","1","jtbd_daily_anchor","jtbd","Give me a daily anchor I can return to","2022-01-01T11:55:22-07:00","https://itunes.apple.com/us/rss/customerreviews/id=1528204230/sortBy=mostRecent/json"
"1528204230","Daily Habit List: Goal Tracker","gamified_self_improvement","medium_high","1","jtbd_structure_self_improvement","jtbd","Turn vague self-improvement into concrete actions","2022-01-01T11:55:22-07:00","https://itunes.apple.com/us/rss/customerreviews/id=1528204230/sortBy=mostRecent/json"
"1528204230","Daily Habit List: Goal Tracker","gamified_self_improvement","medium_high","1","pain_subscription_value","pain","Subscription or paywall does not feel worth it","2022-01-01T11:55:22-07:00","https://itunes.apple.com/us/rss/customerreviews/id=1528204230/sortBy=mostRecent/json"
"1528204230","Daily Habit List: Goal Tracker","gamified_self_improvement","medium_high","1","jtbd_daily_anchor","jtbd","Give me a daily anchor I can return to","2021-12-26T23:32:52-07:00","https://itunes.apple.com/us/rss/customerreviews/id=1528204230/sortBy=mostRecent/json"
"1528204230","Daily Habit List: Goal Tracker","gamified_self_improvement","medium_high","1","jtbd_structure_self_improvement","jtbd","Turn vague self-improvement into concrete actions","2021-12-26T23:32:52-07:00","https://itunes.apple.com/us/rss/customerreviews/id=1528204230/sortBy=mostRecent/json"
"1528204230","Daily Habit List: Goal Tracker","gamified_self_improvement","medium_high","1","pain_subscription_value","pain","Subscription or paywall does not feel worth it","2021-12-26T23:32:52-07:00","https://itunes.apple.com/us/rss/customerreviews/id=1528204230/sortBy=mostRecent/json"
"1528204230","Daily Habit List: Goal Tracker","gamified_self_improvement","medium_high","1","pain_signup_access_friction","pain","Signup, access, or device friction blocks activation","2021-12-26T23:32:52-07:00","https://itunes.apple.com/us/rss/customerreviews/id=1528204230/sortBy=mostRecent/json"
"1528204230","Daily Habit List: Goal Tracker","gamified_self_improvement","medium_high","1","jtbd_daily_anchor","jtbd","Give me a daily anchor I can return to","2021-12-22T20:02:41-07:00","https://itunes.apple.com/us/rss/customerreviews/id=1528204230/sortBy=mostRecent/json"
"1528204230","Daily Habit List: Goal Tracker","gamified_self_improvement","medium_high","1","jtbd_structure_self_improvement","jtbd","Turn vague self-improvement into concrete actions","2021-12-22T20:02:41-07:00","https://itunes.apple.com/us/rss/customerreviews/id=1528204230/sortBy=mostRecent/json"
"1528204230","Daily Habit List: Goal Tracker","gamified_self_improvement","medium_high","1","pain_signup_access_friction","pain","Signup, access, or device friction blocks activation","2021-12-22T20:02:41-07:00","https://itunes.apple.com/us/rss/customerreviews/id=1528204230/sortBy=mostRecent/json"
"1528204230","Daily Habit List: Goal Tracker","gamified_self_improvement","medium_high","1","pain_subscription_value","pain","Subscription or paywall does not feel worth it","2021-11-16T07:41:15-07:00","https://itunes.apple.com/us/rss/customerreviews/id=1528204230/sortBy=mostRecent/json"
"1528204230","Daily Habit List: Goal Tracker","gamified_self_improvement","medium_high","2","jtbd_daily_anchor","jtbd","Give me a daily anchor I can return to","2021-03-13T22:02:51-07:00","https://itunes.apple.com/us/rss/customerreviews/id=1528204230/sortBy=mostRecent/json"
"1528204230","Daily Habit List: Goal Tracker","gamified_self_improvement","medium_high","2","pain_subscription_value","pain","Subscription or paywall does not feel worth it","2021-03-13T22:02:51-07:00","https://itunes.apple.com/us/rss/customerreviews/id=1528204230/sortBy=mostRecent/json"
"1528204230","Daily Habit List: Goal Tracker","gamified_self_improvement","medium_high","2","pain_content_depth_customization","pain","Users want more depth, options, or customization","2021-03-13T22:02:51-07:00","https://itunes.apple.com/us/rss/customerreviews/id=1528204230/sortBy=mostRecent/json"
"1528204230","Daily Habit List: Goal Tracker","gamified_self_improvement","medium_high","2","pain_trust_accuracy_safety","pain","Trust, accuracy, or spiritual safety concerns","2021-03-13T22:02:51-07:00","https://itunes.apple.com/us/rss/customerreviews/id=1528204230/sortBy=mostRecent/json"
"6742257400","Habit Tracker - Statz","gamified_self_improvement","medium_high","5","jtbd_daily_anchor","jtbd","Give me a daily anchor I can return to","2026-05-22T15:54:40-07:00","https://itunes.apple.com/us/rss/customerreviews/id=6742257400/sortBy=mostRecent/json"
"6742257400","Habit Tracker - Statz","gamified_self_improvement","medium_high","5","jtbd_structure_self_improvement","jtbd","Turn vague self-improvement into concrete actions","2026-05-22T15:54:40-07:00","https://itunes.apple.com/us/rss/customerreviews/id=6742257400/sortBy=mostRecent/json"
"6742257400","Habit Tracker - Statz","gamified_self_improvement","medium_high","1","pain_subscription_value","pain","Subscription or paywall does not feel worth it","2026-01-31T21:39:12-07:00","https://itunes.apple.com/us/rss/customerreviews/id=6742257400/sortBy=mostRecent/json"
"6742257400","Habit Tracker - Statz","gamified_self_improvement","medium_high","1","pain_reliability_breaks_ritual","pain","Bugs break trust and interrupt the ritual","2026-01-31T21:39:12-07:00","https://itunes.apple.com/us/rss/customerreviews/id=6742257400/sortBy=mostRecent/json"
"6742257400","Habit Tracker - Statz","gamified_self_improvement","medium_high","1","pain_signup_access_friction","pain","Signup, access, or device friction blocks activation","2026-01-31T21:39:12-07:00","https://itunes.apple.com/us/rss/customerreviews/id=6742257400/sortBy=mostRecent/json"
"6742257400","Habit Tracker - Statz","gamified_self_improvement","medium_high","5","jtbd_structure_self_improvement","jtbd","Turn vague self-improvement into concrete actions","2025-08-28T20:40:38-07:00","https://itunes.apple.com/us/rss/customerreviews/id=6742257400/sortBy=mostRecent/json"
"6742257400","Habit Tracker - Statz","gamified_self_improvement","medium_high","5","jtbd_daily_anchor","jtbd","Give me a daily anchor I can return to","2025-08-17T20:31:56-07:00","https://itunes.apple.com/us/rss/customerreviews/id=6742257400/sortBy=mostRecent/json"
"6742257400","Habit Tracker - Statz","gamified_self_improvement","medium_high","5","jtbd_structure_self_improvement","jtbd","Turn vague self-improvement into concrete actions","2025-08-17T20:31:56-07:00","https://itunes.apple.com/us/rss/customerreviews/id=6742257400/sortBy=mostRecent/json"
"6742257400","Habit Tracker - Statz","gamified_self_improvement","medium_high","5","jtbd_daily_anchor","jtbd","Give me a daily anchor I can return to","2025-08-13T21:54:28-07:00","https://itunes.apple.com/us/rss/customerreviews/id=6742257400/sortBy=mostRecent/json"
"6742257400","Habit Tracker - Statz","gamified_self_improvement","medium_high","5","jtbd_structure_self_improvement","jtbd","Turn vague self-improvement into concrete actions","2025-08-13T21:54:28-07:00","https://itunes.apple.com/us/rss/customerreviews/id=6742257400/sortBy=mostRecent/json"
"6742257400","Habit Tracker - Statz","gamified_self_improvement","medium_high","5","jtbd_daily_anchor","jtbd","Give me a daily anchor I can return to","2025-08-12T18:37:27-07:00","https://itunes.apple.com/us/rss/customerreviews/id=6742257400/sortBy=mostRecent/json"
"6742257400","Habit Tracker - Statz","gamified_self_improvement","medium_high","5","jtbd_structure_self_improvement","jtbd","Turn vague self-improvement into concrete actions","2025-08-12T18:37:27-07:00","https://itunes.apple.com/us/rss/customerreviews/id=6742257400/sortBy=mostRecent/json"
"6742257400","Habit Tracker - Statz","gamified_self_improvement","medium_high","5","pain_content_depth_customization","pain","Users want more depth, options, or customization","2025-08-12T18:37:27-07:00","https://itunes.apple.com/us/rss/customerreviews/id=6742257400/sortBy=mostRecent/json"
"6742257400","Habit Tracker - Statz","gamified_self_improvement","medium_high","5","jtbd_fast_emotional_reset","jtbd","Help me calm down or reset quickly","2025-08-12T15:27:33-07:00","https://itunes.apple.com/us/rss/customerreviews/id=6742257400/sortBy=mostRecent/json"
"6742257400","Habit Tracker - Statz","gamified_self_improvement","medium_high","5","pain_signup_access_friction","pain","Signup, access, or device friction blocks activation","2025-08-12T15:27:33-07:00","https://itunes.apple.com/us/rss/customerreviews/id=6742257400/sortBy=mostRecent/json"
"6742257400","Habit Tracker - Statz","gamified_self_improvement","medium_high","5","jtbd_daily_anchor","jtbd","Give me a daily anchor I can return to","2025-08-12T12:04:21-07:00","https://itunes.apple.com/us/rss/customerreviews/id=6742257400/sortBy=mostRecent/json"
"6742257400","Habit Tracker - Statz","gamified_self_improvement","medium_high","5","jtbd_structure_self_improvement","jtbd","Turn vague self-improvement into concrete actions","2025-08-12T12:04:21-07:00","https://itunes.apple.com/us/rss/customerreviews/id=6742257400/sortBy=mostRecent/json"
"6742257400","Habit Tracker - Statz","gamified_self_improvement","medium_high","5","pain_content_depth_customization","pain","Users want more depth, options, or customization","2025-08-12T12:04:21-07:00","https://itunes.apple.com/us/rss/customerreviews/id=6742257400/sortBy=mostRecent/json"
"6742257400","Habit Tracker - Statz","gamified_self_improvement","medium_high","5","pain_signup_access_friction","pain","Signup, access, or device friction blocks activation","2025-08-12T12:04:21-07:00","https://itunes.apple.com/us/rss/customerreviews/id=6742257400/sortBy=mostRecent/json"
"6742257400","Habit Tracker - Statz","gamified_self_improvement","medium_high","5","jtbd_daily_anchor","jtbd","Give me a daily anchor I can return to","2025-08-11T07:29:48-07:00","https://itunes.apple.com/us/rss/customerreviews/id=6742257400/sortBy=mostRecent/json"
"6742257400","Habit Tracker - Statz","gamified_self_improvement","medium_high","5","jtbd_make_growth_visible","jtbd","Show me visible progress so effort feels real","2025-08-11T07:29:48-07:00","https://itunes.apple.com/us/rss/customerreviews/id=6742257400/sortBy=mostRecent/json"
"6742257400","Habit Tracker - Statz","gamified_self_improvement","medium_high","5","jtbd_structure_self_improvement","jtbd","Turn vague self-improvement into concrete actions","2025-08-11T07:29:48-07:00","https://itunes.apple.com/us/rss/customerreviews/id=6742257400/sortBy=mostRecent/json"
"6742257400","Habit Tracker - Statz","gamified_self_improvement","medium_high","5","jtbd_daily_anchor","jtbd","Give me a daily anchor I can return to","2025-08-11T02:53:55-07:00","https://itunes.apple.com/us/rss/customerreviews/id=6742257400/sortBy=mostRecent/json"
"6742257400","Habit Tracker - Statz","gamified_self_improvement","medium_high","5","jtbd_make_growth_visible","jtbd","Show me visible progress so effort feels real","2025-08-11T02:53:55-07:00","https://itunes.apple.com/us/rss/customerreviews/id=6742257400/sortBy=mostRecent/json"
"6742257400","Habit Tracker - Statz","gamified_self_improvement","medium_high","5","jtbd_structure_self_improvement","jtbd","Turn vague self-improvement into concrete actions","2025-08-11T02:53:55-07:00","https://itunes.apple.com/us/rss/customerreviews/id=6742257400/sortBy=mostRecent/json"
"6742257400","Habit Tracker - Statz","gamified_self_improvement","medium_high","5","jtbd_daily_anchor","jtbd","Give me a daily anchor I can return to","2025-08-10T21:22:24-07:00","https://itunes.apple.com/us/rss/customerreviews/id=6742257400/sortBy=mostRecent/json"
"6742257400","Habit Tracker - Statz","gamified_self_improvement","medium_high","5","jtbd_structure_self_improvement","jtbd","Turn vague self-improvement into concrete actions","2025-08-10T21:22:24-07:00","https://itunes.apple.com/us/rss/customerreviews/id=6742257400/sortBy=mostRecent/json"
"6742257400","Habit Tracker - Statz","gamified_self_improvement","medium_high","5","jtbd_daily_anchor","jtbd","Give me a daily anchor I can return to","2025-08-10T20:11:31-07:00","https://itunes.apple.com/us/rss/customerreviews/id=6742257400/sortBy=mostRecent/json"
"6742257400","Habit Tracker - Statz","gamified_self_improvement","medium_high","5","jtbd_make_growth_visible","jtbd","Show me visible progress so effort feels real","2025-08-10T20:11:31-07:00","https://itunes.apple.com/us/rss/customerreviews/id=6742257400/sortBy=mostRecent/json"
"6742257400","Habit Tracker - Statz","gamified_self_improvement","medium_high","5","jtbd_structure_self_improvement","jtbd","Turn vague self-improvement into concrete actions","2025-08-10T20:11:31-07:00","https://itunes.apple.com/us/rss/customerreviews/id=6742257400/sortBy=mostRecent/json"
"6742257400","Habit Tracker - Statz","gamified_self_improvement","medium_high","5","jtbd_structure_self_improvement","jtbd","Turn vague self-improvement into concrete actions","2025-08-10T18:44:51-07:00","https://itunes.apple.com/us/rss/customerreviews/id=6742257400/sortBy=mostRecent/json"
"6742257400","Habit Tracker - Statz","gamified_self_improvement","medium_high","5","jtbd_daily_anchor","jtbd","Give me a daily anchor I can return to","2025-08-10T13:44:44-07:00","https://itunes.apple.com/us/rss/customerreviews/id=6742257400/sortBy=mostRecent/json"
"6742257400","Habit Tracker - Statz","gamified_self_improvement","medium_high","5","jtbd_make_growth_visible","jtbd","Show me visible progress so effort feels real","2025-08-10T13:44:44-07:00","https://itunes.apple.com/us/rss/customerreviews/id=6742257400/sortBy=mostRecent/json"
"6742257400","Habit Tracker - Statz","gamified_self_improvement","medium_high","5","jtbd_structure_self_improvement","jtbd","Turn vague self-improvement into concrete actions","2025-08-10T13:44:44-07:00","https://itunes.apple.com/us/rss/customerreviews/id=6742257400/sortBy=mostRecent/json"
"6742257400","Habit Tracker - Statz","gamified_self_improvement","medium_high","5","pain_content_depth_customization","pain","Users want more depth, options, or customization","2025-08-10T13:44:44-07:00","https://itunes.apple.com/us/rss/customerreviews/id=6742257400/sortBy=mostRecent/json"
"6742257400","Habit Tracker - Statz","gamified_self_improvement","medium_high","5","jtbd_daily_anchor","jtbd","Give me a daily anchor I can return to","2025-08-10T12:23:01-07:00","https://itunes.apple.com/us/rss/customerreviews/id=6742257400/sortBy=mostRecent/json"
"6742257400","Habit Tracker - Statz","gamified_self_improvement","medium_high","5","jtbd_structure_self_improvement","jtbd","Turn vague self-improvement into concrete actions","2025-08-10T12:23:01-07:00","https://itunes.apple.com/us/rss/customerreviews/id=6742257400/sortBy=mostRecent/json"
"6742257400","Habit Tracker - Statz","gamified_self_improvement","medium_high","5","jtbd_structure_self_improvement","jtbd","Turn vague self-improvement into concrete actions","2025-08-10T11:24:39-07:00","https://itunes.apple.com/us/rss/customerreviews/id=6742257400/sortBy=mostRecent/json"
"6756091774","Pactly: Social Habit Tracker","faith_devotional_habit","medium_high","2","pain_subscription_value","pain","Subscription or paywall does not feel worth it","2026-04-06T13:43:53-07:00","https://itunes.apple.com/us/rss/customerreviews/id=6756091774/sortBy=mostRecent/json"
"6756091774","Pactly: Social Habit Tracker","faith_devotional_habit","medium_high","5","jtbd_structure_self_improvement","jtbd","Turn vague self-improvement into concrete actions","2026-02-15T10:13:49-07:00","https://itunes.apple.com/us/rss/customerreviews/id=6756091774/sortBy=mostRecent/json"
"6756091774","Pactly: Social Habit Tracker","faith_devotional_habit","medium_high","5","jtbd_belonging_accountability","jtbd","Feel accompanied or accountable","2026-02-15T10:13:49-07:00","https://itunes.apple.com/us/rss/customerreviews/id=6756091774/sortBy=mostRecent/json"
"6756091774","Pactly: Social Habit Tracker","faith_devotional_habit","medium_high","5","jtbd_structure_self_improvement","jtbd","Turn vague self-improvement into concrete actions","2026-02-11T17:52:50-07:00","https://itunes.apple.com/us/rss/customerreviews/id=6756091774/sortBy=mostRecent/json"
"6756091774","Pactly: Social Habit Tracker","faith_devotional_habit","medium_high","5","jtbd_belonging_accountability","jtbd","Feel accompanied or accountable","2026-02-11T17:52:50-07:00","https://itunes.apple.com/us/rss/customerreviews/id=6756091774/sortBy=mostRecent/json"
"6756091774","Pactly: Social Habit Tracker","faith_devotional_habit","medium_high","5","pain_signup_access_friction","pain","Signup, access, or device friction blocks activation","2026-02-11T17:52:50-07:00","https://itunes.apple.com/us/rss/customerreviews/id=6756091774/sortBy=mostRecent/json"
"6756091774","Pactly: Social Habit Tracker","faith_devotional_habit","medium_high","5","jtbd_structure_self_improvement","jtbd","Turn vague self-improvement into concrete actions","2025-12-30T19:59:22-07:00","https://itunes.apple.com/us/rss/customerreviews/id=6756091774/sortBy=mostRecent/json"
"6756091774","Pactly: Social Habit Tracker","faith_devotional_habit","medium_high","5","jtbd_belonging_accountability","jtbd","Feel accompanied or accountable","2025-12-30T19:59:22-07:00","https://itunes.apple.com/us/rss/customerreviews/id=6756091774/sortBy=mostRecent/json"
"6756091774","Pactly: Social Habit Tracker","faith_devotional_habit","medium_high","5","jtbd_daily_anchor","jtbd","Give me a daily anchor I can return to","2025-12-29T06:59:27-07:00","https://itunes.apple.com/us/rss/customerreviews/id=6756091774/sortBy=mostRecent/json"
"6756091774","Pactly: Social Habit Tracker","faith_devotional_habit","medium_high","5","jtbd_structure_self_improvement","jtbd","Turn vague self-improvement into concrete actions","2025-12-29T06:59:27-07:00","https://itunes.apple.com/us/rss/customerreviews/id=6756091774/sortBy=mostRecent/json"
"6756091774","Pactly: Social Habit Tracker","faith_devotional_habit","medium_high","5","jtbd_belonging_accountability","jtbd","Feel accompanied or accountable","2025-12-29T06:59:27-07:00","https://itunes.apple.com/us/rss/customerreviews/id=6756091774/sortBy=mostRecent/json"
"1668280041","Routine Planner: Habit Tracker","manifestation_tool","medium","2","pain_subscription_value","pain","Subscription or paywall does not feel worth it","2025-03-12T16:55:45-07:00","https://itunes.apple.com/us/rss/customerreviews/id=1668280041/sortBy=mostRecent/json"
"1668280041","Routine Planner: Habit Tracker","manifestation_tool","medium","5","jtbd_daily_anchor","jtbd","Give me a daily anchor I can return to","2024-04-02T10:29:32-07:00","https://itunes.apple.com/us/rss/customerreviews/id=1668280041/sortBy=mostRecent/json"
"1668280041","Routine Planner: Habit Tracker","manifestation_tool","medium","5","jtbd_structure_self_improvement","jtbd","Turn vague self-improvement into concrete actions","2024-04-02T10:29:32-07:00","https://itunes.apple.com/us/rss/customerreviews/id=1668280041/sortBy=mostRecent/json"
"1668280041","Routine Planner: Habit Tracker","manifestation_tool","medium","5","pain_content_depth_customization","pain","Users want more depth, options, or customization","2024-04-02T10:29:32-07:00","https://itunes.apple.com/us/rss/customerreviews/id=1668280041/sortBy=mostRecent/json"
"1668280041","Routine Planner: Habit Tracker","manifestation_tool","medium","5","jtbd_daily_anchor","jtbd","Give me a daily anchor I can return to","2023-12-06T18:26:14-07:00","https://itunes.apple.com/us/rss/customerreviews/id=1668280041/sortBy=mostRecent/json"
"1668280041","Routine Planner: Habit Tracker","manifestation_tool","medium","5","jtbd_structure_self_improvement","jtbd","Turn vague self-improvement into concrete actions","2023-12-06T18:26:14-07:00","https://itunes.apple.com/us/rss/customerreviews/id=1668280041/sortBy=mostRecent/json"
"1668280041","Routine Planner: Habit Tracker","manifestation_tool","medium","5","pain_subscription_value","pain","Subscription or paywall does not feel worth it","2023-03-11T06:41:59-07:00","https://itunes.apple.com/us/rss/customerreviews/id=1668280041/sortBy=mostRecent/json"
"1668280041","Routine Planner: Habit Tracker","manifestation_tool","medium","5","jtbd_structure_self_improvement","jtbd","Turn vague self-improvement into concrete actions","2023-03-06T21:09:51-07:00","https://itunes.apple.com/us/rss/customerreviews/id=1668280041/sortBy=mostRecent/json"
"1668280041","Routine Planner: Habit Tracker","manifestation_tool","medium","5","pain_content_depth_customization","pain","Users want more depth, options, or customization","2023-03-06T21:09:51-07:00","https://itunes.apple.com/us/rss/customerreviews/id=1668280041/sortBy=mostRecent/json"
"1382387491","Essence 360","manifestation_tool","high","1","pain_reliability_breaks_ritual","pain","Bugs break trust and interrupt the ritual","2026-01-02T14:00:50-07:00","https://itunes.apple.com/us/rss/customerreviews/id=1382387491/sortBy=mostRecent/json"
"1382387491","Essence 360","manifestation_tool","high","1","pain_signup_access_friction","pain","Signup, access, or device friction blocks activation","2026-01-02T14:00:50-07:00","https://itunes.apple.com/us/rss/customerreviews/id=1382387491/sortBy=mostRecent/json"
"1382387491","Essence 360","manifestation_tool","high","1","pain_signup_access_friction","pain","Signup, access, or device friction blocks activation","2025-10-11T08:10:36-07:00","https://itunes.apple.com/us/rss/customerreviews/id=1382387491/sortBy=mostRecent/json"
"1382387491","Essence 360","manifestation_tool","high","5","jtbd_belonging_accountability","jtbd","Feel accompanied or accountable","2025-06-17T19:26:32-07:00","https://itunes.apple.com/us/rss/customerreviews/id=1382387491/sortBy=mostRecent/json"
"1382387491","Essence 360","manifestation_tool","high","1","pain_reliability_breaks_ritual","pain","Bugs break trust and interrupt the ritual","2024-07-05T09:33:44-07:00","https://itunes.apple.com/us/rss/customerreviews/id=1382387491/sortBy=mostRecent/json"
"1382387491","Essence 360","manifestation_tool","high","1","pain_signup_access_friction","pain","Signup, access, or device friction blocks activation","2024-07-05T09:33:44-07:00","https://itunes.apple.com/us/rss/customerreviews/id=1382387491/sortBy=mostRecent/json"
"1382387491","Essence 360","manifestation_tool","high","1","pain_reliability_breaks_ritual","pain","Bugs break trust and interrupt the ritual","2024-07-04T11:41:47-07:00","https://itunes.apple.com/us/rss/customerreviews/id=1382387491/sortBy=mostRecent/json"
"1382387491","Essence 360","manifestation_tool","high","1","pain_signup_access_friction","pain","Signup, access, or device friction blocks activation","2024-07-04T11:41:47-07:00","https://itunes.apple.com/us/rss/customerreviews/id=1382387491/sortBy=mostRecent/json"
"1382387491","Essence 360","manifestation_tool","high","1","pain_content_depth_customization","pain","Users want more depth, options, or customization","2024-07-02T14:59:21-07:00","https://itunes.apple.com/us/rss/customerreviews/id=1382387491/sortBy=mostRecent/json"
"1382387491","Essence 360","manifestation_tool","high","1","pain_signup_access_friction","pain","Signup, access, or device friction blocks activation","2024-07-02T14:59:21-07:00","https://itunes.apple.com/us/rss/customerreviews/id=1382387491/sortBy=mostRecent/json"
"1382387491","Essence 360","manifestation_tool","high","3","pain_content_depth_customization","pain","Users want more depth, options, or customization","2024-06-04T09:41:06-07:00","https://itunes.apple.com/us/rss/customerreviews/id=1382387491/sortBy=mostRecent/json"
"1382387491","Essence 360","manifestation_tool","high","1","pain_content_depth_customization","pain","Users want more depth, options, or customization","2024-06-01T18:59:40-07:00","https://itunes.apple.com/us/rss/customerreviews/id=1382387491/sortBy=mostRecent/json"
"1382387491","Essence 360","manifestation_tool","high","1","pain_signup_access_friction","pain","Signup, access, or device friction blocks activation","2024-02-25T09:14:56-07:00","https://itunes.apple.com/us/rss/customerreviews/id=1382387491/sortBy=mostRecent/json"
"1382387491","Essence 360","manifestation_tool","high","5","jtbd_make_growth_visible","jtbd","Show me visible progress so effort feels real","2022-07-03T15:00:18-07:00","https://itunes.apple.com/us/rss/customerreviews/id=1382387491/sortBy=mostRecent/json"
"1382387491","Essence 360","manifestation_tool","high","1","pain_subscription_value","pain","Subscription or paywall does not feel worth it","2022-07-02T08:52:47-07:00","https://itunes.apple.com/us/rss/customerreviews/id=1382387491/sortBy=mostRecent/json"
"1382387491","Essence 360","manifestation_tool","high","1","pain_reliability_breaks_ritual","pain","Bugs break trust and interrupt the ritual","2022-07-02T08:52:47-07:00","https://itunes.apple.com/us/rss/customerreviews/id=1382387491/sortBy=mostRecent/json"
"1382387491","Essence 360","manifestation_tool","high","1","pain_signup_access_friction","pain","Signup, access, or device friction blocks activation","2022-07-02T08:52:47-07:00","https://itunes.apple.com/us/rss/customerreviews/id=1382387491/sortBy=mostRecent/json"
"1382387491","Essence 360","manifestation_tool","high","1","pain_content_depth_customization","pain","Users want more depth, options, or customization","2022-06-07T18:51:42-07:00","https://itunes.apple.com/us/rss/customerreviews/id=1382387491/sortBy=mostRecent/json"
"1382387491","Essence 360","manifestation_tool","high","1","pain_signup_access_friction","pain","Signup, access, or device friction blocks activation","2022-06-07T18:51:42-07:00","https://itunes.apple.com/us/rss/customerreviews/id=1382387491/sortBy=mostRecent/json"
"1382387491","Essence 360","manifestation_tool","high","2","pain_content_depth_customization","pain","Users want more depth, options, or customization","2019-07-05T19:57:43-07:00","https://itunes.apple.com/us/rss/customerreviews/id=1382387491/sortBy=mostRecent/json"
"1382387491","Essence 360","manifestation_tool","high","2","pain_unclear_game_loop","pain","The game layer can feel confusing or disconnected","2019-07-05T19:57:43-07:00","https://itunes.apple.com/us/rss/customerreviews/id=1382387491/sortBy=mostRecent/json"
"1382387491","Essence 360","manifestation_tool","high","1","jtbd_make_growth_visible","jtbd","Show me visible progress so effort feels real","2019-07-05T17:56:32-07:00","https://itunes.apple.com/us/rss/customerreviews/id=1382387491/sortBy=mostRecent/json"
"1382387491","Essence 360","manifestation_tool","high","1","pain_subscription_value","pain","Subscription or paywall does not feel worth it","2019-07-05T17:56:32-07:00","https://itunes.apple.com/us/rss/customerreviews/id=1382387491/sortBy=mostRecent/json"
"1382387491","Essence 360","manifestation_tool","high","1","pain_content_depth_customization","pain","Users want more depth, options, or customization","2019-07-05T17:56:32-07:00","https://itunes.apple.com/us/rss/customerreviews/id=1382387491/sortBy=mostRecent/json"
"1382387491","Essence 360","manifestation_tool","high","1","pain_trust_accuracy_safety","pain","Trust, accuracy, or spiritual safety concerns","2019-07-05T17:56:32-07:00","https://itunes.apple.com/us/rss/customerreviews/id=1382387491/sortBy=mostRecent/json"
"1382387491","Essence 360","manifestation_tool","high","1","pain_unclear_game_loop","pain","The game layer can feel confusing or disconnected","2019-07-05T17:56:32-07:00","https://itunes.apple.com/us/rss/customerreviews/id=1382387491/sortBy=mostRecent/json"
"1382387491","Essence 360","manifestation_tool","high","1","pain_reliability_breaks_ritual","pain","Bugs break trust and interrupt the ritual","2019-07-05T15:48:14-07:00","https://itunes.apple.com/us/rss/customerreviews/id=1382387491/sortBy=mostRecent/json"
"1382387491","Essence 360","manifestation_tool","high","1","pain_signup_access_friction","pain","Signup, access, or device friction blocks activation","2019-07-05T15:48:14-07:00","https://itunes.apple.com/us/rss/customerreviews/id=1382387491/sortBy=mostRecent/json"
"1382387491","Essence 360","manifestation_tool","high","1","pain_signup_access_friction","pain","Signup, access, or device friction blocks activation","2019-07-05T01:29:49-07:00","https://itunes.apple.com/us/rss/customerreviews/id=1382387491/sortBy=mostRecent/json"
"1382387491","Essence 360","manifestation_tool","high","1","pain_reliability_breaks_ritual","pain","Bugs break trust and interrupt the ritual","2019-07-04T15:20:52-07:00","https://itunes.apple.com/us/rss/customerreviews/id=1382387491/sortBy=mostRecent/json"
"1382387491","Essence 360","manifestation_tool","high","1","jtbd_belonging_accountability","jtbd","Feel accompanied or accountable","2019-06-20T10:07:44-07:00","https://itunes.apple.com/us/rss/customerreviews/id=1382387491/sortBy=mostRecent/json"
"1382387491","Essence 360","manifestation_tool","high","1","pain_signup_access_friction","pain","Signup, access, or device friction blocks activation","2019-06-20T10:07:44-07:00","https://itunes.apple.com/us/rss/customerreviews/id=1382387491/sortBy=mostRecent/json"
"1382387491","Essence 360","manifestation_tool","high","1","pain_subscription_value","pain","Subscription or paywall does not feel worth it","2019-05-25T14:08:30-07:00","https://itunes.apple.com/us/rss/customerreviews/id=1382387491/sortBy=mostRecent/json"
"1382387491","Essence 360","manifestation_tool","high","1","pain_signup_access_friction","pain","Signup, access, or device friction blocks activation","2019-05-25T14:08:30-07:00","https://itunes.apple.com/us/rss/customerreviews/id=1382387491/sortBy=mostRecent/json"
"1382387491","Essence 360","manifestation_tool","high","1","pain_trust_accuracy_safety","pain","Trust, accuracy, or spiritual safety concerns","2019-04-30T07:52:54-07:00","https://itunes.apple.com/us/rss/customerreviews/id=1382387491/sortBy=mostRecent/json"
"1382387491","Essence 360","manifestation_tool","high","1","pain_signup_access_friction","pain","Signup, access, or device friction blocks activation","2019-04-30T07:52:54-07:00","https://itunes.apple.com/us/rss/customerreviews/id=1382387491/sortBy=mostRecent/json"
"1382387491","Essence 360","manifestation_tool","high","1","jtbd_make_growth_visible","jtbd","Show me visible progress so effort feels real","2019-02-22T07:08:13-07:00","https://itunes.apple.com/us/rss/customerreviews/id=1382387491/sortBy=mostRecent/json"
"1382387491","Essence 360","manifestation_tool","high","1","pain_subscription_value","pain","Subscription or paywall does not feel worth it","2019-02-22T07:08:13-07:00","https://itunes.apple.com/us/rss/customerreviews/id=1382387491/sortBy=mostRecent/json"
"1382387491","Essence 360","manifestation_tool","high","1","pain_reliability_breaks_ritual","pain","Bugs break trust and interrupt the ritual","2019-02-22T07:08:13-07:00","https://itunes.apple.com/us/rss/customerreviews/id=1382387491/sortBy=mostRecent/json"
"1382387491","Essence 360","manifestation_tool","high","1","pain_signup_access_friction","pain","Signup, access, or device friction blocks activation","2019-02-22T07:08:13-07:00","https://itunes.apple.com/us/rss/customerreviews/id=1382387491/sortBy=mostRecent/json"
"1382387491","Essence 360","manifestation_tool","high","4","pain_reliability_breaks_ritual","pain","Bugs break trust and interrupt the ritual","2018-06-29T05:35:00-07:00","https://itunes.apple.com/us/rss/customerreviews/id=1382387491/sortBy=mostRecent/json"
"1638650650","Myla : Manifest & Vision Board","manifestation_tool","high","5","pain_subscription_value","pain","Subscription or paywall does not feel worth it","2026-05-19T14:50:36-07:00","https://itunes.apple.com/us/rss/customerreviews/id=1638650650/sortBy=mostRecent/json"
"1638650650","Myla : Manifest & Vision Board","manifestation_tool","high","5","pain_content_depth_customization","pain","Users want more depth, options, or customization","2026-05-19T14:50:36-07:00","https://itunes.apple.com/us/rss/customerreviews/id=1638650650/sortBy=mostRecent/json"
"1638650650","Myla : Manifest & Vision Board","manifestation_tool","high","1","pain_subscription_value","pain","Subscription or paywall does not feel worth it","2026-02-01T21:33:00-07:00","https://itunes.apple.com/us/rss/customerreviews/id=1638650650/sortBy=mostRecent/json"
"1638650650","Myla : Manifest & Vision Board","manifestation_tool","high","3","jtbd_daily_anchor","jtbd","Give me a daily anchor I can return to","2026-01-21T20:58:47-07:00","https://itunes.apple.com/us/rss/customerreviews/id=1638650650/sortBy=mostRecent/json"
"1638650650","Myla : Manifest & Vision Board","manifestation_tool","high","3","jtbd_structure_self_improvement","jtbd","Turn vague self-improvement into concrete actions","2026-01-21T20:58:47-07:00","https://itunes.apple.com/us/rss/customerreviews/id=1638650650/sortBy=mostRecent/json"
"1638650650","Myla : Manifest & Vision Board","manifestation_tool","high","1","pain_subscription_value","pain","Subscription or paywall does not feel worth it","2026-01-18T18:37:27-07:00","https://itunes.apple.com/us/rss/customerreviews/id=1638650650/sortBy=mostRecent/json"
"1638650650","Myla : Manifest & Vision Board","manifestation_tool","high","1","jtbd_feel_seen_personalized","jtbd","Make the guidance feel personally about me","2025-05-17T16:44:59-07:00","https://itunes.apple.com/us/rss/customerreviews/id=1638650650/sortBy=mostRecent/json"
"1638650650","Myla : Manifest & Vision Board","manifestation_tool","high","1","pain_subscription_value","pain","Subscription or paywall does not feel worth it","2025-05-17T16:44:59-07:00","https://itunes.apple.com/us/rss/customerreviews/id=1638650650/sortBy=mostRecent/json"
"1638650650","Myla : Manifest & Vision Board","manifestation_tool","high","3","pain_content_depth_customization","pain","Users want more depth, options, or customization","2025-02-27T09:21:33-07:00","https://itunes.apple.com/us/rss/customerreviews/id=1638650650/sortBy=mostRecent/json"
"1638650650","Myla : Manifest & Vision Board","manifestation_tool","high","5","jtbd_daily_anchor","jtbd","Give me a daily anchor I can return to","2025-01-21T20:37:28-07:00","https://itunes.apple.com/us/rss/customerreviews/id=1638650650/sortBy=mostRecent/json"
"1638650650","Myla : Manifest & Vision Board","manifestation_tool","high","5","jtbd_daily_anchor","jtbd","Give me a daily anchor I can return to","2025-01-18T15:38:19-07:00","https://itunes.apple.com/us/rss/customerreviews/id=1638650650/sortBy=mostRecent/json"
"1638650650","Myla : Manifest & Vision Board","manifestation_tool","high","5","jtbd_fast_emotional_reset","jtbd","Help me calm down or reset quickly","2025-01-18T15:38:19-07:00","https://itunes.apple.com/us/rss/customerreviews/id=1638650650/sortBy=mostRecent/json"
"1638650650","Myla : Manifest & Vision Board","manifestation_tool","high","5","jtbd_structure_self_improvement","jtbd","Turn vague self-improvement into concrete actions","2025-01-18T15:38:19-07:00","https://itunes.apple.com/us/rss/customerreviews/id=1638650650/sortBy=mostRecent/json"
"1638650650","Myla : Manifest & Vision Board","manifestation_tool","high","5","pain_subscription_value","pain","Subscription or paywall does not feel worth it","2025-01-18T15:38:19-07:00","https://itunes.apple.com/us/rss/customerreviews/id=1638650650/sortBy=mostRecent/json"
"1638650650","Myla : Manifest & Vision Board","manifestation_tool","high","5","pain_content_depth_customization","pain","Users want more depth, options, or customization","2025-01-18T15:38:19-07:00","https://itunes.apple.com/us/rss/customerreviews/id=1638650650/sortBy=mostRecent/json"
"1638650650","Myla : Manifest & Vision Board","manifestation_tool","high","5","pain_trust_accuracy_safety","pain","Trust, accuracy, or spiritual safety concerns","2025-01-18T15:38:19-07:00","https://itunes.apple.com/us/rss/customerreviews/id=1638650650/sortBy=mostRecent/json"
"1638650650","Myla : Manifest & Vision Board","manifestation_tool","high","5","pain_signup_access_friction","pain","Signup, access, or device friction blocks activation","2025-01-18T15:38:19-07:00","https://itunes.apple.com/us/rss/customerreviews/id=1638650650/sortBy=mostRecent/json"
"1638650650","Myla : Manifest & Vision Board","manifestation_tool","high","3","pain_subscription_value","pain","Subscription or paywall does not feel worth it","2024-09-03T18:41:27-07:00","https://itunes.apple.com/us/rss/customerreviews/id=1638650650/sortBy=mostRecent/json"
"1638650650","Myla : Manifest & Vision Board","manifestation_tool","high","1","pain_subscription_value","pain","Subscription or paywall does not feel worth it","2024-08-26T21:11:22-07:00","https://itunes.apple.com/us/rss/customerreviews/id=1638650650/sortBy=mostRecent/json"
"1638650650","Myla : Manifest & Vision Board","manifestation_tool","high","1","pain_trust_accuracy_safety","pain","Trust, accuracy, or spiritual safety concerns","2024-08-26T21:11:22-07:00","https://itunes.apple.com/us/rss/customerreviews/id=1638650650/sortBy=mostRecent/json"
"1638650650","Myla : Manifest & Vision Board","manifestation_tool","high","1","pain_signup_access_friction","pain","Signup, access, or device friction blocks activation","2024-08-26T21:11:22-07:00","https://itunes.apple.com/us/rss/customerreviews/id=1638650650/sortBy=mostRecent/json"
"1638650650","Myla : Manifest & Vision Board","manifestation_tool","high","3","pain_content_depth_customization","pain","Users want more depth, options, or customization","2024-07-12T08:47:35-07:00","https://itunes.apple.com/us/rss/customerreviews/id=1638650650/sortBy=mostRecent/json"
"1638650650","Myla : Manifest & Vision Board","manifestation_tool","high","5","jtbd_structure_self_improvement","jtbd","Turn vague self-improvement into concrete actions","2024-06-07T04:12:47-07:00","https://itunes.apple.com/us/rss/customerreviews/id=1638650650/sortBy=mostRecent/json"
"1638650650","Myla : Manifest & Vision Board","manifestation_tool","high","5","jtbd_daily_anchor","jtbd","Give me a daily anchor I can return to","2024-04-18T08:52:55-07:00","https://itunes.apple.com/us/rss/customerreviews/id=1638650650/sortBy=mostRecent/json"
"1638650650","Myla : Manifest & Vision Board","manifestation_tool","high","5","jtbd_structure_self_improvement","jtbd","Turn vague self-improvement into concrete actions","2024-04-18T08:52:55-07:00","https://itunes.apple.com/us/rss/customerreviews/id=1638650650/sortBy=mostRecent/json"
"1638650650","Myla : Manifest & Vision Board","manifestation_tool","high","3","pain_reliability_breaks_ritual","pain","Bugs break trust and interrupt the ritual","2024-04-17T10:40:38-07:00","https://itunes.apple.com/us/rss/customerreviews/id=1638650650/sortBy=mostRecent/json"
"1638650650","Myla : Manifest & Vision Board","manifestation_tool","high","3","pain_content_depth_customization","pain","Users want more depth, options, or customization","2024-04-17T10:40:38-07:00","https://itunes.apple.com/us/rss/customerreviews/id=1638650650/sortBy=mostRecent/json"
"1638650650","Myla : Manifest & Vision Board","manifestation_tool","high","2","jtbd_daily_anchor","jtbd","Give me a daily anchor I can return to","2024-04-13T05:29:41-07:00","https://itunes.apple.com/us/rss/customerreviews/id=1638650650/sortBy=mostRecent/json"
"1638650650","Myla : Manifest & Vision Board","manifestation_tool","high","2","jtbd_fast_emotional_reset","jtbd","Help me calm down or reset quickly","2024-04-13T05:29:41-07:00","https://itunes.apple.com/us/rss/customerreviews/id=1638650650/sortBy=mostRecent/json"
"1638650650","Myla : Manifest & Vision Board","manifestation_tool","high","2","jtbd_structure_self_improvement","jtbd","Turn vague self-improvement into concrete actions","2024-04-13T05:29:41-07:00","https://itunes.apple.com/us/rss/customerreviews/id=1638650650/sortBy=mostRecent/json"
"1638650650","Myla : Manifest & Vision Board","manifestation_tool","high","2","pain_unclear_game_loop","pain","The game layer can feel confusing or disconnected","2024-04-13T05:29:41-07:00","https://itunes.apple.com/us/rss/customerreviews/id=1638650650/sortBy=mostRecent/json"
"1638650650","Myla : Manifest & Vision Board","manifestation_tool","high","5","jtbd_daily_anchor","jtbd","Give me a daily anchor I can return to","2024-04-06T08:47:58-07:00","https://itunes.apple.com/us/rss/customerreviews/id=1638650650/sortBy=mostRecent/json"
"1638650650","Myla : Manifest & Vision Board","manifestation_tool","high","5","jtbd_structure_self_improvement","jtbd","Turn vague self-improvement into concrete actions","2024-04-06T08:47:58-07:00","https://itunes.apple.com/us/rss/customerreviews/id=1638650650/sortBy=mostRecent/json"
"1638650650","Myla : Manifest & Vision Board","manifestation_tool","high","5","jtbd_daily_anchor","jtbd","Give me a daily anchor I can return to","2024-01-04T11:01:35-07:00","https://itunes.apple.com/us/rss/customerreviews/id=1638650650/sortBy=mostRecent/json"
"1638650650","Myla : Manifest & Vision Board","manifestation_tool","high","5","pain_content_depth_customization","pain","Users want more depth, options, or customization","2024-01-04T11:01:35-07:00","https://itunes.apple.com/us/rss/customerreviews/id=1638650650/sortBy=mostRecent/json"
"1638650650","Myla : Manifest & Vision Board","manifestation_tool","high","5","jtbd_belonging_accountability","jtbd","Feel accompanied or accountable","2023-10-10T08:47:29-07:00","https://itunes.apple.com/us/rss/customerreviews/id=1638650650/sortBy=mostRecent/json"
"1638650650","Myla : Manifest & Vision Board","manifestation_tool","high","4","jtbd_structure_self_improvement","jtbd","Turn vague self-improvement into concrete actions","2023-08-26T10:52:26-07:00","https://itunes.apple.com/us/rss/customerreviews/id=1638650650/sortBy=mostRecent/json"
"1638650650","Myla : Manifest & Vision Board","manifestation_tool","high","4","pain_signup_access_friction","pain","Signup, access, or device friction blocks activation","2023-08-26T10:52:26-07:00","https://itunes.apple.com/us/rss/customerreviews/id=1638650650/sortBy=mostRecent/json"
"1638650650","Myla : Manifest & Vision Board","manifestation_tool","high","5","jtbd_daily_anchor","jtbd","Give me a daily anchor I can return to","2023-08-11T10:27:12-07:00","https://itunes.apple.com/us/rss/customerreviews/id=1638650650/sortBy=mostRecent/json"
"1638650650","Myla : Manifest & Vision Board","manifestation_tool","high","5","jtbd_structure_self_improvement","jtbd","Turn vague self-improvement into concrete actions","2023-08-11T10:27:12-07:00","https://itunes.apple.com/us/rss/customerreviews/id=1638650650/sortBy=mostRecent/json"
"1638650650","Myla : Manifest & Vision Board","manifestation_tool","high","5","pain_content_depth_customization","pain","Users want more depth, options, or customization","2023-08-11T10:27:12-07:00","https://itunes.apple.com/us/rss/customerreviews/id=1638650650/sortBy=mostRecent/json"
"1638650650","Myla : Manifest & Vision Board","manifestation_tool","high","5","jtbd_daily_anchor","jtbd","Give me a daily anchor I can return to","2023-08-10T09:04:28-07:00","https://itunes.apple.com/us/rss/customerreviews/id=1638650650/sortBy=mostRecent/json"
"1638650650","Myla : Manifest & Vision Board","manifestation_tool","high","5","pain_content_depth_customization","pain","Users want more depth, options, or customization","2023-08-10T09:04:28-07:00","https://itunes.apple.com/us/rss/customerreviews/id=1638650650/sortBy=mostRecent/json"
"1638650650","Myla : Manifest & Vision Board","manifestation_tool","high","5","pain_signup_access_friction","pain","Signup, access, or device friction blocks activation","2023-08-10T09:04:28-07:00","https://itunes.apple.com/us/rss/customerreviews/id=1638650650/sortBy=mostRecent/json"
"1638650650","Myla : Manifest & Vision Board","manifestation_tool","high","5","jtbd_daily_anchor","jtbd","Give me a daily anchor I can return to","2023-08-10T09:02:07-07:00","https://itunes.apple.com/us/rss/customerreviews/id=1638650650/sortBy=mostRecent/json"
"1638650650","Myla : Manifest & Vision Board","manifestation_tool","high","4","jtbd_structure_self_improvement","jtbd","Turn vague self-improvement into concrete actions","2023-07-20T19:21:55-07:00","https://itunes.apple.com/us/rss/customerreviews/id=1638650650/sortBy=mostRecent/json"
"1638650650","Myla : Manifest & Vision Board","manifestation_tool","high","4","pain_subscription_value","pain","Subscription or paywall does not feel worth it","2023-07-20T19:21:55-07:00","https://itunes.apple.com/us/rss/customerreviews/id=1638650650/sortBy=mostRecent/json"
"1638650650","Myla : Manifest & Vision Board","manifestation_tool","high","5","jtbd_structure_self_improvement","jtbd","Turn vague self-improvement into concrete actions","2023-07-13T06:52:29-07:00","https://itunes.apple.com/us/rss/customerreviews/id=1638650650/sortBy=mostRecent/json"
"1638650650","Myla : Manifest & Vision Board","manifestation_tool","high","5","jtbd_structure_self_improvement","jtbd","Turn vague self-improvement into concrete actions","2023-07-05T15:07:41-07:00","https://itunes.apple.com/us/rss/customerreviews/id=1638650650/sortBy=mostRecent/json"
"1638650650","Myla : Manifest & Vision Board","manifestation_tool","high","5","jtbd_belonging_accountability","jtbd","Feel accompanied or accountable","2023-07-05T15:07:41-07:00","https://itunes.apple.com/us/rss/customerreviews/id=1638650650/sortBy=mostRecent/json"
"1638650650","Myla : Manifest & Vision Board","manifestation_tool","high","5","jtbd_make_growth_visible","jtbd","Show me visible progress so effort feels real","2023-07-04T16:07:05-07:00","https://itunes.apple.com/us/rss/customerreviews/id=1638650650/sortBy=mostRecent/json"
"1638650650","Myla : Manifest & Vision Board","manifestation_tool","high","5","jtbd_daily_anchor","jtbd","Give me a daily anchor I can return to","2023-07-02T12:37:33-07:00","https://itunes.apple.com/us/rss/customerreviews/id=1638650650/sortBy=mostRecent/json"
"1638650650","Myla : Manifest & Vision Board","manifestation_tool","high","5","jtbd_structure_self_improvement","jtbd","Turn vague self-improvement into concrete actions","2023-07-02T12:37:33-07:00","https://itunes.apple.com/us/rss/customerreviews/id=1638650650/sortBy=mostRecent/json"
"1638650650","Myla : Manifest & Vision Board","manifestation_tool","high","5","pain_content_depth_customization","pain","Users want more depth, options, or customization","2023-07-02T12:37:33-07:00","https://itunes.apple.com/us/rss/customerreviews/id=1638650650/sortBy=mostRecent/json"
"1638650650","Myla : Manifest & Vision Board","manifestation_tool","high","5","jtbd_daily_anchor","jtbd","Give me a daily anchor I can return to","2023-07-02T07:53:57-07:00","https://itunes.apple.com/us/rss/customerreviews/id=1638650650/sortBy=mostRecent/json"
"1638650650","Myla : Manifest & Vision Board","manifestation_tool","high","5","jtbd_structure_self_improvement","jtbd","Turn vague self-improvement into concrete actions","2023-07-02T07:53:57-07:00","https://itunes.apple.com/us/rss/customerreviews/id=1638650650/sortBy=mostRecent/json"
"1638650650","Myla : Manifest & Vision Board","manifestation_tool","high","5","jtbd_belonging_accountability","jtbd","Feel accompanied or accountable","2023-07-02T07:51:34-07:00","https://itunes.apple.com/us/rss/customerreviews/id=1638650650/sortBy=mostRecent/json"
"1638650650","Myla : Manifest & Vision Board","manifestation_tool","high","5","pain_content_depth_customization","pain","Users want more depth, options, or customization","2023-07-02T07:51:34-07:00","https://itunes.apple.com/us/rss/customerreviews/id=1638650650/sortBy=mostRecent/json"
"1638650650","Myla : Manifest & Vision Board","manifestation_tool","high","5","jtbd_daily_anchor","jtbd","Give me a daily anchor I can return to","2023-06-09T10:40:55-07:00","https://itunes.apple.com/us/rss/customerreviews/id=1638650650/sortBy=mostRecent/json"
"1638650650","Myla : Manifest & Vision Board","manifestation_tool","high","5","jtbd_structure_self_improvement","jtbd","Turn vague self-improvement into concrete actions","2023-06-09T10:40:55-07:00","https://itunes.apple.com/us/rss/customerreviews/id=1638650650/sortBy=mostRecent/json"
"1638650650","Myla : Manifest & Vision Board","manifestation_tool","high","5","jtbd_belonging_accountability","jtbd","Feel accompanied or accountable","2023-06-09T10:40:55-07:00","https://itunes.apple.com/us/rss/customerreviews/id=1638650650/sortBy=mostRecent/json"
"1638650650","Myla : Manifest & Vision Board","manifestation_tool","high","5","jtbd_fast_emotional_reset","jtbd","Help me calm down or reset quickly","2023-04-11T10:12:52-07:00","https://itunes.apple.com/us/rss/customerreviews/id=1638650650/sortBy=mostRecent/json"
"1638650650","Myla : Manifest & Vision Board","manifestation_tool","high","5","jtbd_daily_anchor","jtbd","Give me a daily anchor I can return to","2023-03-25T11:20:30-07:00","https://itunes.apple.com/us/rss/customerreviews/id=1638650650/sortBy=mostRecent/json"
"1638650650","Myla : Manifest & Vision Board","manifestation_tool","high","5","jtbd_structure_self_improvement","jtbd","Turn vague self-improvement into concrete actions","2023-03-25T11:20:30-07:00","https://itunes.apple.com/us/rss/customerreviews/id=1638650650/sortBy=mostRecent/json"
"1638650650","Myla : Manifest & Vision Board","manifestation_tool","high","5","jtbd_structure_self_improvement","jtbd","Turn vague self-improvement into concrete actions","2023-02-23T11:18:54-07:00","https://itunes.apple.com/us/rss/customerreviews/id=1638650650/sortBy=mostRecent/json"
"1638650650","Myla : Manifest & Vision Board","manifestation_tool","high","5","jtbd_structure_self_improvement","jtbd","Turn vague self-improvement into concrete actions","2022-12-07T18:20:54-07:00","https://itunes.apple.com/us/rss/customerreviews/id=1638650650/sortBy=mostRecent/json"
"1638650650","Myla : Manifest & Vision Board","manifestation_tool","high","5","pain_content_depth_customization","pain","Users want more depth, options, or customization","2022-12-07T18:20:54-07:00","https://itunes.apple.com/us/rss/customerreviews/id=1638650650/sortBy=mostRecent/json"
"1638650650","Myla : Manifest & Vision Board","manifestation_tool","high","5","jtbd_structure_self_improvement","jtbd","Turn vague self-improvement into concrete actions","2022-11-12T07:53:57-07:00","https://itunes.apple.com/us/rss/customerreviews/id=1638650650/sortBy=mostRecent/json"
"1638650650","Myla : Manifest & Vision Board","manifestation_tool","high","5","pain_content_depth_customization","pain","Users want more depth, options, or customization","2022-11-12T07:53:57-07:00","https://itunes.apple.com/us/rss/customerreviews/id=1638650650/sortBy=mostRecent/json"
"1638650650","Myla : Manifest & Vision Board","manifestation_tool","high","5","pain_signup_access_friction","pain","Signup, access, or device friction blocks activation","2022-11-12T07:53:57-07:00","https://itunes.apple.com/us/rss/customerreviews/id=1638650650/sortBy=mostRecent/json"
"1638650650","Myla : Manifest & Vision Board","manifestation_tool","high","5","pain_signup_access_friction","pain","Signup, access, or device friction blocks activation","2022-11-10T15:09:55-07:00","https://itunes.apple.com/us/rss/customerreviews/id=1638650650/sortBy=mostRecent/json"
"1527058035","Goddess・Women's Wellness Coach","manifestation_tool","medium_high","5","jtbd_belonging_accountability","jtbd","Feel accompanied or accountable","2026-05-14T05:22:10-07:00","https://itunes.apple.com/us/rss/customerreviews/id=1527058035/sortBy=mostRecent/json"
"1527058035","Goddess・Women's Wellness Coach","manifestation_tool","medium_high","1","pain_subscription_value","pain","Subscription or paywall does not feel worth it","2026-03-30T07:10:02-07:00","https://itunes.apple.com/us/rss/customerreviews/id=1527058035/sortBy=mostRecent/json"
"1527058035","Goddess・Women's Wellness Coach","manifestation_tool","medium_high","1","pain_subscription_value","pain","Subscription or paywall does not feel worth it","2026-03-11T13:46:20-07:00","https://itunes.apple.com/us/rss/customerreviews/id=1527058035/sortBy=mostRecent/json"
"1527058035","Goddess・Women's Wellness Coach","manifestation_tool","medium_high","5","jtbd_daily_anchor","jtbd","Give me a daily anchor I can return to","2026-01-10T05:20:29-07:00","https://itunes.apple.com/us/rss/customerreviews/id=1527058035/sortBy=mostRecent/json"
"1527058035","Goddess・Women's Wellness Coach","manifestation_tool","medium_high","5","jtbd_fast_emotional_reset","jtbd","Help me calm down or reset quickly","2026-01-10T05:20:29-07:00","https://itunes.apple.com/us/rss/customerreviews/id=1527058035/sortBy=mostRecent/json"
"1527058035","Goddess・Women's Wellness Coach","manifestation_tool","medium_high","2","pain_subscription_value","pain","Subscription or paywall does not feel worth it","2025-12-13T16:43:07-07:00","https://itunes.apple.com/us/rss/customerreviews/id=1527058035/sortBy=mostRecent/json"
"1527058035","Goddess・Women's Wellness Coach","manifestation_tool","medium_high","2","pain_content_depth_customization","pain","Users want more depth, options, or customization","2025-12-13T16:43:07-07:00","https://itunes.apple.com/us/rss/customerreviews/id=1527058035/sortBy=mostRecent/json"
"1527058035","Goddess・Women's Wellness Coach","manifestation_tool","medium_high","1","pain_subscription_value","pain","Subscription or paywall does not feel worth it","2025-09-03T16:40:33-07:00","https://itunes.apple.com/us/rss/customerreviews/id=1527058035/sortBy=mostRecent/json"
"1527058035","Goddess・Women's Wellness Coach","manifestation_tool","medium_high","1","pain_trust_accuracy_safety","pain","Trust, accuracy, or spiritual safety concerns","2025-09-03T16:40:33-07:00","https://itunes.apple.com/us/rss/customerreviews/id=1527058035/sortBy=mostRecent/json"
"1527058035","Goddess・Women's Wellness Coach","manifestation_tool","medium_high","1","pain_unclear_game_loop","pain","The game layer can feel confusing or disconnected","2025-09-03T16:40:33-07:00","https://itunes.apple.com/us/rss/customerreviews/id=1527058035/sortBy=mostRecent/json"
"1527058035","Goddess・Women's Wellness Coach","manifestation_tool","medium_high","1","pain_signup_access_friction","pain","Signup, access, or device friction blocks activation","2025-09-03T16:40:33-07:00","https://itunes.apple.com/us/rss/customerreviews/id=1527058035/sortBy=mostRecent/json"
"1527058035","Goddess・Women's Wellness Coach","manifestation_tool","medium_high","5","jtbd_fast_emotional_reset","jtbd","Help me calm down or reset quickly","2025-08-22T06:34:25-07:00","https://itunes.apple.com/us/rss/customerreviews/id=1527058035/sortBy=mostRecent/json"
"1527058035","Goddess・Women's Wellness Coach","manifestation_tool","medium_high","5","jtbd_daily_anchor","jtbd","Give me a daily anchor I can return to","2025-07-31T19:44:20-07:00","https://itunes.apple.com/us/rss/customerreviews/id=1527058035/sortBy=mostRecent/json"
"1527058035","Goddess・Women's Wellness Coach","manifestation_tool","medium_high","5","jtbd_fast_emotional_reset","jtbd","Help me calm down or reset quickly","2025-07-31T19:44:20-07:00","https://itunes.apple.com/us/rss/customerreviews/id=1527058035/sortBy=mostRecent/json"
"1527058035","Goddess・Women's Wellness Coach","manifestation_tool","medium_high","5","pain_subscription_value","pain","Subscription or paywall does not feel worth it","2025-07-31T19:44:20-07:00","https://itunes.apple.com/us/rss/customerreviews/id=1527058035/sortBy=mostRecent/json"
"1527058035","Goddess・Women's Wellness Coach","manifestation_tool","medium_high","5","pain_content_depth_customization","pain","Users want more depth, options, or customization","2025-07-31T19:44:20-07:00","https://itunes.apple.com/us/rss/customerreviews/id=1527058035/sortBy=mostRecent/json"
"1527058035","Goddess・Women's Wellness Coach","manifestation_tool","medium_high","5","pain_content_depth_customization","pain","Users want more depth, options, or customization","2025-07-22T09:09:50-07:00","https://itunes.apple.com/us/rss/customerreviews/id=1527058035/sortBy=mostRecent/json"
"1527058035","Goddess・Women's Wellness Coach","manifestation_tool","medium_high","4","jtbd_fast_emotional_reset","jtbd","Help me calm down or reset quickly","2025-06-29T19:14:01-07:00","https://itunes.apple.com/us/rss/customerreviews/id=1527058035/sortBy=mostRecent/json"
"1527058035","Goddess・Women's Wellness Coach","manifestation_tool","medium_high","4","jtbd_make_growth_visible","jtbd","Show me visible progress so effort feels real","2025-06-29T19:14:01-07:00","https://itunes.apple.com/us/rss/customerreviews/id=1527058035/sortBy=mostRecent/json"
"1527058035","Goddess・Women's Wellness Coach","manifestation_tool","medium_high","1","pain_trust_accuracy_safety","pain","Trust, accuracy, or spiritual safety concerns","2025-06-27T06:30:23-07:00","https://itunes.apple.com/us/rss/customerreviews/id=1527058035/sortBy=mostRecent/json"
"1527058035","Goddess・Women's Wellness Coach","manifestation_tool","medium_high","1","pain_reliability_breaks_ritual","pain","Bugs break trust and interrupt the ritual","2025-05-11T13:28:43-07:00","https://itunes.apple.com/us/rss/customerreviews/id=1527058035/sortBy=mostRecent/json"
"1527058035","Goddess・Women's Wellness Coach","manifestation_tool","medium_high","3","pain_subscription_value","pain","Subscription or paywall does not feel worth it","2025-04-12T08:23:37-07:00","https://itunes.apple.com/us/rss/customerreviews/id=1527058035/sortBy=mostRecent/json"
"1527058035","Goddess・Women's Wellness Coach","manifestation_tool","medium_high","5","jtbd_fast_emotional_reset","jtbd","Help me calm down or reset quickly","2025-04-10T21:37:56-07:00","https://itunes.apple.com/us/rss/customerreviews/id=1527058035/sortBy=mostRecent/json"
"1527058035","Goddess・Women's Wellness Coach","manifestation_tool","medium_high","5","pain_content_depth_customization","pain","Users want more depth, options, or customization","2025-04-10T21:37:56-07:00","https://itunes.apple.com/us/rss/customerreviews/id=1527058035/sortBy=mostRecent/json"
"1527058035","Goddess・Women's Wellness Coach","manifestation_tool","medium_high","5","jtbd_daily_anchor","jtbd","Give me a daily anchor I can return to","2025-04-08T01:43:11-07:00","https://itunes.apple.com/us/rss/customerreviews/id=1527058035/sortBy=mostRecent/json"
"1527058035","Goddess・Women's Wellness Coach","manifestation_tool","medium_high","5","jtbd_make_growth_visible","jtbd","Show me visible progress so effort feels real","2025-04-08T00:57:30-07:00","https://itunes.apple.com/us/rss/customerreviews/id=1527058035/sortBy=mostRecent/json"
"1527058035","Goddess・Women's Wellness Coach","manifestation_tool","medium_high","5","pain_content_depth_customization","pain","Users want more depth, options, or customization","2025-04-08T00:57:30-07:00","https://itunes.apple.com/us/rss/customerreviews/id=1527058035/sortBy=mostRecent/json"
"1527058035","Goddess・Women's Wellness Coach","manifestation_tool","medium_high","5","jtbd_make_growth_visible","jtbd","Show me visible progress so effort feels real","2025-04-07T17:27:35-07:00","https://itunes.apple.com/us/rss/customerreviews/id=1527058035/sortBy=mostRecent/json"
"1527058035","Goddess・Women's Wellness Coach","manifestation_tool","medium_high","5","jtbd_belonging_accountability","jtbd","Feel accompanied or accountable","2025-04-07T17:27:35-07:00","https://itunes.apple.com/us/rss/customerreviews/id=1527058035/sortBy=mostRecent/json"
"1527058035","Goddess・Women's Wellness Coach","manifestation_tool","medium_high","5","pain_content_depth_customization","pain","Users want more depth, options, or customization","2025-04-07T17:27:35-07:00","https://itunes.apple.com/us/rss/customerreviews/id=1527058035/sortBy=mostRecent/json"
"1527058035","Goddess・Women's Wellness Coach","manifestation_tool","medium_high","5","jtbd_daily_anchor","jtbd","Give me a daily anchor I can return to","2025-03-09T20:13:03-07:00","https://itunes.apple.com/us/rss/customerreviews/id=1527058035/sortBy=mostRecent/json"
"1527058035","Goddess・Women's Wellness Coach","manifestation_tool","medium_high","1","jtbd_make_growth_visible","jtbd","Show me visible progress so effort feels real","2025-03-08T05:33:44-07:00","https://itunes.apple.com/us/rss/customerreviews/id=1527058035/sortBy=mostRecent/json"
"1527058035","Goddess・Women's Wellness Coach","manifestation_tool","medium_high","1","pain_subscription_value","pain","Subscription or paywall does not feel worth it","2025-03-08T05:33:44-07:00","https://itunes.apple.com/us/rss/customerreviews/id=1527058035/sortBy=mostRecent/json"
"1527058035","Goddess・Women's Wellness Coach","manifestation_tool","medium_high","1","pain_reliability_breaks_ritual","pain","Bugs break trust and interrupt the ritual","2025-03-08T05:33:44-07:00","https://itunes.apple.com/us/rss/customerreviews/id=1527058035/sortBy=mostRecent/json"
"1527058035","Goddess・Women's Wellness Coach","manifestation_tool","medium_high","5","jtbd_belonging_accountability","jtbd","Feel accompanied or accountable","2025-01-27T06:06:37-07:00","https://itunes.apple.com/us/rss/customerreviews/id=1527058035/sortBy=mostRecent/json"
"1527058035","Goddess・Women's Wellness Coach","manifestation_tool","medium_high","5","jtbd_make_growth_visible","jtbd","Show me visible progress so effort feels real","2025-01-01T21:49:22-07:00","https://itunes.apple.com/us/rss/customerreviews/id=1527058035/sortBy=mostRecent/json"
"1527058035","Goddess・Women's Wellness Coach","manifestation_tool","medium_high","5","pain_subscription_value","pain","Subscription or paywall does not feel worth it","2025-01-01T21:49:22-07:00","https://itunes.apple.com/us/rss/customerreviews/id=1527058035/sortBy=mostRecent/json"
"1527058035","Goddess・Women's Wellness Coach","manifestation_tool","medium_high","5","pain_content_depth_customization","pain","Users want more depth, options, or customization","2025-01-01T21:49:22-07:00","https://itunes.apple.com/us/rss/customerreviews/id=1527058035/sortBy=mostRecent/json"
"1527058035","Goddess・Women's Wellness Coach","manifestation_tool","medium_high","5","pain_content_depth_customization","pain","Users want more depth, options, or customization","2025-01-01T18:54:18-07:00","https://itunes.apple.com/us/rss/customerreviews/id=1527058035/sortBy=mostRecent/json"
"1527058035","Goddess・Women's Wellness Coach","manifestation_tool","medium_high","5","pain_subscription_value","pain","Subscription or paywall does not feel worth it","2024-11-19T21:09:06-07:00","https://itunes.apple.com/us/rss/customerreviews/id=1527058035/sortBy=mostRecent/json"
"1527058035","Goddess・Women's Wellness Coach","manifestation_tool","medium_high","5","jtbd_fast_emotional_reset","jtbd","Help me calm down or reset quickly","2024-07-30T12:07:43-07:00","https://itunes.apple.com/us/rss/customerreviews/id=1527058035/sortBy=mostRecent/json"
"1527058035","Goddess・Women's Wellness Coach","manifestation_tool","medium_high","5","jtbd_make_growth_visible","jtbd","Show me visible progress so effort feels real","2024-07-30T12:07:43-07:00","https://itunes.apple.com/us/rss/customerreviews/id=1527058035/sortBy=mostRecent/json"
"1527058035","Goddess・Women's Wellness Coach","manifestation_tool","medium_high","5","jtbd_structure_self_improvement","jtbd","Turn vague self-improvement into concrete actions","2024-06-15T01:27:26-07:00","https://itunes.apple.com/us/rss/customerreviews/id=1527058035/sortBy=mostRecent/json"
"1527058035","Goddess・Women's Wellness Coach","manifestation_tool","medium_high","5","pain_content_depth_customization","pain","Users want more depth, options, or customization","2024-06-15T01:27:26-07:00","https://itunes.apple.com/us/rss/customerreviews/id=1527058035/sortBy=mostRecent/json"
"1527058035","Goddess・Women's Wellness Coach","manifestation_tool","medium_high","1","jtbd_make_growth_visible","jtbd","Show me visible progress so effort feels real","2024-06-08T16:04:56-07:00","https://itunes.apple.com/us/rss/customerreviews/id=1527058035/sortBy=mostRecent/json"
"1527058035","Goddess・Women's Wellness Coach","manifestation_tool","medium_high","1","pain_subscription_value","pain","Subscription or paywall does not feel worth it","2024-06-08T16:04:56-07:00","https://itunes.apple.com/us/rss/customerreviews/id=1527058035/sortBy=mostRecent/json"
"1527058035","Goddess・Women's Wellness Coach","manifestation_tool","medium_high","1","pain_reliability_breaks_ritual","pain","Bugs break trust and interrupt the ritual","2024-06-08T16:04:56-07:00","https://itunes.apple.com/us/rss/customerreviews/id=1527058035/sortBy=mostRecent/json"
"1527058035","Goddess・Women's Wellness Coach","manifestation_tool","medium_high","1","pain_content_depth_customization","pain","Users want more depth, options, or customization","2024-06-08T16:04:56-07:00","https://itunes.apple.com/us/rss/customerreviews/id=1527058035/sortBy=mostRecent/json"
"1527058035","Goddess・Women's Wellness Coach","manifestation_tool","medium_high","1","pain_trust_accuracy_safety","pain","Trust, accuracy, or spiritual safety concerns","2024-06-08T16:04:56-07:00","https://itunes.apple.com/us/rss/customerreviews/id=1527058035/sortBy=mostRecent/json"
"1527058035","Goddess・Women's Wellness Coach","manifestation_tool","medium_high","1","pain_signup_access_friction","pain","Signup, access, or device friction blocks activation","2024-06-08T16:04:56-07:00","https://itunes.apple.com/us/rss/customerreviews/id=1527058035/sortBy=mostRecent/json"
"1527058035","Goddess・Women's Wellness Coach","manifestation_tool","medium_high","5","jtbd_fast_emotional_reset","jtbd","Help me calm down or reset quickly","2024-06-01T22:38:58-07:00","https://itunes.apple.com/us/rss/customerreviews/id=1527058035/sortBy=mostRecent/json"
"1527058035","Goddess・Women's Wellness Coach","manifestation_tool","medium_high","5","jtbd_fast_emotional_reset","jtbd","Help me calm down or reset quickly","2024-02-16T22:02:35-07:00","https://itunes.apple.com/us/rss/customerreviews/id=1527058035/sortBy=mostRecent/json"
"1527058035","Goddess・Women's Wellness Coach","manifestation_tool","medium_high","5","pain_content_depth_customization","pain","Users want more depth, options, or customization","2024-02-16T22:02:35-07:00","https://itunes.apple.com/us/rss/customerreviews/id=1527058035/sortBy=mostRecent/json"
"1527058035","Goddess・Women's Wellness Coach","manifestation_tool","medium_high","5","pain_content_depth_customization","pain","Users want more depth, options, or customization","2024-01-11T07:29:45-07:00","https://itunes.apple.com/us/rss/customerreviews/id=1527058035/sortBy=mostRecent/json"
"1581511740","Miracle Morning Routine","manifestation_tool","high","3","jtbd_structure_self_improvement","jtbd","Turn vague self-improvement into concrete actions","2026-05-24T08:48:46-07:00","https://itunes.apple.com/us/rss/customerreviews/id=1581511740/sortBy=mostRecent/json"
"1581511740","Miracle Morning Routine","manifestation_tool","high","5","jtbd_daily_anchor","jtbd","Give me a daily anchor I can return to","2026-05-20T03:59:17-07:00","https://itunes.apple.com/us/rss/customerreviews/id=1581511740/sortBy=mostRecent/json"
"1581511740","Miracle Morning Routine","manifestation_tool","high","5","jtbd_daily_anchor","jtbd","Give me a daily anchor I can return to","2026-05-18T04:51:11-07:00","https://itunes.apple.com/us/rss/customerreviews/id=1581511740/sortBy=mostRecent/json"
"1581511740","Miracle Morning Routine","manifestation_tool","high","2","jtbd_daily_anchor","jtbd","Give me a daily anchor I can return to","2026-04-08T09:28:05-07:00","https://itunes.apple.com/us/rss/customerreviews/id=1581511740/sortBy=mostRecent/json"
"1581511740","Miracle Morning Routine","manifestation_tool","high","2","pain_reliability_breaks_ritual","pain","Bugs break trust and interrupt the ritual","2026-04-08T09:28:05-07:00","https://itunes.apple.com/us/rss/customerreviews/id=1581511740/sortBy=mostRecent/json"
"1581511740","Miracle Morning Routine","manifestation_tool","high","4","jtbd_fast_emotional_reset","jtbd","Help me calm down or reset quickly","2026-02-17T00:29:45-07:00","https://itunes.apple.com/us/rss/customerreviews/id=1581511740/sortBy=mostRecent/json"
"1581511740","Miracle Morning Routine","manifestation_tool","high","4","pain_content_depth_customization","pain","Users want more depth, options, or customization","2026-02-17T00:29:45-07:00","https://itunes.apple.com/us/rss/customerreviews/id=1581511740/sortBy=mostRecent/json"
"1581511740","Miracle Morning Routine","manifestation_tool","high","4","pain_signup_access_friction","pain","Signup, access, or device friction blocks activation","2026-02-17T00:29:45-07:00","https://itunes.apple.com/us/rss/customerreviews/id=1581511740/sortBy=mostRecent/json"
"1581511740","Miracle Morning Routine","manifestation_tool","high","1","jtbd_daily_anchor","jtbd","Give me a daily anchor I can return to","2025-11-18T05:50:31-07:00","https://itunes.apple.com/us/rss/customerreviews/id=1581511740/sortBy=mostRecent/json"
"1581511740","Miracle Morning Routine","manifestation_tool","high","1","pain_subscription_value","pain","Subscription or paywall does not feel worth it","2025-11-18T05:50:31-07:00","https://itunes.apple.com/us/rss/customerreviews/id=1581511740/sortBy=mostRecent/json"
"1581511740","Miracle Morning Routine","manifestation_tool","high","1","pain_reliability_breaks_ritual","pain","Bugs break trust and interrupt the ritual","2025-11-18T05:50:31-07:00","https://itunes.apple.com/us/rss/customerreviews/id=1581511740/sortBy=mostRecent/json"
"1581511740","Miracle Morning Routine","manifestation_tool","high","1","pain_content_depth_customization","pain","Users want more depth, options, or customization","2025-11-18T05:50:31-07:00","https://itunes.apple.com/us/rss/customerreviews/id=1581511740/sortBy=mostRecent/json"
"1581511740","Miracle Morning Routine","manifestation_tool","high","1","pain_trust_accuracy_safety","pain","Trust, accuracy, or spiritual safety concerns","2025-11-18T05:50:31-07:00","https://itunes.apple.com/us/rss/customerreviews/id=1581511740/sortBy=mostRecent/json"
"1581511740","Miracle Morning Routine","manifestation_tool","high","1","pain_signup_access_friction","pain","Signup, access, or device friction blocks activation","2025-11-18T05:50:31-07:00","https://itunes.apple.com/us/rss/customerreviews/id=1581511740/sortBy=mostRecent/json"
"1581511740","Miracle Morning Routine","manifestation_tool","high","5","jtbd_fast_emotional_reset","jtbd","Help me calm down or reset quickly","2025-10-24T05:50:49-07:00","https://itunes.apple.com/us/rss/customerreviews/id=1581511740/sortBy=mostRecent/json"
"1581511740","Miracle Morning Routine","manifestation_tool","high","5","pain_signup_access_friction","pain","Signup, access, or device friction blocks activation","2025-09-25T04:56:13-07:00","https://itunes.apple.com/us/rss/customerreviews/id=1581511740/sortBy=mostRecent/json"
"1581511740","Miracle Morning Routine","manifestation_tool","high","5","jtbd_fast_emotional_reset","jtbd","Help me calm down or reset quickly","2025-09-21T04:31:36-07:00","https://itunes.apple.com/us/rss/customerreviews/id=1581511740/sortBy=mostRecent/json"
"1581511740","Miracle Morning Routine","manifestation_tool","high","5","pain_unclear_game_loop","pain","The game layer can feel confusing or disconnected","2025-09-21T04:31:36-07:00","https://itunes.apple.com/us/rss/customerreviews/id=1581511740/sortBy=mostRecent/json"
"1581511740","Miracle Morning Routine","manifestation_tool","high","5","jtbd_daily_anchor","jtbd","Give me a daily anchor I can return to","2025-09-20T19:22:57-07:00","https://itunes.apple.com/us/rss/customerreviews/id=1581511740/sortBy=mostRecent/json"
"1581511740","Miracle Morning Routine","manifestation_tool","high","5","jtbd_make_growth_visible","jtbd","Show me visible progress so effort feels real","2025-09-20T19:22:57-07:00","https://itunes.apple.com/us/rss/customerreviews/id=1581511740/sortBy=mostRecent/json"
"1581511740","Miracle Morning Routine","manifestation_tool","high","5","pain_content_depth_customization","pain","Users want more depth, options, or customization","2025-09-20T19:22:57-07:00","https://itunes.apple.com/us/rss/customerreviews/id=1581511740/sortBy=mostRecent/json"
"1581511740","Miracle Morning Routine","manifestation_tool","high","5","jtbd_structure_self_improvement","jtbd","Turn vague self-improvement into concrete actions","2025-09-19T03:42:10-07:00","https://itunes.apple.com/us/rss/customerreviews/id=1581511740/sortBy=mostRecent/json"
"1581511740","Miracle Morning Routine","manifestation_tool","high","5","jtbd_belonging_accountability","jtbd","Feel accompanied or accountable","2025-09-19T03:42:10-07:00","https://itunes.apple.com/us/rss/customerreviews/id=1581511740/sortBy=mostRecent/json"
"1581511740","Miracle Morning Routine","manifestation_tool","high","4","pain_content_depth_customization","pain","Users want more depth, options, or customization","2025-09-03T09:27:22-07:00","https://itunes.apple.com/us/rss/customerreviews/id=1581511740/sortBy=mostRecent/json"
"1581511740","Miracle Morning Routine","manifestation_tool","high","5","jtbd_daily_anchor","jtbd","Give me a daily anchor I can return to","2025-09-03T06:35:06-07:00","https://itunes.apple.com/us/rss/customerreviews/id=1581511740/sortBy=mostRecent/json"
"1581511740","Miracle Morning Routine","manifestation_tool","high","5","jtbd_belonging_accountability","jtbd","Feel accompanied or accountable","2025-09-03T06:35:06-07:00","https://itunes.apple.com/us/rss/customerreviews/id=1581511740/sortBy=mostRecent/json"
"1581511740","Miracle Morning Routine","manifestation_tool","high","5","pain_content_depth_customization","pain","Users want more depth, options, or customization","2025-09-03T06:35:06-07:00","https://itunes.apple.com/us/rss/customerreviews/id=1581511740/sortBy=mostRecent/json"
"1581511740","Miracle Morning Routine","manifestation_tool","high","5","jtbd_daily_anchor","jtbd","Give me a daily anchor I can return to","2025-09-02T04:51:48-07:00","https://itunes.apple.com/us/rss/customerreviews/id=1581511740/sortBy=mostRecent/json"
"1581511740","Miracle Morning Routine","manifestation_tool","high","5","jtbd_make_growth_visible","jtbd","Show me visible progress so effort feels real","2025-09-02T04:51:48-07:00","https://itunes.apple.com/us/rss/customerreviews/id=1581511740/sortBy=mostRecent/json"
"1581511740","Miracle Morning Routine","manifestation_tool","high","5","jtbd_make_growth_visible","jtbd","Show me visible progress so effort feels real","2025-08-28T21:15:51-07:00","https://itunes.apple.com/us/rss/customerreviews/id=1581511740/sortBy=mostRecent/json"
"1581511740","Miracle Morning Routine","manifestation_tool","high","4","jtbd_daily_anchor","jtbd","Give me a daily anchor I can return to","2025-08-19T07:05:34-07:00","https://itunes.apple.com/us/rss/customerreviews/id=1581511740/sortBy=mostRecent/json"
"1581511740","Miracle Morning Routine","manifestation_tool","high","4","jtbd_make_growth_visible","jtbd","Show me visible progress so effort feels real","2025-08-19T07:05:34-07:00","https://itunes.apple.com/us/rss/customerreviews/id=1581511740/sortBy=mostRecent/json"
"1581511740","Miracle Morning Routine","manifestation_tool","high","5","jtbd_make_growth_visible","jtbd","Show me visible progress so effort feels real","2025-08-09T14:25:46-07:00","https://itunes.apple.com/us/rss/customerreviews/id=1581511740/sortBy=mostRecent/json"
"1581511740","Miracle Morning Routine","manifestation_tool","high","5","jtbd_daily_anchor","jtbd","Give me a daily anchor I can return to","2025-08-03T06:25:58-07:00","https://itunes.apple.com/us/rss/customerreviews/id=1581511740/sortBy=mostRecent/json"
"1581511740","Miracle Morning Routine","manifestation_tool","high","5","jtbd_make_growth_visible","jtbd","Show me visible progress so effort feels real","2025-08-03T06:25:58-07:00","https://itunes.apple.com/us/rss/customerreviews/id=1581511740/sortBy=mostRecent/json"
"1581511740","Miracle Morning Routine","manifestation_tool","high","5","pain_content_depth_customization","pain","Users want more depth, options, or customization","2025-08-03T06:25:58-07:00","https://itunes.apple.com/us/rss/customerreviews/id=1581511740/sortBy=mostRecent/json"
"1581511740","Miracle Morning Routine","manifestation_tool","high","5","jtbd_daily_anchor","jtbd","Give me a daily anchor I can return to","2025-08-02T05:24:08-07:00","https://itunes.apple.com/us/rss/customerreviews/id=1581511740/sortBy=mostRecent/json"
"1581511740","Miracle Morning Routine","manifestation_tool","high","2","jtbd_daily_anchor","jtbd","Give me a daily anchor I can return to","2025-07-30T04:47:40-07:00","https://itunes.apple.com/us/rss/customerreviews/id=1581511740/sortBy=mostRecent/json"
"1581511740","Miracle Morning Routine","manifestation_tool","high","2","pain_subscription_value","pain","Subscription or paywall does not feel worth it","2025-07-30T04:47:40-07:00","https://itunes.apple.com/us/rss/customerreviews/id=1581511740/sortBy=mostRecent/json"
"1581511740","Miracle Morning Routine","manifestation_tool","high","2","pain_content_depth_customization","pain","Users want more depth, options, or customization","2025-07-30T04:47:40-07:00","https://itunes.apple.com/us/rss/customerreviews/id=1581511740/sortBy=mostRecent/json"
"1581511740","Miracle Morning Routine","manifestation_tool","high","5","jtbd_daily_anchor","jtbd","Give me a daily anchor I can return to","2025-07-16T09:51:03-07:00","https://itunes.apple.com/us/rss/customerreviews/id=1581511740/sortBy=mostRecent/json"
"1581511740","Miracle Morning Routine","manifestation_tool","high","5","jtbd_daily_anchor","jtbd","Give me a daily anchor I can return to","2025-06-24T19:36:40-07:00","https://itunes.apple.com/us/rss/customerreviews/id=1581511740/sortBy=mostRecent/json"
"1581511740","Miracle Morning Routine","manifestation_tool","high","5","jtbd_structure_self_improvement","jtbd","Turn vague self-improvement into concrete actions","2025-06-24T19:36:40-07:00","https://itunes.apple.com/us/rss/customerreviews/id=1581511740/sortBy=mostRecent/json"
"1581511740","Miracle Morning Routine","manifestation_tool","high","5","jtbd_belonging_accountability","jtbd","Feel accompanied or accountable","2025-06-24T19:36:40-07:00","https://itunes.apple.com/us/rss/customerreviews/id=1581511740/sortBy=mostRecent/json"
"1581511740","Miracle Morning Routine","manifestation_tool","high","1","pain_subscription_value","pain","Subscription or paywall does not feel worth it","2025-06-19T12:04:46-07:00","https://itunes.apple.com/us/rss/customerreviews/id=1581511740/sortBy=mostRecent/json"
"1581511740","Miracle Morning Routine","manifestation_tool","high","5","jtbd_daily_anchor","jtbd","Give me a daily anchor I can return to","2025-05-24T08:25:54-07:00","https://itunes.apple.com/us/rss/customerreviews/id=1581511740/sortBy=mostRecent/json"
"1581511740","Miracle Morning Routine","manifestation_tool","high","5","jtbd_make_growth_visible","jtbd","Show me visible progress so effort feels real","2025-05-24T08:25:54-07:00","https://itunes.apple.com/us/rss/customerreviews/id=1581511740/sortBy=mostRecent/json"
"1581511740","Miracle Morning Routine","manifestation_tool","high","5","pain_content_depth_customization","pain","Users want more depth, options, or customization","2025-05-24T08:25:54-07:00","https://itunes.apple.com/us/rss/customerreviews/id=1581511740/sortBy=mostRecent/json"
"1581511740","Miracle Morning Routine","manifestation_tool","high","5","jtbd_daily_anchor","jtbd","Give me a daily anchor I can return to","2025-04-12T21:27:23-07:00","https://itunes.apple.com/us/rss/customerreviews/id=1581511740/sortBy=mostRecent/json"
"1581511740","Miracle Morning Routine","manifestation_tool","high","5","jtbd_make_growth_visible","jtbd","Show me visible progress so effort feels real","2025-04-12T21:27:23-07:00","https://itunes.apple.com/us/rss/customerreviews/id=1581511740/sortBy=mostRecent/json"
"1581511740","Miracle Morning Routine","manifestation_tool","high","5","jtbd_structure_self_improvement","jtbd","Turn vague self-improvement into concrete actions","2025-04-12T21:27:23-07:00","https://itunes.apple.com/us/rss/customerreviews/id=1581511740/sortBy=mostRecent/json"
"1581511740","Miracle Morning Routine","manifestation_tool","high","1","pain_subscription_value","pain","Subscription or paywall does not feel worth it","2025-03-16T21:06:01-07:00","https://itunes.apple.com/us/rss/customerreviews/id=1581511740/sortBy=mostRecent/json"
"1581511740","Miracle Morning Routine","manifestation_tool","high","1","pain_content_depth_customization","pain","Users want more depth, options, or customization","2025-03-16T21:06:01-07:00","https://itunes.apple.com/us/rss/customerreviews/id=1581511740/sortBy=mostRecent/json"
"1581511740","Miracle Morning Routine","manifestation_tool","high","1","pain_unclear_game_loop","pain","The game layer can feel confusing or disconnected","2025-03-16T21:06:01-07:00","https://itunes.apple.com/us/rss/customerreviews/id=1581511740/sortBy=mostRecent/json"
"1581511740","Miracle Morning Routine","manifestation_tool","high","5","jtbd_daily_anchor","jtbd","Give me a daily anchor I can return to","2025-03-09T08:51:29-07:00","https://itunes.apple.com/us/rss/customerreviews/id=1581511740/sortBy=mostRecent/json"
"1581511740","Miracle Morning Routine","manifestation_tool","high","5","jtbd_structure_self_improvement","jtbd","Turn vague self-improvement into concrete actions","2025-03-09T08:51:29-07:00","https://itunes.apple.com/us/rss/customerreviews/id=1581511740/sortBy=mostRecent/json"
"1581511740","Miracle Morning Routine","manifestation_tool","high","5","jtbd_belonging_accountability","jtbd","Feel accompanied or accountable","2025-03-09T08:51:29-07:00","https://itunes.apple.com/us/rss/customerreviews/id=1581511740/sortBy=mostRecent/json"
"1581511740","Miracle Morning Routine","manifestation_tool","high","5","pain_subscription_value","pain","Subscription or paywall does not feel worth it","2025-03-09T08:51:29-07:00","https://itunes.apple.com/us/rss/customerreviews/id=1581511740/sortBy=mostRecent/json"
"1581511740","Miracle Morning Routine","manifestation_tool","high","5","pain_content_depth_customization","pain","Users want more depth, options, or customization","2025-03-08T08:10:55-07:00","https://itunes.apple.com/us/rss/customerreviews/id=1581511740/sortBy=mostRecent/json"
"1581511740","Miracle Morning Routine","manifestation_tool","high","5","pain_content_depth_customization","pain","Users want more depth, options, or customization","2025-03-07T05:01:46-07:00","https://itunes.apple.com/us/rss/customerreviews/id=1581511740/sortBy=mostRecent/json"
"1581511740","Miracle Morning Routine","manifestation_tool","high","5","pain_signup_access_friction","pain","Signup, access, or device friction blocks activation","2025-03-07T05:01:46-07:00","https://itunes.apple.com/us/rss/customerreviews/id=1581511740/sortBy=mostRecent/json"
"1581511740","Miracle Morning Routine","manifestation_tool","high","5","jtbd_daily_anchor","jtbd","Give me a daily anchor I can return to","2025-03-07T02:54:36-07:00","https://itunes.apple.com/us/rss/customerreviews/id=1581511740/sortBy=mostRecent/json"
"1581511740","Miracle Morning Routine","manifestation_tool","high","5","pain_content_depth_customization","pain","Users want more depth, options, or customization","2025-03-07T02:54:36-07:00","https://itunes.apple.com/us/rss/customerreviews/id=1581511740/sortBy=mostRecent/json"
"1581511740","Miracle Morning Routine","manifestation_tool","high","5","jtbd_daily_anchor","jtbd","Give me a daily anchor I can return to","2025-03-06T18:08:12-07:00","https://itunes.apple.com/us/rss/customerreviews/id=1581511740/sortBy=mostRecent/json"
"1581511740","Miracle Morning Routine","manifestation_tool","high","5","jtbd_structure_self_improvement","jtbd","Turn vague self-improvement into concrete actions","2025-03-06T18:08:12-07:00","https://itunes.apple.com/us/rss/customerreviews/id=1581511740/sortBy=mostRecent/json"
"1581511740","Miracle Morning Routine","manifestation_tool","high","5","jtbd_daily_anchor","jtbd","Give me a daily anchor I can return to","2025-03-06T16:51:22-07:00","https://itunes.apple.com/us/rss/customerreviews/id=1581511740/sortBy=mostRecent/json"
"1581511740","Miracle Morning Routine","manifestation_tool","high","5","jtbd_belonging_accountability","jtbd","Feel accompanied or accountable","2025-03-06T05:59:42-07:00","https://itunes.apple.com/us/rss/customerreviews/id=1581511740/sortBy=mostRecent/json"
"1581511740","Miracle Morning Routine","manifestation_tool","high","5","jtbd_structure_self_improvement","jtbd","Turn vague self-improvement into concrete actions","2025-03-06T04:04:53-07:00","https://itunes.apple.com/us/rss/customerreviews/id=1581511740/sortBy=mostRecent/json"
"1581511740","Miracle Morning Routine","manifestation_tool","high","5","jtbd_make_growth_visible","jtbd","Show me visible progress so effort feels real","2025-03-05T20:01:25-07:00","https://itunes.apple.com/us/rss/customerreviews/id=1581511740/sortBy=mostRecent/json"
"1581511740","Miracle Morning Routine","manifestation_tool","high","5","pain_content_depth_customization","pain","Users want more depth, options, or customization","2025-03-05T17:42:06-07:00","https://itunes.apple.com/us/rss/customerreviews/id=1581511740/sortBy=mostRecent/json"
"1581511740","Miracle Morning Routine","manifestation_tool","high","5","jtbd_daily_anchor","jtbd","Give me a daily anchor I can return to","2025-03-05T11:33:24-07:00","https://itunes.apple.com/us/rss/customerreviews/id=1581511740/sortBy=mostRecent/json"
"1581511740","Miracle Morning Routine","manifestation_tool","high","5","jtbd_structure_self_improvement","jtbd","Turn vague self-improvement into concrete actions","2025-03-05T11:33:24-07:00","https://itunes.apple.com/us/rss/customerreviews/id=1581511740/sortBy=mostRecent/json"
"6448480238","Growth Spiral | Self evolution","avatar_identity_coaching","high","5","jtbd_make_growth_visible","jtbd","Show me visible progress so effort feels real","2025-10-03T12:58:09-07:00","https://itunes.apple.com/us/rss/customerreviews/id=6448480238/sortBy=mostRecent/json"
"6448480238","Growth Spiral | Self evolution","avatar_identity_coaching","high","5","jtbd_belonging_accountability","jtbd","Feel accompanied or accountable","2025-10-03T12:58:09-07:00","https://itunes.apple.com/us/rss/customerreviews/id=6448480238/sortBy=mostRecent/json"
"6448480238","Growth Spiral | Self evolution","avatar_identity_coaching","high","5","jtbd_make_growth_visible","jtbd","Show me visible progress so effort feels real","2024-09-28T14:55:08-07:00","https://itunes.apple.com/us/rss/customerreviews/id=6448480238/sortBy=mostRecent/json"
"6448480238","Growth Spiral | Self evolution","avatar_identity_coaching","high","5","pain_content_depth_customization","pain","Users want more depth, options, or customization","2024-09-28T14:55:08-07:00","https://itunes.apple.com/us/rss/customerreviews/id=6448480238/sortBy=mostRecent/json"
"1443895231","Flow Lab: Growth Mindset Coach","manifestation_tool","medium_high","1","jtbd_make_growth_visible","jtbd","Show me visible progress so effort feels real","2025-11-16T07:21:32-07:00","https://itunes.apple.com/us/rss/customerreviews/id=1443895231/sortBy=mostRecent/json"
"1443895231","Flow Lab: Growth Mindset Coach","manifestation_tool","medium_high","1","pain_reliability_breaks_ritual","pain","Bugs break trust and interrupt the ritual","2025-11-16T07:21:32-07:00","https://itunes.apple.com/us/rss/customerreviews/id=1443895231/sortBy=mostRecent/json"
"1443895231","Flow Lab: Growth Mindset Coach","manifestation_tool","medium_high","2","pain_reliability_breaks_ritual","pain","Bugs break trust and interrupt the ritual","2025-06-25T19:31:11-07:00","https://itunes.apple.com/us/rss/customerreviews/id=1443895231/sortBy=mostRecent/json"
"1443895231","Flow Lab: Growth Mindset Coach","manifestation_tool","medium_high","2","pain_signup_access_friction","pain","Signup, access, or device friction blocks activation","2025-06-25T19:31:11-07:00","https://itunes.apple.com/us/rss/customerreviews/id=1443895231/sortBy=mostRecent/json"
"1443895231","Flow Lab: Growth Mindset Coach","manifestation_tool","medium_high","3","pain_subscription_value","pain","Subscription or paywall does not feel worth it","2025-05-22T10:17:49-07:00","https://itunes.apple.com/us/rss/customerreviews/id=1443895231/sortBy=mostRecent/json"
"1443895231","Flow Lab: Growth Mindset Coach","manifestation_tool","medium_high","3","pain_content_depth_customization","pain","Users want more depth, options, or customization","2025-05-22T10:17:49-07:00","https://itunes.apple.com/us/rss/customerreviews/id=1443895231/sortBy=mostRecent/json"
"1443895231","Flow Lab: Growth Mindset Coach","manifestation_tool","medium_high","3","pain_signup_access_friction","pain","Signup, access, or device friction blocks activation","2025-05-22T10:17:49-07:00","https://itunes.apple.com/us/rss/customerreviews/id=1443895231/sortBy=mostRecent/json"
"1443895231","Flow Lab: Growth Mindset Coach","manifestation_tool","medium_high","1","pain_reliability_breaks_ritual","pain","Bugs break trust and interrupt the ritual","2025-03-12T13:24:03-07:00","https://itunes.apple.com/us/rss/customerreviews/id=1443895231/sortBy=mostRecent/json"
"1443895231","Flow Lab: Growth Mindset Coach","manifestation_tool","medium_high","1","pain_trust_accuracy_safety","pain","Trust, accuracy, or spiritual safety concerns","2025-03-12T13:24:03-07:00","https://itunes.apple.com/us/rss/customerreviews/id=1443895231/sortBy=mostRecent/json"
"1443895231","Flow Lab: Growth Mindset Coach","manifestation_tool","medium_high","1","pain_signup_access_friction","pain","Signup, access, or device friction blocks activation","2025-03-12T13:24:03-07:00","https://itunes.apple.com/us/rss/customerreviews/id=1443895231/sortBy=mostRecent/json"
"1443895231","Flow Lab: Growth Mindset Coach","manifestation_tool","medium_high","3","jtbd_make_growth_visible","jtbd","Show me visible progress so effort feels real","2025-03-04T22:09:16-07:00","https://itunes.apple.com/us/rss/customerreviews/id=1443895231/sortBy=mostRecent/json"
"1443895231","Flow Lab: Growth Mindset Coach","manifestation_tool","medium_high","3","pain_subscription_value","pain","Subscription or paywall does not feel worth it","2025-03-04T22:09:16-07:00","https://itunes.apple.com/us/rss/customerreviews/id=1443895231/sortBy=mostRecent/json"
"1443895231","Flow Lab: Growth Mindset Coach","manifestation_tool","medium_high","3","pain_content_depth_customization","pain","Users want more depth, options, or customization","2025-03-04T22:09:16-07:00","https://itunes.apple.com/us/rss/customerreviews/id=1443895231/sortBy=mostRecent/json"
"1443895231","Flow Lab: Growth Mindset Coach","manifestation_tool","medium_high","3","pain_signup_access_friction","pain","Signup, access, or device friction blocks activation","2025-03-04T22:09:16-07:00","https://itunes.apple.com/us/rss/customerreviews/id=1443895231/sortBy=mostRecent/json"
"1443895231","Flow Lab: Growth Mindset Coach","manifestation_tool","medium_high","1","pain_subscription_value","pain","Subscription or paywall does not feel worth it","2023-12-09T23:34:01-07:00","https://itunes.apple.com/us/rss/customerreviews/id=1443895231/sortBy=mostRecent/json"
"1443895231","Flow Lab: Growth Mindset Coach","manifestation_tool","medium_high","1","pain_trust_accuracy_safety","pain","Trust, accuracy, or spiritual safety concerns","2023-12-09T23:34:01-07:00","https://itunes.apple.com/us/rss/customerreviews/id=1443895231/sortBy=mostRecent/json"
"1443895231","Flow Lab: Growth Mindset Coach","manifestation_tool","medium_high","1","pain_signup_access_friction","pain","Signup, access, or device friction blocks activation","2023-12-09T23:34:01-07:00","https://itunes.apple.com/us/rss/customerreviews/id=1443895231/sortBy=mostRecent/json"
"1443895231","Flow Lab: Growth Mindset Coach","manifestation_tool","medium_high","2","pain_subscription_value","pain","Subscription or paywall does not feel worth it","2023-10-03T23:55:06-07:00","https://itunes.apple.com/us/rss/customerreviews/id=1443895231/sortBy=mostRecent/json"
"1443895231","Flow Lab: Growth Mindset Coach","manifestation_tool","medium_high","5","jtbd_belonging_accountability","jtbd","Feel accompanied or accountable","2023-09-19T22:11:23-07:00","https://itunes.apple.com/us/rss/customerreviews/id=1443895231/sortBy=mostRecent/json"
"1443895231","Flow Lab: Growth Mindset Coach","manifestation_tool","medium_high","5","pain_subscription_value","pain","Subscription or paywall does not feel worth it","2023-09-19T22:11:23-07:00","https://itunes.apple.com/us/rss/customerreviews/id=1443895231/sortBy=mostRecent/json"
"1443895231","Flow Lab: Growth Mindset Coach","manifestation_tool","medium_high","5","jtbd_belonging_accountability","jtbd","Feel accompanied or accountable","2023-07-14T06:32:43-07:00","https://itunes.apple.com/us/rss/customerreviews/id=1443895231/sortBy=mostRecent/json"
"1443895231","Flow Lab: Growth Mindset Coach","manifestation_tool","medium_high","2","pain_subscription_value","pain","Subscription or paywall does not feel worth it","2023-01-11T05:21:54-07:00","https://itunes.apple.com/us/rss/customerreviews/id=1443895231/sortBy=mostRecent/json"
"1443895231","Flow Lab: Growth Mindset Coach","manifestation_tool","medium_high","2","pain_reliability_breaks_ritual","pain","Bugs break trust and interrupt the ritual","2023-01-11T05:21:54-07:00","https://itunes.apple.com/us/rss/customerreviews/id=1443895231/sortBy=mostRecent/json"
"1443895231","Flow Lab: Growth Mindset Coach","manifestation_tool","medium_high","2","pain_signup_access_friction","pain","Signup, access, or device friction blocks activation","2023-01-11T05:21:54-07:00","https://itunes.apple.com/us/rss/customerreviews/id=1443895231/sortBy=mostRecent/json"
"1443895231","Flow Lab: Growth Mindset Coach","manifestation_tool","medium_high","5","jtbd_daily_anchor","jtbd","Give me a daily anchor I can return to","2022-12-13T03:56:58-07:00","https://itunes.apple.com/us/rss/customerreviews/id=1443895231/sortBy=mostRecent/json"
"1443895231","Flow Lab: Growth Mindset Coach","manifestation_tool","medium_high","5","jtbd_fast_emotional_reset","jtbd","Help me calm down or reset quickly","2022-12-13T03:56:58-07:00","https://itunes.apple.com/us/rss/customerreviews/id=1443895231/sortBy=mostRecent/json"
"1443895231","Flow Lab: Growth Mindset Coach","manifestation_tool","medium_high","5","jtbd_structure_self_improvement","jtbd","Turn vague self-improvement into concrete actions","2022-12-13T03:56:58-07:00","https://itunes.apple.com/us/rss/customerreviews/id=1443895231/sortBy=mostRecent/json"
"1443895231","Flow Lab: Growth Mindset Coach","manifestation_tool","medium_high","5","pain_content_depth_customization","pain","Users want more depth, options, or customization","2022-12-13T03:56:58-07:00","https://itunes.apple.com/us/rss/customerreviews/id=1443895231/sortBy=mostRecent/json"
"1443895231","Flow Lab: Growth Mindset Coach","manifestation_tool","medium_high","5","pain_signup_access_friction","pain","Signup, access, or device friction blocks activation","2022-12-13T03:56:58-07:00","https://itunes.apple.com/us/rss/customerreviews/id=1443895231/sortBy=mostRecent/json"
"1443895231","Flow Lab: Growth Mindset Coach","manifestation_tool","medium_high","1","pain_subscription_value","pain","Subscription or paywall does not feel worth it","2022-12-08T07:24:33-07:00","https://itunes.apple.com/us/rss/customerreviews/id=1443895231/sortBy=mostRecent/json"
"1443895231","Flow Lab: Growth Mindset Coach","manifestation_tool","medium_high","1","pain_reliability_breaks_ritual","pain","Bugs break trust and interrupt the ritual","2022-12-08T07:24:33-07:00","https://itunes.apple.com/us/rss/customerreviews/id=1443895231/sortBy=mostRecent/json"
"1443895231","Flow Lab: Growth Mindset Coach","manifestation_tool","medium_high","1","pain_signup_access_friction","pain","Signup, access, or device friction blocks activation","2022-12-08T07:24:33-07:00","https://itunes.apple.com/us/rss/customerreviews/id=1443895231/sortBy=mostRecent/json"
"1443895231","Flow Lab: Growth Mindset Coach","manifestation_tool","medium_high","5","pain_reliability_breaks_ritual","pain","Bugs break trust and interrupt the ritual","2022-12-08T05:57:56-07:00","https://itunes.apple.com/us/rss/customerreviews/id=1443895231/sortBy=mostRecent/json"
"1443895231","Flow Lab: Growth Mindset Coach","manifestation_tool","medium_high","5","pain_signup_access_friction","pain","Signup, access, or device friction blocks activation","2022-12-08T05:57:56-07:00","https://itunes.apple.com/us/rss/customerreviews/id=1443895231/sortBy=mostRecent/json"
"1443895231","Flow Lab: Growth Mindset Coach","manifestation_tool","medium_high","5","pain_subscription_value","pain","Subscription or paywall does not feel worth it","2022-12-07T10:29:48-07:00","https://itunes.apple.com/us/rss/customerreviews/id=1443895231/sortBy=mostRecent/json"
"1443895231","Flow Lab: Growth Mindset Coach","manifestation_tool","medium_high","3","jtbd_make_growth_visible","jtbd","Show me visible progress so effort feels real","2022-10-26T08:47:21-07:00","https://itunes.apple.com/us/rss/customerreviews/id=1443895231/sortBy=mostRecent/json"
"1443895231","Flow Lab: Growth Mindset Coach","manifestation_tool","medium_high","3","pain_subscription_value","pain","Subscription or paywall does not feel worth it","2022-10-26T08:47:21-07:00","https://itunes.apple.com/us/rss/customerreviews/id=1443895231/sortBy=mostRecent/json"
"1443895231","Flow Lab: Growth Mindset Coach","manifestation_tool","medium_high","5","pain_reliability_breaks_ritual","pain","Bugs break trust and interrupt the ritual","2022-09-27T06:20:44-07:00","https://itunes.apple.com/us/rss/customerreviews/id=1443895231/sortBy=mostRecent/json"
"1443895231","Flow Lab: Growth Mindset Coach","manifestation_tool","medium_high","5","pain_content_depth_customization","pain","Users want more depth, options, or customization","2022-09-27T06:20:44-07:00","https://itunes.apple.com/us/rss/customerreviews/id=1443895231/sortBy=mostRecent/json"
"1443895231","Flow Lab: Growth Mindset Coach","manifestation_tool","medium_high","5","jtbd_feel_seen_personalized","jtbd","Make the guidance feel personally about me","2022-06-02T09:57:41-07:00","https://itunes.apple.com/us/rss/customerreviews/id=1443895231/sortBy=mostRecent/json"
"1443895231","Flow Lab: Growth Mindset Coach","manifestation_tool","medium_high","5","jtbd_structure_self_improvement","jtbd","Turn vague self-improvement into concrete actions","2022-06-02T09:57:41-07:00","https://itunes.apple.com/us/rss/customerreviews/id=1443895231/sortBy=mostRecent/json"
"1443895231","Flow Lab: Growth Mindset Coach","manifestation_tool","medium_high","5","jtbd_belonging_accountability","jtbd","Feel accompanied or accountable","2022-06-02T09:57:41-07:00","https://itunes.apple.com/us/rss/customerreviews/id=1443895231/sortBy=mostRecent/json"
"1443895231","Flow Lab: Growth Mindset Coach","manifestation_tool","medium_high","5","pain_content_depth_customization","pain","Users want more depth, options, or customization","2022-06-02T09:57:41-07:00","https://itunes.apple.com/us/rss/customerreviews/id=1443895231/sortBy=mostRecent/json"
"1443895231","Flow Lab: Growth Mindset Coach","manifestation_tool","medium_high","5","jtbd_fast_emotional_reset","jtbd","Help me calm down or reset quickly","2022-04-22T18:45:08-07:00","https://itunes.apple.com/us/rss/customerreviews/id=1443895231/sortBy=mostRecent/json"
"1443895231","Flow Lab: Growth Mindset Coach","manifestation_tool","medium_high","5","jtbd_feel_seen_personalized","jtbd","Make the guidance feel personally about me","2022-02-20T20:30:35-07:00","https://itunes.apple.com/us/rss/customerreviews/id=1443895231/sortBy=mostRecent/json"
"1443895231","Flow Lab: Growth Mindset Coach","manifestation_tool","medium_high","5","pain_subscription_value","pain","Subscription or paywall does not feel worth it","2022-02-20T20:30:35-07:00","https://itunes.apple.com/us/rss/customerreviews/id=1443895231/sortBy=mostRecent/json"
"1443895231","Flow Lab: Growth Mindset Coach","manifestation_tool","medium_high","5","jtbd_fast_emotional_reset","jtbd","Help me calm down or reset quickly","2022-01-27T07:57:08-07:00","https://itunes.apple.com/us/rss/customerreviews/id=1443895231/sortBy=mostRecent/json"
"1443895231","Flow Lab: Growth Mindset Coach","manifestation_tool","medium_high","5","pain_reliability_breaks_ritual","pain","Bugs break trust and interrupt the ritual","2022-01-22T12:10:34-07:00","https://itunes.apple.com/us/rss/customerreviews/id=1443895231/sortBy=mostRecent/json"
"1443895231","Flow Lab: Growth Mindset Coach","manifestation_tool","medium_high","5","pain_content_depth_customization","pain","Users want more depth, options, or customization","2022-01-22T12:10:34-07:00","https://itunes.apple.com/us/rss/customerreviews/id=1443895231/sortBy=mostRecent/json"
"1443895231","Flow Lab: Growth Mindset Coach","manifestation_tool","medium_high","5","jtbd_fast_emotional_reset","jtbd","Help me calm down or reset quickly","2022-01-07T23:17:21-07:00","https://itunes.apple.com/us/rss/customerreviews/id=1443895231/sortBy=mostRecent/json"
"1443895231","Flow Lab: Growth Mindset Coach","manifestation_tool","medium_high","1","pain_subscription_value","pain","Subscription or paywall does not feel worth it","2021-10-19T05:45:03-07:00","https://itunes.apple.com/us/rss/customerreviews/id=1443895231/sortBy=mostRecent/json"
"1443895231","Flow Lab: Growth Mindset Coach","manifestation_tool","medium_high","5","jtbd_make_growth_visible","jtbd","Show me visible progress so effort feels real","2021-08-25T15:20:29-07:00","https://itunes.apple.com/us/rss/customerreviews/id=1443895231/sortBy=mostRecent/json"
"1443895231","Flow Lab: Growth Mindset Coach","manifestation_tool","medium_high","5","jtbd_structure_self_improvement","jtbd","Turn vague self-improvement into concrete actions","2021-08-25T15:20:29-07:00","https://itunes.apple.com/us/rss/customerreviews/id=1443895231/sortBy=mostRecent/json"
"1443895231","Flow Lab: Growth Mindset Coach","manifestation_tool","medium_high","2","pain_subscription_value","pain","Subscription or paywall does not feel worth it","2021-08-08T10:40:00-07:00","https://itunes.apple.com/us/rss/customerreviews/id=1443895231/sortBy=mostRecent/json"
"1443895231","Flow Lab: Growth Mindset Coach","manifestation_tool","medium_high","1","pain_subscription_value","pain","Subscription or paywall does not feel worth it","2021-08-06T13:10:59-07:00","https://itunes.apple.com/us/rss/customerreviews/id=1443895231/sortBy=mostRecent/json"
"1443895231","Flow Lab: Growth Mindset Coach","manifestation_tool","medium_high","1","jtbd_fast_emotional_reset","jtbd","Help me calm down or reset quickly","2021-08-05T06:22:55-07:00","https://itunes.apple.com/us/rss/customerreviews/id=1443895231/sortBy=mostRecent/json"
"1443895231","Flow Lab: Growth Mindset Coach","manifestation_tool","medium_high","1","jtbd_make_growth_visible","jtbd","Show me visible progress so effort feels real","2021-08-05T06:22:55-07:00","https://itunes.apple.com/us/rss/customerreviews/id=1443895231/sortBy=mostRecent/json"
"1443895231","Flow Lab: Growth Mindset Coach","manifestation_tool","medium_high","1","jtbd_structure_self_improvement","jtbd","Turn vague self-improvement into concrete actions","2021-08-05T06:22:55-07:00","https://itunes.apple.com/us/rss/customerreviews/id=1443895231/sortBy=mostRecent/json"
"1443895231","Flow Lab: Growth Mindset Coach","manifestation_tool","medium_high","1","pain_signup_access_friction","pain","Signup, access, or device friction blocks activation","2021-08-05T06:22:55-07:00","https://itunes.apple.com/us/rss/customerreviews/id=1443895231/sortBy=mostRecent/json"
"1443895231","Flow Lab: Growth Mindset Coach","manifestation_tool","medium_high","5","jtbd_fast_emotional_reset","jtbd","Help me calm down or reset quickly","2021-07-28T15:54:48-07:00","https://itunes.apple.com/us/rss/customerreviews/id=1443895231/sortBy=mostRecent/json"
"1443895231","Flow Lab: Growth Mindset Coach","manifestation_tool","medium_high","5","jtbd_structure_self_improvement","jtbd","Turn vague self-improvement into concrete actions","2021-07-28T15:54:48-07:00","https://itunes.apple.com/us/rss/customerreviews/id=1443895231/sortBy=mostRecent/json"
"1443895231","Flow Lab: Growth Mindset Coach","manifestation_tool","medium_high","5","jtbd_structure_self_improvement","jtbd","Turn vague self-improvement into concrete actions","2021-07-27T07:24:20-07:00","https://itunes.apple.com/us/rss/customerreviews/id=1443895231/sortBy=mostRecent/json"
"1443895231","Flow Lab: Growth Mindset Coach","manifestation_tool","medium_high","5","pain_content_depth_customization","pain","Users want more depth, options, or customization","2021-07-27T07:24:20-07:00","https://itunes.apple.com/us/rss/customerreviews/id=1443895231/sortBy=mostRecent/json"
"1443895231","Flow Lab: Growth Mindset Coach","manifestation_tool","medium_high","5","jtbd_feel_seen_personalized","jtbd","Make the guidance feel personally about me","2021-07-25T10:31:35-07:00","https://itunes.apple.com/us/rss/customerreviews/id=1443895231/sortBy=mostRecent/json"
"1443895231","Flow Lab: Growth Mindset Coach","manifestation_tool","medium_high","5","jtbd_fast_emotional_reset","jtbd","Help me calm down or reset quickly","2021-07-25T10:31:35-07:00","https://itunes.apple.com/us/rss/customerreviews/id=1443895231/sortBy=mostRecent/json"
"1443895231","Flow Lab: Growth Mindset Coach","manifestation_tool","medium_high","5","jtbd_structure_self_improvement","jtbd","Turn vague self-improvement into concrete actions","2021-07-25T10:31:35-07:00","https://itunes.apple.com/us/rss/customerreviews/id=1443895231/sortBy=mostRecent/json"
"1443895231","Flow Lab: Growth Mindset Coach","manifestation_tool","medium_high","5","pain_subscription_value","pain","Subscription or paywall does not feel worth it","2021-07-25T10:31:35-07:00","https://itunes.apple.com/us/rss/customerreviews/id=1443895231/sortBy=mostRecent/json"
"1443895231","Flow Lab: Growth Mindset Coach","manifestation_tool","medium_high","5","pain_content_depth_customization","pain","Users want more depth, options, or customization","2021-07-25T10:31:35-07:00","https://itunes.apple.com/us/rss/customerreviews/id=1443895231/sortBy=mostRecent/json"
"1443895231","Flow Lab: Growth Mindset Coach","manifestation_tool","medium_high","3","jtbd_make_growth_visible","jtbd","Show me visible progress so effort feels real","2021-06-20T09:01:12-07:00","https://itunes.apple.com/us/rss/customerreviews/id=1443895231/sortBy=mostRecent/json"
"1443895231","Flow Lab: Growth Mindset Coach","manifestation_tool","medium_high","3","pain_signup_access_friction","pain","Signup, access, or device friction blocks activation","2021-06-20T09:01:12-07:00","https://itunes.apple.com/us/rss/customerreviews/id=1443895231/sortBy=mostRecent/json"
"1443895231","Flow Lab: Growth Mindset Coach","manifestation_tool","medium_high","1","pain_subscription_value","pain","Subscription or paywall does not feel worth it","2021-06-10T05:15:57-07:00","https://itunes.apple.com/us/rss/customerreviews/id=1443895231/sortBy=mostRecent/json"
"1443895231","Flow Lab: Growth Mindset Coach","manifestation_tool","medium_high","5","jtbd_daily_anchor","jtbd","Give me a daily anchor I can return to","2021-05-27T04:07:08-07:00","https://itunes.apple.com/us/rss/customerreviews/id=1443895231/sortBy=mostRecent/json"
"1443895231","Flow Lab: Growth Mindset Coach","manifestation_tool","medium_high","5","jtbd_fast_emotional_reset","jtbd","Help me calm down or reset quickly","2021-05-27T04:07:08-07:00","https://itunes.apple.com/us/rss/customerreviews/id=1443895231/sortBy=mostRecent/json"
"1443895231","Flow Lab: Growth Mindset Coach","manifestation_tool","medium_high","5","jtbd_fast_emotional_reset","jtbd","Help me calm down or reset quickly","2021-05-24T02:58:29-07:00","https://itunes.apple.com/us/rss/customerreviews/id=1443895231/sortBy=mostRecent/json"
"1443895231","Flow Lab: Growth Mindset Coach","manifestation_tool","medium_high","5","jtbd_structure_self_improvement","jtbd","Turn vague self-improvement into concrete actions","2021-05-24T02:58:29-07:00","https://itunes.apple.com/us/rss/customerreviews/id=1443895231/sortBy=mostRecent/json"
"1443895231","Flow Lab: Growth Mindset Coach","manifestation_tool","medium_high","5","pain_reliability_breaks_ritual","pain","Bugs break trust and interrupt the ritual","2021-05-19T06:00:16-07:00","https://itunes.apple.com/us/rss/customerreviews/id=1443895231/sortBy=mostRecent/json"
"1443895231","Flow Lab: Growth Mindset Coach","manifestation_tool","medium_high","5","pain_content_depth_customization","pain","Users want more depth, options, or customization","2021-03-29T19:18:33-07:00","https://itunes.apple.com/us/rss/customerreviews/id=1443895231/sortBy=mostRecent/json"
"1443895231","Flow Lab: Growth Mindset Coach","manifestation_tool","medium_high","1","pain_subscription_value","pain","Subscription or paywall does not feel worth it","2020-07-29T12:55:31-07:00","https://itunes.apple.com/us/rss/customerreviews/id=1443895231/sortBy=mostRecent/json"
"1443895231","Flow Lab: Growth Mindset Coach","manifestation_tool","medium_high","1","pain_signup_access_friction","pain","Signup, access, or device friction blocks activation","2020-07-29T12:55:31-07:00","https://itunes.apple.com/us/rss/customerreviews/id=1443895231/sortBy=mostRecent/json"
"1443895231","Flow Lab: Growth Mindset Coach","manifestation_tool","medium_high","5","jtbd_structure_self_improvement","jtbd","Turn vague self-improvement into concrete actions","2020-03-24T10:47:12-07:00","https://itunes.apple.com/us/rss/customerreviews/id=1443895231/sortBy=mostRecent/json"
"1443895231","Flow Lab: Growth Mindset Coach","manifestation_tool","medium_high","5","pain_content_depth_customization","pain","Users want more depth, options, or customization","2020-03-24T10:47:12-07:00","https://itunes.apple.com/us/rss/customerreviews/id=1443895231/sortBy=mostRecent/json"
"1443895231","Flow Lab: Growth Mindset Coach","manifestation_tool","medium_high","5","jtbd_structure_self_improvement","jtbd","Turn vague self-improvement into concrete actions","2020-03-23T17:59:27-07:00","https://itunes.apple.com/us/rss/customerreviews/id=1443895231/sortBy=mostRecent/json"
"1443895231","Flow Lab: Growth Mindset Coach","manifestation_tool","medium_high","5","pain_content_depth_customization","pain","Users want more depth, options, or customization","2020-03-23T17:59:27-07:00","https://itunes.apple.com/us/rss/customerreviews/id=1443895231/sortBy=mostRecent/json"
"1443895231","Flow Lab: Growth Mindset Coach","manifestation_tool","medium_high","5","jtbd_daily_anchor","jtbd","Give me a daily anchor I can return to","2020-03-15T09:03:22-07:00","https://itunes.apple.com/us/rss/customerreviews/id=1443895231/sortBy=mostRecent/json"
"1443895231","Flow Lab: Growth Mindset Coach","manifestation_tool","medium_high","5","jtbd_feel_seen_personalized","jtbd","Make the guidance feel personally about me","2020-03-15T09:03:22-07:00","https://itunes.apple.com/us/rss/customerreviews/id=1443895231/sortBy=mostRecent/json"
"1443895231","Flow Lab: Growth Mindset Coach","manifestation_tool","medium_high","5","jtbd_structure_self_improvement","jtbd","Turn vague self-improvement into concrete actions","2020-03-15T09:03:22-07:00","https://itunes.apple.com/us/rss/customerreviews/id=1443895231/sortBy=mostRecent/json"
"1552207792","Zing AI: Home & Gym Workouts","avatar_identity_coaching","high","5","jtbd_feel_seen_personalized","jtbd","Make the guidance feel personally about me","2026-05-28T09:05:36-07:00","https://itunes.apple.com/us/rss/customerreviews/id=1552207792/sortBy=mostRecent/json"
"1552207792","Zing AI: Home & Gym Workouts","avatar_identity_coaching","high","2","jtbd_feel_seen_personalized","jtbd","Make the guidance feel personally about me","2026-05-26T23:19:37-07:00","https://itunes.apple.com/us/rss/customerreviews/id=1552207792/sortBy=mostRecent/json"
"1552207792","Zing AI: Home & Gym Workouts","avatar_identity_coaching","high","2","jtbd_make_growth_visible","jtbd","Show me visible progress so effort feels real","2026-05-26T23:19:37-07:00","https://itunes.apple.com/us/rss/customerreviews/id=1552207792/sortBy=mostRecent/json"
"1552207792","Zing AI: Home & Gym Workouts","avatar_identity_coaching","high","2","pain_content_depth_customization","pain","Users want more depth, options, or customization","2026-05-26T23:19:37-07:00","https://itunes.apple.com/us/rss/customerreviews/id=1552207792/sortBy=mostRecent/json"
"1552207792","Zing AI: Home & Gym Workouts","avatar_identity_coaching","high","2","pain_trust_accuracy_safety","pain","Trust, accuracy, or spiritual safety concerns","2026-05-26T23:19:37-07:00","https://itunes.apple.com/us/rss/customerreviews/id=1552207792/sortBy=mostRecent/json"
"1552207792","Zing AI: Home & Gym Workouts","avatar_identity_coaching","high","5","jtbd_daily_anchor","jtbd","Give me a daily anchor I can return to","2026-05-26T09:29:15-07:00","https://itunes.apple.com/us/rss/customerreviews/id=1552207792/sortBy=mostRecent/json"
"1552207792","Zing AI: Home & Gym Workouts","avatar_identity_coaching","high","5","jtbd_feel_seen_personalized","jtbd","Make the guidance feel personally about me","2026-05-23T18:34:35-07:00","https://itunes.apple.com/us/rss/customerreviews/id=1552207792/sortBy=mostRecent/json"
"1552207792","Zing AI: Home & Gym Workouts","avatar_identity_coaching","high","5","jtbd_belonging_accountability","jtbd","Feel accompanied or accountable","2026-05-14T10:57:56-07:00","https://itunes.apple.com/us/rss/customerreviews/id=1552207792/sortBy=mostRecent/json"
"1552207792","Zing AI: Home & Gym Workouts","avatar_identity_coaching","high","5","pain_content_depth_customization","pain","Users want more depth, options, or customization","2026-05-14T10:57:56-07:00","https://itunes.apple.com/us/rss/customerreviews/id=1552207792/sortBy=mostRecent/json"
"1552207792","Zing AI: Home & Gym Workouts","avatar_identity_coaching","high","5","jtbd_make_growth_visible","jtbd","Show me visible progress so effort feels real","2026-05-12T22:33:21-07:00","https://itunes.apple.com/us/rss/customerreviews/id=1552207792/sortBy=mostRecent/json"
"1552207792","Zing AI: Home & Gym Workouts","avatar_identity_coaching","high","5","jtbd_structure_self_improvement","jtbd","Turn vague self-improvement into concrete actions","2026-05-12T22:33:21-07:00","https://itunes.apple.com/us/rss/customerreviews/id=1552207792/sortBy=mostRecent/json"
"1552207792","Zing AI: Home & Gym Workouts","avatar_identity_coaching","high","5","jtbd_belonging_accountability","jtbd","Feel accompanied or accountable","2026-05-12T22:33:21-07:00","https://itunes.apple.com/us/rss/customerreviews/id=1552207792/sortBy=mostRecent/json"
"1552207792","Zing AI: Home & Gym Workouts","avatar_identity_coaching","high","1","pain_subscription_value","pain","Subscription or paywall does not feel worth it","2026-05-01T16:57:03-07:00","https://itunes.apple.com/us/rss/customerreviews/id=1552207792/sortBy=mostRecent/json"
"1552207792","Zing AI: Home & Gym Workouts","avatar_identity_coaching","high","5","jtbd_daily_anchor","jtbd","Give me a daily anchor I can return to","2026-05-01T14:45:43-07:00","https://itunes.apple.com/us/rss/customerreviews/id=1552207792/sortBy=mostRecent/json"
"1552207792","Zing AI: Home & Gym Workouts","avatar_identity_coaching","high","5","pain_content_depth_customization","pain","Users want more depth, options, or customization","2026-05-01T14:45:43-07:00","https://itunes.apple.com/us/rss/customerreviews/id=1552207792/sortBy=mostRecent/json"
"1552207792","Zing AI: Home & Gym Workouts","avatar_identity_coaching","high","5","pain_content_depth_customization","pain","Users want more depth, options, or customization","2026-04-30T07:06:38-07:00","https://itunes.apple.com/us/rss/customerreviews/id=1552207792/sortBy=mostRecent/json"
"1552207792","Zing AI: Home & Gym Workouts","avatar_identity_coaching","high","1","jtbd_daily_anchor","jtbd","Give me a daily anchor I can return to","2026-04-29T01:56:59-07:00","https://itunes.apple.com/us/rss/customerreviews/id=1552207792/sortBy=mostRecent/json"
"1552207792","Zing AI: Home & Gym Workouts","avatar_identity_coaching","high","1","jtbd_feel_seen_personalized","jtbd","Make the guidance feel personally about me","2026-04-29T01:56:59-07:00","https://itunes.apple.com/us/rss/customerreviews/id=1552207792/sortBy=mostRecent/json"
"1552207792","Zing AI: Home & Gym Workouts","avatar_identity_coaching","high","1","pain_subscription_value","pain","Subscription or paywall does not feel worth it","2026-04-29T01:56:59-07:00","https://itunes.apple.com/us/rss/customerreviews/id=1552207792/sortBy=mostRecent/json"
"1552207792","Zing AI: Home & Gym Workouts","avatar_identity_coaching","high","1","pain_content_depth_customization","pain","Users want more depth, options, or customization","2026-04-29T01:56:59-07:00","https://itunes.apple.com/us/rss/customerreviews/id=1552207792/sortBy=mostRecent/json"
"1552207792","Zing AI: Home & Gym Workouts","avatar_identity_coaching","high","1","pain_trust_accuracy_safety","pain","Trust, accuracy, or spiritual safety concerns","2026-04-29T01:56:59-07:00","https://itunes.apple.com/us/rss/customerreviews/id=1552207792/sortBy=mostRecent/json"
"1552207792","Zing AI: Home & Gym Workouts","avatar_identity_coaching","high","5","jtbd_daily_anchor","jtbd","Give me a daily anchor I can return to","2026-04-22T07:20:23-07:00","https://itunes.apple.com/us/rss/customerreviews/id=1552207792/sortBy=mostRecent/json"
"1552207792","Zing AI: Home & Gym Workouts","avatar_identity_coaching","high","5","pain_content_depth_customization","pain","Users want more depth, options, or customization","2026-04-22T07:20:23-07:00","https://itunes.apple.com/us/rss/customerreviews/id=1552207792/sortBy=mostRecent/json"
"1552207792","Zing AI: Home & Gym Workouts","avatar_identity_coaching","high","5","jtbd_fast_emotional_reset","jtbd","Help me calm down or reset quickly","2026-04-21T19:09:02-07:00","https://itunes.apple.com/us/rss/customerreviews/id=1552207792/sortBy=mostRecent/json"
"1552207792","Zing AI: Home & Gym Workouts","avatar_identity_coaching","high","5","jtbd_belonging_accountability","jtbd","Feel accompanied or accountable","2026-04-21T19:09:02-07:00","https://itunes.apple.com/us/rss/customerreviews/id=1552207792/sortBy=mostRecent/json"
"1552207792","Zing AI: Home & Gym Workouts","avatar_identity_coaching","high","5","pain_subscription_value","pain","Subscription or paywall does not feel worth it","2026-04-21T19:09:02-07:00","https://itunes.apple.com/us/rss/customerreviews/id=1552207792/sortBy=mostRecent/json"
"1552207792","Zing AI: Home & Gym Workouts","avatar_identity_coaching","high","5","pain_content_depth_customization","pain","Users want more depth, options, or customization","2026-04-21T19:09:02-07:00","https://itunes.apple.com/us/rss/customerreviews/id=1552207792/sortBy=mostRecent/json"
"1552207792","Zing AI: Home & Gym Workouts","avatar_identity_coaching","high","3","pain_content_depth_customization","pain","Users want more depth, options, or customization","2026-04-21T13:18:54-07:00","https://itunes.apple.com/us/rss/customerreviews/id=1552207792/sortBy=mostRecent/json"
"1552207792","Zing AI: Home & Gym Workouts","avatar_identity_coaching","high","5","pain_content_depth_customization","pain","Users want more depth, options, or customization","2026-04-21T01:55:44-07:00","https://itunes.apple.com/us/rss/customerreviews/id=1552207792/sortBy=mostRecent/json"
"1552207792","Zing AI: Home & Gym Workouts","avatar_identity_coaching","high","5","jtbd_daily_anchor","jtbd","Give me a daily anchor I can return to","2026-04-11T17:11:39-07:00","https://itunes.apple.com/us/rss/customerreviews/id=1552207792/sortBy=mostRecent/json"
"1552207792","Zing AI: Home & Gym Workouts","avatar_identity_coaching","high","5","jtbd_feel_seen_personalized","jtbd","Make the guidance feel personally about me","2026-04-11T17:11:39-07:00","https://itunes.apple.com/us/rss/customerreviews/id=1552207792/sortBy=mostRecent/json"
"1552207792","Zing AI: Home & Gym Workouts","avatar_identity_coaching","high","5","jtbd_make_growth_visible","jtbd","Show me visible progress so effort feels real","2026-04-11T17:11:39-07:00","https://itunes.apple.com/us/rss/customerreviews/id=1552207792/sortBy=mostRecent/json"
"1552207792","Zing AI: Home & Gym Workouts","avatar_identity_coaching","high","5","jtbd_structure_self_improvement","jtbd","Turn vague self-improvement into concrete actions","2026-04-11T17:11:39-07:00","https://itunes.apple.com/us/rss/customerreviews/id=1552207792/sortBy=mostRecent/json"
"1552207792","Zing AI: Home & Gym Workouts","avatar_identity_coaching","high","5","pain_content_depth_customization","pain","Users want more depth, options, or customization","2026-04-11T17:11:39-07:00","https://itunes.apple.com/us/rss/customerreviews/id=1552207792/sortBy=mostRecent/json"
"1552207792","Zing AI: Home & Gym Workouts","avatar_identity_coaching","high","5","jtbd_structure_self_improvement","jtbd","Turn vague self-improvement into concrete actions","2026-04-11T08:11:03-07:00","https://itunes.apple.com/us/rss/customerreviews/id=1552207792/sortBy=mostRecent/json"
"1552207792","Zing AI: Home & Gym Workouts","avatar_identity_coaching","high","4","pain_content_depth_customization","pain","Users want more depth, options, or customization","2026-04-04T06:51:41-07:00","https://itunes.apple.com/us/rss/customerreviews/id=1552207792/sortBy=mostRecent/json"
"1552207792","Zing AI: Home & Gym Workouts","avatar_identity_coaching","high","1","pain_subscription_value","pain","Subscription or paywall does not feel worth it","2026-04-04T06:06:16-07:00","https://itunes.apple.com/us/rss/customerreviews/id=1552207792/sortBy=mostRecent/json"
"1552207792","Zing AI: Home & Gym Workouts","avatar_identity_coaching","high","1","pain_content_depth_customization","pain","Users want more depth, options, or customization","2026-04-04T06:06:16-07:00","https://itunes.apple.com/us/rss/customerreviews/id=1552207792/sortBy=mostRecent/json"
"1552207792","Zing AI: Home & Gym Workouts","avatar_identity_coaching","high","5","jtbd_structure_self_improvement","jtbd","Turn vague self-improvement into concrete actions","2026-04-02T13:06:13-07:00","https://itunes.apple.com/us/rss/customerreviews/id=1552207792/sortBy=mostRecent/json"
"1552207792","Zing AI: Home & Gym Workouts","avatar_identity_coaching","high","1","jtbd_make_growth_visible","jtbd","Show me visible progress so effort feels real","2026-04-01T06:00:22-07:00","https://itunes.apple.com/us/rss/customerreviews/id=1552207792/sortBy=mostRecent/json"
"1552207792","Zing AI: Home & Gym Workouts","avatar_identity_coaching","high","1","pain_trust_accuracy_safety","pain","Trust, accuracy, or spiritual safety concerns","2026-04-01T06:00:22-07:00","https://itunes.apple.com/us/rss/customerreviews/id=1552207792/sortBy=mostRecent/json"
"1552207792","Zing AI: Home & Gym Workouts","avatar_identity_coaching","high","1","pain_subscription_value","pain","Subscription or paywall does not feel worth it","2026-03-29T20:07:03-07:00","https://itunes.apple.com/us/rss/customerreviews/id=1552207792/sortBy=mostRecent/json"
"1552207792","Zing AI: Home & Gym Workouts","avatar_identity_coaching","high","1","pain_subscription_value","pain","Subscription or paywall does not feel worth it","2026-03-29T17:02:11-07:00","https://itunes.apple.com/us/rss/customerreviews/id=1552207792/sortBy=mostRecent/json"
"1552207792","Zing AI: Home & Gym Workouts","avatar_identity_coaching","high","1","pain_content_depth_customization","pain","Users want more depth, options, or customization","2026-03-29T17:02:11-07:00","https://itunes.apple.com/us/rss/customerreviews/id=1552207792/sortBy=mostRecent/json"
"1552207792","Zing AI: Home & Gym Workouts","avatar_identity_coaching","high","3","pain_content_depth_customization","pain","Users want more depth, options, or customization","2026-03-25T17:07:47-07:00","https://itunes.apple.com/us/rss/customerreviews/id=1552207792/sortBy=mostRecent/json"
"1552207792","Zing AI: Home & Gym Workouts","avatar_identity_coaching","high","4","jtbd_make_growth_visible","jtbd","Show me visible progress so effort feels real","2026-03-25T11:04:18-07:00","https://itunes.apple.com/us/rss/customerreviews/id=1552207792/sortBy=mostRecent/json"
"1552207792","Zing AI: Home & Gym Workouts","avatar_identity_coaching","high","4","jtbd_structure_self_improvement","jtbd","Turn vague self-improvement into concrete actions","2026-03-25T11:04:18-07:00","https://itunes.apple.com/us/rss/customerreviews/id=1552207792/sortBy=mostRecent/json"
"1552207792","Zing AI: Home & Gym Workouts","avatar_identity_coaching","high","4","pain_content_depth_customization","pain","Users want more depth, options, or customization","2026-03-25T11:04:18-07:00","https://itunes.apple.com/us/rss/customerreviews/id=1552207792/sortBy=mostRecent/json"
"1552207792","Zing AI: Home & Gym Workouts","avatar_identity_coaching","high","4","pain_trust_accuracy_safety","pain","Trust, accuracy, or spiritual safety concerns","2026-03-25T11:04:18-07:00","https://itunes.apple.com/us/rss/customerreviews/id=1552207792/sortBy=mostRecent/json"
"1552207792","Zing AI: Home & Gym Workouts","avatar_identity_coaching","high","5","jtbd_make_growth_visible","jtbd","Show me visible progress so effort feels real","2026-03-19T13:33:52-07:00","https://itunes.apple.com/us/rss/customerreviews/id=1552207792/sortBy=mostRecent/json"
"1552207792","Zing AI: Home & Gym Workouts","avatar_identity_coaching","high","5","jtbd_daily_anchor","jtbd","Give me a daily anchor I can return to","2026-03-18T11:45:24-07:00","https://itunes.apple.com/us/rss/customerreviews/id=1552207792/sortBy=mostRecent/json"
"1552207792","Zing AI: Home & Gym Workouts","avatar_identity_coaching","high","5","jtbd_structure_self_improvement","jtbd","Turn vague self-improvement into concrete actions","2026-03-18T05:57:39-07:00","https://itunes.apple.com/us/rss/customerreviews/id=1552207792/sortBy=mostRecent/json"
"1552207792","Zing AI: Home & Gym Workouts","avatar_identity_coaching","high","3","pain_subscription_value","pain","Subscription or paywall does not feel worth it","2026-03-17T08:24:18-07:00","https://itunes.apple.com/us/rss/customerreviews/id=1552207792/sortBy=mostRecent/json"
"1552207792","Zing AI: Home & Gym Workouts","avatar_identity_coaching","high","3","pain_reliability_breaks_ritual","pain","Bugs break trust and interrupt the ritual","2026-03-17T08:24:18-07:00","https://itunes.apple.com/us/rss/customerreviews/id=1552207792/sortBy=mostRecent/json"
"1552207792","Zing AI: Home & Gym Workouts","avatar_identity_coaching","high","3","pain_content_depth_customization","pain","Users want more depth, options, or customization","2026-03-17T08:24:18-07:00","https://itunes.apple.com/us/rss/customerreviews/id=1552207792/sortBy=mostRecent/json"
"1552207792","Zing AI: Home & Gym Workouts","avatar_identity_coaching","high","1","pain_subscription_value","pain","Subscription or paywall does not feel worth it","2026-03-16T13:22:01-07:00","https://itunes.apple.com/us/rss/customerreviews/id=1552207792/sortBy=mostRecent/json"
"1552207792","Zing AI: Home & Gym Workouts","avatar_identity_coaching","high","1","pain_signup_access_friction","pain","Signup, access, or device friction blocks activation","2026-03-16T13:22:01-07:00","https://itunes.apple.com/us/rss/customerreviews/id=1552207792/sortBy=mostRecent/json"
"1471632228","ZOE Health: AI Meal Tracker","avatar_identity_coaching","medium_high","5","jtbd_structure_self_improvement","jtbd","Turn vague self-improvement into concrete actions","2026-05-20T18:12:34-07:00","https://itunes.apple.com/us/rss/customerreviews/id=1471632228/sortBy=mostRecent/json"
"1471632228","ZOE Health: AI Meal Tracker","avatar_identity_coaching","medium_high","5","pain_signup_access_friction","pain","Signup, access, or device friction blocks activation","2026-05-20T18:12:34-07:00","https://itunes.apple.com/us/rss/customerreviews/id=1471632228/sortBy=mostRecent/json"
"1471632228","ZOE Health: AI Meal Tracker","avatar_identity_coaching","medium_high","5","pain_content_depth_customization","pain","Users want more depth, options, or customization","2026-05-13T07:39:18-07:00","https://itunes.apple.com/us/rss/customerreviews/id=1471632228/sortBy=mostRecent/json"
"1471632228","ZOE Health: AI Meal Tracker","avatar_identity_coaching","medium_high","5","pain_content_depth_customization","pain","Users want more depth, options, or customization","2026-05-07T20:25:14-07:00","https://itunes.apple.com/us/rss/customerreviews/id=1471632228/sortBy=mostRecent/json"
"1471632228","ZOE Health: AI Meal Tracker","avatar_identity_coaching","medium_high","2","pain_subscription_value","pain","Subscription or paywall does not feel worth it","2026-05-01T08:20:30-07:00","https://itunes.apple.com/us/rss/customerreviews/id=1471632228/sortBy=mostRecent/json"
"1471632228","ZOE Health: AI Meal Tracker","avatar_identity_coaching","medium_high","2","jtbd_daily_anchor","jtbd","Give me a daily anchor I can return to","2026-04-28T07:10:31-07:00","https://itunes.apple.com/us/rss/customerreviews/id=1471632228/sortBy=mostRecent/json"
"1471632228","ZOE Health: AI Meal Tracker","avatar_identity_coaching","medium_high","2","jtbd_make_growth_visible","jtbd","Show me visible progress so effort feels real","2026-04-28T07:10:31-07:00","https://itunes.apple.com/us/rss/customerreviews/id=1471632228/sortBy=mostRecent/json"
"1471632228","ZOE Health: AI Meal Tracker","avatar_identity_coaching","medium_high","2","jtbd_structure_self_improvement","jtbd","Turn vague self-improvement into concrete actions","2026-04-28T07:10:31-07:00","https://itunes.apple.com/us/rss/customerreviews/id=1471632228/sortBy=mostRecent/json"
"1471632228","ZOE Health: AI Meal Tracker","avatar_identity_coaching","medium_high","2","pain_reliability_breaks_ritual","pain","Bugs break trust and interrupt the ritual","2026-04-28T07:10:31-07:00","https://itunes.apple.com/us/rss/customerreviews/id=1471632228/sortBy=mostRecent/json"
"1471632228","ZOE Health: AI Meal Tracker","avatar_identity_coaching","medium_high","5","pain_content_depth_customization","pain","Users want more depth, options, or customization","2026-04-23T20:26:50-07:00","https://itunes.apple.com/us/rss/customerreviews/id=1471632228/sortBy=mostRecent/json"
"1471632228","ZOE Health: AI Meal Tracker","avatar_identity_coaching","medium_high","5","jtbd_daily_anchor","jtbd","Give me a daily anchor I can return to","2026-04-22T11:52:03-07:00","https://itunes.apple.com/us/rss/customerreviews/id=1471632228/sortBy=mostRecent/json"
"1471632228","ZOE Health: AI Meal Tracker","avatar_identity_coaching","medium_high","5","pain_signup_access_friction","pain","Signup, access, or device friction blocks activation","2026-04-22T11:52:03-07:00","https://itunes.apple.com/us/rss/customerreviews/id=1471632228/sortBy=mostRecent/json"
"1471632228","ZOE Health: AI Meal Tracker","avatar_identity_coaching","medium_high","1","pain_subscription_value","pain","Subscription or paywall does not feel worth it","2026-04-15T16:35:15-07:00","https://itunes.apple.com/us/rss/customerreviews/id=1471632228/sortBy=mostRecent/json"
"1471632228","ZOE Health: AI Meal Tracker","avatar_identity_coaching","medium_high","1","pain_reliability_breaks_ritual","pain","Bugs break trust and interrupt the ritual","2026-04-15T16:35:15-07:00","https://itunes.apple.com/us/rss/customerreviews/id=1471632228/sortBy=mostRecent/json"
"1471632228","ZOE Health: AI Meal Tracker","avatar_identity_coaching","medium_high","1","pain_content_depth_customization","pain","Users want more depth, options, or customization","2026-04-15T16:35:15-07:00","https://itunes.apple.com/us/rss/customerreviews/id=1471632228/sortBy=mostRecent/json"
"1471632228","ZOE Health: AI Meal Tracker","avatar_identity_coaching","medium_high","2","pain_content_depth_customization","pain","Users want more depth, options, or customization","2026-04-15T16:23:43-07:00","https://itunes.apple.com/us/rss/customerreviews/id=1471632228/sortBy=mostRecent/json"
"1471632228","ZOE Health: AI Meal Tracker","avatar_identity_coaching","medium_high","2","pain_trust_accuracy_safety","pain","Trust, accuracy, or spiritual safety concerns","2026-04-15T16:23:43-07:00","https://itunes.apple.com/us/rss/customerreviews/id=1471632228/sortBy=mostRecent/json"
"1471632228","ZOE Health: AI Meal Tracker","avatar_identity_coaching","medium_high","1","jtbd_make_growth_visible","jtbd","Show me visible progress so effort feels real","2026-04-09T07:50:17-07:00","https://itunes.apple.com/us/rss/customerreviews/id=1471632228/sortBy=mostRecent/json"
"1471632228","ZOE Health: AI Meal Tracker","avatar_identity_coaching","medium_high","1","pain_subscription_value","pain","Subscription or paywall does not feel worth it","2026-04-09T07:50:17-07:00","https://itunes.apple.com/us/rss/customerreviews/id=1471632228/sortBy=mostRecent/json"
"1471632228","ZOE Health: AI Meal Tracker","avatar_identity_coaching","medium_high","1","pain_content_depth_customization","pain","Users want more depth, options, or customization","2026-04-09T07:50:17-07:00","https://itunes.apple.com/us/rss/customerreviews/id=1471632228/sortBy=mostRecent/json"
"1471632228","ZOE Health: AI Meal Tracker","avatar_identity_coaching","medium_high","1","pain_trust_accuracy_safety","pain","Trust, accuracy, or spiritual safety concerns","2026-04-09T07:50:17-07:00","https://itunes.apple.com/us/rss/customerreviews/id=1471632228/sortBy=mostRecent/json"
"1471632228","ZOE Health: AI Meal Tracker","avatar_identity_coaching","medium_high","3","pain_content_depth_customization","pain","Users want more depth, options, or customization","2026-04-01T14:46:14-07:00","https://itunes.apple.com/us/rss/customerreviews/id=1471632228/sortBy=mostRecent/json"
"1471632228","ZOE Health: AI Meal Tracker","avatar_identity_coaching","medium_high","3","pain_unclear_game_loop","pain","The game layer can feel confusing or disconnected","2026-04-01T14:46:14-07:00","https://itunes.apple.com/us/rss/customerreviews/id=1471632228/sortBy=mostRecent/json"
"1471632228","ZOE Health: AI Meal Tracker","avatar_identity_coaching","medium_high","1","pain_reliability_breaks_ritual","pain","Bugs break trust and interrupt the ritual","2026-03-30T05:39:56-07:00","https://itunes.apple.com/us/rss/customerreviews/id=1471632228/sortBy=mostRecent/json"
"1471632228","ZOE Health: AI Meal Tracker","avatar_identity_coaching","medium_high","1","pain_subscription_value","pain","Subscription or paywall does not feel worth it","2026-03-24T17:29:52-07:00","https://itunes.apple.com/us/rss/customerreviews/id=1471632228/sortBy=mostRecent/json"
"1471632228","ZOE Health: AI Meal Tracker","avatar_identity_coaching","medium_high","1","pain_content_depth_customization","pain","Users want more depth, options, or customization","2026-03-24T17:29:52-07:00","https://itunes.apple.com/us/rss/customerreviews/id=1471632228/sortBy=mostRecent/json"
"1471632228","ZOE Health: AI Meal Tracker","avatar_identity_coaching","medium_high","1","pain_signup_access_friction","pain","Signup, access, or device friction blocks activation","2026-03-24T17:29:52-07:00","https://itunes.apple.com/us/rss/customerreviews/id=1471632228/sortBy=mostRecent/json"
"1471632228","ZOE Health: AI Meal Tracker","avatar_identity_coaching","medium_high","5","jtbd_daily_anchor","jtbd","Give me a daily anchor I can return to","2026-03-14T10:39:15-07:00","https://itunes.apple.com/us/rss/customerreviews/id=1471632228/sortBy=mostRecent/json"
"1471632228","ZOE Health: AI Meal Tracker","avatar_identity_coaching","medium_high","5","pain_content_depth_customization","pain","Users want more depth, options, or customization","2026-03-14T10:39:15-07:00","https://itunes.apple.com/us/rss/customerreviews/id=1471632228/sortBy=mostRecent/json"
"1471632228","ZOE Health: AI Meal Tracker","avatar_identity_coaching","medium_high","5","jtbd_feel_seen_personalized","jtbd","Make the guidance feel personally about me","2026-03-09T17:10:54-07:00","https://itunes.apple.com/us/rss/customerreviews/id=1471632228/sortBy=mostRecent/json"
"1471632228","ZOE Health: AI Meal Tracker","avatar_identity_coaching","medium_high","5","pain_subscription_value","pain","Subscription or paywall does not feel worth it","2026-03-09T17:10:54-07:00","https://itunes.apple.com/us/rss/customerreviews/id=1471632228/sortBy=mostRecent/json"
"1471632228","ZOE Health: AI Meal Tracker","avatar_identity_coaching","medium_high","5","pain_content_depth_customization","pain","Users want more depth, options, or customization","2026-03-09T17:10:54-07:00","https://itunes.apple.com/us/rss/customerreviews/id=1471632228/sortBy=mostRecent/json"
"1471632228","ZOE Health: AI Meal Tracker","avatar_identity_coaching","medium_high","5","jtbd_feel_seen_personalized","jtbd","Make the guidance feel personally about me","2026-02-21T11:15:43-07:00","https://itunes.apple.com/us/rss/customerreviews/id=1471632228/sortBy=mostRecent/json"
"1471632228","ZOE Health: AI Meal Tracker","avatar_identity_coaching","medium_high","5","jtbd_structure_self_improvement","jtbd","Turn vague self-improvement into concrete actions","2026-02-21T11:15:43-07:00","https://itunes.apple.com/us/rss/customerreviews/id=1471632228/sortBy=mostRecent/json"
"1471632228","ZOE Health: AI Meal Tracker","avatar_identity_coaching","medium_high","5","pain_subscription_value","pain","Subscription or paywall does not feel worth it","2026-02-21T11:15:43-07:00","https://itunes.apple.com/us/rss/customerreviews/id=1471632228/sortBy=mostRecent/json"
"1471632228","ZOE Health: AI Meal Tracker","avatar_identity_coaching","medium_high","5","pain_content_depth_customization","pain","Users want more depth, options, or customization","2026-02-21T11:15:43-07:00","https://itunes.apple.com/us/rss/customerreviews/id=1471632228/sortBy=mostRecent/json"
"1471632228","ZOE Health: AI Meal Tracker","avatar_identity_coaching","medium_high","5","jtbd_make_growth_visible","jtbd","Show me visible progress so effort feels real","2026-01-18T06:47:35-07:00","https://itunes.apple.com/us/rss/customerreviews/id=1471632228/sortBy=mostRecent/json"
"1471632228","ZOE Health: AI Meal Tracker","avatar_identity_coaching","medium_high","2","pain_content_depth_customization","pain","Users want more depth, options, or customization","2026-01-18T05:32:31-07:00","https://itunes.apple.com/us/rss/customerreviews/id=1471632228/sortBy=mostRecent/json"
"1471632228","ZOE Health: AI Meal Tracker","avatar_identity_coaching","medium_high","2","jtbd_feel_seen_personalized","jtbd","Make the guidance feel personally about me","2026-01-15T13:33:14-07:00","https://itunes.apple.com/us/rss/customerreviews/id=1471632228/sortBy=mostRecent/json"
"1471632228","ZOE Health: AI Meal Tracker","avatar_identity_coaching","medium_high","2","pain_subscription_value","pain","Subscription or paywall does not feel worth it","2026-01-15T13:33:14-07:00","https://itunes.apple.com/us/rss/customerreviews/id=1471632228/sortBy=mostRecent/json"
"1471632228","ZOE Health: AI Meal Tracker","avatar_identity_coaching","medium_high","2","pain_content_depth_customization","pain","Users want more depth, options, or customization","2026-01-15T13:33:14-07:00","https://itunes.apple.com/us/rss/customerreviews/id=1471632228/sortBy=mostRecent/json"
"1471632228","ZOE Health: AI Meal Tracker","avatar_identity_coaching","medium_high","2","pain_trust_accuracy_safety","pain","Trust, accuracy, or spiritual safety concerns","2026-01-15T13:33:14-07:00","https://itunes.apple.com/us/rss/customerreviews/id=1471632228/sortBy=mostRecent/json"
"1471632228","ZOE Health: AI Meal Tracker","avatar_identity_coaching","medium_high","2","pain_signup_access_friction","pain","Signup, access, or device friction blocks activation","2026-01-15T13:33:14-07:00","https://itunes.apple.com/us/rss/customerreviews/id=1471632228/sortBy=mostRecent/json"
"1471632228","ZOE Health: AI Meal Tracker","avatar_identity_coaching","medium_high","4","pain_content_depth_customization","pain","Users want more depth, options, or customization","2026-01-10T08:54:28-07:00","https://itunes.apple.com/us/rss/customerreviews/id=1471632228/sortBy=mostRecent/json"
"1471632228","ZOE Health: AI Meal Tracker","avatar_identity_coaching","medium_high","1","jtbd_daily_anchor","jtbd","Give me a daily anchor I can return to","2026-01-10T06:12:45-07:00","https://itunes.apple.com/us/rss/customerreviews/id=1471632228/sortBy=mostRecent/json"
"1471632228","ZOE Health: AI Meal Tracker","avatar_identity_coaching","medium_high","1","jtbd_make_growth_visible","jtbd","Show me visible progress so effort feels real","2026-01-10T06:12:45-07:00","https://itunes.apple.com/us/rss/customerreviews/id=1471632228/sortBy=mostRecent/json"
"1471632228","ZOE Health: AI Meal Tracker","avatar_identity_coaching","medium_high","1","pain_reliability_breaks_ritual","pain","Bugs break trust and interrupt the ritual","2026-01-10T06:12:45-07:00","https://itunes.apple.com/us/rss/customerreviews/id=1471632228/sortBy=mostRecent/json"
"1471632228","ZOE Health: AI Meal Tracker","avatar_identity_coaching","medium_high","1","pain_content_depth_customization","pain","Users want more depth, options, or customization","2026-01-10T06:12:45-07:00","https://itunes.apple.com/us/rss/customerreviews/id=1471632228/sortBy=mostRecent/json"
"1471632228","ZOE Health: AI Meal Tracker","avatar_identity_coaching","medium_high","1","jtbd_structure_self_improvement","jtbd","Turn vague self-improvement into concrete actions","2026-01-07T13:21:17-07:00","https://itunes.apple.com/us/rss/customerreviews/id=1471632228/sortBy=mostRecent/json"
"1471632228","ZOE Health: AI Meal Tracker","avatar_identity_coaching","medium_high","1","pain_subscription_value","pain","Subscription or paywall does not feel worth it","2026-01-07T13:21:17-07:00","https://itunes.apple.com/us/rss/customerreviews/id=1471632228/sortBy=mostRecent/json"
"1471632228","ZOE Health: AI Meal Tracker","avatar_identity_coaching","medium_high","1","pain_content_depth_customization","pain","Users want more depth, options, or customization","2026-01-07T13:21:17-07:00","https://itunes.apple.com/us/rss/customerreviews/id=1471632228/sortBy=mostRecent/json"
"1471632228","ZOE Health: AI Meal Tracker","avatar_identity_coaching","medium_high","1","pain_trust_accuracy_safety","pain","Trust, accuracy, or spiritual safety concerns","2026-01-07T13:21:17-07:00","https://itunes.apple.com/us/rss/customerreviews/id=1471632228/sortBy=mostRecent/json"
"1471632228","ZOE Health: AI Meal Tracker","avatar_identity_coaching","medium_high","3","pain_content_depth_customization","pain","Users want more depth, options, or customization","2026-01-06T16:11:35-07:00","https://itunes.apple.com/us/rss/customerreviews/id=1471632228/sortBy=mostRecent/json"
"1471632228","ZOE Health: AI Meal Tracker","avatar_identity_coaching","medium_high","5","jtbd_feel_seen_personalized","jtbd","Make the guidance feel personally about me","2026-01-03T09:49:30-07:00","https://itunes.apple.com/us/rss/customerreviews/id=1471632228/sortBy=mostRecent/json"
"1471632228","ZOE Health: AI Meal Tracker","avatar_identity_coaching","medium_high","5","jtbd_structure_self_improvement","jtbd","Turn vague self-improvement into concrete actions","2025-12-18T14:39:32-07:00","https://itunes.apple.com/us/rss/customerreviews/id=1471632228/sortBy=mostRecent/json"
"1471632228","ZOE Health: AI Meal Tracker","avatar_identity_coaching","medium_high","5","pain_content_depth_customization","pain","Users want more depth, options, or customization","2025-12-18T14:39:32-07:00","https://itunes.apple.com/us/rss/customerreviews/id=1471632228/sortBy=mostRecent/json"
"1471632228","ZOE Health: AI Meal Tracker","avatar_identity_coaching","medium_high","1","pain_subscription_value","pain","Subscription or paywall does not feel worth it","2025-12-13T15:53:23-07:00","https://itunes.apple.com/us/rss/customerreviews/id=1471632228/sortBy=mostRecent/json"
"1471632228","ZOE Health: AI Meal Tracker","avatar_identity_coaching","medium_high","3","jtbd_make_growth_visible","jtbd","Show me visible progress so effort feels real","2025-12-07T08:14:35-07:00","https://itunes.apple.com/us/rss/customerreviews/id=1471632228/sortBy=mostRecent/json"
"1471632228","ZOE Health: AI Meal Tracker","avatar_identity_coaching","medium_high","3","pain_subscription_value","pain","Subscription or paywall does not feel worth it","2025-12-07T08:14:35-07:00","https://itunes.apple.com/us/rss/customerreviews/id=1471632228/sortBy=mostRecent/json"
"1471632228","ZOE Health: AI Meal Tracker","avatar_identity_coaching","medium_high","3","pain_content_depth_customization","pain","Users want more depth, options, or customization","2025-12-07T08:14:35-07:00","https://itunes.apple.com/us/rss/customerreviews/id=1471632228/sortBy=mostRecent/json"
"1471632228","ZOE Health: AI Meal Tracker","avatar_identity_coaching","medium_high","3","pain_trust_accuracy_safety","pain","Trust, accuracy, or spiritual safety concerns","2025-12-07T08:14:35-07:00","https://itunes.apple.com/us/rss/customerreviews/id=1471632228/sortBy=mostRecent/json"
"1471632228","ZOE Health: AI Meal Tracker","avatar_identity_coaching","medium_high","3","pain_trust_accuracy_safety","pain","Trust, accuracy, or spiritual safety concerns","2025-12-06T17:35:51-07:00","https://itunes.apple.com/us/rss/customerreviews/id=1471632228/sortBy=mostRecent/json"
"1471632228","ZOE Health: AI Meal Tracker","avatar_identity_coaching","medium_high","2","jtbd_structure_self_improvement","jtbd","Turn vague self-improvement into concrete actions","2025-11-23T05:41:13-07:00","https://itunes.apple.com/us/rss/customerreviews/id=1471632228/sortBy=mostRecent/json"
"1471632228","ZOE Health: AI Meal Tracker","avatar_identity_coaching","medium_high","5","jtbd_daily_anchor","jtbd","Give me a daily anchor I can return to","2025-11-13T20:31:25-07:00","https://itunes.apple.com/us/rss/customerreviews/id=1471632228/sortBy=mostRecent/json"
"1471632228","ZOE Health: AI Meal Tracker","avatar_identity_coaching","medium_high","5","jtbd_fast_emotional_reset","jtbd","Help me calm down or reset quickly","2025-11-13T20:31:25-07:00","https://itunes.apple.com/us/rss/customerreviews/id=1471632228/sortBy=mostRecent/json"
"1471632228","ZOE Health: AI Meal Tracker","avatar_identity_coaching","medium_high","5","jtbd_structure_self_improvement","jtbd","Turn vague self-improvement into concrete actions","2025-11-13T20:31:25-07:00","https://itunes.apple.com/us/rss/customerreviews/id=1471632228/sortBy=mostRecent/json"
"1471632228","ZOE Health: AI Meal Tracker","avatar_identity_coaching","medium_high","2","pain_content_depth_customization","pain","Users want more depth, options, or customization","2025-11-06T19:53:42-07:00","https://itunes.apple.com/us/rss/customerreviews/id=1471632228/sortBy=mostRecent/json"
"1471632228","ZOE Health: AI Meal Tracker","avatar_identity_coaching","medium_high","5","jtbd_belonging_accountability","jtbd","Feel accompanied or accountable","2025-10-18T05:02:50-07:00","https://itunes.apple.com/us/rss/customerreviews/id=1471632228/sortBy=mostRecent/json"
"1471632228","ZOE Health: AI Meal Tracker","avatar_identity_coaching","medium_high","2","pain_content_depth_customization","pain","Users want more depth, options, or customization","2025-10-03T12:24:25-07:00","https://itunes.apple.com/us/rss/customerreviews/id=1471632228/sortBy=mostRecent/json"
"1471632228","ZOE Health: AI Meal Tracker","avatar_identity_coaching","medium_high","1","jtbd_make_growth_visible","jtbd","Show me visible progress so effort feels real","2025-08-28T11:19:45-07:00","https://itunes.apple.com/us/rss/customerreviews/id=1471632228/sortBy=mostRecent/json"
"1471632228","ZOE Health: AI Meal Tracker","avatar_identity_coaching","medium_high","1","pain_subscription_value","pain","Subscription or paywall does not feel worth it","2025-08-28T11:19:45-07:00","https://itunes.apple.com/us/rss/customerreviews/id=1471632228/sortBy=mostRecent/json"
"1471632228","ZOE Health: AI Meal Tracker","avatar_identity_coaching","medium_high","1","pain_content_depth_customization","pain","Users want more depth, options, or customization","2025-08-28T11:19:45-07:00","https://itunes.apple.com/us/rss/customerreviews/id=1471632228/sortBy=mostRecent/json"
"1471632228","ZOE Health: AI Meal Tracker","avatar_identity_coaching","medium_high","1","pain_signup_access_friction","pain","Signup, access, or device friction blocks activation","2025-08-28T11:19:45-07:00","https://itunes.apple.com/us/rss/customerreviews/id=1471632228/sortBy=mostRecent/json"
"1471632228","ZOE Health: AI Meal Tracker","avatar_identity_coaching","medium_high","5","jtbd_belonging_accountability","jtbd","Feel accompanied or accountable","2025-08-23T07:52:17-07:00","https://itunes.apple.com/us/rss/customerreviews/id=1471632228/sortBy=mostRecent/json"
"1471632228","ZOE Health: AI Meal Tracker","avatar_identity_coaching","medium_high","5","pain_content_depth_customization","pain","Users want more depth, options, or customization","2025-08-23T07:52:17-07:00","https://itunes.apple.com/us/rss/customerreviews/id=1471632228/sortBy=mostRecent/json"
"1471632228","ZOE Health: AI Meal Tracker","avatar_identity_coaching","medium_high","4","pain_content_depth_customization","pain","Users want more depth, options, or customization","2025-08-19T09:05:12-07:00","https://itunes.apple.com/us/rss/customerreviews/id=1471632228/sortBy=mostRecent/json"
"1471632228","ZOE Health: AI Meal Tracker","avatar_identity_coaching","medium_high","5","jtbd_daily_anchor","jtbd","Give me a daily anchor I can return to","2025-08-18T16:10:01-07:00","https://itunes.apple.com/us/rss/customerreviews/id=1471632228/sortBy=mostRecent/json"
"1471632228","ZOE Health: AI Meal Tracker","avatar_identity_coaching","medium_high","5","jtbd_fast_emotional_reset","jtbd","Help me calm down or reset quickly","2025-08-18T16:10:01-07:00","https://itunes.apple.com/us/rss/customerreviews/id=1471632228/sortBy=mostRecent/json"
"1471632228","ZOE Health: AI Meal Tracker","avatar_identity_coaching","medium_high","5","pain_signup_access_friction","pain","Signup, access, or device friction blocks activation","2025-08-18T10:44:48-07:00","https://itunes.apple.com/us/rss/customerreviews/id=1471632228/sortBy=mostRecent/json"
"1471632228","ZOE Health: AI Meal Tracker","avatar_identity_coaching","medium_high","5","jtbd_belonging_accountability","jtbd","Feel accompanied or accountable","2025-08-14T07:08:09-07:00","https://itunes.apple.com/us/rss/customerreviews/id=1471632228/sortBy=mostRecent/json"
"1471632228","ZOE Health: AI Meal Tracker","avatar_identity_coaching","medium_high","5","pain_reliability_breaks_ritual","pain","Bugs break trust and interrupt the ritual","2025-08-14T07:08:09-07:00","https://itunes.apple.com/us/rss/customerreviews/id=1471632228/sortBy=mostRecent/json"
"6751529164","Awaken: AI Coach & Inner Guide","manifestation_tool","high","5","jtbd_make_growth_visible","jtbd","Show me visible progress so effort feels real","2026-02-06T06:58:47-07:00","https://itunes.apple.com/us/rss/customerreviews/id=6751529164/sortBy=mostRecent/json"
"6751529164","Awaken: AI Coach & Inner Guide","manifestation_tool","high","5","jtbd_fast_emotional_reset","jtbd","Help me calm down or reset quickly","2025-11-14T03:26:08-07:00","https://itunes.apple.com/us/rss/customerreviews/id=6751529164/sortBy=mostRecent/json"
"6751529164","Awaken: AI Coach & Inner Guide","manifestation_tool","high","5","jtbd_make_growth_visible","jtbd","Show me visible progress so effort feels real","2025-11-14T03:26:08-07:00","https://itunes.apple.com/us/rss/customerreviews/id=6751529164/sortBy=mostRecent/json"
"6751529164","Awaken: AI Coach & Inner Guide","manifestation_tool","high","5","jtbd_belonging_accountability","jtbd","Feel accompanied or accountable","2025-11-14T03:26:08-07:00","https://itunes.apple.com/us/rss/customerreviews/id=6751529164/sortBy=mostRecent/json"
"6751529164","Awaken: AI Coach & Inner Guide","manifestation_tool","high","5","pain_signup_access_friction","pain","Signup, access, or device friction blocks activation","2025-11-14T03:26:08-07:00","https://itunes.apple.com/us/rss/customerreviews/id=6751529164/sortBy=mostRecent/json"
"6451135127","Rosebud: AI Journal & Diary","manifestation_tool","high","5","jtbd_structure_self_improvement","jtbd","Turn vague self-improvement into concrete actions","2026-05-29T10:56:04-07:00","https://itunes.apple.com/us/rss/customerreviews/id=6451135127/sortBy=mostRecent/json"
"6451135127","Rosebud: AI Journal & Diary","manifestation_tool","high","5","pain_content_depth_customization","pain","Users want more depth, options, or customization","2026-05-29T10:56:04-07:00","https://itunes.apple.com/us/rss/customerreviews/id=6451135127/sortBy=mostRecent/json"
"6451135127","Rosebud: AI Journal & Diary","manifestation_tool","high","5","jtbd_structure_self_improvement","jtbd","Turn vague self-improvement into concrete actions","2026-05-27T00:08:54-07:00","https://itunes.apple.com/us/rss/customerreviews/id=6451135127/sortBy=mostRecent/json"
"6451135127","Rosebud: AI Journal & Diary","manifestation_tool","high","5","jtbd_belonging_accountability","jtbd","Feel accompanied or accountable","2026-05-27T00:08:54-07:00","https://itunes.apple.com/us/rss/customerreviews/id=6451135127/sortBy=mostRecent/json"
"6451135127","Rosebud: AI Journal & Diary","manifestation_tool","high","5","jtbd_daily_anchor","jtbd","Give me a daily anchor I can return to","2026-05-26T02:51:06-07:00","https://itunes.apple.com/us/rss/customerreviews/id=6451135127/sortBy=mostRecent/json"
"6451135127","Rosebud: AI Journal & Diary","manifestation_tool","high","5","jtbd_structure_self_improvement","jtbd","Turn vague self-improvement into concrete actions","2026-05-26T02:51:06-07:00","https://itunes.apple.com/us/rss/customerreviews/id=6451135127/sortBy=mostRecent/json"
"6451135127","Rosebud: AI Journal & Diary","manifestation_tool","high","5","pain_content_depth_customization","pain","Users want more depth, options, or customization","2026-05-26T02:51:06-07:00","https://itunes.apple.com/us/rss/customerreviews/id=6451135127/sortBy=mostRecent/json"
"6451135127","Rosebud: AI Journal & Diary","manifestation_tool","high","2","jtbd_fast_emotional_reset","jtbd","Help me calm down or reset quickly","2026-05-22T22:40:22-07:00","https://itunes.apple.com/us/rss/customerreviews/id=6451135127/sortBy=mostRecent/json"
"6451135127","Rosebud: AI Journal & Diary","manifestation_tool","high","2","pain_content_depth_customization","pain","Users want more depth, options, or customization","2026-05-22T22:40:22-07:00","https://itunes.apple.com/us/rss/customerreviews/id=6451135127/sortBy=mostRecent/json"
"6451135127","Rosebud: AI Journal & Diary","manifestation_tool","high","5","jtbd_structure_self_improvement","jtbd","Turn vague self-improvement into concrete actions","2026-05-22T12:45:40-07:00","https://itunes.apple.com/us/rss/customerreviews/id=6451135127/sortBy=mostRecent/json"
"6451135127","Rosebud: AI Journal & Diary","manifestation_tool","high","5","pain_subscription_value","pain","Subscription or paywall does not feel worth it","2026-05-22T12:45:40-07:00","https://itunes.apple.com/us/rss/customerreviews/id=6451135127/sortBy=mostRecent/json"
"6451135127","Rosebud: AI Journal & Diary","manifestation_tool","high","5","pain_signup_access_friction","pain","Signup, access, or device friction blocks activation","2026-05-22T12:45:40-07:00","https://itunes.apple.com/us/rss/customerreviews/id=6451135127/sortBy=mostRecent/json"
"6451135127","Rosebud: AI Journal & Diary","manifestation_tool","high","4","jtbd_structure_self_improvement","jtbd","Turn vague self-improvement into concrete actions","2026-05-19T20:29:45-07:00","https://itunes.apple.com/us/rss/customerreviews/id=6451135127/sortBy=mostRecent/json"
"6451135127","Rosebud: AI Journal & Diary","manifestation_tool","high","4","jtbd_belonging_accountability","jtbd","Feel accompanied or accountable","2026-05-19T20:29:45-07:00","https://itunes.apple.com/us/rss/customerreviews/id=6451135127/sortBy=mostRecent/json"
"6451135127","Rosebud: AI Journal & Diary","manifestation_tool","high","4","pain_content_depth_customization","pain","Users want more depth, options, or customization","2026-05-19T20:29:45-07:00","https://itunes.apple.com/us/rss/customerreviews/id=6451135127/sortBy=mostRecent/json"
"6451135127","Rosebud: AI Journal & Diary","manifestation_tool","high","3","jtbd_structure_self_improvement","jtbd","Turn vague self-improvement into concrete actions","2026-05-19T12:24:01-07:00","https://itunes.apple.com/us/rss/customerreviews/id=6451135127/sortBy=mostRecent/json"
"6451135127","Rosebud: AI Journal & Diary","manifestation_tool","high","3","pain_subscription_value","pain","Subscription or paywall does not feel worth it","2026-05-19T12:24:01-07:00","https://itunes.apple.com/us/rss/customerreviews/id=6451135127/sortBy=mostRecent/json"
"6451135127","Rosebud: AI Journal & Diary","manifestation_tool","high","3","pain_content_depth_customization","pain","Users want more depth, options, or customization","2026-05-19T12:24:01-07:00","https://itunes.apple.com/us/rss/customerreviews/id=6451135127/sortBy=mostRecent/json"
"6451135127","Rosebud: AI Journal & Diary","manifestation_tool","high","5","jtbd_daily_anchor","jtbd","Give me a daily anchor I can return to","2026-05-17T15:21:07-07:00","https://itunes.apple.com/us/rss/customerreviews/id=6451135127/sortBy=mostRecent/json"
"6451135127","Rosebud: AI Journal & Diary","manifestation_tool","high","5","jtbd_structure_self_improvement","jtbd","Turn vague self-improvement into concrete actions","2026-05-17T15:21:07-07:00","https://itunes.apple.com/us/rss/customerreviews/id=6451135127/sortBy=mostRecent/json"
"6451135127","Rosebud: AI Journal & Diary","manifestation_tool","high","5","jtbd_belonging_accountability","jtbd","Feel accompanied or accountable","2026-05-17T15:21:07-07:00","https://itunes.apple.com/us/rss/customerreviews/id=6451135127/sortBy=mostRecent/json"
"6451135127","Rosebud: AI Journal & Diary","manifestation_tool","high","5","pain_content_depth_customization","pain","Users want more depth, options, or customization","2026-05-17T15:21:07-07:00","https://itunes.apple.com/us/rss/customerreviews/id=6451135127/sortBy=mostRecent/json"
"6451135127","Rosebud: AI Journal & Diary","manifestation_tool","high","5","jtbd_fast_emotional_reset","jtbd","Help me calm down or reset quickly","2026-05-17T05:46:24-07:00","https://itunes.apple.com/us/rss/customerreviews/id=6451135127/sortBy=mostRecent/json"
"6451135127","Rosebud: AI Journal & Diary","manifestation_tool","high","5","jtbd_structure_self_improvement","jtbd","Turn vague self-improvement into concrete actions","2026-05-17T05:46:24-07:00","https://itunes.apple.com/us/rss/customerreviews/id=6451135127/sortBy=mostRecent/json"
"6451135127","Rosebud: AI Journal & Diary","manifestation_tool","high","5","pain_trust_accuracy_safety","pain","Trust, accuracy, or spiritual safety concerns","2026-05-17T05:46:24-07:00","https://itunes.apple.com/us/rss/customerreviews/id=6451135127/sortBy=mostRecent/json"
"6451135127","Rosebud: AI Journal & Diary","manifestation_tool","high","5","jtbd_daily_anchor","jtbd","Give me a daily anchor I can return to","2026-05-16T15:02:34-07:00","https://itunes.apple.com/us/rss/customerreviews/id=6451135127/sortBy=mostRecent/json"
"6451135127","Rosebud: AI Journal & Diary","manifestation_tool","high","1","pain_subscription_value","pain","Subscription or paywall does not feel worth it","2026-05-16T06:31:19-07:00","https://itunes.apple.com/us/rss/customerreviews/id=6451135127/sortBy=mostRecent/json"
"6451135127","Rosebud: AI Journal & Diary","manifestation_tool","high","3","jtbd_make_growth_visible","jtbd","Show me visible progress so effort feels real","2026-05-15T19:47:12-07:00","https://itunes.apple.com/us/rss/customerreviews/id=6451135127/sortBy=mostRecent/json"
"6451135127","Rosebud: AI Journal & Diary","manifestation_tool","high","3","jtbd_structure_self_improvement","jtbd","Turn vague self-improvement into concrete actions","2026-05-15T19:47:12-07:00","https://itunes.apple.com/us/rss/customerreviews/id=6451135127/sortBy=mostRecent/json"
"6451135127","Rosebud: AI Journal & Diary","manifestation_tool","high","3","jtbd_belonging_accountability","jtbd","Feel accompanied or accountable","2026-05-15T19:47:12-07:00","https://itunes.apple.com/us/rss/customerreviews/id=6451135127/sortBy=mostRecent/json"
"6451135127","Rosebud: AI Journal & Diary","manifestation_tool","high","5","jtbd_structure_self_improvement","jtbd","Turn vague self-improvement into concrete actions","2026-05-14T06:05:30-07:00","https://itunes.apple.com/us/rss/customerreviews/id=6451135127/sortBy=mostRecent/json"
"6451135127","Rosebud: AI Journal & Diary","manifestation_tool","high","5","jtbd_belonging_accountability","jtbd","Feel accompanied or accountable","2026-05-14T06:05:30-07:00","https://itunes.apple.com/us/rss/customerreviews/id=6451135127/sortBy=mostRecent/json"
"6451135127","Rosebud: AI Journal & Diary","manifestation_tool","high","5","jtbd_feel_seen_personalized","jtbd","Make the guidance feel personally about me","2026-05-14T01:06:05-07:00","https://itunes.apple.com/us/rss/customerreviews/id=6451135127/sortBy=mostRecent/json"
"6451135127","Rosebud: AI Journal & Diary","manifestation_tool","high","5","jtbd_make_growth_visible","jtbd","Show me visible progress so effort feels real","2026-05-14T01:06:05-07:00","https://itunes.apple.com/us/rss/customerreviews/id=6451135127/sortBy=mostRecent/json"
"6451135127","Rosebud: AI Journal & Diary","manifestation_tool","high","5","jtbd_structure_self_improvement","jtbd","Turn vague self-improvement into concrete actions","2026-05-14T01:06:05-07:00","https://itunes.apple.com/us/rss/customerreviews/id=6451135127/sortBy=mostRecent/json"
"6451135127","Rosebud: AI Journal & Diary","manifestation_tool","high","5","jtbd_belonging_accountability","jtbd","Feel accompanied or accountable","2026-05-13T06:21:54-07:00","https://itunes.apple.com/us/rss/customerreviews/id=6451135127/sortBy=mostRecent/json"
"6451135127","Rosebud: AI Journal & Diary","manifestation_tool","high","5","jtbd_daily_anchor","jtbd","Give me a daily anchor I can return to","2026-05-12T16:43:30-07:00","https://itunes.apple.com/us/rss/customerreviews/id=6451135127/sortBy=mostRecent/json"
"6451135127","Rosebud: AI Journal & Diary","manifestation_tool","high","5","jtbd_structure_self_improvement","jtbd","Turn vague self-improvement into concrete actions","2026-05-12T16:43:30-07:00","https://itunes.apple.com/us/rss/customerreviews/id=6451135127/sortBy=mostRecent/json"
"6451135127","Rosebud: AI Journal & Diary","manifestation_tool","high","5","pain_content_depth_customization","pain","Users want more depth, options, or customization","2026-05-12T16:43:30-07:00","https://itunes.apple.com/us/rss/customerreviews/id=6451135127/sortBy=mostRecent/json"
"6451135127","Rosebud: AI Journal & Diary","manifestation_tool","high","4","pain_trust_accuracy_safety","pain","Trust, accuracy, or spiritual safety concerns","2026-05-11T06:11:02-07:00","https://itunes.apple.com/us/rss/customerreviews/id=6451135127/sortBy=mostRecent/json"
"6451135127","Rosebud: AI Journal & Diary","manifestation_tool","high","5","pain_content_depth_customization","pain","Users want more depth, options, or customization","2026-05-10T07:30:19-07:00","https://itunes.apple.com/us/rss/customerreviews/id=6451135127/sortBy=mostRecent/json"
"6451135127","Rosebud: AI Journal & Diary","manifestation_tool","high","5","jtbd_make_growth_visible","jtbd","Show me visible progress so effort feels real","2026-05-03T09:56:39-07:00","https://itunes.apple.com/us/rss/customerreviews/id=6451135127/sortBy=mostRecent/json"
"6451135127","Rosebud: AI Journal & Diary","manifestation_tool","high","5","jtbd_structure_self_improvement","jtbd","Turn vague self-improvement into concrete actions","2026-05-03T09:56:39-07:00","https://itunes.apple.com/us/rss/customerreviews/id=6451135127/sortBy=mostRecent/json"
"6451135127","Rosebud: AI Journal & Diary","manifestation_tool","high","5","pain_content_depth_customization","pain","Users want more depth, options, or customization","2026-05-03T09:56:39-07:00","https://itunes.apple.com/us/rss/customerreviews/id=6451135127/sortBy=mostRecent/json"
"6451135127","Rosebud: AI Journal & Diary","manifestation_tool","high","5","jtbd_make_growth_visible","jtbd","Show me visible progress so effort feels real","2026-05-03T09:46:59-07:00","https://itunes.apple.com/us/rss/customerreviews/id=6451135127/sortBy=mostRecent/json"
"6451135127","Rosebud: AI Journal & Diary","manifestation_tool","high","5","pain_content_depth_customization","pain","Users want more depth, options, or customization","2026-05-03T09:46:59-07:00","https://itunes.apple.com/us/rss/customerreviews/id=6451135127/sortBy=mostRecent/json"
"6451135127","Rosebud: AI Journal & Diary","manifestation_tool","high","5","jtbd_structure_self_improvement","jtbd","Turn vague self-improvement into concrete actions","2026-05-02T22:22:51-07:00","https://itunes.apple.com/us/rss/customerreviews/id=6451135127/sortBy=mostRecent/json"
"6451135127","Rosebud: AI Journal & Diary","manifestation_tool","high","5","pain_subscription_value","pain","Subscription or paywall does not feel worth it","2026-05-02T22:22:51-07:00","https://itunes.apple.com/us/rss/customerreviews/id=6451135127/sortBy=mostRecent/json"
"6451135127","Rosebud: AI Journal & Diary","manifestation_tool","high","5","jtbd_daily_anchor","jtbd","Give me a daily anchor I can return to","2026-05-01T09:20:29-07:00","https://itunes.apple.com/us/rss/customerreviews/id=6451135127/sortBy=mostRecent/json"
"6451135127","Rosebud: AI Journal & Diary","manifestation_tool","high","5","jtbd_make_growth_visible","jtbd","Show me visible progress so effort feels real","2026-05-01T09:20:29-07:00","https://itunes.apple.com/us/rss/customerreviews/id=6451135127/sortBy=mostRecent/json"
"6451135127","Rosebud: AI Journal & Diary","manifestation_tool","high","5","jtbd_structure_self_improvement","jtbd","Turn vague self-improvement into concrete actions","2026-05-01T08:50:46-07:00","https://itunes.apple.com/us/rss/customerreviews/id=6451135127/sortBy=mostRecent/json"
"6451135127","Rosebud: AI Journal & Diary","manifestation_tool","high","5","jtbd_structure_self_improvement","jtbd","Turn vague self-improvement into concrete actions","2026-04-28T08:49:41-07:00","https://itunes.apple.com/us/rss/customerreviews/id=6451135127/sortBy=mostRecent/json"
"6451135127","Rosebud: AI Journal & Diary","manifestation_tool","high","1","jtbd_fast_emotional_reset","jtbd","Help me calm down or reset quickly","2026-04-27T19:16:52-07:00","https://itunes.apple.com/us/rss/customerreviews/id=6451135127/sortBy=mostRecent/json"
"6451135127","Rosebud: AI Journal & Diary","manifestation_tool","high","1","pain_subscription_value","pain","Subscription or paywall does not feel worth it","2026-04-27T19:16:52-07:00","https://itunes.apple.com/us/rss/customerreviews/id=6451135127/sortBy=mostRecent/json"
"6451135127","Rosebud: AI Journal & Diary","manifestation_tool","high","1","pain_content_depth_customization","pain","Users want more depth, options, or customization","2026-04-27T19:16:52-07:00","https://itunes.apple.com/us/rss/customerreviews/id=6451135127/sortBy=mostRecent/json"
"6451135127","Rosebud: AI Journal & Diary","manifestation_tool","high","1","pain_subscription_value","pain","Subscription or paywall does not feel worth it","2026-04-27T12:29:04-07:00","https://itunes.apple.com/us/rss/customerreviews/id=6451135127/sortBy=mostRecent/json"
"6451135127","Rosebud: AI Journal & Diary","manifestation_tool","high","1","pain_content_depth_customization","pain","Users want more depth, options, or customization","2026-04-27T12:29:04-07:00","https://itunes.apple.com/us/rss/customerreviews/id=6451135127/sortBy=mostRecent/json"
"6451135127","Rosebud: AI Journal & Diary","manifestation_tool","high","2","jtbd_daily_anchor","jtbd","Give me a daily anchor I can return to","2026-04-27T06:48:06-07:00","https://itunes.apple.com/us/rss/customerreviews/id=6451135127/sortBy=mostRecent/json"
"6451135127","Rosebud: AI Journal & Diary","manifestation_tool","high","2","jtbd_make_growth_visible","jtbd","Show me visible progress so effort feels real","2026-04-27T06:48:06-07:00","https://itunes.apple.com/us/rss/customerreviews/id=6451135127/sortBy=mostRecent/json"
"6451135127","Rosebud: AI Journal & Diary","manifestation_tool","high","2","jtbd_structure_self_improvement","jtbd","Turn vague self-improvement into concrete actions","2026-04-27T06:48:06-07:00","https://itunes.apple.com/us/rss/customerreviews/id=6451135127/sortBy=mostRecent/json"
"6451135127","Rosebud: AI Journal & Diary","manifestation_tool","high","2","pain_subscription_value","pain","Subscription or paywall does not feel worth it","2026-04-27T06:48:06-07:00","https://itunes.apple.com/us/rss/customerreviews/id=6451135127/sortBy=mostRecent/json"
"6451135127","Rosebud: AI Journal & Diary","manifestation_tool","high","2","pain_reliability_breaks_ritual","pain","Bugs break trust and interrupt the ritual","2026-04-27T06:48:06-07:00","https://itunes.apple.com/us/rss/customerreviews/id=6451135127/sortBy=mostRecent/json"
"6451135127","Rosebud: AI Journal & Diary","manifestation_tool","high","2","pain_content_depth_customization","pain","Users want more depth, options, or customization","2026-04-27T06:48:06-07:00","https://itunes.apple.com/us/rss/customerreviews/id=6451135127/sortBy=mostRecent/json"
"6451135127","Rosebud: AI Journal & Diary","manifestation_tool","high","5","jtbd_structure_self_improvement","jtbd","Turn vague self-improvement into concrete actions","2026-04-25T19:34:59-07:00","https://itunes.apple.com/us/rss/customerreviews/id=6451135127/sortBy=mostRecent/json"
"6451135127","Rosebud: AI Journal & Diary","manifestation_tool","high","5","jtbd_structure_self_improvement","jtbd","Turn vague self-improvement into concrete actions","2026-04-19T16:43:30-07:00","https://itunes.apple.com/us/rss/customerreviews/id=6451135127/sortBy=mostRecent/json"
"6451135127","Rosebud: AI Journal & Diary","manifestation_tool","high","5","jtbd_belonging_accountability","jtbd","Feel accompanied or accountable","2026-04-19T16:43:30-07:00","https://itunes.apple.com/us/rss/customerreviews/id=6451135127/sortBy=mostRecent/json"
"6451135127","Rosebud: AI Journal & Diary","manifestation_tool","high","5","pain_subscription_value","pain","Subscription or paywall does not feel worth it","2026-04-12T20:37:31-07:00","https://itunes.apple.com/us/rss/customerreviews/id=6451135127/sortBy=mostRecent/json"
"6451135127","Rosebud: AI Journal & Diary","manifestation_tool","high","5","jtbd_structure_self_improvement","jtbd","Turn vague self-improvement into concrete actions","2026-04-12T09:10:16-07:00","https://itunes.apple.com/us/rss/customerreviews/id=6451135127/sortBy=mostRecent/json"
"6451135127","Rosebud: AI Journal & Diary","manifestation_tool","high","5","pain_content_depth_customization","pain","Users want more depth, options, or customization","2026-04-12T09:10:16-07:00","https://itunes.apple.com/us/rss/customerreviews/id=6451135127/sortBy=mostRecent/json"
"6451135127","Rosebud: AI Journal & Diary","manifestation_tool","high","5","pain_content_depth_customization","pain","Users want more depth, options, or customization","2026-04-08T12:39:26-07:00","https://itunes.apple.com/us/rss/customerreviews/id=6451135127/sortBy=mostRecent/json"
"6451135127","Rosebud: AI Journal & Diary","manifestation_tool","high","5","jtbd_structure_self_improvement","jtbd","Turn vague self-improvement into concrete actions","2026-04-08T11:38:50-07:00","https://itunes.apple.com/us/rss/customerreviews/id=6451135127/sortBy=mostRecent/json"
"6451135127","Rosebud: AI Journal & Diary","manifestation_tool","high","5","jtbd_belonging_accountability","jtbd","Feel accompanied or accountable","2026-04-07T21:24:50-07:00","https://itunes.apple.com/us/rss/customerreviews/id=6451135127/sortBy=mostRecent/json"
"6451135127","Rosebud: AI Journal & Diary","manifestation_tool","high","5","pain_content_depth_customization","pain","Users want more depth, options, or customization","2026-04-07T21:24:50-07:00","https://itunes.apple.com/us/rss/customerreviews/id=6451135127/sortBy=mostRecent/json"
"6451135127","Rosebud: AI Journal & Diary","manifestation_tool","high","5","jtbd_fast_emotional_reset","jtbd","Help me calm down or reset quickly","2026-04-05T18:32:45-07:00","https://itunes.apple.com/us/rss/customerreviews/id=6451135127/sortBy=mostRecent/json"
"6451135127","Rosebud: AI Journal & Diary","manifestation_tool","high","5","pain_subscription_value","pain","Subscription or paywall does not feel worth it","2026-04-05T18:32:45-07:00","https://itunes.apple.com/us/rss/customerreviews/id=6451135127/sortBy=mostRecent/json"
"6451135127","Rosebud: AI Journal & Diary","manifestation_tool","high","5","pain_content_depth_customization","pain","Users want more depth, options, or customization","2026-04-05T18:32:45-07:00","https://itunes.apple.com/us/rss/customerreviews/id=6451135127/sortBy=mostRecent/json"
"6451135127","Rosebud: AI Journal & Diary","manifestation_tool","high","5","jtbd_make_growth_visible","jtbd","Show me visible progress so effort feels real","2026-04-05T06:58:42-07:00","https://itunes.apple.com/us/rss/customerreviews/id=6451135127/sortBy=mostRecent/json"
"6451135127","Rosebud: AI Journal & Diary","manifestation_tool","high","5","jtbd_belonging_accountability","jtbd","Feel accompanied or accountable","2026-04-05T06:58:42-07:00","https://itunes.apple.com/us/rss/customerreviews/id=6451135127/sortBy=mostRecent/json"
"6451135127","Rosebud: AI Journal & Diary","manifestation_tool","high","5","pain_content_depth_customization","pain","Users want more depth, options, or customization","2026-04-05T06:58:42-07:00","https://itunes.apple.com/us/rss/customerreviews/id=6451135127/sortBy=mostRecent/json"
"6451135127","Rosebud: AI Journal & Diary","manifestation_tool","high","5","jtbd_belonging_accountability","jtbd","Feel accompanied or accountable","2026-04-04T05:34:12-07:00","https://itunes.apple.com/us/rss/customerreviews/id=6451135127/sortBy=mostRecent/json"
"1068278823","Motivate: Daily Motivation","avatar_identity_coaching","medium_high","1","pain_subscription_value","pain","Subscription or paywall does not feel worth it","2026-02-13T22:31:15-07:00","https://itunes.apple.com/us/rss/customerreviews/id=1068278823/sortBy=mostRecent/json"
"1068278823","Motivate: Daily Motivation","avatar_identity_coaching","medium_high","5","jtbd_daily_anchor","jtbd","Give me a daily anchor I can return to","2025-09-25T07:48:16-07:00","https://itunes.apple.com/us/rss/customerreviews/id=1068278823/sortBy=mostRecent/json"
"1068278823","Motivate: Daily Motivation","avatar_identity_coaching","medium_high","3","jtbd_daily_anchor","jtbd","Give me a daily anchor I can return to","2025-06-02T08:49:04-07:00","https://itunes.apple.com/us/rss/customerreviews/id=1068278823/sortBy=mostRecent/json"
"1068278823","Motivate: Daily Motivation","avatar_identity_coaching","medium_high","5","pain_subscription_value","pain","Subscription or paywall does not feel worth it","2025-04-16T04:20:18-07:00","https://itunes.apple.com/us/rss/customerreviews/id=1068278823/sortBy=mostRecent/json"
"1068278823","Motivate: Daily Motivation","avatar_identity_coaching","medium_high","1","pain_reliability_breaks_ritual","pain","Bugs break trust and interrupt the ritual","2025-04-15T05:10:18-07:00","https://itunes.apple.com/us/rss/customerreviews/id=1068278823/sortBy=mostRecent/json"
"1068278823","Motivate: Daily Motivation","avatar_identity_coaching","medium_high","5","jtbd_daily_anchor","jtbd","Give me a daily anchor I can return to","2025-04-15T02:29:23-07:00","https://itunes.apple.com/us/rss/customerreviews/id=1068278823/sortBy=mostRecent/json"
"1068278823","Motivate: Daily Motivation","avatar_identity_coaching","medium_high","5","pain_subscription_value","pain","Subscription or paywall does not feel worth it","2025-04-15T02:29:23-07:00","https://itunes.apple.com/us/rss/customerreviews/id=1068278823/sortBy=mostRecent/json"
"1068278823","Motivate: Daily Motivation","avatar_identity_coaching","medium_high","5","pain_signup_access_friction","pain","Signup, access, or device friction blocks activation","2025-04-15T02:29:23-07:00","https://itunes.apple.com/us/rss/customerreviews/id=1068278823/sortBy=mostRecent/json"
"1068278823","Motivate: Daily Motivation","avatar_identity_coaching","medium_high","5","jtbd_daily_anchor","jtbd","Give me a daily anchor I can return to","2025-02-09T09:48:43-07:00","https://itunes.apple.com/us/rss/customerreviews/id=1068278823/sortBy=mostRecent/json"
"1068278823","Motivate: Daily Motivation","avatar_identity_coaching","medium_high","5","pain_content_depth_customization","pain","Users want more depth, options, or customization","2024-08-06T14:10:22-07:00","https://itunes.apple.com/us/rss/customerreviews/id=1068278823/sortBy=mostRecent/json"
"1068278823","Motivate: Daily Motivation","avatar_identity_coaching","medium_high","1","pain_subscription_value","pain","Subscription or paywall does not feel worth it","2024-02-08T07:38:04-07:00","https://itunes.apple.com/us/rss/customerreviews/id=1068278823/sortBy=mostRecent/json"
"1068278823","Motivate: Daily Motivation","avatar_identity_coaching","medium_high","5","jtbd_belonging_accountability","jtbd","Feel accompanied or accountable","2023-10-20T13:21:43-07:00","https://itunes.apple.com/us/rss/customerreviews/id=1068278823/sortBy=mostRecent/json"
"1068278823","Motivate: Daily Motivation","avatar_identity_coaching","medium_high","5","jtbd_daily_anchor","jtbd","Give me a daily anchor I can return to","2023-09-23T00:36:59-07:00","https://itunes.apple.com/us/rss/customerreviews/id=1068278823/sortBy=mostRecent/json"
"1068278823","Motivate: Daily Motivation","avatar_identity_coaching","medium_high","5","jtbd_fast_emotional_reset","jtbd","Help me calm down or reset quickly","2023-09-23T00:36:59-07:00","https://itunes.apple.com/us/rss/customerreviews/id=1068278823/sortBy=mostRecent/json"
"1068278823","Motivate: Daily Motivation","avatar_identity_coaching","medium_high","5","jtbd_make_growth_visible","jtbd","Show me visible progress so effort feels real","2023-09-23T00:36:59-07:00","https://itunes.apple.com/us/rss/customerreviews/id=1068278823/sortBy=mostRecent/json"
"1068278823","Motivate: Daily Motivation","avatar_identity_coaching","medium_high","5","pain_subscription_value","pain","Subscription or paywall does not feel worth it","2023-09-23T00:36:59-07:00","https://itunes.apple.com/us/rss/customerreviews/id=1068278823/sortBy=mostRecent/json"
"1068278823","Motivate: Daily Motivation","avatar_identity_coaching","medium_high","5","pain_reliability_breaks_ritual","pain","Bugs break trust and interrupt the ritual","2023-09-23T00:36:59-07:00","https://itunes.apple.com/us/rss/customerreviews/id=1068278823/sortBy=mostRecent/json"
"1068278823","Motivate: Daily Motivation","avatar_identity_coaching","medium_high","1","pain_content_depth_customization","pain","Users want more depth, options, or customization","2023-07-31T10:45:36-07:00","https://itunes.apple.com/us/rss/customerreviews/id=1068278823/sortBy=mostRecent/json"
"1068278823","Motivate: Daily Motivation","avatar_identity_coaching","medium_high","1","pain_signup_access_friction","pain","Signup, access, or device friction blocks activation","2023-07-31T10:45:36-07:00","https://itunes.apple.com/us/rss/customerreviews/id=1068278823/sortBy=mostRecent/json"
"1068278823","Motivate: Daily Motivation","avatar_identity_coaching","medium_high","1","jtbd_make_growth_visible","jtbd","Show me visible progress so effort feels real","2023-07-27T19:20:10-07:00","https://itunes.apple.com/us/rss/customerreviews/id=1068278823/sortBy=mostRecent/json"
"1068278823","Motivate: Daily Motivation","avatar_identity_coaching","medium_high","1","pain_subscription_value","pain","Subscription or paywall does not feel worth it","2023-07-27T19:20:10-07:00","https://itunes.apple.com/us/rss/customerreviews/id=1068278823/sortBy=mostRecent/json"
"1068278823","Motivate: Daily Motivation","avatar_identity_coaching","medium_high","1","pain_content_depth_customization","pain","Users want more depth, options, or customization","2023-07-27T19:20:10-07:00","https://itunes.apple.com/us/rss/customerreviews/id=1068278823/sortBy=mostRecent/json"
"1068278823","Motivate: Daily Motivation","avatar_identity_coaching","medium_high","3","pain_content_depth_customization","pain","Users want more depth, options, or customization","2023-07-20T06:43:39-07:00","https://itunes.apple.com/us/rss/customerreviews/id=1068278823/sortBy=mostRecent/json"
"1068278823","Motivate: Daily Motivation","avatar_identity_coaching","medium_high","3","pain_signup_access_friction","pain","Signup, access, or device friction blocks activation","2023-07-20T06:43:39-07:00","https://itunes.apple.com/us/rss/customerreviews/id=1068278823/sortBy=mostRecent/json"
"1068278823","Motivate: Daily Motivation","avatar_identity_coaching","medium_high","3","pain_subscription_value","pain","Subscription or paywall does not feel worth it","2023-06-25T11:42:18-07:00","https://itunes.apple.com/us/rss/customerreviews/id=1068278823/sortBy=mostRecent/json"
"1068278823","Motivate: Daily Motivation","avatar_identity_coaching","medium_high","3","pain_content_depth_customization","pain","Users want more depth, options, or customization","2023-06-25T11:42:18-07:00","https://itunes.apple.com/us/rss/customerreviews/id=1068278823/sortBy=mostRecent/json"
"1068278823","Motivate: Daily Motivation","avatar_identity_coaching","medium_high","5","jtbd_daily_anchor","jtbd","Give me a daily anchor I can return to","2023-06-16T10:26:24-07:00","https://itunes.apple.com/us/rss/customerreviews/id=1068278823/sortBy=mostRecent/json"
"1068278823","Motivate: Daily Motivation","avatar_identity_coaching","medium_high","5","jtbd_structure_self_improvement","jtbd","Turn vague self-improvement into concrete actions","2023-06-16T10:26:24-07:00","https://itunes.apple.com/us/rss/customerreviews/id=1068278823/sortBy=mostRecent/json"
"1068278823","Motivate: Daily Motivation","avatar_identity_coaching","medium_high","4","jtbd_daily_anchor","jtbd","Give me a daily anchor I can return to","2023-05-17T13:27:43-07:00","https://itunes.apple.com/us/rss/customerreviews/id=1068278823/sortBy=mostRecent/json"
"1068278823","Motivate: Daily Motivation","avatar_identity_coaching","medium_high","4","pain_subscription_value","pain","Subscription or paywall does not feel worth it","2023-05-17T13:27:43-07:00","https://itunes.apple.com/us/rss/customerreviews/id=1068278823/sortBy=mostRecent/json"
"1068278823","Motivate: Daily Motivation","avatar_identity_coaching","medium_high","4","pain_content_depth_customization","pain","Users want more depth, options, or customization","2023-05-17T13:27:43-07:00","https://itunes.apple.com/us/rss/customerreviews/id=1068278823/sortBy=mostRecent/json"
"1068278823","Motivate: Daily Motivation","avatar_identity_coaching","medium_high","4","jtbd_belonging_accountability","jtbd","Feel accompanied or accountable","2023-05-01T09:21:20-07:00","https://itunes.apple.com/us/rss/customerreviews/id=1068278823/sortBy=mostRecent/json"
"1068278823","Motivate: Daily Motivation","avatar_identity_coaching","medium_high","4","pain_content_depth_customization","pain","Users want more depth, options, or customization","2023-05-01T09:21:20-07:00","https://itunes.apple.com/us/rss/customerreviews/id=1068278823/sortBy=mostRecent/json"
"1068278823","Motivate: Daily Motivation","avatar_identity_coaching","medium_high","5","pain_subscription_value","pain","Subscription or paywall does not feel worth it","2023-03-06T08:49:42-07:00","https://itunes.apple.com/us/rss/customerreviews/id=1068278823/sortBy=mostRecent/json"
"1068278823","Motivate: Daily Motivation","avatar_identity_coaching","medium_high","5","jtbd_make_growth_visible","jtbd","Show me visible progress so effort feels real","2023-02-16T11:11:46-07:00","https://itunes.apple.com/us/rss/customerreviews/id=1068278823/sortBy=mostRecent/json"
"1068278823","Motivate: Daily Motivation","avatar_identity_coaching","medium_high","5","jtbd_structure_self_improvement","jtbd","Turn vague self-improvement into concrete actions","2023-02-16T11:11:46-07:00","https://itunes.apple.com/us/rss/customerreviews/id=1068278823/sortBy=mostRecent/json"
"1068278823","Motivate: Daily Motivation","avatar_identity_coaching","medium_high","5","pain_content_depth_customization","pain","Users want more depth, options, or customization","2023-02-16T11:11:46-07:00","https://itunes.apple.com/us/rss/customerreviews/id=1068278823/sortBy=mostRecent/json"
"1068278823","Motivate: Daily Motivation","avatar_identity_coaching","medium_high","3","pain_content_depth_customization","pain","Users want more depth, options, or customization","2022-04-17T13:38:41-07:00","https://itunes.apple.com/us/rss/customerreviews/id=1068278823/sortBy=mostRecent/json"
"1068278823","Motivate: Daily Motivation","avatar_identity_coaching","medium_high","5","pain_signup_access_friction","pain","Signup, access, or device friction blocks activation","2022-02-06T18:26:09-07:00","https://itunes.apple.com/us/rss/customerreviews/id=1068278823/sortBy=mostRecent/json"
"1068278823","Motivate: Daily Motivation","avatar_identity_coaching","medium_high","2","jtbd_belonging_accountability","jtbd","Feel accompanied or accountable","2022-01-09T08:06:03-07:00","https://itunes.apple.com/us/rss/customerreviews/id=1068278823/sortBy=mostRecent/json"
"1068278823","Motivate: Daily Motivation","avatar_identity_coaching","medium_high","1","pain_reliability_breaks_ritual","pain","Bugs break trust and interrupt the ritual","2022-01-03T10:07:40-07:00","https://itunes.apple.com/us/rss/customerreviews/id=1068278823/sortBy=mostRecent/json"
"1068278823","Motivate: Daily Motivation","avatar_identity_coaching","medium_high","1","pain_signup_access_friction","pain","Signup, access, or device friction blocks activation","2022-01-03T10:07:40-07:00","https://itunes.apple.com/us/rss/customerreviews/id=1068278823/sortBy=mostRecent/json"
"1068278823","Motivate: Daily Motivation","avatar_identity_coaching","medium_high","1","jtbd_daily_anchor","jtbd","Give me a daily anchor I can return to","2022-01-03T03:10:50-07:00","https://itunes.apple.com/us/rss/customerreviews/id=1068278823/sortBy=mostRecent/json"
"1068278823","Motivate: Daily Motivation","avatar_identity_coaching","medium_high","1","jtbd_belonging_accountability","jtbd","Feel accompanied or accountable","2022-01-03T03:10:50-07:00","https://itunes.apple.com/us/rss/customerreviews/id=1068278823/sortBy=mostRecent/json"
"1068278823","Motivate: Daily Motivation","avatar_identity_coaching","medium_high","1","pain_subscription_value","pain","Subscription or paywall does not feel worth it","2022-01-03T03:10:50-07:00","https://itunes.apple.com/us/rss/customerreviews/id=1068278823/sortBy=mostRecent/json"
"1068278823","Motivate: Daily Motivation","avatar_identity_coaching","medium_high","1","pain_signup_access_friction","pain","Signup, access, or device friction blocks activation","2022-01-03T03:10:50-07:00","https://itunes.apple.com/us/rss/customerreviews/id=1068278823/sortBy=mostRecent/json"
"1068278823","Motivate: Daily Motivation","avatar_identity_coaching","medium_high","2","pain_signup_access_friction","pain","Signup, access, or device friction blocks activation","2022-01-01T18:37:53-07:00","https://itunes.apple.com/us/rss/customerreviews/id=1068278823/sortBy=mostRecent/json"
"1068278823","Motivate: Daily Motivation","avatar_identity_coaching","medium_high","1","pain_reliability_breaks_ritual","pain","Bugs break trust and interrupt the ritual","2021-12-31T07:12:35-07:00","https://itunes.apple.com/us/rss/customerreviews/id=1068278823/sortBy=mostRecent/json"
"1068278823","Motivate: Daily Motivation","avatar_identity_coaching","medium_high","5","pain_subscription_value","pain","Subscription or paywall does not feel worth it","2021-12-31T01:35:16-07:00","https://itunes.apple.com/us/rss/customerreviews/id=1068278823/sortBy=mostRecent/json"
"1068278823","Motivate: Daily Motivation","avatar_identity_coaching","medium_high","5","pain_content_depth_customization","pain","Users want more depth, options, or customization","2021-12-31T01:35:16-07:00","https://itunes.apple.com/us/rss/customerreviews/id=1068278823/sortBy=mostRecent/json"
"1068278823","Motivate: Daily Motivation","avatar_identity_coaching","medium_high","5","pain_trust_accuracy_safety","pain","Trust, accuracy, or spiritual safety concerns","2021-12-31T01:35:16-07:00","https://itunes.apple.com/us/rss/customerreviews/id=1068278823/sortBy=mostRecent/json"
"1068278823","Motivate: Daily Motivation","avatar_identity_coaching","medium_high","1","pain_reliability_breaks_ritual","pain","Bugs break trust and interrupt the ritual","2021-12-24T22:39:57-07:00","https://itunes.apple.com/us/rss/customerreviews/id=1068278823/sortBy=mostRecent/json"
"1068278823","Motivate: Daily Motivation","avatar_identity_coaching","medium_high","5","jtbd_daily_anchor","jtbd","Give me a daily anchor I can return to","2021-12-23T10:02:51-07:00","https://itunes.apple.com/us/rss/customerreviews/id=1068278823/sortBy=mostRecent/json"
"6740247674","Eylo: AI Weight Loss Coach","avatar_identity_coaching","medium_high","5","jtbd_belonging_accountability","jtbd","Feel accompanied or accountable","2025-11-09T01:08:04-07:00","https://itunes.apple.com/us/rss/customerreviews/id=6740247674/sortBy=mostRecent/json"
"6740247674","Eylo: AI Weight Loss Coach","avatar_identity_coaching","medium_high","5","pain_subscription_value","pain","Subscription or paywall does not feel worth it","2025-11-09T01:08:04-07:00","https://itunes.apple.com/us/rss/customerreviews/id=6740247674/sortBy=mostRecent/json"
"6740247674","Eylo: AI Weight Loss Coach","avatar_identity_coaching","medium_high","5","jtbd_feel_seen_personalized","jtbd","Make the guidance feel personally about me","2025-10-28T16:47:16-07:00","https://itunes.apple.com/us/rss/customerreviews/id=6740247674/sortBy=mostRecent/json"
"6740247674","Eylo: AI Weight Loss Coach","avatar_identity_coaching","medium_high","5","jtbd_make_growth_visible","jtbd","Show me visible progress so effort feels real","2025-10-28T16:47:16-07:00","https://itunes.apple.com/us/rss/customerreviews/id=6740247674/sortBy=mostRecent/json"
"6740247674","Eylo: AI Weight Loss Coach","avatar_identity_coaching","medium_high","5","pain_content_depth_customization","pain","Users want more depth, options, or customization","2025-10-28T16:47:16-07:00","https://itunes.apple.com/us/rss/customerreviews/id=6740247674/sortBy=mostRecent/json"
"6740247674","Eylo: AI Weight Loss Coach","avatar_identity_coaching","medium_high","5","jtbd_structure_self_improvement","jtbd","Turn vague self-improvement into concrete actions","2025-09-09T14:40:36-07:00","https://itunes.apple.com/us/rss/customerreviews/id=6740247674/sortBy=mostRecent/json"
"6740247674","Eylo: AI Weight Loss Coach","avatar_identity_coaching","medium_high","5","jtbd_daily_anchor","jtbd","Give me a daily anchor I can return to","2025-08-16T10:33:16-07:00","https://itunes.apple.com/us/rss/customerreviews/id=6740247674/sortBy=mostRecent/json"
"6740247674","Eylo: AI Weight Loss Coach","avatar_identity_coaching","medium_high","5","jtbd_make_growth_visible","jtbd","Show me visible progress so effort feels real","2025-08-16T10:33:16-07:00","https://itunes.apple.com/us/rss/customerreviews/id=6740247674/sortBy=mostRecent/json"
"6740247674","Eylo: AI Weight Loss Coach","avatar_identity_coaching","medium_high","5","pain_signup_access_friction","pain","Signup, access, or device friction blocks activation","2025-08-05T22:20:09-07:00","https://itunes.apple.com/us/rss/customerreviews/id=6740247674/sortBy=mostRecent/json"
"6740247674","Eylo: AI Weight Loss Coach","avatar_identity_coaching","medium_high","5","jtbd_fast_emotional_reset","jtbd","Help me calm down or reset quickly","2025-07-19T15:08:19-07:00","https://itunes.apple.com/us/rss/customerreviews/id=6740247674/sortBy=mostRecent/json"
"6740247674","Eylo: AI Weight Loss Coach","avatar_identity_coaching","medium_high","5","jtbd_structure_self_improvement","jtbd","Turn vague self-improvement into concrete actions","2025-07-19T15:08:19-07:00","https://itunes.apple.com/us/rss/customerreviews/id=6740247674/sortBy=mostRecent/json"
"6740247674","Eylo: AI Weight Loss Coach","avatar_identity_coaching","medium_high","5","pain_content_depth_customization","pain","Users want more depth, options, or customization","2025-07-19T15:08:19-07:00","https://itunes.apple.com/us/rss/customerreviews/id=6740247674/sortBy=mostRecent/json"
"6740247674","Eylo: AI Weight Loss Coach","avatar_identity_coaching","medium_high","5","pain_trust_accuracy_safety","pain","Trust, accuracy, or spiritual safety concerns","2025-07-19T15:08:19-07:00","https://itunes.apple.com/us/rss/customerreviews/id=6740247674/sortBy=mostRecent/json"
"6740247674","Eylo: AI Weight Loss Coach","avatar_identity_coaching","medium_high","5","pain_content_depth_customization","pain","Users want more depth, options, or customization","2025-07-10T22:33:59-07:00","https://itunes.apple.com/us/rss/customerreviews/id=6740247674/sortBy=mostRecent/json"
"6740247674","Eylo: AI Weight Loss Coach","avatar_identity_coaching","medium_high","5","jtbd_structure_self_improvement","jtbd","Turn vague self-improvement into concrete actions","2025-07-09T03:34:04-07:00","https://itunes.apple.com/us/rss/customerreviews/id=6740247674/sortBy=mostRecent/json"
"6740247674","Eylo: AI Weight Loss Coach","avatar_identity_coaching","medium_high","5","jtbd_make_growth_visible","jtbd","Show me visible progress so effort feels real","2025-06-25T19:43:38-07:00","https://itunes.apple.com/us/rss/customerreviews/id=6740247674/sortBy=mostRecent/json"
"6740247674","Eylo: AI Weight Loss Coach","avatar_identity_coaching","medium_high","5","jtbd_structure_self_improvement","jtbd","Turn vague self-improvement into concrete actions","2025-06-25T19:43:38-07:00","https://itunes.apple.com/us/rss/customerreviews/id=6740247674/sortBy=mostRecent/json"
"6740247674","Eylo: AI Weight Loss Coach","avatar_identity_coaching","medium_high","5","pain_content_depth_customization","pain","Users want more depth, options, or customization","2025-06-25T19:43:38-07:00","https://itunes.apple.com/us/rss/customerreviews/id=6740247674/sortBy=mostRecent/json"
"6740247674","Eylo: AI Weight Loss Coach","avatar_identity_coaching","medium_high","5","pain_signup_access_friction","pain","Signup, access, or device friction blocks activation","2025-06-13T04:08:49-07:00","https://itunes.apple.com/us/rss/customerreviews/id=6740247674/sortBy=mostRecent/json"
"6740247674","Eylo: AI Weight Loss Coach","avatar_identity_coaching","medium_high","5","pain_content_depth_customization","pain","Users want more depth, options, or customization","2025-06-05T09:36:27-07:00","https://itunes.apple.com/us/rss/customerreviews/id=6740247674/sortBy=mostRecent/json"
"6740247674","Eylo: AI Weight Loss Coach","avatar_identity_coaching","medium_high","5","jtbd_daily_anchor","jtbd","Give me a daily anchor I can return to","2025-05-27T11:41:59-07:00","https://itunes.apple.com/us/rss/customerreviews/id=6740247674/sortBy=mostRecent/json"
"6740247674","Eylo: AI Weight Loss Coach","avatar_identity_coaching","medium_high","5","pain_subscription_value","pain","Subscription or paywall does not feel worth it","2025-05-27T11:41:59-07:00","https://itunes.apple.com/us/rss/customerreviews/id=6740247674/sortBy=mostRecent/json"
"6740247674","Eylo: AI Weight Loss Coach","avatar_identity_coaching","medium_high","5","pain_content_depth_customization","pain","Users want more depth, options, or customization","2025-05-23T10:43:38-07:00","https://itunes.apple.com/us/rss/customerreviews/id=6740247674/sortBy=mostRecent/json"
"6740247674","Eylo: AI Weight Loss Coach","avatar_identity_coaching","medium_high","5","pain_trust_accuracy_safety","pain","Trust, accuracy, or spiritual safety concerns","2025-05-23T10:43:38-07:00","https://itunes.apple.com/us/rss/customerreviews/id=6740247674/sortBy=mostRecent/json"
"6740247674","Eylo: AI Weight Loss Coach","avatar_identity_coaching","medium_high","5","jtbd_structure_self_improvement","jtbd","Turn vague self-improvement into concrete actions","2025-05-17T10:31:40-07:00","https://itunes.apple.com/us/rss/customerreviews/id=6740247674/sortBy=mostRecent/json"
"6740247674","Eylo: AI Weight Loss Coach","avatar_identity_coaching","medium_high","5","jtbd_belonging_accountability","jtbd","Feel accompanied or accountable","2025-05-17T10:31:40-07:00","https://itunes.apple.com/us/rss/customerreviews/id=6740247674/sortBy=mostRecent/json"
"6740247674","Eylo: AI Weight Loss Coach","avatar_identity_coaching","medium_high","5","pain_subscription_value","pain","Subscription or paywall does not feel worth it","2025-05-17T10:31:40-07:00","https://itunes.apple.com/us/rss/customerreviews/id=6740247674/sortBy=mostRecent/json"
"6740247674","Eylo: AI Weight Loss Coach","avatar_identity_coaching","medium_high","5","pain_content_depth_customization","pain","Users want more depth, options, or customization","2025-05-17T10:31:40-07:00","https://itunes.apple.com/us/rss/customerreviews/id=6740247674/sortBy=mostRecent/json"
"6755958698","Scroll Block: ScreenTime + VPN","manifestation_tool","medium_high","5","pain_content_depth_customization","pain","Users want more depth, options, or customization","2026-04-20T21:17:25-07:00","https://itunes.apple.com/us/rss/customerreviews/id=6755958698/sortBy=mostRecent/json"
"6755958698","Scroll Block: ScreenTime + VPN","manifestation_tool","medium_high","1","pain_subscription_value","pain","Subscription or paywall does not feel worth it","2026-03-12T19:27:02-07:00","https://itunes.apple.com/us/rss/customerreviews/id=6755958698/sortBy=mostRecent/json"
"6755958698","Scroll Block: ScreenTime + VPN","manifestation_tool","medium_high","5","jtbd_make_growth_visible","jtbd","Show me visible progress so effort feels real","2025-12-03T13:41:33-07:00","https://itunes.apple.com/us/rss/customerreviews/id=6755958698/sortBy=mostRecent/json"
"1640697055","Inner Journey: Meditate App","manifestation_tool","high","4","jtbd_fast_emotional_reset","jtbd","Help me calm down or reset quickly","2026-05-29T14:13:04-07:00","https://itunes.apple.com/us/rss/customerreviews/id=1640697055/sortBy=mostRecent/json"
"1640697055","Inner Journey: Meditate App","manifestation_tool","high","5","jtbd_fast_emotional_reset","jtbd","Help me calm down or reset quickly","2026-05-29T12:58:30-07:00","https://itunes.apple.com/us/rss/customerreviews/id=1640697055/sortBy=mostRecent/json"
"1640697055","Inner Journey: Meditate App","manifestation_tool","high","5","jtbd_daily_anchor","jtbd","Give me a daily anchor I can return to","2026-05-29T12:38:35-07:00","https://itunes.apple.com/us/rss/customerreviews/id=1640697055/sortBy=mostRecent/json"
"1640697055","Inner Journey: Meditate App","manifestation_tool","high","5","jtbd_fast_emotional_reset","jtbd","Help me calm down or reset quickly","2026-05-29T12:38:35-07:00","https://itunes.apple.com/us/rss/customerreviews/id=1640697055/sortBy=mostRecent/json"
"1640697055","Inner Journey: Meditate App","manifestation_tool","high","5","jtbd_belonging_accountability","jtbd","Feel accompanied or accountable","2026-05-29T12:38:35-07:00","https://itunes.apple.com/us/rss/customerreviews/id=1640697055/sortBy=mostRecent/json"
"1640697055","Inner Journey: Meditate App","manifestation_tool","high","5","jtbd_structure_self_improvement","jtbd","Turn vague self-improvement into concrete actions","2026-05-29T12:32:19-07:00","https://itunes.apple.com/us/rss/customerreviews/id=1640697055/sortBy=mostRecent/json"
"1640697055","Inner Journey: Meditate App","manifestation_tool","high","5","pain_content_depth_customization","pain","Users want more depth, options, or customization","2026-05-29T12:32:19-07:00","https://itunes.apple.com/us/rss/customerreviews/id=1640697055/sortBy=mostRecent/json"
"1640697055","Inner Journey: Meditate App","manifestation_tool","high","5","jtbd_daily_anchor","jtbd","Give me a daily anchor I can return to","2026-05-29T12:19:31-07:00","https://itunes.apple.com/us/rss/customerreviews/id=1640697055/sortBy=mostRecent/json"
"1640697055","Inner Journey: Meditate App","manifestation_tool","high","5","jtbd_structure_self_improvement","jtbd","Turn vague self-improvement into concrete actions","2026-05-29T12:19:31-07:00","https://itunes.apple.com/us/rss/customerreviews/id=1640697055/sortBy=mostRecent/json"
"1640697055","Inner Journey: Meditate App","manifestation_tool","high","5","jtbd_structure_self_improvement","jtbd","Turn vague self-improvement into concrete actions","2026-05-29T12:10:08-07:00","https://itunes.apple.com/us/rss/customerreviews/id=1640697055/sortBy=mostRecent/json"
"1640697055","Inner Journey: Meditate App","manifestation_tool","high","5","jtbd_belonging_accountability","jtbd","Feel accompanied or accountable","2025-12-29T19:41:30-07:00","https://itunes.apple.com/us/rss/customerreviews/id=1640697055/sortBy=mostRecent/json"
"1640697055","Inner Journey: Meditate App","manifestation_tool","high","5","pain_content_depth_customization","pain","Users want more depth, options, or customization","2025-12-29T19:41:30-07:00","https://itunes.apple.com/us/rss/customerreviews/id=1640697055/sortBy=mostRecent/json"
"1640697055","Inner Journey: Meditate App","manifestation_tool","high","5","pain_trust_accuracy_safety","pain","Trust, accuracy, or spiritual safety concerns","2025-12-29T19:41:30-07:00","https://itunes.apple.com/us/rss/customerreviews/id=1640697055/sortBy=mostRecent/json"
"1640697055","Inner Journey: Meditate App","manifestation_tool","high","5","jtbd_daily_anchor","jtbd","Give me a daily anchor I can return to","2025-06-27T12:09:20-07:00","https://itunes.apple.com/us/rss/customerreviews/id=1640697055/sortBy=mostRecent/json"
"1640697055","Inner Journey: Meditate App","manifestation_tool","high","5","jtbd_fast_emotional_reset","jtbd","Help me calm down or reset quickly","2025-03-30T09:05:24-07:00","https://itunes.apple.com/us/rss/customerreviews/id=1640697055/sortBy=mostRecent/json"
"1640697055","Inner Journey: Meditate App","manifestation_tool","high","5","pain_content_depth_customization","pain","Users want more depth, options, or customization","2025-03-30T09:05:24-07:00","https://itunes.apple.com/us/rss/customerreviews/id=1640697055/sortBy=mostRecent/json"
"1640697055","Inner Journey: Meditate App","manifestation_tool","high","5","jtbd_structure_self_improvement","jtbd","Turn vague self-improvement into concrete actions","2025-03-06T18:31:27-07:00","https://itunes.apple.com/us/rss/customerreviews/id=1640697055/sortBy=mostRecent/json"
"1640697055","Inner Journey: Meditate App","manifestation_tool","high","5","jtbd_daily_anchor","jtbd","Give me a daily anchor I can return to","2025-03-03T02:15:26-07:00","https://itunes.apple.com/us/rss/customerreviews/id=1640697055/sortBy=mostRecent/json"
"1640697055","Inner Journey: Meditate App","manifestation_tool","high","1","pain_subscription_value","pain","Subscription or paywall does not feel worth it","2025-01-01T09:46:53-07:00","https://itunes.apple.com/us/rss/customerreviews/id=1640697055/sortBy=mostRecent/json"
"1640697055","Inner Journey: Meditate App","manifestation_tool","high","1","jtbd_daily_anchor","jtbd","Give me a daily anchor I can return to","2024-01-10T09:57:09-07:00","https://itunes.apple.com/us/rss/customerreviews/id=1640697055/sortBy=mostRecent/json"
"1640697055","Inner Journey: Meditate App","manifestation_tool","high","1","jtbd_structure_self_improvement","jtbd","Turn vague self-improvement into concrete actions","2024-01-10T09:57:09-07:00","https://itunes.apple.com/us/rss/customerreviews/id=1640697055/sortBy=mostRecent/json"
"1640697055","Inner Journey: Meditate App","manifestation_tool","high","5","jtbd_structure_self_improvement","jtbd","Turn vague self-improvement into concrete actions","2022-11-04T23:05:33-07:00","https://itunes.apple.com/us/rss/customerreviews/id=1640697055/sortBy=mostRecent/json"
"1640697055","Inner Journey: Meditate App","manifestation_tool","high","5","jtbd_belonging_accountability","jtbd","Feel accompanied or accountable","2022-11-04T23:05:33-07:00","https://itunes.apple.com/us/rss/customerreviews/id=1640697055/sortBy=mostRecent/json"
"1640697055","Inner Journey: Meditate App","manifestation_tool","high","5","pain_content_depth_customization","pain","Users want more depth, options, or customization","2022-11-04T23:05:33-07:00","https://itunes.apple.com/us/rss/customerreviews/id=1640697055/sortBy=mostRecent/json"
"1511392642","Ricky Kalmon","gamified_self_improvement","medium_high","5","jtbd_daily_anchor","jtbd","Give me a daily anchor I can return to","2026-02-18T05:45:54-07:00","https://itunes.apple.com/us/rss/customerreviews/id=1511392642/sortBy=mostRecent/json"
"1511392642","Ricky Kalmon","gamified_self_improvement","medium_high","5","jtbd_fast_emotional_reset","jtbd","Help me calm down or reset quickly","2026-02-18T05:45:54-07:00","https://itunes.apple.com/us/rss/customerreviews/id=1511392642/sortBy=mostRecent/json"
"1511392642","Ricky Kalmon","gamified_self_improvement","medium_high","5","jtbd_structure_self_improvement","jtbd","Turn vague self-improvement into concrete actions","2026-02-18T05:45:54-07:00","https://itunes.apple.com/us/rss/customerreviews/id=1511392642/sortBy=mostRecent/json"
"1511392642","Ricky Kalmon","gamified_self_improvement","medium_high","5","jtbd_daily_anchor","jtbd","Give me a daily anchor I can return to","2026-01-14T04:45:04-07:00","https://itunes.apple.com/us/rss/customerreviews/id=1511392642/sortBy=mostRecent/json"
"1511392642","Ricky Kalmon","gamified_self_improvement","medium_high","5","jtbd_make_growth_visible","jtbd","Show me visible progress so effort feels real","2025-04-30T09:41:13-07:00","https://itunes.apple.com/us/rss/customerreviews/id=1511392642/sortBy=mostRecent/json"
"1511392642","Ricky Kalmon","gamified_self_improvement","medium_high","5","jtbd_daily_anchor","jtbd","Give me a daily anchor I can return to","2025-04-26T12:17:30-07:00","https://itunes.apple.com/us/rss/customerreviews/id=1511392642/sortBy=mostRecent/json"
"1511392642","Ricky Kalmon","gamified_self_improvement","medium_high","5","jtbd_fast_emotional_reset","jtbd","Help me calm down or reset quickly","2025-04-26T12:17:30-07:00","https://itunes.apple.com/us/rss/customerreviews/id=1511392642/sortBy=mostRecent/json"
"1511392642","Ricky Kalmon","gamified_self_improvement","medium_high","5","pain_content_depth_customization","pain","Users want more depth, options, or customization","2025-04-26T12:17:30-07:00","https://itunes.apple.com/us/rss/customerreviews/id=1511392642/sortBy=mostRecent/json"
"1511392642","Ricky Kalmon","gamified_self_improvement","medium_high","5","jtbd_fast_emotional_reset","jtbd","Help me calm down or reset quickly","2025-04-17T07:27:25-07:00","https://itunes.apple.com/us/rss/customerreviews/id=1511392642/sortBy=mostRecent/json"
"1511392642","Ricky Kalmon","gamified_self_improvement","medium_high","5","jtbd_structure_self_improvement","jtbd","Turn vague self-improvement into concrete actions","2025-04-17T07:27:25-07:00","https://itunes.apple.com/us/rss/customerreviews/id=1511392642/sortBy=mostRecent/json"
"1511392642","Ricky Kalmon","gamified_self_improvement","medium_high","5","pain_content_depth_customization","pain","Users want more depth, options, or customization","2025-04-17T07:27:25-07:00","https://itunes.apple.com/us/rss/customerreviews/id=1511392642/sortBy=mostRecent/json"
"1511392642","Ricky Kalmon","gamified_self_improvement","medium_high","5","jtbd_structure_self_improvement","jtbd","Turn vague self-improvement into concrete actions","2024-12-19T07:15:53-07:00","https://itunes.apple.com/us/rss/customerreviews/id=1511392642/sortBy=mostRecent/json"
"1511392642","Ricky Kalmon","gamified_self_improvement","medium_high","5","pain_content_depth_customization","pain","Users want more depth, options, or customization","2024-12-19T07:15:53-07:00","https://itunes.apple.com/us/rss/customerreviews/id=1511392642/sortBy=mostRecent/json"
"1511392642","Ricky Kalmon","gamified_self_improvement","medium_high","5","jtbd_daily_anchor","jtbd","Give me a daily anchor I can return to","2024-03-07T17:29:33-07:00","https://itunes.apple.com/us/rss/customerreviews/id=1511392642/sortBy=mostRecent/json"
"1511392642","Ricky Kalmon","gamified_self_improvement","medium_high","5","jtbd_make_growth_visible","jtbd","Show me visible progress so effort feels real","2024-03-07T17:29:33-07:00","https://itunes.apple.com/us/rss/customerreviews/id=1511392642/sortBy=mostRecent/json"
"1511392642","Ricky Kalmon","gamified_self_improvement","medium_high","5","jtbd_daily_anchor","jtbd","Give me a daily anchor I can return to","2023-11-10T20:41:50-07:00","https://itunes.apple.com/us/rss/customerreviews/id=1511392642/sortBy=mostRecent/json"
"1511392642","Ricky Kalmon","gamified_self_improvement","medium_high","5","jtbd_fast_emotional_reset","jtbd","Help me calm down or reset quickly","2023-11-10T20:41:50-07:00","https://itunes.apple.com/us/rss/customerreviews/id=1511392642/sortBy=mostRecent/json"
"1511392642","Ricky Kalmon","gamified_self_improvement","medium_high","5","pain_subscription_value","pain","Subscription or paywall does not feel worth it","2023-11-10T20:41:50-07:00","https://itunes.apple.com/us/rss/customerreviews/id=1511392642/sortBy=mostRecent/json"
"1511392642","Ricky Kalmon","gamified_self_improvement","medium_high","5","jtbd_daily_anchor","jtbd","Give me a daily anchor I can return to","2023-09-11T09:16:30-07:00","https://itunes.apple.com/us/rss/customerreviews/id=1511392642/sortBy=mostRecent/json"
"1511392642","Ricky Kalmon","gamified_self_improvement","medium_high","5","jtbd_make_growth_visible","jtbd","Show me visible progress so effort feels real","2023-09-11T09:16:30-07:00","https://itunes.apple.com/us/rss/customerreviews/id=1511392642/sortBy=mostRecent/json"
"1511392642","Ricky Kalmon","gamified_self_improvement","medium_high","5","pain_content_depth_customization","pain","Users want more depth, options, or customization","2023-09-11T09:16:30-07:00","https://itunes.apple.com/us/rss/customerreviews/id=1511392642/sortBy=mostRecent/json"
"1511392642","Ricky Kalmon","gamified_self_improvement","medium_high","5","jtbd_daily_anchor","jtbd","Give me a daily anchor I can return to","2023-07-16T07:45:22-07:00","https://itunes.apple.com/us/rss/customerreviews/id=1511392642/sortBy=mostRecent/json"
"1511392642","Ricky Kalmon","gamified_self_improvement","medium_high","5","jtbd_structure_self_improvement","jtbd","Turn vague self-improvement into concrete actions","2023-07-16T07:45:22-07:00","https://itunes.apple.com/us/rss/customerreviews/id=1511392642/sortBy=mostRecent/json"
"1511392642","Ricky Kalmon","gamified_self_improvement","medium_high","5","jtbd_belonging_accountability","jtbd","Feel accompanied or accountable","2023-07-16T07:45:22-07:00","https://itunes.apple.com/us/rss/customerreviews/id=1511392642/sortBy=mostRecent/json"
"1511392642","Ricky Kalmon","gamified_self_improvement","medium_high","5","pain_content_depth_customization","pain","Users want more depth, options, or customization","2023-05-30T11:26:23-07:00","https://itunes.apple.com/us/rss/customerreviews/id=1511392642/sortBy=mostRecent/json"
"1511392642","Ricky Kalmon","gamified_self_improvement","medium_high","5","jtbd_belonging_accountability","jtbd","Feel accompanied or accountable","2023-01-26T19:34:22-07:00","https://itunes.apple.com/us/rss/customerreviews/id=1511392642/sortBy=mostRecent/json"
"1511392642","Ricky Kalmon","gamified_self_improvement","medium_high","5","jtbd_structure_self_improvement","jtbd","Turn vague self-improvement into concrete actions","2022-09-20T06:28:14-07:00","https://itunes.apple.com/us/rss/customerreviews/id=1511392642/sortBy=mostRecent/json"
"1511392642","Ricky Kalmon","gamified_self_improvement","medium_high","5","jtbd_fast_emotional_reset","jtbd","Help me calm down or reset quickly","2022-07-22T11:09:41-07:00","https://itunes.apple.com/us/rss/customerreviews/id=1511392642/sortBy=mostRecent/json"
"1511392642","Ricky Kalmon","gamified_self_improvement","medium_high","5","pain_content_depth_customization","pain","Users want more depth, options, or customization","2022-06-29T10:56:00-07:00","https://itunes.apple.com/us/rss/customerreviews/id=1511392642/sortBy=mostRecent/json"
"1511392642","Ricky Kalmon","gamified_self_improvement","medium_high","5","jtbd_fast_emotional_reset","jtbd","Help me calm down or reset quickly","2022-06-29T03:29:46-07:00","https://itunes.apple.com/us/rss/customerreviews/id=1511392642/sortBy=mostRecent/json"
"1511392642","Ricky Kalmon","gamified_self_improvement","medium_high","5","jtbd_structure_self_improvement","jtbd","Turn vague self-improvement into concrete actions","2022-06-29T03:29:46-07:00","https://itunes.apple.com/us/rss/customerreviews/id=1511392642/sortBy=mostRecent/json"
"1511392642","Ricky Kalmon","gamified_self_improvement","medium_high","5","jtbd_daily_anchor","jtbd","Give me a daily anchor I can return to","2022-06-26T17:45:35-07:00","https://itunes.apple.com/us/rss/customerreviews/id=1511392642/sortBy=mostRecent/json"
"1511392642","Ricky Kalmon","gamified_self_improvement","medium_high","5","jtbd_make_growth_visible","jtbd","Show me visible progress so effort feels real","2022-06-26T17:45:35-07:00","https://itunes.apple.com/us/rss/customerreviews/id=1511392642/sortBy=mostRecent/json"
"1511392642","Ricky Kalmon","gamified_self_improvement","medium_high","5","jtbd_fast_emotional_reset","jtbd","Help me calm down or reset quickly","2022-06-26T13:08:00-07:00","https://itunes.apple.com/us/rss/customerreviews/id=1511392642/sortBy=mostRecent/json"
"1511392642","Ricky Kalmon","gamified_self_improvement","medium_high","5","jtbd_fast_emotional_reset","jtbd","Help me calm down or reset quickly","2022-06-26T13:04:02-07:00","https://itunes.apple.com/us/rss/customerreviews/id=1511392642/sortBy=mostRecent/json"
"1511392642","Ricky Kalmon","gamified_self_improvement","medium_high","5","pain_content_depth_customization","pain","Users want more depth, options, or customization","2022-06-26T13:04:02-07:00","https://itunes.apple.com/us/rss/customerreviews/id=1511392642/sortBy=mostRecent/json"
"1511392642","Ricky Kalmon","gamified_self_improvement","medium_high","5","jtbd_daily_anchor","jtbd","Give me a daily anchor I can return to","2022-06-26T11:25:22-07:00","https://itunes.apple.com/us/rss/customerreviews/id=1511392642/sortBy=mostRecent/json"
"1511392642","Ricky Kalmon","gamified_self_improvement","medium_high","5","pain_content_depth_customization","pain","Users want more depth, options, or customization","2022-06-22T15:25:03-07:00","https://itunes.apple.com/us/rss/customerreviews/id=1511392642/sortBy=mostRecent/json"
"1511392642","Ricky Kalmon","gamified_self_improvement","medium_high","5","jtbd_make_growth_visible","jtbd","Show me visible progress so effort feels real","2021-12-26T21:05:50-07:00","https://itunes.apple.com/us/rss/customerreviews/id=1511392642/sortBy=mostRecent/json"
"1511392642","Ricky Kalmon","gamified_self_improvement","medium_high","5","jtbd_belonging_accountability","jtbd","Feel accompanied or accountable","2021-12-26T21:05:50-07:00","https://itunes.apple.com/us/rss/customerreviews/id=1511392642/sortBy=mostRecent/json"
"1511392642","Ricky Kalmon","gamified_self_improvement","medium_high","5","jtbd_fast_emotional_reset","jtbd","Help me calm down or reset quickly","2021-12-26T18:21:13-07:00","https://itunes.apple.com/us/rss/customerreviews/id=1511392642/sortBy=mostRecent/json"
"1511392642","Ricky Kalmon","gamified_self_improvement","medium_high","5","jtbd_fast_emotional_reset","jtbd","Help me calm down or reset quickly","2021-12-26T18:16:07-07:00","https://itunes.apple.com/us/rss/customerreviews/id=1511392642/sortBy=mostRecent/json"
"1511392642","Ricky Kalmon","gamified_self_improvement","medium_high","5","jtbd_daily_anchor","jtbd","Give me a daily anchor I can return to","2021-12-22T16:43:54-07:00","https://itunes.apple.com/us/rss/customerreviews/id=1511392642/sortBy=mostRecent/json"
"1511392642","Ricky Kalmon","gamified_self_improvement","medium_high","5","jtbd_make_growth_visible","jtbd","Show me visible progress so effort feels real","2021-12-22T16:43:54-07:00","https://itunes.apple.com/us/rss/customerreviews/id=1511392642/sortBy=mostRecent/json"
"1511392642","Ricky Kalmon","gamified_self_improvement","medium_high","5","pain_content_depth_customization","pain","Users want more depth, options, or customization","2021-12-22T16:43:54-07:00","https://itunes.apple.com/us/rss/customerreviews/id=1511392642/sortBy=mostRecent/json"
"1511392642","Ricky Kalmon","gamified_self_improvement","medium_high","5","jtbd_daily_anchor","jtbd","Give me a daily anchor I can return to","2021-12-22T15:21:12-07:00","https://itunes.apple.com/us/rss/customerreviews/id=1511392642/sortBy=mostRecent/json"
"1511392642","Ricky Kalmon","gamified_self_improvement","medium_high","5","pain_content_depth_customization","pain","Users want more depth, options, or customization","2021-12-22T15:21:12-07:00","https://itunes.apple.com/us/rss/customerreviews/id=1511392642/sortBy=mostRecent/json"
"1511392642","Ricky Kalmon","gamified_self_improvement","medium_high","5","pain_signup_access_friction","pain","Signup, access, or device friction blocks activation","2021-12-22T15:21:12-07:00","https://itunes.apple.com/us/rss/customerreviews/id=1511392642/sortBy=mostRecent/json"
"1511392642","Ricky Kalmon","gamified_self_improvement","medium_high","5","jtbd_daily_anchor","jtbd","Give me a daily anchor I can return to","2021-08-25T09:59:25-07:00","https://itunes.apple.com/us/rss/customerreviews/id=1511392642/sortBy=mostRecent/json"
"1511392642","Ricky Kalmon","gamified_self_improvement","medium_high","5","jtbd_daily_anchor","jtbd","Give me a daily anchor I can return to","2021-07-15T02:50:33-07:00","https://itunes.apple.com/us/rss/customerreviews/id=1511392642/sortBy=mostRecent/json"
"1511392642","Ricky Kalmon","gamified_self_improvement","medium_high","5","pain_content_depth_customization","pain","Users want more depth, options, or customization","2021-07-15T02:50:33-07:00","https://itunes.apple.com/us/rss/customerreviews/id=1511392642/sortBy=mostRecent/json"
"1511392642","Ricky Kalmon","gamified_self_improvement","medium_high","5","jtbd_structure_self_improvement","jtbd","Turn vague self-improvement into concrete actions","2021-04-23T04:35:40-07:00","https://itunes.apple.com/us/rss/customerreviews/id=1511392642/sortBy=mostRecent/json"
"1511392642","Ricky Kalmon","gamified_self_improvement","medium_high","5","pain_content_depth_customization","pain","Users want more depth, options, or customization","2021-04-23T04:35:40-07:00","https://itunes.apple.com/us/rss/customerreviews/id=1511392642/sortBy=mostRecent/json"
"1511392642","Ricky Kalmon","gamified_self_improvement","medium_high","5","jtbd_fast_emotional_reset","jtbd","Help me calm down or reset quickly","2021-03-30T07:14:40-07:00","https://itunes.apple.com/us/rss/customerreviews/id=1511392642/sortBy=mostRecent/json"
"1511392642","Ricky Kalmon","gamified_self_improvement","medium_high","5","jtbd_daily_anchor","jtbd","Give me a daily anchor I can return to","2020-12-19T09:50:16-07:00","https://itunes.apple.com/us/rss/customerreviews/id=1511392642/sortBy=mostRecent/json"
"1511392642","Ricky Kalmon","gamified_self_improvement","medium_high","5","jtbd_fast_emotional_reset","jtbd","Help me calm down or reset quickly","2020-12-19T09:50:16-07:00","https://itunes.apple.com/us/rss/customerreviews/id=1511392642/sortBy=mostRecent/json"
"1511392642","Ricky Kalmon","gamified_self_improvement","medium_high","5","jtbd_belonging_accountability","jtbd","Feel accompanied or accountable","2020-12-19T09:50:16-07:00","https://itunes.apple.com/us/rss/customerreviews/id=1511392642/sortBy=mostRecent/json"
"1511392642","Ricky Kalmon","gamified_self_improvement","medium_high","5","pain_content_depth_customization","pain","Users want more depth, options, or customization","2020-12-19T09:50:16-07:00","https://itunes.apple.com/us/rss/customerreviews/id=1511392642/sortBy=mostRecent/json"
"1511392642","Ricky Kalmon","gamified_self_improvement","medium_high","5","pain_signup_access_friction","pain","Signup, access, or device friction blocks activation","2020-12-19T09:50:16-07:00","https://itunes.apple.com/us/rss/customerreviews/id=1511392642/sortBy=mostRecent/json"
"1511392642","Ricky Kalmon","gamified_self_improvement","medium_high","5","jtbd_fast_emotional_reset","jtbd","Help me calm down or reset quickly","2020-07-13T07:53:57-07:00","https://itunes.apple.com/us/rss/customerreviews/id=1511392642/sortBy=mostRecent/json"
"1511392642","Ricky Kalmon","gamified_self_improvement","medium_high","5","jtbd_structure_self_improvement","jtbd","Turn vague self-improvement into concrete actions","2020-07-13T07:53:57-07:00","https://itunes.apple.com/us/rss/customerreviews/id=1511392642/sortBy=mostRecent/json"
"1511392642","Ricky Kalmon","gamified_self_improvement","medium_high","5","jtbd_structure_self_improvement","jtbd","Turn vague self-improvement into concrete actions","2020-07-09T16:35:18-07:00","https://itunes.apple.com/us/rss/customerreviews/id=1511392642/sortBy=mostRecent/json"
"1511392642","Ricky Kalmon","gamified_self_improvement","medium_high","5","jtbd_fast_emotional_reset","jtbd","Help me calm down or reset quickly","2020-06-29T02:51:06-07:00","https://itunes.apple.com/us/rss/customerreviews/id=1511392642/sortBy=mostRecent/json"
"1511392642","Ricky Kalmon","gamified_self_improvement","medium_high","5","jtbd_fast_emotional_reset","jtbd","Help me calm down or reset quickly","2020-06-28T10:05:13-07:00","https://itunes.apple.com/us/rss/customerreviews/id=1511392642/sortBy=mostRecent/json"
"1511392642","Ricky Kalmon","gamified_self_improvement","medium_high","5","jtbd_make_growth_visible","jtbd","Show me visible progress so effort feels real","2020-06-26T22:47:26-07:00","https://itunes.apple.com/us/rss/customerreviews/id=1511392642/sortBy=mostRecent/json"
"1511392642","Ricky Kalmon","gamified_self_improvement","medium_high","5","jtbd_fast_emotional_reset","jtbd","Help me calm down or reset quickly","2020-06-26T03:40:02-07:00","https://itunes.apple.com/us/rss/customerreviews/id=1511392642/sortBy=mostRecent/json"
"1511392642","Ricky Kalmon","gamified_self_improvement","medium_high","5","jtbd_structure_self_improvement","jtbd","Turn vague self-improvement into concrete actions","2020-06-26T03:40:02-07:00","https://itunes.apple.com/us/rss/customerreviews/id=1511392642/sortBy=mostRecent/json"
"1511392642","Ricky Kalmon","gamified_self_improvement","medium_high","5","pain_unclear_game_loop","pain","The game layer can feel confusing or disconnected","2020-06-26T03:40:02-07:00","https://itunes.apple.com/us/rss/customerreviews/id=1511392642/sortBy=mostRecent/json"
"1511392642","Ricky Kalmon","gamified_self_improvement","medium_high","5","jtbd_fast_emotional_reset","jtbd","Help me calm down or reset quickly","2020-06-25T15:03:31-07:00","https://itunes.apple.com/us/rss/customerreviews/id=1511392642/sortBy=mostRecent/json"
"1511392642","Ricky Kalmon","gamified_self_improvement","medium_high","5","jtbd_fast_emotional_reset","jtbd","Help me calm down or reset quickly","2020-06-25T09:10:38-07:00","https://itunes.apple.com/us/rss/customerreviews/id=1511392642/sortBy=mostRecent/json"
"1511392642","Ricky Kalmon","gamified_self_improvement","medium_high","5","jtbd_make_growth_visible","jtbd","Show me visible progress so effort feels real","2020-06-25T09:10:38-07:00","https://itunes.apple.com/us/rss/customerreviews/id=1511392642/sortBy=mostRecent/json"
"1511392642","Ricky Kalmon","gamified_self_improvement","medium_high","5","jtbd_structure_self_improvement","jtbd","Turn vague self-improvement into concrete actions","2020-06-25T09:10:38-07:00","https://itunes.apple.com/us/rss/customerreviews/id=1511392642/sortBy=mostRecent/json"
"1511392642","Ricky Kalmon","gamified_self_improvement","medium_high","5","jtbd_belonging_accountability","jtbd","Feel accompanied or accountable","2020-06-25T09:10:38-07:00","https://itunes.apple.com/us/rss/customerreviews/id=1511392642/sortBy=mostRecent/json"
"1511392642","Ricky Kalmon","gamified_self_improvement","medium_high","5","jtbd_daily_anchor","jtbd","Give me a daily anchor I can return to","2020-06-23T08:01:07-07:00","https://itunes.apple.com/us/rss/customerreviews/id=1511392642/sortBy=mostRecent/json"
"1511392642","Ricky Kalmon","gamified_self_improvement","medium_high","5","jtbd_belonging_accountability","jtbd","Feel accompanied or accountable","2020-06-23T08:01:07-07:00","https://itunes.apple.com/us/rss/customerreviews/id=1511392642/sortBy=mostRecent/json"
"1511392642","Ricky Kalmon","gamified_self_improvement","medium_high","5","pain_content_depth_customization","pain","Users want more depth, options, or customization","2020-06-23T08:01:07-07:00","https://itunes.apple.com/us/rss/customerreviews/id=1511392642/sortBy=mostRecent/json"
"1511392642","Ricky Kalmon","gamified_self_improvement","medium_high","5","jtbd_fast_emotional_reset","jtbd","Help me calm down or reset quickly","2020-06-20T22:06:49-07:00","https://itunes.apple.com/us/rss/customerreviews/id=1511392642/sortBy=mostRecent/json"
"1567904684","Pocket Insight Psychic Reading","astrology_guidance","medium_high","5","jtbd_daily_anchor","jtbd","Give me a daily anchor I can return to","2026-05-24T21:04:52-07:00","https://itunes.apple.com/us/rss/customerreviews/id=1567904684/sortBy=mostRecent/json"
"1567904684","Pocket Insight Psychic Reading","astrology_guidance","medium_high","1","pain_subscription_value","pain","Subscription or paywall does not feel worth it","2026-05-22T16:17:31-07:00","https://itunes.apple.com/us/rss/customerreviews/id=1567904684/sortBy=mostRecent/json"
"1567904684","Pocket Insight Psychic Reading","astrology_guidance","medium_high","1","pain_reliability_breaks_ritual","pain","Bugs break trust and interrupt the ritual","2026-05-22T16:17:31-07:00","https://itunes.apple.com/us/rss/customerreviews/id=1567904684/sortBy=mostRecent/json"
"1567904684","Pocket Insight Psychic Reading","astrology_guidance","medium_high","1","pain_content_depth_customization","pain","Users want more depth, options, or customization","2026-05-22T16:17:31-07:00","https://itunes.apple.com/us/rss/customerreviews/id=1567904684/sortBy=mostRecent/json"
"1567904684","Pocket Insight Psychic Reading","astrology_guidance","medium_high","1","pain_trust_accuracy_safety","pain","Trust, accuracy, or spiritual safety concerns","2026-05-22T16:17:31-07:00","https://itunes.apple.com/us/rss/customerreviews/id=1567904684/sortBy=mostRecent/json"
"1567904684","Pocket Insight Psychic Reading","astrology_guidance","medium_high","5","jtbd_daily_anchor","jtbd","Give me a daily anchor I can return to","2026-05-18T14:20:54-07:00","https://itunes.apple.com/us/rss/customerreviews/id=1567904684/sortBy=mostRecent/json"
"1567904684","Pocket Insight Psychic Reading","astrology_guidance","medium_high","5","jtbd_feel_seen_personalized","jtbd","Make the guidance feel personally about me","2026-05-18T14:20:54-07:00","https://itunes.apple.com/us/rss/customerreviews/id=1567904684/sortBy=mostRecent/json"
"1567904684","Pocket Insight Psychic Reading","astrology_guidance","medium_high","5","jtbd_daily_anchor","jtbd","Give me a daily anchor I can return to","2026-05-16T20:34:54-07:00","https://itunes.apple.com/us/rss/customerreviews/id=1567904684/sortBy=mostRecent/json"
"1567904684","Pocket Insight Psychic Reading","astrology_guidance","medium_high","5","jtbd_make_growth_visible","jtbd","Show me visible progress so effort feels real","2026-05-16T20:34:54-07:00","https://itunes.apple.com/us/rss/customerreviews/id=1567904684/sortBy=mostRecent/json"
"1567904684","Pocket Insight Psychic Reading","astrology_guidance","medium_high","1","pain_content_depth_customization","pain","Users want more depth, options, or customization","2026-05-16T02:45:51-07:00","https://itunes.apple.com/us/rss/customerreviews/id=1567904684/sortBy=mostRecent/json"
"1567904684","Pocket Insight Psychic Reading","astrology_guidance","medium_high","5","jtbd_feel_seen_personalized","jtbd","Make the guidance feel personally about me","2026-05-14T00:17:47-07:00","https://itunes.apple.com/us/rss/customerreviews/id=1567904684/sortBy=mostRecent/json"
"1567904684","Pocket Insight Psychic Reading","astrology_guidance","medium_high","5","pain_signup_access_friction","pain","Signup, access, or device friction blocks activation","2026-05-12T05:44:39-07:00","https://itunes.apple.com/us/rss/customerreviews/id=1567904684/sortBy=mostRecent/json"
"1567904684","Pocket Insight Psychic Reading","astrology_guidance","medium_high","5","jtbd_daily_anchor","jtbd","Give me a daily anchor I can return to","2026-05-09T19:12:21-07:00","https://itunes.apple.com/us/rss/customerreviews/id=1567904684/sortBy=mostRecent/json"
"1567904684","Pocket Insight Psychic Reading","astrology_guidance","medium_high","5","jtbd_feel_seen_personalized","jtbd","Make the guidance feel personally about me","2026-05-09T19:12:21-07:00","https://itunes.apple.com/us/rss/customerreviews/id=1567904684/sortBy=mostRecent/json"
"1567904684","Pocket Insight Psychic Reading","astrology_guidance","medium_high","5","pain_content_depth_customization","pain","Users want more depth, options, or customization","2026-05-09T19:12:21-07:00","https://itunes.apple.com/us/rss/customerreviews/id=1567904684/sortBy=mostRecent/json"
"1567904684","Pocket Insight Psychic Reading","astrology_guidance","medium_high","5","pain_signup_access_friction","pain","Signup, access, or device friction blocks activation","2026-05-09T19:12:21-07:00","https://itunes.apple.com/us/rss/customerreviews/id=1567904684/sortBy=mostRecent/json"
"1567904684","Pocket Insight Psychic Reading","astrology_guidance","medium_high","5","jtbd_fast_emotional_reset","jtbd","Help me calm down or reset quickly","2026-05-06T08:13:10-07:00","https://itunes.apple.com/us/rss/customerreviews/id=1567904684/sortBy=mostRecent/json"
"1567904684","Pocket Insight Psychic Reading","astrology_guidance","medium_high","5","jtbd_daily_anchor","jtbd","Give me a daily anchor I can return to","2026-05-05T05:15:57-07:00","https://itunes.apple.com/us/rss/customerreviews/id=1567904684/sortBy=mostRecent/json"
"1567904684","Pocket Insight Psychic Reading","astrology_guidance","medium_high","5","jtbd_make_growth_visible","jtbd","Show me visible progress so effort feels real","2026-05-05T05:15:57-07:00","https://itunes.apple.com/us/rss/customerreviews/id=1567904684/sortBy=mostRecent/json"
"1567904684","Pocket Insight Psychic Reading","astrology_guidance","medium_high","5","pain_subscription_value","pain","Subscription or paywall does not feel worth it","2026-05-05T05:15:57-07:00","https://itunes.apple.com/us/rss/customerreviews/id=1567904684/sortBy=mostRecent/json"
"1567904684","Pocket Insight Psychic Reading","astrology_guidance","medium_high","5","pain_signup_access_friction","pain","Signup, access, or device friction blocks activation","2026-05-05T05:15:57-07:00","https://itunes.apple.com/us/rss/customerreviews/id=1567904684/sortBy=mostRecent/json"
"1567904684","Pocket Insight Psychic Reading","astrology_guidance","medium_high","5","pain_subscription_value","pain","Subscription or paywall does not feel worth it","2026-05-03T14:12:09-07:00","https://itunes.apple.com/us/rss/customerreviews/id=1567904684/sortBy=mostRecent/json"
"1567904684","Pocket Insight Psychic Reading","astrology_guidance","medium_high","1","jtbd_daily_anchor","jtbd","Give me a daily anchor I can return to","2026-05-03T07:32:54-07:00","https://itunes.apple.com/us/rss/customerreviews/id=1567904684/sortBy=mostRecent/json"
"1567904684","Pocket Insight Psychic Reading","astrology_guidance","medium_high","1","jtbd_belonging_accountability","jtbd","Feel accompanied or accountable","2026-05-03T07:32:54-07:00","https://itunes.apple.com/us/rss/customerreviews/id=1567904684/sortBy=mostRecent/json"
"1567904684","Pocket Insight Psychic Reading","astrology_guidance","medium_high","1","pain_subscription_value","pain","Subscription or paywall does not feel worth it","2026-05-03T07:32:54-07:00","https://itunes.apple.com/us/rss/customerreviews/id=1567904684/sortBy=mostRecent/json"
"1567904684","Pocket Insight Psychic Reading","astrology_guidance","medium_high","5","jtbd_feel_seen_personalized","jtbd","Make the guidance feel personally about me","2026-04-30T18:28:08-07:00","https://itunes.apple.com/us/rss/customerreviews/id=1567904684/sortBy=mostRecent/json"
"1567904684","Pocket Insight Psychic Reading","astrology_guidance","medium_high","5","jtbd_daily_anchor","jtbd","Give me a daily anchor I can return to","2026-04-25T11:10:09-07:00","https://itunes.apple.com/us/rss/customerreviews/id=1567904684/sortBy=mostRecent/json"
"1567904684","Pocket Insight Psychic Reading","astrology_guidance","medium_high","5","jtbd_feel_seen_personalized","jtbd","Make the guidance feel personally about me","2026-04-25T11:10:09-07:00","https://itunes.apple.com/us/rss/customerreviews/id=1567904684/sortBy=mostRecent/json"
"1567904684","Pocket Insight Psychic Reading","astrology_guidance","medium_high","5","jtbd_fast_emotional_reset","jtbd","Help me calm down or reset quickly","2026-04-25T11:10:09-07:00","https://itunes.apple.com/us/rss/customerreviews/id=1567904684/sortBy=mostRecent/json"
"1567904684","Pocket Insight Psychic Reading","astrology_guidance","medium_high","5","pain_subscription_value","pain","Subscription or paywall does not feel worth it","2026-04-23T22:04:16-07:00","https://itunes.apple.com/us/rss/customerreviews/id=1567904684/sortBy=mostRecent/json"
"1567904684","Pocket Insight Psychic Reading","astrology_guidance","medium_high","5","pain_content_depth_customization","pain","Users want more depth, options, or customization","2026-04-23T22:04:16-07:00","https://itunes.apple.com/us/rss/customerreviews/id=1567904684/sortBy=mostRecent/json"
"1567904684","Pocket Insight Psychic Reading","astrology_guidance","medium_high","5","pain_content_depth_customization","pain","Users want more depth, options, or customization","2026-04-08T09:53:10-07:00","https://itunes.apple.com/us/rss/customerreviews/id=1567904684/sortBy=mostRecent/json"
"1567904684","Pocket Insight Psychic Reading","astrology_guidance","medium_high","5","pain_signup_access_friction","pain","Signup, access, or device friction blocks activation","2026-04-08T09:53:10-07:00","https://itunes.apple.com/us/rss/customerreviews/id=1567904684/sortBy=mostRecent/json"
"1567904684","Pocket Insight Psychic Reading","astrology_guidance","medium_high","5","jtbd_daily_anchor","jtbd","Give me a daily anchor I can return to","2026-04-04T08:11:57-07:00","https://itunes.apple.com/us/rss/customerreviews/id=1567904684/sortBy=mostRecent/json"
"1567904684","Pocket Insight Psychic Reading","astrology_guidance","medium_high","5","jtbd_feel_seen_personalized","jtbd","Make the guidance feel personally about me","2026-04-04T08:11:57-07:00","https://itunes.apple.com/us/rss/customerreviews/id=1567904684/sortBy=mostRecent/json"
"1567904684","Pocket Insight Psychic Reading","astrology_guidance","medium_high","5","jtbd_daily_anchor","jtbd","Give me a daily anchor I can return to","2026-04-02T05:47:23-07:00","https://itunes.apple.com/us/rss/customerreviews/id=1567904684/sortBy=mostRecent/json"
"1567904684","Pocket Insight Psychic Reading","astrology_guidance","medium_high","5","jtbd_feel_seen_personalized","jtbd","Make the guidance feel personally about me","2026-04-02T05:47:23-07:00","https://itunes.apple.com/us/rss/customerreviews/id=1567904684/sortBy=mostRecent/json"
"1567904684","Pocket Insight Psychic Reading","astrology_guidance","medium_high","5","pain_content_depth_customization","pain","Users want more depth, options, or customization","2026-04-02T05:47:23-07:00","https://itunes.apple.com/us/rss/customerreviews/id=1567904684/sortBy=mostRecent/json"
"1567904684","Pocket Insight Psychic Reading","astrology_guidance","medium_high","5","jtbd_daily_anchor","jtbd","Give me a daily anchor I can return to","2026-04-01T08:27:27-07:00","https://itunes.apple.com/us/rss/customerreviews/id=1567904684/sortBy=mostRecent/json"
"1567904684","Pocket Insight Psychic Reading","astrology_guidance","medium_high","5","jtbd_make_growth_visible","jtbd","Show me visible progress so effort feels real","2026-03-26T07:55:26-07:00","https://itunes.apple.com/us/rss/customerreviews/id=1567904684/sortBy=mostRecent/json"
"1567904684","Pocket Insight Psychic Reading","astrology_guidance","medium_high","5","jtbd_daily_anchor","jtbd","Give me a daily anchor I can return to","2026-03-25T06:31:20-07:00","https://itunes.apple.com/us/rss/customerreviews/id=1567904684/sortBy=mostRecent/json"
"1567904684","Pocket Insight Psychic Reading","astrology_guidance","medium_high","5","jtbd_make_growth_visible","jtbd","Show me visible progress so effort feels real","2026-03-25T06:31:20-07:00","https://itunes.apple.com/us/rss/customerreviews/id=1567904684/sortBy=mostRecent/json"
"1567904684","Pocket Insight Psychic Reading","astrology_guidance","medium_high","5","jtbd_make_growth_visible","jtbd","Show me visible progress so effort feels real","2026-03-19T04:34:24-07:00","https://itunes.apple.com/us/rss/customerreviews/id=1567904684/sortBy=mostRecent/json"
"1567904684","Pocket Insight Psychic Reading","astrology_guidance","medium_high","5","pain_subscription_value","pain","Subscription or paywall does not feel worth it","2026-03-19T04:34:24-07:00","https://itunes.apple.com/us/rss/customerreviews/id=1567904684/sortBy=mostRecent/json"
"1567904684","Pocket Insight Psychic Reading","astrology_guidance","medium_high","5","jtbd_feel_seen_personalized","jtbd","Make the guidance feel personally about me","2026-03-11T14:38:35-07:00","https://itunes.apple.com/us/rss/customerreviews/id=1567904684/sortBy=mostRecent/json"
"1567904684","Pocket Insight Psychic Reading","astrology_guidance","medium_high","5","jtbd_feel_seen_personalized","jtbd","Make the guidance feel personally about me","2026-03-10T10:26:40-07:00","https://itunes.apple.com/us/rss/customerreviews/id=1567904684/sortBy=mostRecent/json"
"1474958416","Sol - Inner Life & Wellbeing","astrology_guidance","high","5","jtbd_make_growth_visible","jtbd","Show me visible progress so effort feels real","2026-04-17T09:55:50-07:00","https://itunes.apple.com/us/rss/customerreviews/id=1474958416/sortBy=mostRecent/json"
"1474958416","Sol - Inner Life & Wellbeing","astrology_guidance","high","5","jtbd_structure_self_improvement","jtbd","Turn vague self-improvement into concrete actions","2026-04-17T09:55:50-07:00","https://itunes.apple.com/us/rss/customerreviews/id=1474958416/sortBy=mostRecent/json"
"1474958416","Sol - Inner Life & Wellbeing","astrology_guidance","high","5","pain_content_depth_customization","pain","Users want more depth, options, or customization","2026-04-17T09:55:50-07:00","https://itunes.apple.com/us/rss/customerreviews/id=1474958416/sortBy=mostRecent/json"
"1474958416","Sol - Inner Life & Wellbeing","astrology_guidance","high","4","jtbd_belonging_accountability","jtbd","Feel accompanied or accountable","2026-03-24T08:10:26-07:00","https://itunes.apple.com/us/rss/customerreviews/id=1474958416/sortBy=mostRecent/json"
"1474958416","Sol - Inner Life & Wellbeing","astrology_guidance","high","5","pain_subscription_value","pain","Subscription or paywall does not feel worth it","2026-02-25T17:28:31-07:00","https://itunes.apple.com/us/rss/customerreviews/id=1474958416/sortBy=mostRecent/json"
"1474958416","Sol - Inner Life & Wellbeing","astrology_guidance","high","4","jtbd_fast_emotional_reset","jtbd","Help me calm down or reset quickly","2026-01-07T15:42:47-07:00","https://itunes.apple.com/us/rss/customerreviews/id=1474958416/sortBy=mostRecent/json"
"1474958416","Sol - Inner Life & Wellbeing","astrology_guidance","high","4","pain_content_depth_customization","pain","Users want more depth, options, or customization","2026-01-07T15:42:47-07:00","https://itunes.apple.com/us/rss/customerreviews/id=1474958416/sortBy=mostRecent/json"
"1474958416","Sol - Inner Life & Wellbeing","astrology_guidance","high","5","jtbd_make_growth_visible","jtbd","Show me visible progress so effort feels real","2025-11-21T06:27:17-07:00","https://itunes.apple.com/us/rss/customerreviews/id=1474958416/sortBy=mostRecent/json"
"1474958416","Sol - Inner Life & Wellbeing","astrology_guidance","high","5","pain_content_depth_customization","pain","Users want more depth, options, or customization","2025-11-21T06:27:17-07:00","https://itunes.apple.com/us/rss/customerreviews/id=1474958416/sortBy=mostRecent/json"
"1474958416","Sol - Inner Life & Wellbeing","astrology_guidance","high","4","jtbd_fast_emotional_reset","jtbd","Help me calm down or reset quickly","2025-09-13T08:01:04-07:00","https://itunes.apple.com/us/rss/customerreviews/id=1474958416/sortBy=mostRecent/json"
"1474958416","Sol - Inner Life & Wellbeing","astrology_guidance","high","4","pain_content_depth_customization","pain","Users want more depth, options, or customization","2025-09-13T08:01:04-07:00","https://itunes.apple.com/us/rss/customerreviews/id=1474958416/sortBy=mostRecent/json"
"1474958416","Sol - Inner Life & Wellbeing","astrology_guidance","high","5","jtbd_fast_emotional_reset","jtbd","Help me calm down or reset quickly","2025-07-14T16:59:46-07:00","https://itunes.apple.com/us/rss/customerreviews/id=1474958416/sortBy=mostRecent/json"
"1474958416","Sol - Inner Life & Wellbeing","astrology_guidance","high","5","pain_content_depth_customization","pain","Users want more depth, options, or customization","2025-05-05T09:42:37-07:00","https://itunes.apple.com/us/rss/customerreviews/id=1474958416/sortBy=mostRecent/json"
"1474958416","Sol - Inner Life & Wellbeing","astrology_guidance","high","5","jtbd_fast_emotional_reset","jtbd","Help me calm down or reset quickly","2025-04-11T12:53:52-07:00","https://itunes.apple.com/us/rss/customerreviews/id=1474958416/sortBy=mostRecent/json"
"1474958416","Sol - Inner Life & Wellbeing","astrology_guidance","high","5","pain_signup_access_friction","pain","Signup, access, or device friction blocks activation","2025-04-11T11:43:14-07:00","https://itunes.apple.com/us/rss/customerreviews/id=1474958416/sortBy=mostRecent/json"
"1474958416","Sol - Inner Life & Wellbeing","astrology_guidance","high","5","pain_content_depth_customization","pain","Users want more depth, options, or customization","2025-04-03T00:31:41-07:00","https://itunes.apple.com/us/rss/customerreviews/id=1474958416/sortBy=mostRecent/json"
"1474958416","Sol - Inner Life & Wellbeing","astrology_guidance","high","4","pain_subscription_value","pain","Subscription or paywall does not feel worth it","2024-12-26T13:31:59-07:00","https://itunes.apple.com/us/rss/customerreviews/id=1474958416/sortBy=mostRecent/json"
"1474958416","Sol - Inner Life & Wellbeing","astrology_guidance","high","3","jtbd_feel_seen_personalized","jtbd","Make the guidance feel personally about me","2024-11-16T17:24:55-07:00","https://itunes.apple.com/us/rss/customerreviews/id=1474958416/sortBy=mostRecent/json"
"1474958416","Sol - Inner Life & Wellbeing","astrology_guidance","high","3","pain_trust_accuracy_safety","pain","Trust, accuracy, or spiritual safety concerns","2024-11-16T17:24:55-07:00","https://itunes.apple.com/us/rss/customerreviews/id=1474958416/sortBy=mostRecent/json"
"1474958416","Sol - Inner Life & Wellbeing","astrology_guidance","high","5","jtbd_belonging_accountability","jtbd","Feel accompanied or accountable","2024-11-15T20:20:00-07:00","https://itunes.apple.com/us/rss/customerreviews/id=1474958416/sortBy=mostRecent/json"
"1474958416","Sol - Inner Life & Wellbeing","astrology_guidance","high","5","pain_content_depth_customization","pain","Users want more depth, options, or customization","2024-11-15T20:20:00-07:00","https://itunes.apple.com/us/rss/customerreviews/id=1474958416/sortBy=mostRecent/json"
"1474958416","Sol - Inner Life & Wellbeing","astrology_guidance","high","5","jtbd_fast_emotional_reset","jtbd","Help me calm down or reset quickly","2024-10-06T08:39:50-07:00","https://itunes.apple.com/us/rss/customerreviews/id=1474958416/sortBy=mostRecent/json"
"1474958416","Sol - Inner Life & Wellbeing","astrology_guidance","high","5","jtbd_make_growth_visible","jtbd","Show me visible progress so effort feels real","2024-10-06T08:39:50-07:00","https://itunes.apple.com/us/rss/customerreviews/id=1474958416/sortBy=mostRecent/json"
"1474958416","Sol - Inner Life & Wellbeing","astrology_guidance","high","5","pain_content_depth_customization","pain","Users want more depth, options, or customization","2024-10-06T08:39:50-07:00","https://itunes.apple.com/us/rss/customerreviews/id=1474958416/sortBy=mostRecent/json"
"1474958416","Sol - Inner Life & Wellbeing","astrology_guidance","high","5","jtbd_structure_self_improvement","jtbd","Turn vague self-improvement into concrete actions","2024-08-06T19:11:07-07:00","https://itunes.apple.com/us/rss/customerreviews/id=1474958416/sortBy=mostRecent/json"
"1474958416","Sol - Inner Life & Wellbeing","astrology_guidance","high","5","jtbd_fast_emotional_reset","jtbd","Help me calm down or reset quickly","2024-07-27T12:52:20-07:00","https://itunes.apple.com/us/rss/customerreviews/id=1474958416/sortBy=mostRecent/json"
"1474958416","Sol - Inner Life & Wellbeing","astrology_guidance","high","5","jtbd_feel_seen_personalized","jtbd","Make the guidance feel personally about me","2024-06-15T22:44:48-07:00","https://itunes.apple.com/us/rss/customerreviews/id=1474958416/sortBy=mostRecent/json"
"1474958416","Sol - Inner Life & Wellbeing","astrology_guidance","high","5","jtbd_make_growth_visible","jtbd","Show me visible progress so effort feels real","2024-06-15T22:44:48-07:00","https://itunes.apple.com/us/rss/customerreviews/id=1474958416/sortBy=mostRecent/json"
"1474958416","Sol - Inner Life & Wellbeing","astrology_guidance","high","5","pain_signup_access_friction","pain","Signup, access, or device friction blocks activation","2024-06-15T22:44:48-07:00","https://itunes.apple.com/us/rss/customerreviews/id=1474958416/sortBy=mostRecent/json"
"1474958416","Sol - Inner Life & Wellbeing","astrology_guidance","high","5","jtbd_make_growth_visible","jtbd","Show me visible progress so effort feels real","2024-06-05T10:38:52-07:00","https://itunes.apple.com/us/rss/customerreviews/id=1474958416/sortBy=mostRecent/json"
"1474958416","Sol - Inner Life & Wellbeing","astrology_guidance","high","5","jtbd_belonging_accountability","jtbd","Feel accompanied or accountable","2024-05-12T09:29:38-07:00","https://itunes.apple.com/us/rss/customerreviews/id=1474958416/sortBy=mostRecent/json"
"1474958416","Sol - Inner Life & Wellbeing","astrology_guidance","high","5","jtbd_daily_anchor","jtbd","Give me a daily anchor I can return to","2024-04-27T05:10:03-07:00","https://itunes.apple.com/us/rss/customerreviews/id=1474958416/sortBy=mostRecent/json"
"1474958416","Sol - Inner Life & Wellbeing","astrology_guidance","high","5","pain_subscription_value","pain","Subscription or paywall does not feel worth it","2024-04-27T05:10:03-07:00","https://itunes.apple.com/us/rss/customerreviews/id=1474958416/sortBy=mostRecent/json"
"1474958416","Sol - Inner Life & Wellbeing","astrology_guidance","high","5","pain_content_depth_customization","pain","Users want more depth, options, or customization","2024-04-27T05:10:03-07:00","https://itunes.apple.com/us/rss/customerreviews/id=1474958416/sortBy=mostRecent/json"
"1474958416","Sol - Inner Life & Wellbeing","astrology_guidance","high","4","jtbd_daily_anchor","jtbd","Give me a daily anchor I can return to","2024-04-20T05:49:37-07:00","https://itunes.apple.com/us/rss/customerreviews/id=1474958416/sortBy=mostRecent/json"
"1474958416","Sol - Inner Life & Wellbeing","astrology_guidance","high","4","pain_content_depth_customization","pain","Users want more depth, options, or customization","2024-04-20T05:49:37-07:00","https://itunes.apple.com/us/rss/customerreviews/id=1474958416/sortBy=mostRecent/json"
"1474958416","Sol - Inner Life & Wellbeing","astrology_guidance","high","5","jtbd_make_growth_visible","jtbd","Show me visible progress so effort feels real","2023-08-06T18:24:33-07:00","https://itunes.apple.com/us/rss/customerreviews/id=1474958416/sortBy=mostRecent/json"
"1474958416","Sol - Inner Life & Wellbeing","astrology_guidance","high","5","pain_content_depth_customization","pain","Users want more depth, options, or customization","2023-08-06T18:24:33-07:00","https://itunes.apple.com/us/rss/customerreviews/id=1474958416/sortBy=mostRecent/json"
"1474958416","Sol - Inner Life & Wellbeing","astrology_guidance","high","4","pain_trust_accuracy_safety","pain","Trust, accuracy, or spiritual safety concerns","2023-07-18T23:29:22-07:00","https://itunes.apple.com/us/rss/customerreviews/id=1474958416/sortBy=mostRecent/json"
"1474958416","Sol - Inner Life & Wellbeing","astrology_guidance","high","5","jtbd_daily_anchor","jtbd","Give me a daily anchor I can return to","2023-07-07T18:48:07-07:00","https://itunes.apple.com/us/rss/customerreviews/id=1474958416/sortBy=mostRecent/json"
"1474958416","Sol - Inner Life & Wellbeing","astrology_guidance","high","5","pain_content_depth_customization","pain","Users want more depth, options, or customization","2023-07-07T18:48:07-07:00","https://itunes.apple.com/us/rss/customerreviews/id=1474958416/sortBy=mostRecent/json"
"6747612883","AI Friend & Companion: Allia","astrology_guidance","medium","5","jtbd_belonging_accountability","jtbd","Feel accompanied or accountable","2026-01-17T18:28:39-07:00","https://itunes.apple.com/us/rss/customerreviews/id=6747612883/sortBy=mostRecent/json"
"6747612883","AI Friend & Companion: Allia","astrology_guidance","medium","1","pain_subscription_value","pain","Subscription or paywall does not feel worth it","2025-11-24T20:59:58-07:00","https://itunes.apple.com/us/rss/customerreviews/id=6747612883/sortBy=mostRecent/json"
"6747612883","AI Friend & Companion: Allia","astrology_guidance","medium","5","jtbd_belonging_accountability","jtbd","Feel accompanied or accountable","2025-06-29T03:32:04-07:00","https://itunes.apple.com/us/rss/customerreviews/id=6747612883/sortBy=mostRecent/json"
"1312926037","stoic. journal & mental health","manifestation_tool","medium_high","5","jtbd_fast_emotional_reset","jtbd","Help me calm down or reset quickly","2026-05-26T09:21:45-07:00","https://itunes.apple.com/us/rss/customerreviews/id=1312926037/sortBy=mostRecent/json"
"1312926037","stoic. journal & mental health","manifestation_tool","medium_high","5","pain_content_depth_customization","pain","Users want more depth, options, or customization","2026-05-26T09:21:45-07:00","https://itunes.apple.com/us/rss/customerreviews/id=1312926037/sortBy=mostRecent/json"
"1312926037","stoic. journal & mental health","manifestation_tool","medium_high","5","jtbd_structure_self_improvement","jtbd","Turn vague self-improvement into concrete actions","2026-05-25T20:11:22-07:00","https://itunes.apple.com/us/rss/customerreviews/id=1312926037/sortBy=mostRecent/json"
"1312926037","stoic. journal & mental health","manifestation_tool","medium_high","5","jtbd_make_growth_visible","jtbd","Show me visible progress so effort feels real","2026-05-25T10:06:27-07:00","https://itunes.apple.com/us/rss/customerreviews/id=1312926037/sortBy=mostRecent/json"
"1312926037","stoic. journal & mental health","manifestation_tool","medium_high","5","jtbd_structure_self_improvement","jtbd","Turn vague self-improvement into concrete actions","2026-05-25T10:06:27-07:00","https://itunes.apple.com/us/rss/customerreviews/id=1312926037/sortBy=mostRecent/json"
"1312926037","stoic. journal & mental health","manifestation_tool","medium_high","3","jtbd_structure_self_improvement","jtbd","Turn vague self-improvement into concrete actions","2026-05-22T20:25:36-07:00","https://itunes.apple.com/us/rss/customerreviews/id=1312926037/sortBy=mostRecent/json"
"1312926037","stoic. journal & mental health","manifestation_tool","medium_high","3","jtbd_belonging_accountability","jtbd","Feel accompanied or accountable","2026-05-22T20:25:36-07:00","https://itunes.apple.com/us/rss/customerreviews/id=1312926037/sortBy=mostRecent/json"
"1312926037","stoic. journal & mental health","manifestation_tool","medium_high","3","pain_content_depth_customization","pain","Users want more depth, options, or customization","2026-05-22T20:25:36-07:00","https://itunes.apple.com/us/rss/customerreviews/id=1312926037/sortBy=mostRecent/json"
"1312926037","stoic. journal & mental health","manifestation_tool","medium_high","5","pain_content_depth_customization","pain","Users want more depth, options, or customization","2026-05-21T21:16:44-07:00","https://itunes.apple.com/us/rss/customerreviews/id=1312926037/sortBy=mostRecent/json"
"1312926037","stoic. journal & mental health","manifestation_tool","medium_high","5","jtbd_make_growth_visible","jtbd","Show me visible progress so effort feels real","2026-05-19T23:32:48-07:00","https://itunes.apple.com/us/rss/customerreviews/id=1312926037/sortBy=mostRecent/json"
"1312926037","stoic. journal & mental health","manifestation_tool","medium_high","5","jtbd_structure_self_improvement","jtbd","Turn vague self-improvement into concrete actions","2026-05-19T23:32:48-07:00","https://itunes.apple.com/us/rss/customerreviews/id=1312926037/sortBy=mostRecent/json"
"1312926037","stoic. journal & mental health","manifestation_tool","medium_high","5","pain_content_depth_customization","pain","Users want more depth, options, or customization","2026-05-19T23:32:48-07:00","https://itunes.apple.com/us/rss/customerreviews/id=1312926037/sortBy=mostRecent/json"
"1312926037","stoic. journal & mental health","manifestation_tool","medium_high","5","pain_content_depth_customization","pain","Users want more depth, options, or customization","2026-05-18T21:41:48-07:00","https://itunes.apple.com/us/rss/customerreviews/id=1312926037/sortBy=mostRecent/json"
"1312926037","stoic. journal & mental health","manifestation_tool","medium_high","5","jtbd_make_growth_visible","jtbd","Show me visible progress so effort feels real","2026-05-18T10:33:28-07:00","https://itunes.apple.com/us/rss/customerreviews/id=1312926037/sortBy=mostRecent/json"
"1312926037","stoic. journal & mental health","manifestation_tool","medium_high","5","jtbd_structure_self_improvement","jtbd","Turn vague self-improvement into concrete actions","2026-05-18T10:33:28-07:00","https://itunes.apple.com/us/rss/customerreviews/id=1312926037/sortBy=mostRecent/json"
"1312926037","stoic. journal & mental health","manifestation_tool","medium_high","5","pain_content_depth_customization","pain","Users want more depth, options, or customization","2026-05-18T10:33:28-07:00","https://itunes.apple.com/us/rss/customerreviews/id=1312926037/sortBy=mostRecent/json"
"1312926037","stoic. journal & mental health","manifestation_tool","medium_high","5","pain_signup_access_friction","pain","Signup, access, or device friction blocks activation","2026-05-18T10:33:28-07:00","https://itunes.apple.com/us/rss/customerreviews/id=1312926037/sortBy=mostRecent/json"
"1312926037","stoic. journal & mental health","manifestation_tool","medium_high","5","jtbd_fast_emotional_reset","jtbd","Help me calm down or reset quickly","2026-05-16T14:42:52-07:00","https://itunes.apple.com/us/rss/customerreviews/id=1312926037/sortBy=mostRecent/json"
"1312926037","stoic. journal & mental health","manifestation_tool","medium_high","5","pain_content_depth_customization","pain","Users want more depth, options, or customization","2026-05-16T14:42:52-07:00","https://itunes.apple.com/us/rss/customerreviews/id=1312926037/sortBy=mostRecent/json"
"1312926037","stoic. journal & mental health","manifestation_tool","medium_high","1","pain_subscription_value","pain","Subscription or paywall does not feel worth it","2026-05-15T12:36:06-07:00","https://itunes.apple.com/us/rss/customerreviews/id=1312926037/sortBy=mostRecent/json"
"1312926037","stoic. journal & mental health","manifestation_tool","medium_high","1","pain_subscription_value","pain","Subscription or paywall does not feel worth it","2026-05-12T20:44:31-07:00","https://itunes.apple.com/us/rss/customerreviews/id=1312926037/sortBy=mostRecent/json"
"1312926037","stoic. journal & mental health","manifestation_tool","medium_high","5","jtbd_daily_anchor","jtbd","Give me a daily anchor I can return to","2026-05-09T07:16:16-07:00","https://itunes.apple.com/us/rss/customerreviews/id=1312926037/sortBy=mostRecent/json"
"1312926037","stoic. journal & mental health","manifestation_tool","medium_high","5","jtbd_make_growth_visible","jtbd","Show me visible progress so effort feels real","2026-05-09T07:16:16-07:00","https://itunes.apple.com/us/rss/customerreviews/id=1312926037/sortBy=mostRecent/json"
"1312926037","stoic. journal & mental health","manifestation_tool","medium_high","5","jtbd_fast_emotional_reset","jtbd","Help me calm down or reset quickly","2026-05-09T05:26:38-07:00","https://itunes.apple.com/us/rss/customerreviews/id=1312926037/sortBy=mostRecent/json"
"1312926037","stoic. journal & mental health","manifestation_tool","medium_high","5","pain_content_depth_customization","pain","Users want more depth, options, or customization","2026-05-09T05:26:38-07:00","https://itunes.apple.com/us/rss/customerreviews/id=1312926037/sortBy=mostRecent/json"
"1312926037","stoic. journal & mental health","manifestation_tool","medium_high","5","pain_content_depth_customization","pain","Users want more depth, options, or customization","2026-05-08T04:48:38-07:00","https://itunes.apple.com/us/rss/customerreviews/id=1312926037/sortBy=mostRecent/json"
"1312926037","stoic. journal & mental health","manifestation_tool","medium_high","5","jtbd_structure_self_improvement","jtbd","Turn vague self-improvement into concrete actions","2026-05-02T11:07:41-07:00","https://itunes.apple.com/us/rss/customerreviews/id=1312926037/sortBy=mostRecent/json"
"1312926037","stoic. journal & mental health","manifestation_tool","medium_high","5","pain_content_depth_customization","pain","Users want more depth, options, or customization","2026-05-02T11:07:41-07:00","https://itunes.apple.com/us/rss/customerreviews/id=1312926037/sortBy=mostRecent/json"
"1312926037","stoic. journal & mental health","manifestation_tool","medium_high","1","jtbd_structure_self_improvement","jtbd","Turn vague self-improvement into concrete actions","2026-04-29T07:45:54-07:00","https://itunes.apple.com/us/rss/customerreviews/id=1312926037/sortBy=mostRecent/json"
"1312926037","stoic. journal & mental health","manifestation_tool","medium_high","1","pain_content_depth_customization","pain","Users want more depth, options, or customization","2026-04-29T07:45:54-07:00","https://itunes.apple.com/us/rss/customerreviews/id=1312926037/sortBy=mostRecent/json"
"1312926037","stoic. journal & mental health","manifestation_tool","medium_high","5","jtbd_fast_emotional_reset","jtbd","Help me calm down or reset quickly","2026-04-26T06:43:38-07:00","https://itunes.apple.com/us/rss/customerreviews/id=1312926037/sortBy=mostRecent/json"
"1312926037","stoic. journal & mental health","manifestation_tool","medium_high","5","jtbd_structure_self_improvement","jtbd","Turn vague self-improvement into concrete actions","2026-04-26T06:43:38-07:00","https://itunes.apple.com/us/rss/customerreviews/id=1312926037/sortBy=mostRecent/json"
"1312926037","stoic. journal & mental health","manifestation_tool","medium_high","5","jtbd_daily_anchor","jtbd","Give me a daily anchor I can return to","2026-04-25T21:29:48-07:00","https://itunes.apple.com/us/rss/customerreviews/id=1312926037/sortBy=mostRecent/json"
"1312926037","stoic. journal & mental health","manifestation_tool","medium_high","5","jtbd_structure_self_improvement","jtbd","Turn vague self-improvement into concrete actions","2026-04-24T17:40:19-07:00","https://itunes.apple.com/us/rss/customerreviews/id=1312926037/sortBy=mostRecent/json"
"1312926037","stoic. journal & mental health","manifestation_tool","medium_high","5","jtbd_daily_anchor","jtbd","Give me a daily anchor I can return to","2026-04-23T12:12:59-07:00","https://itunes.apple.com/us/rss/customerreviews/id=1312926037/sortBy=mostRecent/json"
"1312926037","stoic. journal & mental health","manifestation_tool","medium_high","5","jtbd_structure_self_improvement","jtbd","Turn vague self-improvement into concrete actions","2026-04-23T12:12:59-07:00","https://itunes.apple.com/us/rss/customerreviews/id=1312926037/sortBy=mostRecent/json"
"1312926037","stoic. journal & mental health","manifestation_tool","medium_high","5","pain_content_depth_customization","pain","Users want more depth, options, or customization","2026-04-23T12:12:59-07:00","https://itunes.apple.com/us/rss/customerreviews/id=1312926037/sortBy=mostRecent/json"
"1312926037","stoic. journal & mental health","manifestation_tool","medium_high","5","jtbd_structure_self_improvement","jtbd","Turn vague self-improvement into concrete actions","2026-04-23T09:36:36-07:00","https://itunes.apple.com/us/rss/customerreviews/id=1312926037/sortBy=mostRecent/json"
"1312926037","stoic. journal & mental health","manifestation_tool","medium_high","5","pain_content_depth_customization","pain","Users want more depth, options, or customization","2026-04-23T09:36:36-07:00","https://itunes.apple.com/us/rss/customerreviews/id=1312926037/sortBy=mostRecent/json"
"1312926037","stoic. journal & mental health","manifestation_tool","medium_high","5","jtbd_structure_self_improvement","jtbd","Turn vague self-improvement into concrete actions","2026-04-20T21:33:40-07:00","https://itunes.apple.com/us/rss/customerreviews/id=1312926037/sortBy=mostRecent/json"
"1312926037","stoic. journal & mental health","manifestation_tool","medium_high","5","pain_content_depth_customization","pain","Users want more depth, options, or customization","2026-04-20T21:33:40-07:00","https://itunes.apple.com/us/rss/customerreviews/id=1312926037/sortBy=mostRecent/json"
"1312926037","stoic. journal & mental health","manifestation_tool","medium_high","5","jtbd_fast_emotional_reset","jtbd","Help me calm down or reset quickly","2026-04-20T19:41:08-07:00","https://itunes.apple.com/us/rss/customerreviews/id=1312926037/sortBy=mostRecent/json"
"1312926037","stoic. journal & mental health","manifestation_tool","medium_high","5","pain_reliability_breaks_ritual","pain","Bugs break trust and interrupt the ritual","2026-04-20T19:41:08-07:00","https://itunes.apple.com/us/rss/customerreviews/id=1312926037/sortBy=mostRecent/json"
"1312926037","stoic. journal & mental health","manifestation_tool","medium_high","1","pain_reliability_breaks_ritual","pain","Bugs break trust and interrupt the ritual","2026-04-19T11:35:42-07:00","https://itunes.apple.com/us/rss/customerreviews/id=1312926037/sortBy=mostRecent/json"
"1312926037","stoic. journal & mental health","manifestation_tool","medium_high","1","pain_reliability_breaks_ritual","pain","Bugs break trust and interrupt the ritual","2026-04-19T06:54:07-07:00","https://itunes.apple.com/us/rss/customerreviews/id=1312926037/sortBy=mostRecent/json"
"1312926037","stoic. journal & mental health","manifestation_tool","medium_high","1","pain_content_depth_customization","pain","Users want more depth, options, or customization","2026-04-19T06:54:07-07:00","https://itunes.apple.com/us/rss/customerreviews/id=1312926037/sortBy=mostRecent/json"
"1312926037","stoic. journal & mental health","manifestation_tool","medium_high","1","pain_unclear_game_loop","pain","The game layer can feel confusing or disconnected","2026-04-19T06:54:07-07:00","https://itunes.apple.com/us/rss/customerreviews/id=1312926037/sortBy=mostRecent/json"
"1312926037","stoic. journal & mental health","manifestation_tool","medium_high","1","pain_signup_access_friction","pain","Signup, access, or device friction blocks activation","2026-04-19T06:54:07-07:00","https://itunes.apple.com/us/rss/customerreviews/id=1312926037/sortBy=mostRecent/json"
"1312926037","stoic. journal & mental health","manifestation_tool","medium_high","1","pain_content_depth_customization","pain","Users want more depth, options, or customization","2026-04-19T03:46:04-07:00","https://itunes.apple.com/us/rss/customerreviews/id=1312926037/sortBy=mostRecent/json"
"1312926037","stoic. journal & mental health","manifestation_tool","medium_high","1","pain_reliability_breaks_ritual","pain","Bugs break trust and interrupt the ritual","2026-04-18T22:54:38-07:00","https://itunes.apple.com/us/rss/customerreviews/id=1312926037/sortBy=mostRecent/json"
"1312926037","stoic. journal & mental health","manifestation_tool","medium_high","5","pain_content_depth_customization","pain","Users want more depth, options, or customization","2026-04-07T10:38:55-07:00","https://itunes.apple.com/us/rss/customerreviews/id=1312926037/sortBy=mostRecent/json"
"1312926037","stoic. journal & mental health","manifestation_tool","medium_high","4","jtbd_structure_self_improvement","jtbd","Turn vague self-improvement into concrete actions","2026-04-05T10:49:15-07:00","https://itunes.apple.com/us/rss/customerreviews/id=1312926037/sortBy=mostRecent/json"
"1312926037","stoic. journal & mental health","manifestation_tool","medium_high","4","pain_content_depth_customization","pain","Users want more depth, options, or customization","2026-04-05T10:49:15-07:00","https://itunes.apple.com/us/rss/customerreviews/id=1312926037/sortBy=mostRecent/json"
"1312926037","stoic. journal & mental health","manifestation_tool","medium_high","5","jtbd_daily_anchor","jtbd","Give me a daily anchor I can return to","2026-04-02T10:15:15-07:00","https://itunes.apple.com/us/rss/customerreviews/id=1312926037/sortBy=mostRecent/json"
"1312926037","stoic. journal & mental health","manifestation_tool","medium_high","5","jtbd_structure_self_improvement","jtbd","Turn vague self-improvement into concrete actions","2026-04-02T10:15:15-07:00","https://itunes.apple.com/us/rss/customerreviews/id=1312926037/sortBy=mostRecent/json"
"1312926037","stoic. journal & mental health","manifestation_tool","medium_high","5","pain_content_depth_customization","pain","Users want more depth, options, or customization","2026-04-02T10:15:15-07:00","https://itunes.apple.com/us/rss/customerreviews/id=1312926037/sortBy=mostRecent/json"
"1312926037","stoic. journal & mental health","manifestation_tool","medium_high","4","jtbd_daily_anchor","jtbd","Give me a daily anchor I can return to","2026-03-23T15:47:37-07:00","https://itunes.apple.com/us/rss/customerreviews/id=1312926037/sortBy=mostRecent/json"
"1312926037","stoic. journal & mental health","manifestation_tool","medium_high","4","pain_reliability_breaks_ritual","pain","Bugs break trust and interrupt the ritual","2026-03-23T15:47:37-07:00","https://itunes.apple.com/us/rss/customerreviews/id=1312926037/sortBy=mostRecent/json"
"1312926037","stoic. journal & mental health","manifestation_tool","medium_high","4","pain_content_depth_customization","pain","Users want more depth, options, or customization","2026-03-23T15:47:37-07:00","https://itunes.apple.com/us/rss/customerreviews/id=1312926037/sortBy=mostRecent/json"
"1312926037","stoic. journal & mental health","manifestation_tool","medium_high","5","jtbd_daily_anchor","jtbd","Give me a daily anchor I can return to","2026-03-04T16:33:44-07:00","https://itunes.apple.com/us/rss/customerreviews/id=1312926037/sortBy=mostRecent/json"
"1312926037","stoic. journal & mental health","manifestation_tool","medium_high","5","jtbd_make_growth_visible","jtbd","Show me visible progress so effort feels real","2026-03-04T16:33:44-07:00","https://itunes.apple.com/us/rss/customerreviews/id=1312926037/sortBy=mostRecent/json"
"1312926037","stoic. journal & mental health","manifestation_tool","medium_high","5","pain_content_depth_customization","pain","Users want more depth, options, or customization","2026-03-04T16:33:44-07:00","https://itunes.apple.com/us/rss/customerreviews/id=1312926037/sortBy=mostRecent/json"
"1312926037","stoic. journal & mental health","manifestation_tool","medium_high","1","pain_subscription_value","pain","Subscription or paywall does not feel worth it","2026-03-01T03:09:52-07:00","https://itunes.apple.com/us/rss/customerreviews/id=1312926037/sortBy=mostRecent/json"
"1312926037","stoic. journal & mental health","manifestation_tool","medium_high","1","pain_reliability_breaks_ritual","pain","Bugs break trust and interrupt the ritual","2026-03-01T03:09:52-07:00","https://itunes.apple.com/us/rss/customerreviews/id=1312926037/sortBy=mostRecent/json"
"1312926037","stoic. journal & mental health","manifestation_tool","medium_high","1","pain_content_depth_customization","pain","Users want more depth, options, or customization","2026-03-01T03:09:52-07:00","https://itunes.apple.com/us/rss/customerreviews/id=1312926037/sortBy=mostRecent/json"
"1312926037","stoic. journal & mental health","manifestation_tool","medium_high","1","pain_trust_accuracy_safety","pain","Trust, accuracy, or spiritual safety concerns","2026-03-01T03:09:52-07:00","https://itunes.apple.com/us/rss/customerreviews/id=1312926037/sortBy=mostRecent/json"
"1312926037","stoic. journal & mental health","manifestation_tool","medium_high","4","jtbd_make_growth_visible","jtbd","Show me visible progress so effort feels real","2026-02-27T06:32:00-07:00","https://itunes.apple.com/us/rss/customerreviews/id=1312926037/sortBy=mostRecent/json"
"1312926037","stoic. journal & mental health","manifestation_tool","medium_high","4","jtbd_structure_self_improvement","jtbd","Turn vague self-improvement into concrete actions","2026-02-27T06:32:00-07:00","https://itunes.apple.com/us/rss/customerreviews/id=1312926037/sortBy=mostRecent/json"
"1312926037","stoic. journal & mental health","manifestation_tool","medium_high","4","pain_subscription_value","pain","Subscription or paywall does not feel worth it","2026-02-27T06:32:00-07:00","https://itunes.apple.com/us/rss/customerreviews/id=1312926037/sortBy=mostRecent/json"
"1312926037","stoic. journal & mental health","manifestation_tool","medium_high","4","pain_trust_accuracy_safety","pain","Trust, accuracy, or spiritual safety concerns","2026-02-27T06:32:00-07:00","https://itunes.apple.com/us/rss/customerreviews/id=1312926037/sortBy=mostRecent/json"
"1312926037","stoic. journal & mental health","manifestation_tool","medium_high","4","pain_subscription_value","pain","Subscription or paywall does not feel worth it","2026-02-22T15:45:14-07:00","https://itunes.apple.com/us/rss/customerreviews/id=1312926037/sortBy=mostRecent/json"
"1312926037","stoic. journal & mental health","manifestation_tool","medium_high","2","jtbd_fast_emotional_reset","jtbd","Help me calm down or reset quickly","2026-02-18T01:32:35-07:00","https://itunes.apple.com/us/rss/customerreviews/id=1312926037/sortBy=mostRecent/json"
"1312926037","stoic. journal & mental health","manifestation_tool","medium_high","2","pain_content_depth_customization","pain","Users want more depth, options, or customization","2026-02-18T01:32:35-07:00","https://itunes.apple.com/us/rss/customerreviews/id=1312926037/sortBy=mostRecent/json"
"1044867788","Day One: Daily Journal & Diary","gamified_self_improvement","medium_high","5","jtbd_make_growth_visible","jtbd","Show me visible progress so effort feels real","2026-05-28T14:23:42-07:00","https://itunes.apple.com/us/rss/customerreviews/id=1044867788/sortBy=mostRecent/json"
"1044867788","Day One: Daily Journal & Diary","gamified_self_improvement","medium_high","5","jtbd_structure_self_improvement","jtbd","Turn vague self-improvement into concrete actions","2026-05-28T14:23:42-07:00","https://itunes.apple.com/us/rss/customerreviews/id=1044867788/sortBy=mostRecent/json"
"1044867788","Day One: Daily Journal & Diary","gamified_self_improvement","medium_high","5","pain_content_depth_customization","pain","Users want more depth, options, or customization","2026-05-28T14:23:42-07:00","https://itunes.apple.com/us/rss/customerreviews/id=1044867788/sortBy=mostRecent/json"
"1044867788","Day One: Daily Journal & Diary","gamified_self_improvement","medium_high","5","jtbd_make_growth_visible","jtbd","Show me visible progress so effort feels real","2026-05-27T15:30:27-07:00","https://itunes.apple.com/us/rss/customerreviews/id=1044867788/sortBy=mostRecent/json"
"1044867788","Day One: Daily Journal & Diary","gamified_self_improvement","medium_high","5","jtbd_structure_self_improvement","jtbd","Turn vague self-improvement into concrete actions","2026-05-26T08:36:26-07:00","https://itunes.apple.com/us/rss/customerreviews/id=1044867788/sortBy=mostRecent/json"
"1044867788","Day One: Daily Journal & Diary","gamified_self_improvement","medium_high","5","jtbd_structure_self_improvement","jtbd","Turn vague self-improvement into concrete actions","2026-05-20T15:33:35-07:00","https://itunes.apple.com/us/rss/customerreviews/id=1044867788/sortBy=mostRecent/json"
"1044867788","Day One: Daily Journal & Diary","gamified_self_improvement","medium_high","5","jtbd_daily_anchor","jtbd","Give me a daily anchor I can return to","2026-05-20T10:22:08-07:00","https://itunes.apple.com/us/rss/customerreviews/id=1044867788/sortBy=mostRecent/json"
"1044867788","Day One: Daily Journal & Diary","gamified_self_improvement","medium_high","5","jtbd_structure_self_improvement","jtbd","Turn vague self-improvement into concrete actions","2026-05-20T10:22:08-07:00","https://itunes.apple.com/us/rss/customerreviews/id=1044867788/sortBy=mostRecent/json"
"1044867788","Day One: Daily Journal & Diary","gamified_self_improvement","medium_high","3","pain_unclear_game_loop","pain","The game layer can feel confusing or disconnected","2026-05-19T19:38:04-07:00","https://itunes.apple.com/us/rss/customerreviews/id=1044867788/sortBy=mostRecent/json"
"1044867788","Day One: Daily Journal & Diary","gamified_self_improvement","medium_high","1","jtbd_daily_anchor","jtbd","Give me a daily anchor I can return to","2026-05-19T08:39:32-07:00","https://itunes.apple.com/us/rss/customerreviews/id=1044867788/sortBy=mostRecent/json"
"1044867788","Day One: Daily Journal & Diary","gamified_self_improvement","medium_high","1","pain_subscription_value","pain","Subscription or paywall does not feel worth it","2026-05-19T08:39:32-07:00","https://itunes.apple.com/us/rss/customerreviews/id=1044867788/sortBy=mostRecent/json"
"1044867788","Day One: Daily Journal & Diary","gamified_self_improvement","medium_high","3","pain_signup_access_friction","pain","Signup, access, or device friction blocks activation","2026-05-15T05:35:14-07:00","https://itunes.apple.com/us/rss/customerreviews/id=1044867788/sortBy=mostRecent/json"
"1044867788","Day One: Daily Journal & Diary","gamified_self_improvement","medium_high","5","jtbd_daily_anchor","jtbd","Give me a daily anchor I can return to","2026-05-12T04:03:42-07:00","https://itunes.apple.com/us/rss/customerreviews/id=1044867788/sortBy=mostRecent/json"
"1044867788","Day One: Daily Journal & Diary","gamified_self_improvement","medium_high","5","jtbd_make_growth_visible","jtbd","Show me visible progress so effort feels real","2026-05-12T04:03:42-07:00","https://itunes.apple.com/us/rss/customerreviews/id=1044867788/sortBy=mostRecent/json"
"1044867788","Day One: Daily Journal & Diary","gamified_self_improvement","medium_high","5","jtbd_structure_self_improvement","jtbd","Turn vague self-improvement into concrete actions","2026-05-12T04:03:42-07:00","https://itunes.apple.com/us/rss/customerreviews/id=1044867788/sortBy=mostRecent/json"
"1044867788","Day One: Daily Journal & Diary","gamified_self_improvement","medium_high","5","jtbd_belonging_accountability","jtbd","Feel accompanied or accountable","2026-05-12T04:03:42-07:00","https://itunes.apple.com/us/rss/customerreviews/id=1044867788/sortBy=mostRecent/json"
"1044867788","Day One: Daily Journal & Diary","gamified_self_improvement","medium_high","5","pain_content_depth_customization","pain","Users want more depth, options, or customization","2026-05-12T04:03:42-07:00","https://itunes.apple.com/us/rss/customerreviews/id=1044867788/sortBy=mostRecent/json"
"1044867788","Day One: Daily Journal & Diary","gamified_self_improvement","medium_high","3","jtbd_structure_self_improvement","jtbd","Turn vague self-improvement into concrete actions","2026-05-10T19:59:16-07:00","https://itunes.apple.com/us/rss/customerreviews/id=1044867788/sortBy=mostRecent/json"
"1044867788","Day One: Daily Journal & Diary","gamified_self_improvement","medium_high","5","jtbd_structure_self_improvement","jtbd","Turn vague self-improvement into concrete actions","2026-05-09T06:38:45-07:00","https://itunes.apple.com/us/rss/customerreviews/id=1044867788/sortBy=mostRecent/json"
"1044867788","Day One: Daily Journal & Diary","gamified_self_improvement","medium_high","5","jtbd_make_growth_visible","jtbd","Show me visible progress so effort feels real","2026-05-07T14:44:47-07:00","https://itunes.apple.com/us/rss/customerreviews/id=1044867788/sortBy=mostRecent/json"
"1044867788","Day One: Daily Journal & Diary","gamified_self_improvement","medium_high","5","jtbd_structure_self_improvement","jtbd","Turn vague self-improvement into concrete actions","2026-05-07T14:44:47-07:00","https://itunes.apple.com/us/rss/customerreviews/id=1044867788/sortBy=mostRecent/json"
"1044867788","Day One: Daily Journal & Diary","gamified_self_improvement","medium_high","5","pain_subscription_value","pain","Subscription or paywall does not feel worth it","2026-05-07T14:44:47-07:00","https://itunes.apple.com/us/rss/customerreviews/id=1044867788/sortBy=mostRecent/json"
"1044867788","Day One: Daily Journal & Diary","gamified_self_improvement","medium_high","5","pain_content_depth_customization","pain","Users want more depth, options, or customization","2026-05-07T14:44:47-07:00","https://itunes.apple.com/us/rss/customerreviews/id=1044867788/sortBy=mostRecent/json"
"1044867788","Day One: Daily Journal & Diary","gamified_self_improvement","medium_high","5","jtbd_structure_self_improvement","jtbd","Turn vague self-improvement into concrete actions","2026-05-06T18:56:00-07:00","https://itunes.apple.com/us/rss/customerreviews/id=1044867788/sortBy=mostRecent/json"
"1044867788","Day One: Daily Journal & Diary","gamified_self_improvement","medium_high","5","pain_content_depth_customization","pain","Users want more depth, options, or customization","2026-05-06T18:56:00-07:00","https://itunes.apple.com/us/rss/customerreviews/id=1044867788/sortBy=mostRecent/json"
"1044867788","Day One: Daily Journal & Diary","gamified_self_improvement","medium_high","5","jtbd_belonging_accountability","jtbd","Feel accompanied or accountable","2026-05-05T17:25:37-07:00","https://itunes.apple.com/us/rss/customerreviews/id=1044867788/sortBy=mostRecent/json"
"1044867788","Day One: Daily Journal & Diary","gamified_self_improvement","medium_high","2","jtbd_make_growth_visible","jtbd","Show me visible progress so effort feels real","2026-05-05T07:18:02-07:00","https://itunes.apple.com/us/rss/customerreviews/id=1044867788/sortBy=mostRecent/json"
"1044867788","Day One: Daily Journal & Diary","gamified_self_improvement","medium_high","2","pain_subscription_value","pain","Subscription or paywall does not feel worth it","2026-05-05T07:18:02-07:00","https://itunes.apple.com/us/rss/customerreviews/id=1044867788/sortBy=mostRecent/json"
"1044867788","Day One: Daily Journal & Diary","gamified_self_improvement","medium_high","1","jtbd_daily_anchor","jtbd","Give me a daily anchor I can return to","2026-05-04T22:32:06-07:00","https://itunes.apple.com/us/rss/customerreviews/id=1044867788/sortBy=mostRecent/json"
"1044867788","Day One: Daily Journal & Diary","gamified_self_improvement","medium_high","1","pain_content_depth_customization","pain","Users want more depth, options, or customization","2026-05-04T22:32:06-07:00","https://itunes.apple.com/us/rss/customerreviews/id=1044867788/sortBy=mostRecent/json"
"1044867788","Day One: Daily Journal & Diary","gamified_self_improvement","medium_high","1","pain_reliability_breaks_ritual","pain","Bugs break trust and interrupt the ritual","2026-05-04T02:10:36-07:00","https://itunes.apple.com/us/rss/customerreviews/id=1044867788/sortBy=mostRecent/json"
"1044867788","Day One: Daily Journal & Diary","gamified_self_improvement","medium_high","5","jtbd_structure_self_improvement","jtbd","Turn vague self-improvement into concrete actions","2026-05-03T08:25:04-07:00","https://itunes.apple.com/us/rss/customerreviews/id=1044867788/sortBy=mostRecent/json"
"1044867788","Day One: Daily Journal & Diary","gamified_self_improvement","medium_high","5","pain_reliability_breaks_ritual","pain","Bugs break trust and interrupt the ritual","2026-05-03T08:25:04-07:00","https://itunes.apple.com/us/rss/customerreviews/id=1044867788/sortBy=mostRecent/json"
"1044867788","Day One: Daily Journal & Diary","gamified_self_improvement","medium_high","5","pain_content_depth_customization","pain","Users want more depth, options, or customization","2026-05-03T08:25:04-07:00","https://itunes.apple.com/us/rss/customerreviews/id=1044867788/sortBy=mostRecent/json"
"1044867788","Day One: Daily Journal & Diary","gamified_self_improvement","medium_high","1","jtbd_make_growth_visible","jtbd","Show me visible progress so effort feels real","2026-04-30T21:41:21-07:00","https://itunes.apple.com/us/rss/customerreviews/id=1044867788/sortBy=mostRecent/json"
"1044867788","Day One: Daily Journal & Diary","gamified_self_improvement","medium_high","1","jtbd_structure_self_improvement","jtbd","Turn vague self-improvement into concrete actions","2026-04-30T21:41:21-07:00","https://itunes.apple.com/us/rss/customerreviews/id=1044867788/sortBy=mostRecent/json"
"1044867788","Day One: Daily Journal & Diary","gamified_self_improvement","medium_high","1","pain_content_depth_customization","pain","Users want more depth, options, or customization","2026-04-30T21:41:21-07:00","https://itunes.apple.com/us/rss/customerreviews/id=1044867788/sortBy=mostRecent/json"
"1044867788","Day One: Daily Journal & Diary","gamified_self_improvement","medium_high","5","jtbd_structure_self_improvement","jtbd","Turn vague self-improvement into concrete actions","2026-04-30T05:19:53-07:00","https://itunes.apple.com/us/rss/customerreviews/id=1044867788/sortBy=mostRecent/json"
"1044867788","Day One: Daily Journal & Diary","gamified_self_improvement","medium_high","2","jtbd_daily_anchor","jtbd","Give me a daily anchor I can return to","2026-04-27T19:09:45-07:00","https://itunes.apple.com/us/rss/customerreviews/id=1044867788/sortBy=mostRecent/json"
"1044867788","Day One: Daily Journal & Diary","gamified_self_improvement","medium_high","2","jtbd_structure_self_improvement","jtbd","Turn vague self-improvement into concrete actions","2026-04-27T19:09:45-07:00","https://itunes.apple.com/us/rss/customerreviews/id=1044867788/sortBy=mostRecent/json"
"1044867788","Day One: Daily Journal & Diary","gamified_self_improvement","medium_high","2","pain_content_depth_customization","pain","Users want more depth, options, or customization","2026-04-27T19:09:45-07:00","https://itunes.apple.com/us/rss/customerreviews/id=1044867788/sortBy=mostRecent/json"
"1044867788","Day One: Daily Journal & Diary","gamified_self_improvement","medium_high","2","pain_trust_accuracy_safety","pain","Trust, accuracy, or spiritual safety concerns","2026-04-27T19:09:45-07:00","https://itunes.apple.com/us/rss/customerreviews/id=1044867788/sortBy=mostRecent/json"
"1044867788","Day One: Daily Journal & Diary","gamified_self_improvement","medium_high","5","jtbd_daily_anchor","jtbd","Give me a daily anchor I can return to","2026-04-27T05:43:59-07:00","https://itunes.apple.com/us/rss/customerreviews/id=1044867788/sortBy=mostRecent/json"
"1044867788","Day One: Daily Journal & Diary","gamified_self_improvement","medium_high","5","jtbd_structure_self_improvement","jtbd","Turn vague self-improvement into concrete actions","2026-04-27T05:43:59-07:00","https://itunes.apple.com/us/rss/customerreviews/id=1044867788/sortBy=mostRecent/json"
"1044867788","Day One: Daily Journal & Diary","gamified_self_improvement","medium_high","5","pain_content_depth_customization","pain","Users want more depth, options, or customization","2026-04-27T05:43:59-07:00","https://itunes.apple.com/us/rss/customerreviews/id=1044867788/sortBy=mostRecent/json"
"1044867788","Day One: Daily Journal & Diary","gamified_self_improvement","medium_high","5","jtbd_structure_self_improvement","jtbd","Turn vague self-improvement into concrete actions","2026-04-25T06:35:24-07:00","https://itunes.apple.com/us/rss/customerreviews/id=1044867788/sortBy=mostRecent/json"
"1044867788","Day One: Daily Journal & Diary","gamified_self_improvement","medium_high","5","pain_content_depth_customization","pain","Users want more depth, options, or customization","2026-04-25T06:35:24-07:00","https://itunes.apple.com/us/rss/customerreviews/id=1044867788/sortBy=mostRecent/json"
"1044867788","Day One: Daily Journal & Diary","gamified_self_improvement","medium_high","4","pain_reliability_breaks_ritual","pain","Bugs break trust and interrupt the ritual","2026-04-24T06:06:50-07:00","https://itunes.apple.com/us/rss/customerreviews/id=1044867788/sortBy=mostRecent/json"
"1044867788","Day One: Daily Journal & Diary","gamified_self_improvement","medium_high","4","pain_content_depth_customization","pain","Users want more depth, options, or customization","2026-04-24T06:06:50-07:00","https://itunes.apple.com/us/rss/customerreviews/id=1044867788/sortBy=mostRecent/json"
"1044867788","Day One: Daily Journal & Diary","gamified_self_improvement","medium_high","4","pain_signup_access_friction","pain","Signup, access, or device friction blocks activation","2026-04-24T06:06:50-07:00","https://itunes.apple.com/us/rss/customerreviews/id=1044867788/sortBy=mostRecent/json"
"1044867788","Day One: Daily Journal & Diary","gamified_self_improvement","medium_high","1","pain_subscription_value","pain","Subscription or paywall does not feel worth it","2026-04-22T09:26:07-07:00","https://itunes.apple.com/us/rss/customerreviews/id=1044867788/sortBy=mostRecent/json"
"1044867788","Day One: Daily Journal & Diary","gamified_self_improvement","medium_high","1","pain_content_depth_customization","pain","Users want more depth, options, or customization","2026-04-22T09:26:07-07:00","https://itunes.apple.com/us/rss/customerreviews/id=1044867788/sortBy=mostRecent/json"
"1044867788","Day One: Daily Journal & Diary","gamified_self_improvement","medium_high","5","jtbd_structure_self_improvement","jtbd","Turn vague self-improvement into concrete actions","2026-04-20T12:44:05-07:00","https://itunes.apple.com/us/rss/customerreviews/id=1044867788/sortBy=mostRecent/json"
"1044867788","Day One: Daily Journal & Diary","gamified_self_improvement","medium_high","5","jtbd_daily_anchor","jtbd","Give me a daily anchor I can return to","2026-04-20T07:41:49-07:00","https://itunes.apple.com/us/rss/customerreviews/id=1044867788/sortBy=mostRecent/json"
"1044867788","Day One: Daily Journal & Diary","gamified_self_improvement","medium_high","5","jtbd_make_growth_visible","jtbd","Show me visible progress so effort feels real","2026-04-20T07:41:49-07:00","https://itunes.apple.com/us/rss/customerreviews/id=1044867788/sortBy=mostRecent/json"
"1044867788","Day One: Daily Journal & Diary","gamified_self_improvement","medium_high","5","jtbd_structure_self_improvement","jtbd","Turn vague self-improvement into concrete actions","2026-04-20T07:41:49-07:00","https://itunes.apple.com/us/rss/customerreviews/id=1044867788/sortBy=mostRecent/json"
"1044867788","Day One: Daily Journal & Diary","gamified_self_improvement","medium_high","5","pain_content_depth_customization","pain","Users want more depth, options, or customization","2026-04-20T07:41:49-07:00","https://itunes.apple.com/us/rss/customerreviews/id=1044867788/sortBy=mostRecent/json"
"1044867788","Day One: Daily Journal & Diary","gamified_self_improvement","medium_high","2","jtbd_structure_self_improvement","jtbd","Turn vague self-improvement into concrete actions","2026-04-18T08:44:31-07:00","https://itunes.apple.com/us/rss/customerreviews/id=1044867788/sortBy=mostRecent/json"
"1044867788","Day One: Daily Journal & Diary","gamified_self_improvement","medium_high","5","jtbd_daily_anchor","jtbd","Give me a daily anchor I can return to","2026-04-18T02:58:21-07:00","https://itunes.apple.com/us/rss/customerreviews/id=1044867788/sortBy=mostRecent/json"
"1044867788","Day One: Daily Journal & Diary","gamified_self_improvement","medium_high","5","jtbd_belonging_accountability","jtbd","Feel accompanied or accountable","2026-04-17T22:17:38-07:00","https://itunes.apple.com/us/rss/customerreviews/id=1044867788/sortBy=mostRecent/json"
"1044867788","Day One: Daily Journal & Diary","gamified_self_improvement","medium_high","5","jtbd_daily_anchor","jtbd","Give me a daily anchor I can return to","2026-04-16T20:14:25-07:00","https://itunes.apple.com/us/rss/customerreviews/id=1044867788/sortBy=mostRecent/json"
"1044867788","Day One: Daily Journal & Diary","gamified_self_improvement","medium_high","5","jtbd_make_growth_visible","jtbd","Show me visible progress so effort feels real","2026-04-16T20:14:25-07:00","https://itunes.apple.com/us/rss/customerreviews/id=1044867788/sortBy=mostRecent/json"
"1044867788","Day One: Daily Journal & Diary","gamified_self_improvement","medium_high","5","jtbd_belonging_accountability","jtbd","Feel accompanied or accountable","2026-04-16T20:14:25-07:00","https://itunes.apple.com/us/rss/customerreviews/id=1044867788/sortBy=mostRecent/json"
"1044867788","Day One: Daily Journal & Diary","gamified_self_improvement","medium_high","1","jtbd_daily_anchor","jtbd","Give me a daily anchor I can return to","2026-04-16T18:49:54-07:00","https://itunes.apple.com/us/rss/customerreviews/id=1044867788/sortBy=mostRecent/json"
"1044867788","Day One: Daily Journal & Diary","gamified_self_improvement","medium_high","1","pain_subscription_value","pain","Subscription or paywall does not feel worth it","2026-04-16T18:49:54-07:00","https://itunes.apple.com/us/rss/customerreviews/id=1044867788/sortBy=mostRecent/json"
"1044867788","Day One: Daily Journal & Diary","gamified_self_improvement","medium_high","1","pain_signup_access_friction","pain","Signup, access, or device friction blocks activation","2026-04-16T18:49:54-07:00","https://itunes.apple.com/us/rss/customerreviews/id=1044867788/sortBy=mostRecent/json"
"1044867788","Day One: Daily Journal & Diary","gamified_self_improvement","medium_high","5","jtbd_structure_self_improvement","jtbd","Turn vague self-improvement into concrete actions","2026-04-16T17:00:44-07:00","https://itunes.apple.com/us/rss/customerreviews/id=1044867788/sortBy=mostRecent/json"
"1044867788","Day One: Daily Journal & Diary","gamified_self_improvement","medium_high","5","jtbd_daily_anchor","jtbd","Give me a daily anchor I can return to","2026-04-15T12:24:01-07:00","https://itunes.apple.com/us/rss/customerreviews/id=1044867788/sortBy=mostRecent/json"
"1044867788","Day One: Daily Journal & Diary","gamified_self_improvement","medium_high","5","jtbd_structure_self_improvement","jtbd","Turn vague self-improvement into concrete actions","2026-04-15T12:24:01-07:00","https://itunes.apple.com/us/rss/customerreviews/id=1044867788/sortBy=mostRecent/json"
"1044867788","Day One: Daily Journal & Diary","gamified_self_improvement","medium_high","5","pain_content_depth_customization","pain","Users want more depth, options, or customization","2026-04-15T12:24:01-07:00","https://itunes.apple.com/us/rss/customerreviews/id=1044867788/sortBy=mostRecent/json"
"1044867788","Day One: Daily Journal & Diary","gamified_self_improvement","medium_high","1","pain_subscription_value","pain","Subscription or paywall does not feel worth it","2026-04-15T06:50:56-07:00","https://itunes.apple.com/us/rss/customerreviews/id=1044867788/sortBy=mostRecent/json"
"1044867788","Day One: Daily Journal & Diary","gamified_self_improvement","medium_high","1","pain_signup_access_friction","pain","Signup, access, or device friction blocks activation","2026-04-15T06:50:56-07:00","https://itunes.apple.com/us/rss/customerreviews/id=1044867788/sortBy=mostRecent/json"
"1044867788","Day One: Daily Journal & Diary","gamified_self_improvement","medium_high","4","pain_content_depth_customization","pain","Users want more depth, options, or customization","2026-04-14T17:48:10-07:00","https://itunes.apple.com/us/rss/customerreviews/id=1044867788/sortBy=mostRecent/json"
"1044867788","Day One: Daily Journal & Diary","gamified_self_improvement","medium_high","5","jtbd_structure_self_improvement","jtbd","Turn vague self-improvement into concrete actions","2026-04-14T06:43:28-07:00","https://itunes.apple.com/us/rss/customerreviews/id=1044867788/sortBy=mostRecent/json"
"1044867788","Day One: Daily Journal & Diary","gamified_self_improvement","medium_high","5","pain_content_depth_customization","pain","Users want more depth, options, or customization","2026-04-14T06:43:28-07:00","https://itunes.apple.com/us/rss/customerreviews/id=1044867788/sortBy=mostRecent/json"
"1044867788","Day One: Daily Journal & Diary","gamified_self_improvement","medium_high","2","jtbd_structure_self_improvement","jtbd","Turn vague self-improvement into concrete actions","2026-04-13T13:43:12-07:00","https://itunes.apple.com/us/rss/customerreviews/id=1044867788/sortBy=mostRecent/json"
"1044867788","Day One: Daily Journal & Diary","gamified_self_improvement","medium_high","2","pain_subscription_value","pain","Subscription or paywall does not feel worth it","2026-04-13T13:43:12-07:00","https://itunes.apple.com/us/rss/customerreviews/id=1044867788/sortBy=mostRecent/json"
"1044867788","Day One: Daily Journal & Diary","gamified_self_improvement","medium_high","2","pain_content_depth_customization","pain","Users want more depth, options, or customization","2026-04-13T13:43:12-07:00","https://itunes.apple.com/us/rss/customerreviews/id=1044867788/sortBy=mostRecent/json"
"1044867788","Day One: Daily Journal & Diary","gamified_self_improvement","medium_high","4","pain_content_depth_customization","pain","Users want more depth, options, or customization","2026-04-13T11:47:19-07:00","https://itunes.apple.com/us/rss/customerreviews/id=1044867788/sortBy=mostRecent/json"
"1044867788","Day One: Daily Journal & Diary","gamified_self_improvement","medium_high","5","jtbd_structure_self_improvement","jtbd","Turn vague self-improvement into concrete actions","2026-04-13T10:52:25-07:00","https://itunes.apple.com/us/rss/customerreviews/id=1044867788/sortBy=mostRecent/json"
"1044867788","Day One: Daily Journal & Diary","gamified_self_improvement","medium_high","5","pain_signup_access_friction","pain","Signup, access, or device friction blocks activation","2026-04-13T10:52:25-07:00","https://itunes.apple.com/us/rss/customerreviews/id=1044867788/sortBy=mostRecent/json"
"1237105346","MindFi: Mind Fitness for All","gamified_self_improvement","high","1","jtbd_daily_anchor","jtbd","Give me a daily anchor I can return to","2024-11-03T04:11:33-07:00","https://itunes.apple.com/us/rss/customerreviews/id=1237105346/sortBy=mostRecent/json"
"1237105346","MindFi: Mind Fitness for All","gamified_self_improvement","high","1","jtbd_fast_emotional_reset","jtbd","Help me calm down or reset quickly","2024-11-03T04:11:33-07:00","https://itunes.apple.com/us/rss/customerreviews/id=1237105346/sortBy=mostRecent/json"
"1237105346","MindFi: Mind Fitness for All","gamified_self_improvement","high","1","pain_reliability_breaks_ritual","pain","Bugs break trust and interrupt the ritual","2024-11-03T04:11:33-07:00","https://itunes.apple.com/us/rss/customerreviews/id=1237105346/sortBy=mostRecent/json"
"1237105346","MindFi: Mind Fitness for All","gamified_self_improvement","high","1","pain_content_depth_customization","pain","Users want more depth, options, or customization","2024-11-03T04:11:33-07:00","https://itunes.apple.com/us/rss/customerreviews/id=1237105346/sortBy=mostRecent/json"
"1237105346","MindFi: Mind Fitness for All","gamified_self_improvement","high","1","pain_unclear_game_loop","pain","The game layer can feel confusing or disconnected","2024-11-03T04:11:33-07:00","https://itunes.apple.com/us/rss/customerreviews/id=1237105346/sortBy=mostRecent/json"
"1237105346","MindFi: Mind Fitness for All","gamified_self_improvement","high","1","pain_signup_access_friction","pain","Signup, access, or device friction blocks activation","2024-11-03T04:11:33-07:00","https://itunes.apple.com/us/rss/customerreviews/id=1237105346/sortBy=mostRecent/json"
"1237105346","MindFi: Mind Fitness for All","gamified_self_improvement","high","5","pain_subscription_value","pain","Subscription or paywall does not feel worth it","2021-05-20T17:52:24-07:00","https://itunes.apple.com/us/rss/customerreviews/id=1237105346/sortBy=mostRecent/json"
"1237105346","MindFi: Mind Fitness for All","gamified_self_improvement","high","5","jtbd_feel_seen_personalized","jtbd","Make the guidance feel personally about me","2019-06-13T05:40:28-07:00","https://itunes.apple.com/us/rss/customerreviews/id=1237105346/sortBy=mostRecent/json"
"1237105346","MindFi: Mind Fitness for All","gamified_self_improvement","high","5","jtbd_fast_emotional_reset","jtbd","Help me calm down or reset quickly","2019-06-13T05:40:28-07:00","https://itunes.apple.com/us/rss/customerreviews/id=1237105346/sortBy=mostRecent/json"
"1237105346","MindFi: Mind Fitness for All","gamified_self_improvement","high","5","jtbd_make_growth_visible","jtbd","Show me visible progress so effort feels real","2019-06-13T05:40:28-07:00","https://itunes.apple.com/us/rss/customerreviews/id=1237105346/sortBy=mostRecent/json"
"1237105346","MindFi: Mind Fitness for All","gamified_self_improvement","high","5","jtbd_structure_self_improvement","jtbd","Turn vague self-improvement into concrete actions","2019-06-13T05:40:28-07:00","https://itunes.apple.com/us/rss/customerreviews/id=1237105346/sortBy=mostRecent/json"
"1237105346","MindFi: Mind Fitness for All","gamified_self_improvement","high","5","pain_subscription_value","pain","Subscription or paywall does not feel worth it","2019-06-13T05:40:28-07:00","https://itunes.apple.com/us/rss/customerreviews/id=1237105346/sortBy=mostRecent/json"
"1237105346","MindFi: Mind Fitness for All","gamified_self_improvement","high","5","pain_content_depth_customization","pain","Users want more depth, options, or customization","2019-06-13T05:40:28-07:00","https://itunes.apple.com/us/rss/customerreviews/id=1237105346/sortBy=mostRecent/json"
"1237105346","MindFi: Mind Fitness for All","gamified_self_improvement","high","5","jtbd_structure_self_improvement","jtbd","Turn vague self-improvement into concrete actions","2019-01-15T18:58:55-07:00","https://itunes.apple.com/us/rss/customerreviews/id=1237105346/sortBy=mostRecent/json"
"1237105346","MindFi: Mind Fitness for All","gamified_self_improvement","high","5","jtbd_fast_emotional_reset","jtbd","Help me calm down or reset quickly","2019-01-14T23:42:08-07:00","https://itunes.apple.com/us/rss/customerreviews/id=1237105346/sortBy=mostRecent/json"
"1237105346","MindFi: Mind Fitness for All","gamified_self_improvement","high","5","pain_content_depth_customization","pain","Users want more depth, options, or customization","2019-01-14T23:42:08-07:00","https://itunes.apple.com/us/rss/customerreviews/id=1237105346/sortBy=mostRecent/json"
"1237105346","MindFi: Mind Fitness for All","gamified_self_improvement","high","5","pain_signup_access_friction","pain","Signup, access, or device friction blocks activation","2019-01-14T23:42:08-07:00","https://itunes.apple.com/us/rss/customerreviews/id=1237105346/sortBy=mostRecent/json"
"1237105346","MindFi: Mind Fitness for All","gamified_self_improvement","high","3","jtbd_structure_self_improvement","jtbd","Turn vague self-improvement into concrete actions","2018-04-12T12:27:58-07:00","https://itunes.apple.com/us/rss/customerreviews/id=1237105346/sortBy=mostRecent/json"
"1237105346","MindFi: Mind Fitness for All","gamified_self_improvement","high","5","jtbd_daily_anchor","jtbd","Give me a daily anchor I can return to","2018-01-11T02:11:51-07:00","https://itunes.apple.com/us/rss/customerreviews/id=1237105346/sortBy=mostRecent/json"
"1237105346","MindFi: Mind Fitness for All","gamified_self_improvement","high","5","jtbd_fast_emotional_reset","jtbd","Help me calm down or reset quickly","2018-01-11T02:11:51-07:00","https://itunes.apple.com/us/rss/customerreviews/id=1237105346/sortBy=mostRecent/json"
"1237105346","MindFi: Mind Fitness for All","gamified_self_improvement","high","5","pain_content_depth_customization","pain","Users want more depth, options, or customization","2018-01-11T02:11:51-07:00","https://itunes.apple.com/us/rss/customerreviews/id=1237105346/sortBy=mostRecent/json"
"1237105346","MindFi: Mind Fitness for All","gamified_self_improvement","high","5","pain_content_depth_customization","pain","Users want more depth, options, or customization","2017-10-23T05:09:17-07:00","https://itunes.apple.com/us/rss/customerreviews/id=1237105346/sortBy=mostRecent/json"
"1237105346","MindFi: Mind Fitness for All","gamified_self_improvement","high","5","jtbd_daily_anchor","jtbd","Give me a daily anchor I can return to","2017-07-20T22:26:51-07:00","https://itunes.apple.com/us/rss/customerreviews/id=1237105346/sortBy=mostRecent/json"
"545849922","Daily Yoga: Yoga for Fitness®","avatar_identity_coaching","high","5","jtbd_structure_self_improvement","jtbd","Turn vague self-improvement into concrete actions","2026-05-27T07:24:33-07:00","https://itunes.apple.com/us/rss/customerreviews/id=545849922/sortBy=mostRecent/json"
"545849922","Daily Yoga: Yoga for Fitness®","avatar_identity_coaching","high","5","jtbd_make_growth_visible","jtbd","Show me visible progress so effort feels real","2026-05-26T18:27:17-07:00","https://itunes.apple.com/us/rss/customerreviews/id=545849922/sortBy=mostRecent/json"
"545849922","Daily Yoga: Yoga for Fitness®","avatar_identity_coaching","high","5","jtbd_belonging_accountability","jtbd","Feel accompanied or accountable","2026-05-26T18:27:17-07:00","https://itunes.apple.com/us/rss/customerreviews/id=545849922/sortBy=mostRecent/json"
"545849922","Daily Yoga: Yoga for Fitness®","avatar_identity_coaching","high","5","jtbd_daily_anchor","jtbd","Give me a daily anchor I can return to","2026-05-26T07:33:46-07:00","https://itunes.apple.com/us/rss/customerreviews/id=545849922/sortBy=mostRecent/json"
"545849922","Daily Yoga: Yoga for Fitness®","avatar_identity_coaching","high","5","jtbd_daily_anchor","jtbd","Give me a daily anchor I can return to","2026-05-15T07:50:38-07:00","https://itunes.apple.com/us/rss/customerreviews/id=545849922/sortBy=mostRecent/json"
"545849922","Daily Yoga: Yoga for Fitness®","avatar_identity_coaching","high","5","pain_subscription_value","pain","Subscription or paywall does not feel worth it","2026-05-15T07:50:38-07:00","https://itunes.apple.com/us/rss/customerreviews/id=545849922/sortBy=mostRecent/json"
"545849922","Daily Yoga: Yoga for Fitness®","avatar_identity_coaching","high","5","pain_subscription_value","pain","Subscription or paywall does not feel worth it","2026-05-14T12:15:56-07:00","https://itunes.apple.com/us/rss/customerreviews/id=545849922/sortBy=mostRecent/json"
"545849922","Daily Yoga: Yoga for Fitness®","avatar_identity_coaching","high","5","jtbd_make_growth_visible","jtbd","Show me visible progress so effort feels real","2026-05-13T10:25:27-07:00","https://itunes.apple.com/us/rss/customerreviews/id=545849922/sortBy=mostRecent/json"
"545849922","Daily Yoga: Yoga for Fitness®","avatar_identity_coaching","high","5","jtbd_structure_self_improvement","jtbd","Turn vague self-improvement into concrete actions","2026-05-12T20:55:48-07:00","https://itunes.apple.com/us/rss/customerreviews/id=545849922/sortBy=mostRecent/json"
"545849922","Daily Yoga: Yoga for Fitness®","avatar_identity_coaching","high","5","pain_content_depth_customization","pain","Users want more depth, options, or customization","2026-05-12T20:55:48-07:00","https://itunes.apple.com/us/rss/customerreviews/id=545849922/sortBy=mostRecent/json"
"545849922","Daily Yoga: Yoga for Fitness®","avatar_identity_coaching","high","5","jtbd_fast_emotional_reset","jtbd","Help me calm down or reset quickly","2026-05-12T06:48:26-07:00","https://itunes.apple.com/us/rss/customerreviews/id=545849922/sortBy=mostRecent/json"
"545849922","Daily Yoga: Yoga for Fitness®","avatar_identity_coaching","high","5","jtbd_daily_anchor","jtbd","Give me a daily anchor I can return to","2026-05-11T15:57:05-07:00","https://itunes.apple.com/us/rss/customerreviews/id=545849922/sortBy=mostRecent/json"
"545849922","Daily Yoga: Yoga for Fitness®","avatar_identity_coaching","high","1","pain_content_depth_customization","pain","Users want more depth, options, or customization","2026-05-08T18:43:53-07:00","https://itunes.apple.com/us/rss/customerreviews/id=545849922/sortBy=mostRecent/json"
"545849922","Daily Yoga: Yoga for Fitness®","avatar_identity_coaching","high","1","pain_subscription_value","pain","Subscription or paywall does not feel worth it","2026-05-07T21:43:14-07:00","https://itunes.apple.com/us/rss/customerreviews/id=545849922/sortBy=mostRecent/json"
"545849922","Daily Yoga: Yoga for Fitness®","avatar_identity_coaching","high","1","pain_signup_access_friction","pain","Signup, access, or device friction blocks activation","2026-05-07T21:43:14-07:00","https://itunes.apple.com/us/rss/customerreviews/id=545849922/sortBy=mostRecent/json"
"545849922","Daily Yoga: Yoga for Fitness®","avatar_identity_coaching","high","1","pain_subscription_value","pain","Subscription or paywall does not feel worth it","2026-05-07T08:43:08-07:00","https://itunes.apple.com/us/rss/customerreviews/id=545849922/sortBy=mostRecent/json"
"545849922","Daily Yoga: Yoga for Fitness®","avatar_identity_coaching","high","5","jtbd_make_growth_visible","jtbd","Show me visible progress so effort feels real","2026-05-05T12:59:31-07:00","https://itunes.apple.com/us/rss/customerreviews/id=545849922/sortBy=mostRecent/json"
"545849922","Daily Yoga: Yoga for Fitness®","avatar_identity_coaching","high","5","pain_content_depth_customization","pain","Users want more depth, options, or customization","2026-05-05T12:59:31-07:00","https://itunes.apple.com/us/rss/customerreviews/id=545849922/sortBy=mostRecent/json"
"545849922","Daily Yoga: Yoga for Fitness®","avatar_identity_coaching","high","5","pain_content_depth_customization","pain","Users want more depth, options, or customization","2026-05-05T06:54:29-07:00","https://itunes.apple.com/us/rss/customerreviews/id=545849922/sortBy=mostRecent/json"
"545849922","Daily Yoga: Yoga for Fitness®","avatar_identity_coaching","high","4","jtbd_daily_anchor","jtbd","Give me a daily anchor I can return to","2026-05-04T16:04:57-07:00","https://itunes.apple.com/us/rss/customerreviews/id=545849922/sortBy=mostRecent/json"
"545849922","Daily Yoga: Yoga for Fitness®","avatar_identity_coaching","high","5","jtbd_make_growth_visible","jtbd","Show me visible progress so effort feels real","2026-05-02T09:40:20-07:00","https://itunes.apple.com/us/rss/customerreviews/id=545849922/sortBy=mostRecent/json"
"545849922","Daily Yoga: Yoga for Fitness®","avatar_identity_coaching","high","5","jtbd_belonging_accountability","jtbd","Feel accompanied or accountable","2026-05-02T09:40:20-07:00","https://itunes.apple.com/us/rss/customerreviews/id=545849922/sortBy=mostRecent/json"
"545849922","Daily Yoga: Yoga for Fitness®","avatar_identity_coaching","high","5","pain_subscription_value","pain","Subscription or paywall does not feel worth it","2026-05-02T09:40:20-07:00","https://itunes.apple.com/us/rss/customerreviews/id=545849922/sortBy=mostRecent/json"
"545849922","Daily Yoga: Yoga for Fitness®","avatar_identity_coaching","high","5","pain_content_depth_customization","pain","Users want more depth, options, or customization","2026-05-02T09:40:20-07:00","https://itunes.apple.com/us/rss/customerreviews/id=545849922/sortBy=mostRecent/json"
"545849922","Daily Yoga: Yoga for Fitness®","avatar_identity_coaching","high","5","jtbd_make_growth_visible","jtbd","Show me visible progress so effort feels real","2026-05-02T06:11:49-07:00","https://itunes.apple.com/us/rss/customerreviews/id=545849922/sortBy=mostRecent/json"
"545849922","Daily Yoga: Yoga for Fitness®","avatar_identity_coaching","high","5","jtbd_make_growth_visible","jtbd","Show me visible progress so effort feels real","2026-05-01T11:35:28-07:00","https://itunes.apple.com/us/rss/customerreviews/id=545849922/sortBy=mostRecent/json"
"545849922","Daily Yoga: Yoga for Fitness®","avatar_identity_coaching","high","3","pain_content_depth_customization","pain","Users want more depth, options, or customization","2026-05-01T10:01:33-07:00","https://itunes.apple.com/us/rss/customerreviews/id=545849922/sortBy=mostRecent/json"
"545849922","Daily Yoga: Yoga for Fitness®","avatar_identity_coaching","high","5","jtbd_structure_self_improvement","jtbd","Turn vague self-improvement into concrete actions","2026-05-01T08:51:31-07:00","https://itunes.apple.com/us/rss/customerreviews/id=545849922/sortBy=mostRecent/json"
"545849922","Daily Yoga: Yoga for Fitness®","avatar_identity_coaching","high","5","jtbd_daily_anchor","jtbd","Give me a daily anchor I can return to","2026-05-01T07:18:30-07:00","https://itunes.apple.com/us/rss/customerreviews/id=545849922/sortBy=mostRecent/json"
"545849922","Daily Yoga: Yoga for Fitness®","avatar_identity_coaching","high","5","jtbd_daily_anchor","jtbd","Give me a daily anchor I can return to","2026-05-01T07:07:44-07:00","https://itunes.apple.com/us/rss/customerreviews/id=545849922/sortBy=mostRecent/json"
"545849922","Daily Yoga: Yoga for Fitness®","avatar_identity_coaching","high","5","jtbd_belonging_accountability","jtbd","Feel accompanied or accountable","2026-05-01T06:32:17-07:00","https://itunes.apple.com/us/rss/customerreviews/id=545849922/sortBy=mostRecent/json"