review_rank,app_store_id,app_name,seller_name,archetype,direct_threat_level,review_status,duplicate_flag,app_store_rating,review_count,alina_closeness,alina_core_score,competitive_threat_score,competitive_verdict,personal_meaning,one_daily_action,short_reset,avatar_or_identity,behavior_tied_progression,next_day_hook,pricing_tags,observed_iap_count,observed_min_iap_price_usd,observed_max_iap_price_usd,observed_iap_product_tags,retention_tags,review_signal_rows,top_review_signals,jtbd_cluster_rows,pain_cluster_rows,top_review_jtbd,top_review_pains,alina_opening,app_store_url,source_evidence_excerpt
"1","6745461941","Shepherd: Spiritual Bible BFF","Second Round Inc.","faith_devotional_habit","medium_high","ai_assisted_review_v1_needs_human_validation","primary_app_entry","4.82929","8248","very_close","6","40.9","direct_reference_competitor","yes","yes","yes","yes","yes","yes","credits_or_consumables","6","4.99","59.99","subscription_like:1|trial_like:1|consumable_or_unlock:2|unclear_iap:3","daily_loop|streaks|xp_levels|avatar_feedback|journaling_reflection|social|reminders_habits","53","content_depth_request:20|loves_daily_loop:10|quality_bug_complaint:8|loves_emotional_support:7|loves_avatar_progress:6","39","41","jtbd_daily_anchor:19|jtbd_belonging_accountability:7|jtbd_make_growth_visible:6|jtbd_fast_emotional_reset:4","pain_content_depth_customization:20|pain_signup_access_friction:9|pain_reliability_breaks_ritual:8|pain_subscription_value:2","Differentiate by broader spiritual/identity scope, softer safety framing, and better reliability around action-tied progression.","https://apps.apple.com/us/app/shepherd-spiritual-bible-bff/id6745461941?uo=4","Bible study finally feels joyful. Shepherd is a gamified daily devotional and habit tracker for Christians craving consistency – grow closer to God while growing a cute lamb avatar. THREE DAILY WINS - Read a guided Bible passage - Pray with a focused prompt - Reflect in sixty seconds Finish all three and your lamb revives, gains XP, and levels up. Skip days"
"2","6470808583","Pitstop: Scale Human Potential","PitstopHealth Limited","gamified_self_improvement","medium_high","ai_assisted_review_v1_needs_human_validation","primary_app_entry","4.42856","14","close","5","25.2","high_priority_close_substitute","yes","yes","yes","yes","no","yes","free_entry|credits_or_consumables|enterprise_or_human_service","4","14.99","99.99","subscription_like:4","streaks|xp_levels|quests_challenges|avatar_feedback|journaling_reflection|social|reminders_habits","9","loves_avatar_progress:3|content_depth_request:2|loves_emotional_support:1|quality_bug_complaint:1|loves_daily_loop:1","10","6","jtbd_make_growth_visible:3|jtbd_structure_self_improvement:3|jtbd_belonging_accountability:2|jtbd_fast_emotional_reset:1","pain_content_depth_customization:2|pain_reliability_breaks_ritual:1|pain_signup_access_friction:1|pain_subscription_value:1","Make the avatar causally respond to completed daily action, not just exist as profile or decorative identity.","https://apps.apple.com/us/app/pitstop-scale-human-potential/id6470808583?uo=4","Welcome to Pitstop – Scale Human Potential Imagine having access to the same executive coach who advises Fortune 500 CEOs – anytime you need them, even at 2am before a big presentation. The kind of personalized guidance that helps leaders navigate high-stakes decisions, break through limitations, and achieve breakthrough results. With Pitstop, this level of"
"3","6470808583","Pitstop: Scale Human Potential","PitstopHealth Limited","gamified_self_improvement","medium_high","ai_assisted_review_v1_needs_human_validation","duplicate_app_entry","4.42856","14","close","5","25.2","high_priority_close_substitute","yes","yes","yes","yes","no","yes","free_entry|credits_or_consumables|enterprise_or_human_service","4","14.99","99.99","subscription_like:4","streaks|xp_levels|quests_challenges|avatar_feedback|journaling_reflection|social|reminders_habits","9","loves_avatar_progress:3|content_depth_request:2|loves_emotional_support:1|quality_bug_complaint:1|loves_daily_loop:1","10","6","jtbd_make_growth_visible:3|jtbd_structure_self_improvement:3|jtbd_belonging_accountability:2|jtbd_fast_emotional_reset:1","pain_content_depth_customization:2|pain_reliability_breaks_ritual:1|pain_signup_access_friction:1|pain_subscription_value:1","Make the avatar causally respond to completed daily action, not just exist as profile or decorative identity.","https://apps.apple.com/us/app/pitstop-scale-human-potential/id6470808583?uo=4","Welcome to Pitstop – Scale Human Potential Imagine having access to the same executive coach who advises Fortune 500 CEOs – anytime you need them, even at 2am before a big presentation. The kind of personalized guidance that helps leaders navigate high-stakes decisions, break through limitations, and achieve breakthrough results. With Pitstop, this level of"
"4","6469438038","ModernSam: LVL up your life","ModernSam, LLC","manifestation_tool","medium_high","ai_assisted_review_v1_needs_human_validation","primary_app_entry","4.78571","70","close","5","28.9","high_priority_close_substitute","yes","yes","yes","yes","no","yes","free_entry|premium","7","2.99","35.90","subscription_like:2|consumable_or_unlock:5","streaks|xp_levels|quests_challenges|avatar_feedback|journaling_reflection|social|reminders_habits","46","content_depth_request:17|loves_emotional_support:11|loves_avatar_progress:10|loves_daily_loop:6|pricing_complaint:1","50","34","jtbd_structure_self_improvement:18|jtbd_make_growth_visible:13|jtbd_daily_anchor:10|jtbd_belonging_accountability:6","pain_content_depth_customization:18|pain_unclear_game_loop:11|pain_signup_access_friction:3|pain_subscription_value:1","Make the avatar causally respond to completed daily action, not just exist as profile or decorative identity.","https://apps.apple.com/us/app/modernsam-lvl-up-your-life/id6469438038?uo=4","Tasks, quests, and BEASTS - OH MY! Gamify your life with ModernSam. A free self-care and productivity app designed by ADHDers for ADHDers that transforms your day into an exciting RPG adventure to gamify your tasks, goals, and overall wellbeing. Use ModernSam to support your ADHD, reduce stress, defeat procrastination, build habits, boost productivity, reach"
"5","6474508082","Muna: Astrology & Horoscope","Traffic Heroes Ltd.","astrology_guidance","medium_high","ai_assisted_review_v1_needs_human_validation","primary_app_entry","4.76471","17","adjacent","4","20.3","adjacent_benchmark","yes","yes","no","yes","no","yes","","10","0.99","99.99","unclear_iap:7|consumable_or_unlock:3","daily_loop|streaks|avatar_feedback|journaling_reflection|social|reminders_habits","1","loves_daily_loop:1","1","0","jtbd_daily_anchor:1","","Make the avatar causally respond to completed daily action, not just exist as profile or decorative identity.","https://apps.apple.com/us/app/muna-astrology-horoscope/id6474508082?uo=4","Muna: Horoscope & Astrology, the ultimate mobile appfor daily horoscope insights and astrological guidance. Whether you're seeking advice on love, career, or personal growth, our app delivers personalized horoscopes tailored just for you. Key Features: NEW - Chinese Horoscope 2025 - Daily Horoscope Today: Start your day with a glimpse into your astrological"
"6","6744795314","yap: astrology & dream journal","Alpine Aura Inc.","astrology_guidance","medium_high","ai_assisted_review_v1_needs_human_validation","primary_app_entry","4.60656","61","close","5","19.8","close_substitute","yes","yes","yes","yes","no","yes","","8","1.99","99.99","subscription_like:8","daily_loop|streaks|journaling_reflection|social|reminders_habits","14","pricing_complaint:3|content_depth_request:3|loves_daily_loop:3|privacy_safety_signal:2|quality_bug_complaint:1","6","12","jtbd_structure_self_improvement:3|jtbd_feel_seen_personalized:1|jtbd_daily_anchor:1|jtbd_belonging_accountability:1","pain_subscription_value:3|pain_content_depth_customization:3|pain_trust_accuracy_safety:2|pain_signup_access_friction:2","Demonstrate daily-loop value before paywall; monetize depth and advanced personalization.","https://apps.apple.com/us/app/yap-astrology-dream-journal/id6744795314?uo=4","yap is the first app to scientifically bridge spirituality and real data — showing you exactly how the cosmos affects your mood, energy, relationships, and decisions through pattern recognition built around your unique birth chart. not generic horoscopes. not sun sign content. your chart, your life, your patterns; decoded. your birth chart, fully alive: · en"
"7","6476827721","Lunaria AI - Soulmate Drawing","Chengdu WBB Technology Co., Ltd.","astrology_guidance","high","ai_assisted_review_v1_needs_human_validation","primary_app_entry","4.65385","26","close","5","21.4","close_substitute","yes","yes","yes","yes","no","yes","credits_or_consumables","8","4.99","39.99","subscription_like:8|trial_like:1|lifetime_like:1","daily_loop|streaks|xp_levels|quests_challenges|journaling_reflection|social|reminders_habits","2","pricing_complaint:1|content_depth_request:1","1","2","jtbd_structure_self_improvement:1","pain_subscription_value:1|pain_content_depth_customization:1","Demonstrate daily-loop value before paywall; monetize depth and advanced personalization.","https://apps.apple.com/us/app/lunaria-ai-soulmate-drawing/id6476827721?uo=4","Lunaria - Your Spiritual Guide & Soulmate Companion Explore the depths of your soul with Luna. Discover your soulmate archetype, chat with an AI-powered companion, get your daily horoscope, and unlock the secrets of tarot, dreams, and numerology—all in one app. Welcome to Lunaria, your all-in-one spiritual assistant designed to explore the connections betwee"
"8","1287758917","Law of Attraction Toolbox","Inspired Apps LLC","manifestation_tool","medium_high","ai_assisted_review_v1_needs_human_validation","primary_app_entry","4.80409","2935","close","5","27.5","high_priority_close_substitute","yes","yes","yes","yes","no","yes","","6","2.99","99.99","subscription_like:6|lifetime_like:1","daily_loop|streaks|xp_levels|journaling_reflection|reminders_habits","51","content_depth_request:16|loves_daily_loop:12|pricing_complaint:9|loves_avatar_progress:6|loves_emotional_support:4","33","31","jtbd_daily_anchor:13|jtbd_structure_self_improvement:10|jtbd_make_growth_visible:7|jtbd_belonging_accountability:2","pain_content_depth_customization:16|pain_subscription_value:9|pain_trust_accuracy_safety:2|pain_reliability_breaks_ritual:2","Demonstrate daily-loop value before paywall; monetize depth and advanced personalization.","https://apps.apple.com/us/app/law-of-attraction-toolbox/id1287758917?uo=4","Law of Attraction Toolbox is a daily manifestation app with 25+ guided exercises, games, and tools for building a consistent practice. Based on the teachings of Abraham-Hicks, Neville Goddard, Napoleon Hill, and other widely studied methods, it helps both beginners and experienced practitioners structure their manifestation work on iPhone and iPad. What prob"
"9","1609921022","Vision Board ++ Maker Manifest","mHero21 e.U.","manifestation_tool","medium","ai_assisted_review_v1_needs_human_validation","primary_app_entry","4.86158","2933","adjacent","4","20.5","monetization_risk_benchmark","yes","yes","no","yes","no","yes","free_entry","5","2.99","29.99","subscription_like:5","daily_loop|streaks|xp_levels|journaling_reflection|reminders_habits","48","content_depth_request:19|pricing_complaint:10|loves_emotional_support:8|loves_daily_loop:5|loves_avatar_progress:5","31","31","jtbd_structure_self_improvement:12|jtbd_daily_anchor:8|jtbd_make_growth_visible:5|jtbd_belonging_accountability:4","pain_content_depth_customization:19|pain_subscription_value:10|pain_signup_access_friction:2","Demonstrate daily-loop value before paywall; monetize depth and advanced personalization.","https://apps.apple.com/us/app/vision-board-maker-manifest/id1609921022?uo=4","Vision Board App and Affirmation App that turn your goals into reality. Vision Board ++ combines personalized vision boards, inspiring movies with spoken affirmations, and home screen widgets into a daily visualization practice you'll actually stick with. Successful athletes, artists, and entrepreneurs use visualization and affirmations as part of their succ"
"10","1663677921","369 Manifestation & Meditation","Thomas Mayrl","manifestation_tool","medium_high","ai_assisted_review_v1_needs_human_validation","primary_app_entry","2.33333","12","close","5","16.1","close_substitute","yes","yes","yes","yes","no","yes","","8","0.99","6.99","unclear_iap:4|consumable_or_unlock:4","daily_loop|streaks|journaling_reflection|social|reminders_habits","8","quality_bug_complaint:7|content_depth_request:1","1","9","jtbd_structure_self_improvement:1","pain_reliability_breaks_ritual:7|pain_content_depth_customization:1|pain_signup_access_friction:1","Use as adjacent evidence, not a direct positioning anchor.","https://apps.apple.com/us/app/369-manifestation-meditation/id1663677921?uo=4","What would you manifest if you knew it would work? The 369 Manifestation App is more than just a journal – it's your personal AI-powered manifestation coach that combines scientifically proven methods with cutting-edge technology. Based on Nikola Tesla's ""Key to the Universe"" (3-6-9), we guide you on your journey to a more conscious, fulfilled life. The 369"
"11","6474906451","Zodya Tarot Coffee Reading AI","Huseyin Ali Yagiz","astrology_guidance","medium_high","ai_assisted_review_v1_needs_human_validation","primary_app_entry","4.4084","262","adjacent","4","17.4","adjacent_benchmark","yes","yes","no","yes","no","yes","","5","7.99","49.99","unclear_iap:2|subscription_like:3","daily_loop|streaks|xp_levels|quests_challenges|journaling_reflection|social|reminders_habits","0","","0","0","","","Use as adjacent evidence, not a direct positioning anchor.","https://apps.apple.com/us/app/zodya-tarot-coffee-reading-ai/id6474906451?uo=4","Learn tarot faster with an AI-powered tarot learning and reading companion. Whether you are brand new or an experienced reader, build real skills with guided practice, clear meanings, and personalized coaching. Key features and benefits AI tarot tutor, personalized to you: Get one-on-one guidance that adapts to your goals, deck, and pace. Ask questions anyti"
"12","6752447843","LunaMate: AI Fanstasy Roleplay","ARMANDO DA FONTE COMERCIO LTDA","tarot_or_oracle_guidance","high","ai_assisted_review_v1_needs_human_validation","primary_app_entry","4.47244","381","weak","3","25.6","high_priority_close_substitute","yes","yes","no","yes","no","no","","7","14.99","79.99","subscription_like:2|lifetime_like:1|consumable_or_unlock:4","xp_levels|avatar_feedback|journaling_reflection|social","13","loves_avatar_progress:4|content_depth_request:3|churn_signal:3|pricing_complaint:3","4","9","jtbd_make_growth_visible:4","pain_content_depth_customization:3|pain_subscription_value:3|pain_unclear_game_loop:2|pain_signup_access_friction:1","Make the avatar causally respond to completed daily action, not just exist as profile or decorative identity.","https://apps.apple.com/us/app/lunamate-ai-fanstasy-roleplay/id6752447843?uo=4","LunaMate – Experience AI Conversations Like Never Before Step into the world of LunaMate, an innovative chat app designed to connect you with intelligent AI characters for engaging, supportive, and meaningful exchanges. Whether you’re seeking companionship, encouragement, or just someone to share your thoughts with, LunaMate makes every chat feel special. Fe"
"13","6755166256","Kokoa AI: Roleplay AI Chat","Guarda Net Limited","tarot_or_oracle_guidance","high","ai_assisted_review_v1_needs_human_validation","primary_app_entry","4.41776","608","adjacent","4","27.8","high_priority_close_substitute","yes","yes","yes","yes","no","no","","9","6.99","79.99","subscription_like:2|unclear_iap:6|lifetime_like:1","xp_levels|avatar_feedback|journaling_reflection|social","14","pricing_complaint:7|content_depth_request:6|loves_avatar_progress:1","1","16","jtbd_make_growth_visible:1","pain_subscription_value:7|pain_content_depth_customization:6|pain_signup_access_friction:3","Make the avatar causally respond to completed daily action, not just exist as profile or decorative identity.","https://apps.apple.com/us/app/kokoa-ai-roleplay-ai-chat/id6755166256?uo=4","Kokoa AI – Experience a New Way to Connect Step into Kokoa AI, an innovative chat platform where intelligent AI companions truly listen, understand, and engage like real people. Whether you’re seeking encouragement, companionship, or just someone to share your thoughts with, every conversation feels genuine and meaningful. What Makes Kokoa AI Unique Explore"
"14","6636491359","Harem AI - Chat & Talk & Crush","Sichuan Parabola Technology Co., Ltd","tarot_or_oracle_guidance","medium_high","ai_assisted_review_v1_needs_human_validation","primary_app_entry","4.98449","129","close","5","29.1","high_priority_close_substitute","yes","yes","yes","yes","no","yes","free_entry|credits_or_consumables","10","0.99","99.99","subscription_like:3|unclear_iap:6|lifetime_like:1","daily_loop|streaks|xp_levels|quests_challenges|avatar_feedback|social|reminders_habits","19","loves_avatar_progress:12|loves_daily_loop:4|content_depth_request:1|loves_emotional_support:1|privacy_safety_signal:1","18","5","jtbd_make_growth_visible:12|jtbd_daily_anchor:4|jtbd_belonging_accountability:1|jtbd_fast_emotional_reset:1","pain_unclear_game_loop:3|pain_content_depth_customization:1|pain_trust_accuracy_safety:1","Make the avatar causally respond to completed daily action, not just exist as profile or decorative identity.","https://apps.apple.com/us/app/harem-ai-chat-talk-crush/id6636491359?uo=4","Experience Harem AI Role-Playing: Whenever you’re feeling lonely or just want someone to chat with, our character AI is here to keep you company, offering emotional support and engaging conversations. Whether your desired character is from anime, manga, movies, TV shows, or stage plays, you can always find them here and enjoy your time. Free AI Chatting: Loo"
"15","6757587521","Spark AI: Chat with Characters","Alvin Wijaya","tarot_or_oracle_guidance","high","ai_assisted_review_v1_needs_human_validation","primary_app_entry","4.38462","91","adjacent","4","27","high_priority_close_substitute","yes","no","yes","yes","no","yes","","16","9.99","79.99","unclear_iap:12|subscription_like:4","xp_levels|avatar_feedback|journaling_reflection|social","4","pricing_complaint:1|trust_accuracy_complaint:1|content_depth_request:1|loves_avatar_progress:1","1","3","jtbd_make_growth_visible:1","pain_subscription_value:1|pain_content_depth_customization:1|pain_trust_accuracy_safety:1","Make the avatar causally respond to completed daily action, not just exist as profile or decorative identity.","https://apps.apple.com/us/app/spark-ai-chat-with-characters/id6757587521?uo=4","Spark AI – Redefining Human-AI Connection Step into the realm of Spark AI, a next-generation chat platform where intelligence meets empathy. Engage with AI companions who don’t just process data—they listen, understand, and resonate with you like a true friend. Whether you need a boost of motivation, a deep late-night talk, or a space to vent, Spark AI ensur"
"16","441977097","Pregnancy Tracker 3D by Sprout","Med ART Studios LLC","astrology_guidance","medium","ai_assisted_review_v1_needs_human_validation","primary_app_entry","4.74894","23429","adjacent","4","21","monetization_risk_benchmark","yes","yes","no","yes","no","yes","","10","3.99","59.99","subscription_like:9|unclear_iap:1","daily_loop|streaks|xp_levels|journaling_reflection|social|reminders_habits","47","loves_avatar_progress:12|content_depth_request:11|pricing_complaint:11|privacy_safety_signal:4|churn_signal:3","26","36","jtbd_make_growth_visible:12|jtbd_belonging_accountability:6|jtbd_structure_self_improvement:4|jtbd_daily_anchor:3","pain_content_depth_customization:11|pain_subscription_value:11|pain_trust_accuracy_safety:5|pain_signup_access_friction:5","Demonstrate daily-loop value before paywall; monetize depth and advanced personalization.","https://apps.apple.com/us/app/pregnancy-tracker-3d-by-sprout/id441977097?uo=4","Pregnancy Tracker by Sprout, trusted by physicians and named a 'Best Pregnancy Tracker' by Forbes Health, is the most innovative app designed to guide you through every step of your pregnancy journey. With stunning interactive 3D baby models, personalized health tracking, and real-time updates, Sprout offers everything parents-to-be need to track their baby’"
"17","1641577381","Soulful Navigation","Kristin Lemaster","avatar_identity_coaching","medium_high","ai_assisted_review_v1_needs_human_validation","primary_app_entry","5","5","close","5","20.8","close_substitute","yes","yes","yes","yes","no","yes","","4","32.99","99.99","subscription_like:2|consumable_or_unlock:2","streaks|xp_levels|avatar_feedback|social|reminders_habits","0","","0","0","","","Make the avatar causally respond to completed daily action, not just exist as profile or decorative identity.","https://apps.apple.com/us/app/soulful-navigation/id1641577381?uo=4","IMAGINE YOURSELF stepping out of the grind and creating a life of ease and soul-deep fulfillment. AND IMAGINE doing it with something that already exists inside you, with less physical, mental + emotional effort than your current life requires. IT’S POSSIBLE with your energy. And the best part? The possibilities are limitless when it comes to creating your l"
"18","6740038796","Youiee: Come back to YOU","ART OF THE MIND LTD","gamified_self_improvement","high","ai_assisted_review_v1_needs_human_validation","primary_app_entry","4.2","5","close","5","20.8","close_substitute","yes","yes","yes","yes","no","yes","free_entry","0","","","","streaks|xp_levels|journaling_reflection|social|reminders_habits","0","","0","0","","","Use as adjacent evidence, not a direct positioning anchor.","https://apps.apple.com/us/app/youiee-come-back-to-you/id6740038796?uo=4","Step into a world where personalized emotional support meets uncompromising privacy. Youiee is an AI-powered mental wellness app designed to empower your emotional growth, build resilience, and foster deep self-awareness for a happier, more balanced life. What Makes Us Unique: Unlike generic wellness apps, Youiee offers a truly individualized experience. Our"
"19","6741158668","Habit Tracker - AI Planner","Deepak Gupta","gamified_self_improvement","high","ai_assisted_review_v1_needs_human_validation","primary_app_entry","4","6","close","5","21.8","close_substitute","yes","yes","yes","yes","no","yes","subscription","8","2.99","49.99","subscription_like:8|trial_like:4","daily_loop|streaks|avatar_feedback|journaling_reflection|social|reminders_habits","0","","0","0","","","Make the avatar causally respond to completed daily action, not just exist as profile or decorative identity.","https://apps.apple.com/us/app/habit-tracker-ai-planner/id6741158668?uo=4","Habit Tracker – AI Planner is your intelligent companion for building better habits and achieving your goals faster. Powered by AI, it learns from your progress and adapts your daily plans to keep you consistent and motivated. ---Key Features--- AI-Powered Habit Planning: Get personalized daily plans based on your routines and lifestyle. Let AI map your days"
"20","6475028592","OtterLife: AI Health Tracker","Shanghai Ruoyou Network Technology Co., Ltd.","gamified_self_improvement","medium_high","ai_assisted_review_v1_needs_human_validation","primary_app_entry","4.52798","1108","close","5","28","high_priority_close_substitute","yes","yes","yes","yes","no","yes","premium","24","15.99","74.99","subscription_like:18|lifetime_like:6","daily_loop|streaks|avatar_feedback|reminders_habits","57","pricing_complaint:15|content_depth_request:15|churn_signal:6|loves_emotional_support:5|privacy_safety_signal:5","20","53","jtbd_structure_self_improvement:8|jtbd_daily_anchor:4|jtbd_fast_emotional_reset:4|jtbd_make_growth_visible:3","pain_subscription_value:15|pain_content_depth_customization:15|pain_trust_accuracy_safety:9|pain_signup_access_friction:9","Make the avatar causally respond to completed daily action, not just exist as profile or decorative identity.","https://apps.apple.com/us/app/otterlife-ai-health-tracker/id6475028592?uo=4","#### App Store Editor's Choice #### App Store Featured Recommendation #### App Store Selected Activities OtterLife is your personalized health management partner! It helps you automatically track over ten types of health data such as sleep, exercise, stress, menstrual cycle, and water intake. It also provides professional data analysis and a variety of watch"
"21","1108786610","Mindvalley: Self Improvement","Mindvalley Inc.","manifestation_tool","medium_high","ai_assisted_review_v1_needs_human_validation","primary_app_entry","4.76628","6863","close","5","28.8","high_priority_close_substitute","yes","yes","yes","yes","no","yes","credits_or_consumables","8","19.99","399.00","unclear_iap:7|subscription_like:1","streaks|avatar_feedback|social|reminders_habits","61","loves_avatar_progress:15|content_depth_request:12|pricing_complaint:11|quality_bug_complaint:6|churn_signal:6","26","43","jtbd_make_growth_visible:15|jtbd_belonging_accountability:5|jtbd_daily_anchor:5|jtbd_fast_emotional_reset:1","pain_content_depth_customization:12|pain_subscription_value:11|pain_signup_access_friction:8|pain_reliability_breaks_ritual:6","Make the avatar causally respond to completed daily action, not just exist as profile or decorative identity.","https://apps.apple.com/us/app/mindvalley-self-improvement/id1108786610?uo=4","Step into your greatness with Mindvalley, the world's most powerful transformational learning platform. Most people spend their entire lives wondering what they're truly capable of. Mindvalley exists for the ones who decide to find out. Mindvalley is built for people who refuse to settle for ordinary. Whether you want to rewire your mindset, heal your body,"
"22","6482577925","Cultivate Personal Development","Chakra Software LLC","manifestation_tool","medium_high","ai_assisted_review_v1_needs_human_validation","primary_app_entry","5","4","adjacent","4","25.7","high_priority_close_substitute","yes","yes","no","yes","no","yes","credits_or_consumables","0","","","","daily_loop|streaks|xp_levels|quests_challenges|avatar_feedback|journaling_reflection|social|reminders_habits","10","loves_daily_loop:3|content_depth_request:3|loves_avatar_progress:2|loves_emotional_support:1|privacy_safety_signal:1","8","4","jtbd_daily_anchor:3|jtbd_structure_self_improvement:3|jtbd_make_growth_visible:2","pain_content_depth_customization:3|pain_trust_accuracy_safety:1","Make the avatar causally respond to completed daily action, not just exist as profile or decorative identity.","https://apps.apple.com/us/app/cultivate-personal-development/id6482577925?uo=4","Discover the Cultivate App, a comprehensive tool for personal development and well-being that empowers you to unlock your full potential. Here’s how the Cultivate App helps you thrive: - Mood Tracking: Discover your emotional patterns and gain valuable insights into your well-being. Track your moods daily to understand how different activities and interactio"
"23","988402523","LifeWheel Goal Habit Tracker","Oleksandr Stepanov","gamified_self_improvement","medium_high","ai_assisted_review_v1_needs_human_validation","primary_app_entry","4.60938","512","close","5","29.7","high_priority_close_substitute","yes","yes","yes","yes","no","yes","","9","5.99","79.99","unclear_iap:7|lifetime_like:1|subscription_like:1","daily_loop|streaks|xp_levels|quests_challenges|avatar_feedback|journaling_reflection|reminders_habits","43","content_depth_request:12|loves_daily_loop:10|pricing_complaint:6|loves_avatar_progress:6|trust_accuracy_complaint:4","32","26","jtbd_daily_anchor:11|jtbd_structure_self_improvement:11|jtbd_make_growth_visible:6|jtbd_belonging_accountability:3","pain_content_depth_customization:12|pain_subscription_value:6|pain_trust_accuracy_safety:6|pain_signup_access_friction:1","Make the avatar causally respond to completed daily action, not just exist as profile or decorative identity.","https://apps.apple.com/us/app/lifewheel-goal-habit-tracker/id988402523?uo=4","The LifeWheel app is your personal tool for transformation, designed to help you build and maintain healthy habits, achieve a balanced work-life dynamic, and reach your goals with precision. At its core, LifeWheel encourages holistic growth by focusing on various aspects of your life, ensuring you don't neglect any important area. Features: Healthy Habit For"
"24","662136391","Intuitive Life Coaching Oracle","Frederic Calendini","tarot_or_oracle_guidance","medium","ai_assisted_review_v1_needs_human_validation","primary_app_entry","4.89126","561","adjacent","4","16.7","monetization_risk_benchmark","yes","yes","no","yes","no","yes","free_entry|credits_or_consumables","3","9.99","9.99","unclear_iap:3","streaks|quests_challenges|avatar_feedback|journaling_reflection|social|reminders_habits","24","loves_personalization:7|pricing_complaint:4|loves_emotional_support:4|loves_avatar_progress:3|loves_daily_loop:2","32","11","jtbd_feel_seen_personalized:13|jtbd_daily_anchor:10|jtbd_structure_self_improvement:3|jtbd_belonging_accountability:3","pain_subscription_value:4|pain_signup_access_friction:3|pain_content_depth_customization:2|pain_trust_accuracy_safety:1","Make the avatar causally respond to completed daily action, not just exist as profile or decorative identity.","https://apps.apple.com/us/app/intuitive-life-coaching-oracle/id662136391?uo=4","By Kelly T. Smith. Once you have identified your emotional challenges and brought them into your awareness, it frees you up to make new choices, and to live a life that you design consciously – instead of one you unconsciously accept as your reality. You can use this app as a full-featured, ad-free and time-unlimited ""Lite"" version, or unlock the full deck f"
"25","6740871243","InfluAI: Be an influencer","Metin Yakupgolu","avatar_identity_coaching","medium_high","ai_assisted_review_v1_needs_human_validation","primary_app_entry","3.65116","43","close","5","19.6","close_substitute","yes","yes","yes","yes","no","yes","","9","1.99","49.99","unclear_iap:9","streaks|avatar_feedback|reminders_habits","7","pricing_complaint:4|trust_accuracy_complaint:1|content_depth_request:1|churn_signal:1","0","6","","pain_subscription_value:4|pain_content_depth_customization:1|pain_trust_accuracy_safety:1","Make the avatar causally respond to completed daily action, not just exist as profile or decorative identity.","https://apps.apple.com/us/app/influai-be-an-influencer/id6740871243?uo=4","InfluAI – Train Before You Go Live InfluAI is a unique training app designed for aspiring content creators who want to master live streaming. Whether you’re preparing for Instagram, TikTok, YouTube, or any other platform, this app offers a safe, structured environment to help you gain confidence and polish your on-camera presence. Going live can be overwhelm"
"26","6746153065","QuitBuddy: Quit Addiction","Haznedar Teknoloji Limited Sirketi","gamified_self_improvement","medium_high","ai_assisted_review_v1_needs_human_validation","primary_app_entry","4.73684","228","close","5","20.4","close_substitute","yes","yes","yes","yes","no","yes","free_entry","9","9.99","49.99","subscription_like:7|unclear_iap:2","streaks|avatar_feedback|journaling_reflection|social|reminders_habits","0","","0","0","","","Make the avatar causally respond to completed daily action, not just exist as profile or decorative identity.","https://apps.apple.com/us/app/quitbuddy-quit-addiction/id6746153065?uo=4","Break free from unhealthy digital habits and regain control of your life with QuitBuddy, a recovery app that combines AI-powered support, advanced content blocking, and personalized recovery tools. Whether you want to quit entirely or reduce distractions, QuitBuddy’s science-based approach helps you build lasting self-control and positive habits. 24/7 AI CHA"
"27","1461412482","TwinFlame","TwinFlame Development, LLC","astrology_guidance","medium","ai_assisted_review_v1_needs_human_validation","primary_app_entry","4.71401","1612","weak","2","17.2","monetization_risk_benchmark","yes","no","no","yes","no","no","","4","2.99","7.99","unclear_iap:4","avatar_feedback|journaling_reflection|social","64","content_depth_request:15|quality_bug_complaint:14|loves_personalization:13|loves_daily_loop:6|loves_avatar_progress:5","40","49","jtbd_feel_seen_personalized:15|jtbd_daily_anchor:12|jtbd_belonging_accountability:5|jtbd_make_growth_visible:5","pain_content_depth_customization:15|pain_reliability_breaks_ritual:14|pain_signup_access_friction:13|pain_subscription_value:3","Make the avatar causally respond to completed daily action, not just exist as profile or decorative identity.","https://apps.apple.com/us/app/twinflame/id1461412482?uo=4","WHAT IS TWINFLAME? TwinFlame is the iPhone app that gives you access to tools for self-awareness, introspective, and personality-insights! We help you “be your best you” -> ""22 Best Astrology Apps of 2022"" - POPSUGAR -> “25 Best Horoscope Apps - Top Astrology Apps”, 2022 - Cosmopolitan -> “20 Best Horoscope Apps - Top Astrology Apps”, 2021 - Cosmopolitan Wan"
"28","6753165996","Ask Nithyananda AI","USK FOUNDATION","avatar_identity_coaching","medium_high","ai_assisted_review_v1_needs_human_validation","primary_app_entry","5","1","close","5","20.3","close_substitute","yes","yes","yes","yes","no","yes","","3","54.00","509.00","unclear_iap:3","streaks|xp_levels|quests_challenges|avatar_feedback|reminders_habits","0","","0","0","","","Make the avatar causally respond to completed daily action, not just exist as profile or decorative identity.","https://apps.apple.com/us/app/ask-nithyananda-ai/id6753165996?uo=4","Experience Avatar Intelligence: Your 24/7 Personal Spiritual Guide. Core Benefit & Introduction Ask Nithyananda AI is your dedicated spiritual companion, leveraging cutting-edge Artificial Intelligence (AI) to bring you profound guidance for enlightenment and self-realization. Designed by THE SPH to awaken super-conscious energy and empower your life, this a"
"29","6449010121","AI Chatbot - Chat Companion","Wave Technology LTD","astrology_guidance","medium_high","ai_assisted_review_v1_needs_human_validation","primary_app_entry","4.77778","9","close","5","18","close_substitute","yes","yes","yes","yes","no","yes","credits_or_consumables","2","6.99","59.99","unclear_iap:2","streaks|xp_levels|quests_challenges|social|reminders_habits","0","","0","0","","","Use as adjacent evidence, not a direct positioning anchor.","https://apps.apple.com/us/app/ai-chatbot-chat-companion/id6449010121?uo=4","Are you confused by a scientific phenomenon? Or looking for a way to enhance your sales copy? Or want to learn more about health care? Now introduce a personal AI assistant to you, it can help you solve many problems in life! AI Chatbot is now powered by advanced artificial intelligence models capable of responding to user questions accordingly, so it packs"
"30","6615063639","Cozy Mahjong","Mulberry Tree Games, LLC","avatar_identity_coaching","medium_high","ai_assisted_review_v1_needs_human_validation","primary_app_entry","4.64516","279","close","5","29.4","high_priority_close_substitute","yes","yes","yes","yes","no","yes","free_entry","1","1.99","1.99","subscription_like:1","daily_loop|streaks|xp_levels|avatar_feedback|reminders_habits","75","content_depth_request:26|loves_avatar_progress:21|pricing_complaint:13|loves_daily_loop:5|quality_bug_complaint:3","50","48","jtbd_make_growth_visible:23|jtbd_fast_emotional_reset:15|jtbd_daily_anchor:6|jtbd_belonging_accountability:3","pain_content_depth_customization:26|pain_subscription_value:13|pain_signup_access_friction:4|pain_reliability_breaks_ritual:3","Make the avatar causally respond to completed daily action, not just exist as profile or decorative identity.","https://apps.apple.com/us/app/cozy-mahjong/id6615063639?uo=4","Relax and enjoy Mahjong with absolutely no ads or micro transactions. Mahjong Solitaire is a single-player puzzle game where your goal is to clear the board of tiles by matching pairs of identical tiles. Only tiles that are not covered and have an open side can be matched and removed. Complete the puzzle when all pairs are matched. Cozy Mahjong is a fresh an"
"31","917397071","Vida Health","Vida Health Inc","avatar_identity_coaching","medium_high","ai_assisted_review_v1_needs_human_validation","primary_app_entry","4.66408","12613","close","5","31","high_priority_close_substitute","yes","yes","yes","yes","no","yes","","0","","","","streaks|xp_levels|quests_challenges|avatar_feedback|social|reminders_habits","62","content_depth_request:18|churn_signal:11|pricing_complaint:9|loves_avatar_progress:7|quality_bug_complaint:5","20","45","jtbd_make_growth_visible:7|jtbd_structure_self_improvement:5|jtbd_daily_anchor:4|jtbd_belonging_accountability:4","pain_content_depth_customization:18|pain_subscription_value:9|pain_trust_accuracy_safety:8|pain_signup_access_friction:6","Make the avatar causally respond to completed daily action, not just exist as profile or decorative identity.","https://apps.apple.com/us/app/vida-health/id917397071?uo=4","Available to members of participating employers and health insurance plans Change is hard. Having the right team and the right tools makes it easier. Whether you want to lose weight, better manage diabetes, reduce stress, or improve eating and exercise habits, Vida’s coaches, dietitians, therapists and medical providers can help you. Choose a health coach wh"
"32","6741750886","Lifeline Wellness","Wellness Mandala Private Limited","avatar_identity_coaching","medium_high","ai_assisted_review_v1_needs_human_validation","primary_app_entry","5","25","close","5","25.4","high_priority_close_substitute","yes","yes","yes","yes","no","yes","","0","","","","streaks|xp_levels|avatar_feedback|journaling_reflection|social|reminders_habits","5","loves_avatar_progress:2|loves_daily_loop:1|pricing_complaint:1|content_depth_request:1","4","2","jtbd_make_growth_visible:2|jtbd_fast_emotional_reset:1|jtbd_structure_self_improvement:1","pain_subscription_value:1|pain_content_depth_customization:1","Make the avatar causally respond to completed daily action, not just exist as profile or decorative identity.","https://apps.apple.com/us/app/lifeline-wellness/id6741750886?uo=4","Lifeline Wellness App Your Wellness. Your Way. Anytime. Transform your health with Lifeline Wellness, a trusted name in holistic healing for over 20 years. Now, the power of Lifeline’s evidence-based programs and compassionate coaching is in your pocket — through a beautifully designed app that helps you cleanse, heal, and sustain lifelong wellness. Whether"
"33","6737979775","Orakemu - Planner Journal Todo","Yorgo Hoebeke","gamified_self_improvement","medium_high","ai_assisted_review_v1_needs_human_validation","primary_app_entry","4.85714","7","adjacent","4","22.9","adjacent_benchmark","yes","yes","no","yes","no","yes","","2","2.99","49.99","subscription_like:2","streaks|xp_levels|quests_challenges|journaling_reflection|reminders_habits","4","content_depth_request:2|loves_daily_loop:1|loves_avatar_progress:1","3","3","jtbd_daily_anchor:1|jtbd_make_growth_visible:1|jtbd_structure_self_improvement:1","pain_content_depth_customization:2|pain_unclear_game_loop:1","Compress the daily anchor into a two-minute ritual with visible identity feedback.","https://apps.apple.com/us/app/orakemu-planner-journal-todo/id6737979775?uo=4","Stop juggling apps. Orakemu is your all-in-one RPG where you are the hero of your own story. Gamify your life, conquer your todo list, build powerful routines, track tasks and habits, and use our AI journal to gain deep insights. Designed for productivity enthusiasts and those seeking an effective ADHD planner, Orakemu helps you level up in what truly matter"
"34","6475028592","OtterLife: AI Health Tracker","Shanghai Ruoyou Network Technology Co., Ltd.","gamified_self_improvement","medium_high","ai_assisted_review_v1_needs_human_validation","duplicate_app_entry","4.52798","1108","close","5","28","high_priority_close_substitute","yes","yes","yes","yes","no","yes","premium","24","15.99","74.99","subscription_like:18|lifetime_like:6","daily_loop|streaks|avatar_feedback|reminders_habits","57","pricing_complaint:15|content_depth_request:15|churn_signal:6|loves_emotional_support:5|privacy_safety_signal:5","20","53","jtbd_structure_self_improvement:8|jtbd_daily_anchor:4|jtbd_fast_emotional_reset:4|jtbd_make_growth_visible:3","pain_subscription_value:15|pain_content_depth_customization:15|pain_trust_accuracy_safety:9|pain_signup_access_friction:9","Make the avatar causally respond to completed daily action, not just exist as profile or decorative identity.","https://apps.apple.com/us/app/otterlife-ai-health-tracker/id6475028592?uo=4","#### App Store Editor's Choice #### App Store Featured Recommendation #### App Store Selected Activities OtterLife is your personalized health management partner! It helps you automatically track over ten types of health data such as sleep, exercise, stress, menstrual cycle, and water intake. It also provides professional data analysis and a variety of watch"
"35","6744328233","HootieLife: AI Wellness Coach","HootieLife LLC","avatar_identity_coaching","medium_high","ai_assisted_review_v1_needs_human_validation","primary_app_entry","4.66667","12","close","5","19.1","close_substitute","yes","yes","yes","yes","no","yes","free_entry","4","12.99","119.99","subscription_like:4","daily_loop|streaks|quests_challenges|avatar_feedback|journaling_reflection|social|reminders_habits","1","quality_bug_complaint:1","0","1","","pain_reliability_breaks_ritual:1","Make the avatar causally respond to completed daily action, not just exist as profile or decorative identity.","https://apps.apple.com/us/app/hootielife-ai-wellness-coach/id6744328233?uo=4","Your AI-first wellness companion. Log meals, track your mood, sync Apple Health - and finally understand it all through conversation. Not another dashboard. A crew that actually talks to you. YOUR CREW Mrs. Hootie - Nutrition check-ins and daily wellness vibes Luna - Mindful moments and a space to reflect Rex - Fitness motivation that does not make you cring"
"36","1603849115","Bodhi: Astrology & Horoscope","Vedic Bodhi Technologies Private Limited","astrology_guidance","medium_high","ai_assisted_review_v1_needs_human_validation","primary_app_entry","4.21429","14","close","5","25.2","high_priority_close_substitute","yes","yes","yes","yes","no","yes","free_entry|subscription|credits_or_consumables","0","","","","daily_loop|streaks|xp_levels|quests_challenges|social|reminders_habits","10","loves_avatar_progress:3|content_depth_request:2|loves_daily_loop:1|loves_personalization:1|loves_emotional_support:1","8","4","jtbd_make_growth_visible:3|jtbd_daily_anchor:2|jtbd_feel_seen_personalized:2|jtbd_fast_emotional_reset:1","pain_content_depth_customization:2|pain_subscription_value:1|pain_unclear_game_loop:1","Demonstrate daily-loop value before paywall; monetize depth and advanced personalization.","https://apps.apple.com/us/app/bodhi-astrology-horoscope/id1603849115?uo=4","Get upto 4X extra time with Astrologers with offers on Bodhi Astro app. Get your predictions done by trusted astrology experts. Chat at ease! Take your pick from 600+ Astrologers specialised in - -Vedic astrology -Hindu astrology -Tarot card readings -Psychic Reading -Western astrology -Nadi astrology -KP Astrology -Prashana Chart -Face Reading -Palmistry -V"
"37","522674372","Kindara: Fertility Tracker","Kindara, Inc.","astrology_guidance","medium","ai_assisted_review_v1_needs_human_validation","primary_app_entry","4.70159","10147","adjacent","4","15","adjacent_benchmark","yes","yes","no","yes","no","yes","","3","4.99","49.99","subscription_like:3","streaks|journaling_reflection|social|reminders_habits","21","content_depth_request:7|churn_signal:3|privacy_safety_signal:3|loves_emotional_support:3|loves_avatar_progress:2","20","14","jtbd_belonging_accountability:7|jtbd_feel_seen_personalized:5|jtbd_structure_self_improvement:3|jtbd_daily_anchor:2","pain_content_depth_customization:7|pain_trust_accuracy_safety:3|pain_signup_access_friction:2|pain_unclear_game_loop:1","Compress the daily anchor into a two-minute ritual with visible identity feedback.","https://apps.apple.com/us/app/kindara-fertility-tracker/id522674372?uo=4","Goodbye surprise periods, mysterious fertile windows, and confusion about your cycle. We provide tools backed by science so you can master your reproductive health. It’s time for empowerment, a supportive user-based community, and accuracy. “Kindara has helped me take my health into my own hands. Information is power and tracking my own health data has empow"
"38","1632227512","Haute Hypnosis - Mind Manifest","Alique Inc.","manifestation_tool","medium_high","ai_assisted_review_v1_needs_human_validation","primary_app_entry","5","18","close","5","19.3","close_substitute","yes","yes","yes","yes","no","yes","","5","5.99","99.00","subscription_like:5|lifetime_like:1","daily_loop|streaks|journaling_reflection|reminders_habits","9","content_depth_request:4|loves_daily_loop:2|loves_emotional_support:2|loves_avatar_progress:1","10","5","jtbd_belonging_accountability:3|jtbd_daily_anchor:2|jtbd_fast_emotional_reset:2|jtbd_structure_self_improvement:2","pain_content_depth_customization:4|pain_signup_access_friction:1","Compress the daily anchor into a two-minute ritual with visible identity feedback.","https://apps.apple.com/us/app/haute-hypnosis-mind-manifest/id1632227512?uo=4","► Guided meditations for the Law of Attraction, self-healing, and mindset shift. ► Vision board maker to visualize with clarity, manifest, and achieve. ► Gratitude journal to stay grateful, and a Mood tracker to understand and improve your moods daily. Leveraging the power of manifestation & the subconscious mind has never been easier. Haute Hypnosis combine"
"39","6758529128","Magnetic - Manifestation App","YOUSSEF LAETITIA","manifestation_tool","medium_high","ai_assisted_review_v1_needs_human_validation","primary_app_entry","5","6","close","5","15.8","close_substitute","yes","yes","yes","yes","no","yes","","10","1.99","132.99","subscription_like:5|unclear_iap:4|consumable_or_unlock:1","daily_loop|streaks|quests_challenges|journaling_reflection|reminders_habits","0","","0","0","","","Use as adjacent evidence, not a direct positioning anchor.","https://apps.apple.com/us/app/magnetic-manifestation-app/id6758529128?uo=4","Magnetic is the manifestation app that writes your reality. Personalized stories, daily affirmations, subliminals, and rituals — all built around YOUR life, YOUR desires, and YOUR specific person. This is not another vision board app. This is the tool that finally makes the Law of Assumption work for you. You answer questions. We learn everything — your name"
"40","6449228979","Affirmations - Mood Mantra","Forwardpath Technologies LLP","manifestation_tool","medium_high","ai_assisted_review_v1_needs_human_validation","primary_app_entry","4.56044","91","close","5","26","high_priority_close_substitute","yes","yes","yes","yes","no","yes","","3","4.99","19.99","subscription_like:3|lifetime_like:1","daily_loop|streaks|xp_levels|journaling_reflection|social|reminders_habits","5","content_depth_request:2|loves_daily_loop:1|loves_emotional_support:1|loves_avatar_progress:1","3","2","jtbd_daily_anchor:2|jtbd_make_growth_visible:1","pain_content_depth_customization:2","Compress the daily anchor into a two-minute ritual with visible identity feedback.","https://apps.apple.com/us/app/affirmations-mood-mantra/id6449228979?uo=4","Mood Mantra Affirmations: Your Path to Positivity and Self-Growth Transform your mindset and elevate your well-being with Mood Mantra Affirmations, your personal guide to daily positivity and self-improvement. Key Features: 1. Daily Positive Affirmations: Start each day with fresh, inspiring affirmations designed to boost confidence, motivation, and help man"
"41","1062945251","5 Minute Journal・Daily Diary","Intelligent Change LLC","manifestation_tool","medium","ai_assisted_review_v1_needs_human_validation","primary_app_entry","4.75823","17397","adjacent","4","19","monetization_risk_benchmark","yes","yes","no","yes","no","yes","","8","4.99","39.99","subscription_like:8|trial_like:1","daily_loop|streaks|journaling_reflection|social|reminders_habits","74","content_depth_request:24|loves_daily_loop:21|loves_avatar_progress:7|pricing_complaint:6|loves_emotional_support:5","61","45","jtbd_structure_self_improvement:28|jtbd_daily_anchor:20|jtbd_make_growth_visible:7|jtbd_belonging_accountability:5","pain_content_depth_customization:24|pain_signup_access_friction:7|pain_subscription_value:6|pain_reliability_breaks_ritual:5","Demonstrate daily-loop value before paywall; monetize depth and advanced personalization.","https://apps.apple.com/us/app/5-minute-journal-daily-diary/id1062945251?uo=4","The Five Minute Journal uses proven principles of positive psychology to make you happier in 5 minutes a day with the guided gratitude journaling format “There are plenty of benefits to journaling, whether you take time to write out your full thoughts or just spend a few minutes jotting down the things you're most grateful for every day or lessons you've lea"
"42","626264311","Life Guidance and Inspiration","Stephanie Harrison","avatar_identity_coaching","medium","ai_assisted_review_v1_needs_human_validation","primary_app_entry","4.71795","78","adjacent","4","19.9","monetization_risk_benchmark","yes","yes","no","yes","no","yes","free_entry|premium","0","","","","streaks|quests_challenges|avatar_feedback|journaling_reflection|social|reminders_habits","25","loves_emotional_support:9|content_depth_request:5|loves_avatar_progress:5|pricing_complaint:4|loves_daily_loop:2","22","10","jtbd_daily_anchor:7|jtbd_make_growth_visible:5|jtbd_belonging_accountability:4|jtbd_feel_seen_personalized:3","pain_content_depth_customization:5|pain_subscription_value:4|pain_signup_access_friction:1","Make the avatar causally respond to completed daily action, not just exist as profile or decorative identity.","https://apps.apple.com/us/app/life-guidance-and-inspiration/id626264311?uo=4","Looking for insight? Facing a crisis? Or simply needing support? Find the guidance and inspiration that will help you live a happier and more fulfilled life. Discover the best strategy to help you meet life’s challenges and overcome difficulties. Access your inner wisdom and realise your spiritual potential. Instructional Video: https://youtu.be/eQ19JBl1VOU"
"43","662136391","Intuitive Life Coaching Oracle","Frederic Calendini","tarot_or_oracle_guidance","medium","ai_assisted_review_v1_needs_human_validation","duplicate_app_entry","4.89126","561","adjacent","4","16.7","monetization_risk_benchmark","yes","yes","no","yes","no","yes","free_entry|credits_or_consumables","3","9.99","9.99","unclear_iap:3","streaks|quests_challenges|avatar_feedback|journaling_reflection|social|reminders_habits","24","loves_personalization:7|pricing_complaint:4|loves_emotional_support:4|loves_avatar_progress:3|loves_daily_loop:2","32","11","jtbd_feel_seen_personalized:13|jtbd_daily_anchor:10|jtbd_structure_self_improvement:3|jtbd_belonging_accountability:3","pain_subscription_value:4|pain_signup_access_friction:3|pain_content_depth_customization:2|pain_trust_accuracy_safety:1","Make the avatar causally respond to completed daily action, not just exist as profile or decorative identity.","https://apps.apple.com/us/app/intuitive-life-coaching-oracle/id662136391?uo=4","By Kelly T. Smith. Once you have identified your emotional challenges and brought them into your awareness, it frees you up to make new choices, and to live a life that you design consciously – instead of one you unconsciously accept as your reality. You can use this app as a full-featured, ad-free and time-unlimited ""Lite"" version, or unlock the full deck f"
"44","6742163195","Faith Guide: Bible Chat","Hamp Oldshue","faith_devotional_habit","medium_high","ai_assisted_review_v1_needs_human_validation","primary_app_entry","4.94381","356","adjacent","4","20.6","monetization_risk_benchmark","yes","yes","no","yes","no","yes","free_entry","0","","","","daily_loop|streaks|xp_levels|quests_challenges|journaling_reflection|social|reminders_habits","3","quality_bug_complaint:1|content_depth_request:1|pricing_complaint:1","6","4","jtbd_belonging_accountability:2|jtbd_feel_seen_personalized:2|jtbd_daily_anchor:1|jtbd_structure_self_improvement:1","pain_reliability_breaks_ritual:1|pain_content_depth_customization:1|pain_signup_access_friction:1|pain_subscription_value:1","Demonstrate daily-loop value before paywall; monetize depth and advanced personalization.","https://apps.apple.com/us/app/faith-guide-bible-chat/id6742163195?uo=4","Walk with Scripture, Grow in Faith: Faith Guide connects you with God's Word through meaningful conversation. Explore scripture, set spiritual goals, and deepen your faith journey through this elegant, scripture-focused companion. Discover Biblical Wisdom for Daily Life: Whether you're seeking answers, understanding difficult passages, or looking for spiritu"
"45","1007296363","Guiding Light Oracle Cards","Frederic Calendini","tarot_or_oracle_guidance","medium","ai_assisted_review_v1_needs_human_validation","primary_app_entry","4.85161","155","adjacent","4","19.2","adjacent_benchmark","yes","yes","no","yes","no","yes","free_entry|credits_or_consumables","1","9.99","9.99","unclear_iap:1","streaks|xp_levels|journaling_reflection|social|reminders_habits","18","content_depth_request:5|loves_emotional_support:5|loves_personalization:3|loves_daily_loop:2|quality_bug_complaint:1","17","7","jtbd_feel_seen_personalized:8|jtbd_daily_anchor:5|jtbd_structure_self_improvement:2|jtbd_make_growth_visible:1","pain_content_depth_customization:5|pain_reliability_breaks_ritual:1|pain_trust_accuracy_safety:1","Compress the daily anchor into a two-minute ritual with visible identity feedback.","https://apps.apple.com/us/app/guiding-light-oracle-cards/id1007296363?uo=4","By Kelly T. Smith These cards encourage you to move out of your own way and go deep inside your inner self to find the guiding light within. Note: You can use this app as a full-featured, ad-free and time-unlimited ""Lite"" version, or unlock the full deck for a small fee. Written by Kelly T. Smith, author of the best-selling Intuitive Life Coaching Oracle Car"
"46","6753968868","Abide365: Spiritual Tracker","Benjamin Uriarte","faith_devotional_habit","medium_high","ai_assisted_review_v1_needs_human_validation","primary_app_entry","5","1","close","5","15.3","close_substitute","yes","yes","yes","yes","no","yes","","0","","","","daily_loop|streaks|reminders_habits","0","","0","0","","","Use as adjacent evidence, not a direct positioning anchor.","https://apps.apple.com/us/app/abide365-spiritual-tracker/id6753968868?uo=4","Transform Your Spiritual Life Through Consistent Practice Abide365 helps you build and maintain the spiritual habits that matter most. Whether you're deepening your prayer life, establishing a meditation practice, or incorporating fasting into your spiritual journey, Abide365 makes it simple to track, review, and grow. TRACK YOUR DAILY PRACTICE Log prayer mi"
"47","1645046083","Mind Power: Guided Meditations","Foxmind Inc","manifestation_tool","medium_high","ai_assisted_review_v1_needs_human_validation","primary_app_entry","4.58696","46","close","5","19.7","close_substitute","yes","yes","yes","yes","no","yes","free_entry","4","5.99","69.99","subscription_like:4","daily_loop|streaks|reminders_habits","7","quality_bug_complaint:2|loves_daily_loop:2|content_depth_request:2|loves_emotional_support:1","4","6","jtbd_daily_anchor:2|jtbd_structure_self_improvement:1|jtbd_fast_emotional_reset:1","pain_reliability_breaks_ritual:2|pain_signup_access_friction:2|pain_content_depth_customization:2","Compress the daily anchor into a two-minute ritual with visible identity feedback.","https://apps.apple.com/us/app/mind-power-guided-meditations/id1645046083?uo=4","The Mind Power app is a unique tool designed to transform your dreams into tangible reality. What do you want in life? • A fulfilling and loving relationship • Prosperity and financial freedom • A vibrant and fulfilling life • Good health and personal well-being • Inner harmony and peace of mind • Daily happiness and contentment You can achieve it all by har"
"48","6755015035","Becoming Whole","Mighty Software, Inc.","avatar_identity_coaching","medium_high","ai_assisted_review_v1_needs_human_validation","primary_app_entry","4.61224","49","adjacent","4","21.7","adjacent_benchmark","yes","yes","no","yes","no","yes","","0","","","","streaks|avatar_feedback|journaling_reflection|social|reminders_habits","1","loves_avatar_progress:1","2","0","jtbd_make_growth_visible:1|jtbd_belonging_accountability:1","","Make the avatar causally respond to completed daily action, not just exist as profile or decorative identity.","https://apps.apple.com/us/app/becoming-whole/id6755015035?uo=4","Becoming Whole is a transformational growth community for people who are ready to break old patterns and build a life that truly aligns with who they were created to be. Whether you feel stuck in unhealthy relationship cycles, overwhelmed by burnout, or tired of temporary fixes, this is your invitation to pursue real, lasting change — without the pressure of"
"49","472322122","Daily Burn: Workout Coach","Daily Burn, Inc","avatar_identity_coaching","medium_high","ai_assisted_review_v1_needs_human_validation","primary_app_entry","4.75502","14226","close","5","31","high_priority_close_substitute","yes","yes","yes","yes","no","yes","","8","9.99","149.99","unclear_iap:3|subscription_like:5","daily_loop|streaks|xp_levels|avatar_feedback|social|reminders_habits","63","loves_daily_loop:16|content_depth_request:15|pricing_complaint:14|loves_avatar_progress:6|churn_signal:6","28","43","jtbd_daily_anchor:14|jtbd_make_growth_visible:6|jtbd_belonging_accountability:4|jtbd_structure_self_improvement:4","pain_content_depth_customization:18|pain_subscription_value:14|pain_signup_access_friction:7|pain_reliability_breaks_ritual:2","Make the avatar causally respond to completed daily action, not just exist as profile or decorative identity.","https://apps.apple.com/us/app/daily-burn-workout-coach/id472322122?uo=4","Daily Burn is the at-home workout app with Daily Burn Coaching—so you always know what to do next. DAILY BURN COACHING (1:1 SUPPORT) Get more than workouts. Get guidance. · A personalized plan built around your goals, fitness level, and preferences · Message your coach in-app for real-time support, accountability, and expert advice · Share progress and get f"
"50","6747212950","word119: Daily Bible Verse","Isaac Labinjo","faith_devotional_habit","medium_high","ai_assisted_review_v1_needs_human_validation","primary_app_entry","0","0","close","5","17","close_substitute","yes","yes","yes","yes","no","yes","","3","3.99","29.99","subscription_like:2|consumable_or_unlock:1","daily_loop|streaks|xp_levels|journaling_reflection|reminders_habits","0","","0","0","","","Use as adjacent evidence, not a direct positioning anchor.","https://apps.apple.com/us/app/word119-daily-bible-verse/id6747212950?uo=4","Study, reflect and memorize your favorite Bible verses with word119, your daily holy Bible study app. word119 is helping a new generation engage with the holy Bible, receive daily spiritual guidance, experience real spiritual growth, and be formed by it. DON'T MISS A DAY IN THE WORD Life gets loud. Commitments pile up. And before you know it, a week has pass"
"51","1372744723","Daily Bible Verse - Biblify","Viktoriya Avdonina","faith_devotional_habit","medium_high","ai_assisted_review_v1_needs_human_validation","primary_app_entry","4.78571","588","adjacent","4","20.8","monetization_risk_benchmark","yes","yes","no","yes","no","yes","","7","6.99","29.99","subscription_like:4|unclear_iap:3","daily_loop|streaks|xp_levels|journaling_reflection|social|reminders_habits","34","loves_daily_loop:13|content_depth_request:7|loves_emotional_support:5|quality_bug_complaint:3|pricing_complaint:3","33","20","jtbd_daily_anchor:21|jtbd_structure_self_improvement:5|jtbd_belonging_accountability:4|jtbd_fast_emotional_reset:3","pain_content_depth_customization:7|pain_signup_access_friction:5|pain_reliability_breaks_ritual:3|pain_subscription_value:3","Demonstrate daily-loop value before paywall; monetize depth and advanced personalization.","https://apps.apple.com/us/app/daily-bible-verse-biblify/id1372744723?uo=4","Immerse yourself in the timeless teachings of the Bible with Biblfy, your ultimate companion for spiritual growth and enlightenment. Dive into the King James Version (KJV) of the Bible, engage in daily devotionals and prayers, test your knowledge with interactive quizzes, and explore personalized Bible reading plans that cater to your unique interests. Wheth"
"52","1566133213","Good Morning Messages & Images","Zipo Apps Ltd.","faith_devotional_habit","medium_high","ai_assisted_review_v1_needs_human_validation","primary_app_entry","4.78704","3935","close","5","27.6","high_priority_close_substitute","yes","yes","yes","yes","no","yes","","10","0.99","49.99","subscription_like:3|unclear_iap:7","daily_loop|streaks|xp_levels|journaling_reflection|social|reminders_habits","15","loves_emotional_support:7|loves_daily_loop:4|content_depth_request:2|loves_avatar_progress:1|pricing_complaint:1","11","3","jtbd_belonging_accountability:6|jtbd_daily_anchor:4|jtbd_make_growth_visible:1","pain_content_depth_customization:2|pain_subscription_value:1","Demonstrate daily-loop value before paywall; monetize depth and advanced personalization.","https://apps.apple.com/us/app/good-morning-messages-images/id1566133213?uo=4","Start Your Day with Positivity and Uplifting Blessings! The way you start your day sets the foundation for everything that follows. A positive mindset in the morning can make your day more productive, joyful, and meaningful. With the Daily Wishes and Blessings app, you can begin each day with thoughtful quotes, heartfelt blessings, and inspiring wishes. Shar"
"53","1176695165","Yoga International","Gaia, Inc","avatar_identity_coaching","medium_high","ai_assisted_review_v1_needs_human_validation","primary_app_entry","4.63967","5989","close","5","30.8","high_priority_close_substitute","yes","yes","yes","yes","no","yes","free_entry|trial","2","19.99","169.00","subscription_like:2","daily_loop|streaks|xp_levels|quests_challenges|avatar_feedback|journaling_reflection|social|reminders_habits","91","pricing_complaint:24|content_depth_request:19|churn_signal:17|quality_bug_complaint:12|loves_avatar_progress:10","22","67","jtbd_make_growth_visible:10|jtbd_belonging_accountability:3|jtbd_daily_anchor:3|jtbd_feel_seen_personalized:2","pain_subscription_value:24|pain_content_depth_customization:19|pain_reliability_breaks_ritual:11|pain_signup_access_friction:9","Make the avatar causally respond to completed daily action, not just exist as profile or decorative identity.","https://apps.apple.com/us/app/yoga-international/id1176695165?uo=4","With the Yoga International app, you can enjoy thousands of yoga classes, guided meditations, breathwork practices, and deep yogic learning from world-class teachers wherever you are. Try us free for 7 days. With membership, you gain access to: ● 3000+ On-demand yoga practices ranging from 3-90 minutes to fit your schedule ● 700+ Meditations to relax, find f"
"54","6758316493","PALs by Tavus: AI Companions","Tavus Inc","tarot_or_oracle_guidance","medium_high","ai_assisted_review_v1_needs_human_validation","primary_app_entry","4.62","50","adjacent","4","20.7","adjacent_benchmark","yes","yes","yes","yes","no","no","","4","19.99","49.99","unclear_iap:2|subscription_like:2","xp_levels|social","6","content_depth_request:3|loves_avatar_progress:2|trust_accuracy_complaint:1","4","4","jtbd_belonging_accountability:2|jtbd_make_growth_visible:2","pain_content_depth_customization:3|pain_trust_accuracy_safety:1","Use as adjacent evidence, not a direct positioning anchor.","https://apps.apple.com/us/app/pals-by-tavus-ai-companions/id6758316493?uo=4","Meet the PALs. The AI companions that can actually see you. PALs are AI humans that see your face, hear your voice, and remember your life. Text them, call them, or chat face-to-face on video. They check in on you, grow with you, and never forget what matters most to you. These aren’t chatbots. These are new friends in your corner that will always have your"
"55","1188080269","Unplug: Meditation","Unplug Meditation LLC","avatar_identity_coaching","medium_high","ai_assisted_review_v1_needs_human_validation","primary_app_entry","4.85145","6247","close","5","30.8","high_priority_close_substitute","yes","yes","yes","yes","no","yes","","3","12.99","69.99","unclear_iap:3","daily_loop|streaks|xp_levels|quests_challenges|avatar_feedback|journaling_reflection|social|reminders_habits","35","loves_emotional_support:11|loves_daily_loop:10|content_depth_request:5|loves_avatar_progress:4|pricing_complaint:3","30","9","jtbd_fast_emotional_reset:13|jtbd_daily_anchor:8|jtbd_make_growth_visible:4|jtbd_structure_self_improvement:3","pain_content_depth_customization:5|pain_subscription_value:3|pain_signup_access_friction:1","Make the avatar causally respond to completed daily action, not just exist as profile or decorative identity.","https://apps.apple.com/us/app/unplug-meditation/id1188080269?uo=4","Unplug: Guided meditation videos to feel happy, calm, and sleep better. 10-minute transformations daily. We help you reach your wellness goals with inspirational courses that will keep you engaged and motivated. Whatever life challenge you may be facing, you will most likely find a meditation for it in our 1,400+ video library. Try searching for ANYTHING and"
"56","1199335009","Testimonio","Stanley Yang","faith_devotional_habit","medium_high","ai_assisted_review_v1_needs_human_validation","primary_app_entry","5","4","close","5","22.7","close_substitute","yes","yes","yes","yes","no","yes","","3","4.99","79.99","subscription_like:2|lifetime_like:1","daily_loop|streaks|journaling_reflection|social|reminders_habits","11","loves_daily_loop:4|loves_emotional_support:3|content_depth_request:3|quality_bug_complaint:1","7","6","jtbd_daily_anchor:4|jtbd_fast_emotional_reset:2|jtbd_make_growth_visible:1","pain_content_depth_customization:3|pain_signup_access_friction:2|pain_reliability_breaks_ritual:1","Compress the daily anchor into a two-minute ritual with visible identity feedback.","https://apps.apple.com/us/app/testimonio/id1199335009?uo=4","Testimonio is a Christian meditation app built to help you grow closer to God through daily spiritual practice. Whether you're new to contemplative prayer or a seasoned practitioner, Testimonio meets you where you are — with practices rooted in Scripture and centuries of Christian tradition. WHAT YOU CAN DO • Breathing Prayer — Inhale, hold, exhale — each ph"
"57","732850216","HOLOSYNC® MEDITATION: BRAINWAVE TRAINING FOR RELAXATION, PROSPERITY, LOVE, HEALTH & SUCCESS","SuperMind Apps, LLC","manifestation_tool","medium_high","ai_assisted_review_v1_needs_human_validation","primary_app_entry","2.66292","89","close","5","23","close_substitute","yes","yes","yes","yes","no","yes","free_entry|credits_or_consumables","8","6.99","19.99","unclear_iap:8","streaks|xp_levels|social|reminders_habits","47","content_depth_request:18|pricing_complaint:9|quality_bug_complaint:7|loves_avatar_progress:4|churn_signal:4","15","44","jtbd_fast_emotional_reset:9|jtbd_make_growth_visible:4|jtbd_structure_self_improvement:2","pain_content_depth_customization:18|pain_subscription_value:9|pain_signup_access_friction:8|pain_reliability_breaks_ritual:7","Demonstrate daily-loop value before paywall; monetize depth and advanced personalization.","https://apps.apple.com/us/app/holosync-meditation-brainwave-training-for-relaxation/id732850216?uo=4","Meditate as deeply as a Zen monk, literally at the touch of a button! Brain-enhancing Holosync® audio technology, used by nearly 2 million people, gives you all the benefits of meditation in a fraction of the time. The exclusive Holosync® and Autofonix® audio technologies enhance relaxation, learning and improve brain function by giving your brain a precise"
"58","6757284404","Mani: Law of Assumption","Aurion Labs","manifestation_tool","medium_high","ai_assisted_review_v1_needs_human_validation","primary_app_entry","4","3","close","5","17.6","close_substitute","yes","yes","yes","yes","no","yes","","9","4.99","89.99","subscription_like:9","daily_loop|streaks|xp_levels|journaling_reflection|reminders_habits","0","","0","0","","","Use as adjacent evidence, not a direct positioning anchor.","https://apps.apple.com/us/app/mani-law-of-assumption/id6757284404?uo=4","Master the Neville Goddard method with Mani. The ONLY manifestation app with an instant Doubt Reset Protocol for when the 3D triggers you. THE PROBLEM WITH OTHER MANIFESTATION APPS: Most apps give you affirmations and send you on your way. Mani stays with you for the other 23 hours—when doubt creeps in, when the 3D triggers you, when you need to remember who"
"59","6761221718","Rift: Reality Shifting","NOSHAIR MUNAWAR","manifestation_tool","medium_high","ai_assisted_review_v1_needs_human_validation","primary_app_entry","4.11364","44","close","5","22.7","close_substitute","yes","yes","yes","yes","no","yes","","2","2.99","34.99","subscription_like:2","daily_loop|streaks|xp_levels|journaling_reflection|social|reminders_habits","16","pricing_complaint:6|content_depth_request:6|trust_accuracy_complaint:2|loves_avatar_progress:1|quality_bug_complaint:1","2","18","jtbd_fast_emotional_reset:1|jtbd_make_growth_visible:1","pain_subscription_value:6|pain_content_depth_customization:6|pain_signup_access_friction:3|pain_trust_accuracy_safety:2","Demonstrate daily-loop value before paywall; monetize depth and advanced personalization.","https://apps.apple.com/us/app/rift-reality-shifting/id6761221718?uo=4","Rift is the ultimate reality shifting companion. Build detailed scripts for your desired reality, practice guided shifting methods, and track your journey. BUILD YOUR DESIRED REALITY Create rich, detailed scripts for any universe — Harry Potter, Marvel, Anime, K-Drama, or your own original world. Fill in your identity, appearance, relationships, daily routin"
"60","1637566468","MINDTRX: Self Help & Mindset","Genius Mind LLC","manifestation_tool","medium_high","ai_assisted_review_v1_needs_human_validation","primary_app_entry","4.81651","109","close","5","26","high_priority_close_substitute","yes","yes","yes","yes","no","yes","free_entry|credits_or_consumables","2","12.00","99.00","unclear_iap:2","streaks|xp_levels|reminders_habits","42","loves_avatar_progress:10|content_depth_request:10|pricing_complaint:9|loves_daily_loop:6|loves_emotional_support:5","31","28","jtbd_fast_emotional_reset:11|jtbd_make_growth_visible:10|jtbd_structure_self_improvement:5|jtbd_daily_anchor:4","pain_content_depth_customization:10|pain_subscription_value:9|pain_signup_access_friction:7|pain_reliability_breaks_ritual:1","Demonstrate daily-loop value before paywall; monetize depth and advanced personalization.","https://apps.apple.com/us/app/mindtrx-self-help-mindset/id1637566468?uo=4","MINDTRX: Transform Your Life with Self-Help & Personal Development With MINDTRX audios, you can improve any aspect of your life in just 20 minutes a day—even while you’re sleeping! Tap play, close your eyes, think of what you want, and drift into a peaceful world of relaxing music, nature sounds, and transformative words. Your mind will gently begin learning"
"61","1599120652","Saint Clairs App","Star Soul Coaching LLC","manifestation_tool","medium_high","ai_assisted_review_v1_needs_human_validation","primary_app_entry","0","0","close","5","17","close_substitute","yes","yes","yes","yes","no","yes","","6","19.99","83.99","unclear_iap:5|subscription_like:1","streaks|xp_levels|social|reminders_habits","0","","0","0","","","Use as adjacent evidence, not a direct positioning anchor.","https://apps.apple.com/us/app/saint-clairs-app/id1599120652?uo=4","Saint Clairs Academy App - Your key to manifestation, frequency elevation and enjoyment of life Welcome to the Saint Clairs Academy App, your ultimate companion on the path to a fulfilled and conscious life. Discover the transformative power of manifestation, raise your frequency and learn to enjoy life in all its facets. Features of the Saint Clairs Academy"
"62","1438388363","Habit Tracker","Inner Grow Limited","ai_companion_roleplay","medium_high","ai_assisted_review_v1_needs_human_validation","primary_app_entry","4.79463","141431","close","5","29","high_priority_close_substitute","yes","yes","yes","yes","no","yes","free_entry|subscription","6","4.99","12.99","lifetime_like:2|unclear_iap:1|subscription_like:3","daily_loop|streaks|avatar_feedback|journaling_reflection|social|reminders_habits","51","loves_daily_loop:13|pricing_complaint:13|content_depth_request:13|loves_emotional_support:5|loves_avatar_progress:5","41","36","jtbd_structure_self_improvement:18|jtbd_daily_anchor:14|jtbd_make_growth_visible:5|jtbd_belonging_accountability:2","pain_subscription_value:13|pain_content_depth_customization:13|pain_signup_access_friction:8|pain_reliability_breaks_ritual:1","Make the avatar causally respond to completed daily action, not just exist as profile or decorative identity.","https://apps.apple.com/us/app/habit-tracker/id1438388363?uo=4","Habit Tracker: A simple daily planner to schedule and track your routine, making it easy to build lasting habits. Join 15M+ happy users, achieve your goals, and make every day count! More than a self-care companion, it lets you share with others to grow and improve together. ----Useful Features---- Sync with Apple Health: Track water intake, steps, sleep, ex"
"63","6754897547","EVOLVE: Transform Your Life","Matthew Castriotta","manifestation_tool","high","ai_assisted_review_v1_needs_human_validation","primary_app_entry","4.73757","1006","close","5","31","high_priority_close_substitute","yes","yes","yes","yes","no","yes","free_entry","9","9.99","99.99","subscription_like:9","daily_loop|streaks|avatar_feedback|journaling_reflection|reminders_habits","57","loves_daily_loop:13|pricing_complaint:11|content_depth_request:10|loves_avatar_progress:8|churn_signal:6","40","32","jtbd_structure_self_improvement:15|jtbd_daily_anchor:15|jtbd_make_growth_visible:8|jtbd_belonging_accountability:1","pain_subscription_value:11|pain_content_depth_customization:10|pain_reliability_breaks_ritual:5|pain_trust_accuracy_safety:3","Make the avatar causally respond to completed daily action, not just exist as profile or decorative identity.","https://apps.apple.com/us/app/evolve-transform-your-life/id6754897547?uo=4","Transform your daily routine into a rewarding journey. With Evolve, every habit you complete makes you stronger. Stop letting your goals slip away. Evolve turns self-improvement into an adventure where progress is visible, momentum builds naturally, and consistency becomes second nature. Track what matters to you, complete your habits, and watch your rank cl"
"64","6739170801","Habit Tracker : Haby","App Forgeron LLC","manifestation_tool","medium_high","ai_assisted_review_v1_needs_human_validation","primary_app_entry","4.7107","757","close","5","29.9","high_priority_close_substitute","yes","yes","yes","yes","no","yes","premium|subscription","8","0.00","89.99","subscription_like:8|lifetime_like:4","streaks|xp_levels|avatar_feedback|journaling_reflection|reminders_habits","43","loves_daily_loop:15|content_depth_request:10|pricing_complaint:9|loves_avatar_progress:4|quality_bug_complaint:2","33","30","jtbd_structure_self_improvement:15|jtbd_daily_anchor:14|jtbd_make_growth_visible:4","pain_content_depth_customization:10|pain_subscription_value:9|pain_signup_access_friction:8|pain_reliability_breaks_ritual:2","Make the avatar causally respond to completed daily action, not just exist as profile or decorative identity.","https://apps.apple.com/us/app/habit-tracker-haby/id6739170801?uo=4","Transform Your Life with Science-Backed Habit Building Master your habits using proven behavioral science techniques. Whether you're building positive routines or breaking unwanted patterns, our intelligent habit tracker adapts to your unique journey. Premium Features: Smart & Scientific • Science-backed suggestions help you build lasting habits • Intelligen"
"65","1528204230","Daily Habit List: Goal Tracker","Zipo Apps Ltd.","gamified_self_improvement","medium_high","ai_assisted_review_v1_needs_human_validation","primary_app_entry","4.24418","344","close","5","25.5","high_priority_close_substitute","yes","yes","yes","yes","no","yes","free_entry","10","4.99","49.99","subscription_like:8|trial_like:3|lifetime_like:1|unclear_iap:2","daily_loop|streaks|xp_levels|avatar_feedback|journaling_reflection|social|reminders_habits","37","pricing_complaint:16|loves_daily_loop:10|churn_signal:4|content_depth_request:3|privacy_safety_signal:2","19","30","jtbd_daily_anchor:11|jtbd_structure_self_improvement:8","pain_subscription_value:16|pain_signup_access_friction:5|pain_trust_accuracy_safety:3|pain_content_depth_customization:3","Make the avatar causally respond to completed daily action, not just exist as profile or decorative identity.","https://apps.apple.com/us/app/daily-habit-list-goal-tracker/id1528204230?uo=4","Introducing the Daily Habit App, your free daily routine planner for a fabulous wellness living experience! Transform your lifestyle with this ultimate habit tracker that fuels your motivation and supports your mental health. Daily Habit is the go-to health app designed to help you cultivate and maintain healthy habits, achieve personal goals, and enhance yo"
"66","6742257400","Habit Tracker - Statz","Max Miesen LLC","gamified_self_improvement","medium_high","ai_assisted_review_v1_needs_human_validation","primary_app_entry","4.75676","37","close","5","28.6","high_priority_close_substitute","yes","yes","yes","yes","no","yes","","3","5.99","129.99","unclear_iap:2|lifetime_like:1","streaks|xp_levels|avatar_feedback|journaling_reflection|social|reminders_habits","23","loves_daily_loop:11|loves_avatar_progress:4|loves_emotional_support:3|content_depth_request:3|pricing_complaint:1","30","8","jtbd_structure_self_improvement:14|jtbd_daily_anchor:11|jtbd_make_growth_visible:4|jtbd_fast_emotional_reset:1","pain_signup_access_friction:3|pain_content_depth_customization:3|pain_subscription_value:1|pain_reliability_breaks_ritual:1","Make the avatar causally respond to completed daily action, not just exist as profile or decorative identity.","https://apps.apple.com/us/app/habit-tracker-statz/id6742257400?uo=4","STATZ Habit Tracker, Discipline & Self Improvement Build discipline, break bad habits, and level up your life. Statz is the all-in-one self-improvement tracker that combines a habit tracker, workout log, mood tracker, focus timer, and drink tracker into one gamified dashboard — so you actually stay consistent. Turn your goals into a game you want to win. Ear"
"67","6756091774","Pactly: Social Habit Tracker","Park Ave Ventures LLC","faith_devotional_habit","medium_high","ai_assisted_review_v1_needs_human_validation","primary_app_entry","4.7","10","close","5","22","close_substitute","yes","yes","yes","yes","no","yes","free_entry|subscription","2","1.99","29.99","subscription_like:2","daily_loop|streaks|quests_challenges|avatar_feedback|journaling_reflection|social|reminders_habits","4","loves_daily_loop:2|pricing_complaint:1|loves_emotional_support:1","9","2","jtbd_structure_self_improvement:4|jtbd_belonging_accountability:4|jtbd_daily_anchor:1","pain_subscription_value:1|pain_signup_access_friction:1","Make the avatar causally respond to completed daily action, not just exist as profile or decorative identity.","https://apps.apple.com/us/app/pactly-social-habit-tracker/id6756091774?uo=4","Build better habits with friends using Pactly, a social habit tracker built around accountability ""pacts."" Create a pact with a friend (or go solo), follow a daily or weekly schedule, and stay consistent with streaks, challenges, and friendly competition. ACCOUNTABILITY THAT WORKS • Create pacts with friends or on your own • Challenge friends to 1-on-1 accou"
"68","1668280041","Routine Planner: Habit Tracker","AHAD DURRANI","manifestation_tool","medium","ai_assisted_review_v1_needs_human_validation","primary_app_entry","4.80851","47","adjacent","4","17.7","monetization_risk_benchmark","yes","yes","no","yes","no","yes","credits_or_consumables","5","4.99","49.99","subscription_like:5","daily_loop|streaks|xp_levels|avatar_feedback|journaling_reflection|reminders_habits","9","pricing_complaint:2|loves_daily_loop:2|content_depth_request:2|loves_emotional_support:2|churn_signal:1","5","4","jtbd_structure_self_improvement:3|jtbd_daily_anchor:2","pain_subscription_value:2|pain_content_depth_customization:2","Make the avatar causally respond to completed daily action, not just exist as profile or decorative identity.","https://apps.apple.com/us/app/routine-planner-habit-tracker/id1668280041?uo=4","Unlock Your Best Self – Every Day! Transform your habits, routines, and mindset with the ultimate self-care and motivation app designed to help you live your best life. Features You'll Love: + Track Your Habits: Build healthy habits, stay consistent, and track your progress with habit streaks. + Plan Daily Routines: Organize your day with proven techniques t"
"69","1382387491","Essence 360","Essence Communications Inc.","manifestation_tool","high","ai_assisted_review_v1_needs_human_validation","primary_app_entry","3.52","25","close","5","28.4","high_priority_close_substitute","yes","yes","yes","yes","no","yes","","0","","","","streaks|xp_levels|avatar_feedback|journaling_reflection|social|reminders_habits","25","quality_bug_complaint:8|content_depth_request:6|pricing_complaint:4|loves_avatar_progress:3|trust_accuracy_complaint:2","5","36","jtbd_make_growth_visible:3|jtbd_belonging_accountability:2","pain_signup_access_friction:14|pain_reliability_breaks_ritual:8|pain_content_depth_customization:6|pain_subscription_value:4","Make the avatar causally respond to completed daily action, not just exist as profile or decorative identity.","https://apps.apple.com/us/app/essence-360/id1382387491?uo=4","From headline stories and cultural moments to career support, wellness tools, and community, Essence 360 is your all-in-one destination to live fully, grow intentionally, and stay connected to what matters most. Created by and for Black women, this app brings together every facet of your journey—inspiration, opportunity, joy, and purpose. Whether you’re plan"
"70","1638650650","Myla : Manifest & Vision Board","Succeed Software LLC","manifestation_tool","high","ai_assisted_review_v1_needs_human_validation","primary_app_entry","4.79321","648","close","5","26.8","high_priority_close_substitute","yes","yes","yes","yes","no","yes","","10","0.00","42.99","subscription_like:10|lifetime_like:1","daily_loop|streaks|avatar_feedback|journaling_reflection|reminders_habits","55","loves_daily_loop:15|content_depth_request:12|pricing_complaint:8|loves_emotional_support:8|churn_signal:6","41","30","jtbd_structure_self_improvement:18|jtbd_daily_anchor:14|jtbd_belonging_accountability:4|jtbd_fast_emotional_reset:3","pain_content_depth_customization:12|pain_subscription_value:8|pain_signup_access_friction:6|pain_trust_accuracy_safety:2","Make the avatar causally respond to completed daily action, not just exist as profile or decorative identity.","https://apps.apple.com/us/app/myla-manifest-vision-board/id1638650650?uo=4","A quiet daily practice for the life you’re becoming. MYLA brings together manifestation, vision boards, affirmations, the 369 method, meditation, and Solfeggio frequencies into one calm ritual you can return to every day. Most self-growth apps feel loud, busy, or generic. MYLA is different. It feels like a private journal for your future self — soft cream pa"
"71","1527058035","Goddess・Women's Wellness Coach","GDS EGITIM DANISMANLIK VE TEKNOLOJI ANONIM SIRKETI","manifestation_tool","medium_high","ai_assisted_review_v1_needs_human_validation","primary_app_entry","4.78756","885","close","5","29.9","high_priority_close_substitute","yes","yes","yes","yes","no","yes","","10","6.99","54.90","subscription_like:8|unclear_iap:2","daily_loop|streaks|xp_levels|avatar_feedback|journaling_reflection|social|reminders_habits","51","content_depth_request:12|pricing_complaint:10|loves_emotional_support:9|loves_avatar_progress:7|churn_signal:4","23","31","jtbd_fast_emotional_reset:8|jtbd_make_growth_visible:7|jtbd_daily_anchor:4|jtbd_belonging_accountability:3","pain_content_depth_customization:12|pain_subscription_value:10|pain_trust_accuracy_safety:3|pain_reliability_breaks_ritual:3","Make the avatar causally respond to completed daily action, not just exist as profile or decorative identity.","https://apps.apple.com/us/app/goddess-womens-wellness-coach/id1527058035?uo=4","Transform your life and take care your well-being with the help of Goddess - the ultimate science-backed app that empowers you to start your spiritual and mental health journey. Elevate your daily self care routines, healing with meditation, yoga, and breathwork, and many more well-being practices for women's health. Embark on a sacred self love and empowerm"
"72","1663790612","Mia Adora","Natashia Mensah","avatar_identity_coaching","medium_high","ai_assisted_review_v1_needs_human_validation","primary_app_entry","4.8","5","close","5","20.8","close_substitute","yes","yes","yes","yes","no","yes","free_entry|credits_or_consumables","10","1.00","334.99","unclear_iap:6|consumable_or_unlock:3|subscription_like:1","streaks|xp_levels|avatar_feedback|journaling_reflection|reminders_habits","0","","0","0","","","Make the avatar causally respond to completed daily action, not just exist as profile or decorative identity.","https://apps.apple.com/us/app/mia-adora/id1663790612?uo=4","Unlock the healthiest, most powerful version of you! (They won’t even recognize you.) Say goodbye to stubborn belly fat, fatigue, uncontrollable cravings, acne, bloating, and stress – you deserve to feel fabulous every day! Specially designed by a real mom x4, transformation & hormone expert to help you break free from self-sabotage, bad habits, and emotiona"
"73","1581511740","Miracle Morning Routine","Hal Elrod","manifestation_tool","high","ai_assisted_review_v1_needs_human_validation","primary_app_entry","4.8902","4982","close","5","33.7","high_priority_close_substitute","yes","yes","yes","yes","no","yes","","8","12.99","99.99","subscription_like:7|unclear_iap:1","daily_loop|streaks|xp_levels|quests_challenges|avatar_feedback|journaling_reflection|social|reminders_habits","55","loves_daily_loop:17|content_depth_request:13|loves_avatar_progress:9|loves_emotional_support:6|pricing_complaint:5","45","27","jtbd_daily_anchor:20|jtbd_make_growth_visible:9|jtbd_structure_self_improvement:8|jtbd_belonging_accountability:5","pain_content_depth_customization:13|pain_subscription_value:5|pain_signup_access_friction:4|pain_reliability_breaks_ritual:2","Make the avatar causally respond to completed daily action, not just exist as profile or decorative identity.","https://apps.apple.com/us/app/miracle-morning-routine/id1581511740?uo=4","The Miracle Morning Routine App Transform your mornings. Transform your life. Based on a Global Bestseller The Miracle Morning App is based on The Miracle Morning by Hal Elrod, a global bestseller with over 3 million copies sold worldwide. This Miracle Morning App helps you start each day with intention, focus, and clarity so you can become the person capabl"
"74","6755015035","Becoming Whole","Mighty Software, Inc.","avatar_identity_coaching","medium_high","ai_assisted_review_v1_needs_human_validation","duplicate_app_entry","4.61224","49","adjacent","4","21.7","adjacent_benchmark","yes","yes","no","yes","no","yes","","0","","","","streaks|avatar_feedback|journaling_reflection|social|reminders_habits","1","loves_avatar_progress:1","2","0","jtbd_make_growth_visible:1|jtbd_belonging_accountability:1","","Make the avatar causally respond to completed daily action, not just exist as profile or decorative identity.","https://apps.apple.com/us/app/becoming-whole/id6755015035?uo=4","Becoming Whole is a transformational growth community for people who are ready to break old patterns and build a life that truly aligns with who they were created to be. Whether you feel stuck in unhealthy relationship cycles, overwhelmed by burnout, or tired of temporary fixes, this is your invitation to pursue real, lasting change — without the pressure of"
"75","6448480238","Growth Spiral | Self evolution","Growth Spiral LLC","avatar_identity_coaching","high","ai_assisted_review_v1_needs_human_validation","primary_app_entry","5","4","close","5","27.7","high_priority_close_substitute","yes","yes","yes","yes","no","yes","","7","10.00","119.99","unclear_iap:5|subscription_like:1|consumable_or_unlock:1","daily_loop|streaks|xp_levels|avatar_feedback|journaling_reflection|reminders_habits","3","loves_avatar_progress:2|content_depth_request:1","3","1","jtbd_make_growth_visible:2|jtbd_belonging_accountability:1","pain_content_depth_customization:1","Make the avatar causally respond to completed daily action, not just exist as profile or decorative identity.","https://apps.apple.com/us/app/growth-spiral-self-evolution/id6448480238?uo=4","Daily evolution is self-expansion. Growth Spiral is an evolving self-development app for spiritually aware women who are ready to stop overthinking their dreams and start embodying the person who actually goes for them. Through beginner-friendly meditation, yoga, breathwork, and self-development practices, Growth Spiral helps you reconnect with your body, re"
"76","1443895231","Flow Lab: Growth Mindset Coach","Quantum Craft UG (haftungsbeschraenkt)","manifestation_tool","medium_high","ai_assisted_review_v1_needs_human_validation","primary_app_entry","4.83893","894","close","5","27","high_priority_close_substitute","yes","yes","yes","yes","no","yes","credits_or_consumables","9","11.49","69.99","subscription_like:9","daily_loop|streaks|xp_levels|quests_challenges|avatar_feedback|reminders_habits","61","pricing_complaint:16|content_depth_request:11|quality_bug_complaint:9|loves_avatar_progress:6|loves_emotional_support:6","36","50","jtbd_structure_self_improvement:11|jtbd_fast_emotional_reset:9|jtbd_make_growth_visible:6|jtbd_feel_seen_personalized:4","pain_subscription_value:16|pain_signup_access_friction:12|pain_content_depth_customization:11|pain_reliability_breaks_ritual:9","Make the avatar causally respond to completed daily action, not just exist as profile or decorative identity.","https://apps.apple.com/us/app/flow-lab-growth-mindset-coach/id1443895231?uo=4","Flow Lab is your digital performance & mindset coach to improve your concentration, self-confidence & grit through personalized guided meditation and coaching exercises. Based on research in Positive Psychology our digital coach analyzes your mental and emotional state and generates your individual flow profile by asking you about your challenges, feelings a"
"77","6758316493","PALs by Tavus: AI Companions","Tavus Inc","avatar_identity_coaching","medium_high","ai_assisted_review_v1_needs_human_validation","duplicate_app_entry","4.62","50","adjacent","4","20.7","adjacent_benchmark","yes","yes","yes","yes","no","no","","4","19.99","49.99","unclear_iap:2|subscription_like:2","xp_levels|social","6","content_depth_request:3|loves_avatar_progress:2|trust_accuracy_complaint:1","4","4","jtbd_belonging_accountability:2|jtbd_make_growth_visible:2","pain_content_depth_customization:3|pain_trust_accuracy_safety:1","Use as adjacent evidence, not a direct positioning anchor.","https://apps.apple.com/us/app/pals-by-tavus-ai-companions/id6758316493?uo=4","Meet the PALs. The AI companions that can actually see you. PALs are AI humans that see your face, hear your voice, and remember your life. Text them, call them, or chat face-to-face on video. They check in on you, grow with you, and never forget what matters most to you. These aren’t chatbots. These are new friends in your corner that will always have your"
"78","662136391","Intuitive Life Coaching Oracle","Frederic Calendini","tarot_or_oracle_guidance","medium","ai_assisted_review_v1_needs_human_validation","duplicate_app_entry","4.89126","561","adjacent","4","16.7","monetization_risk_benchmark","yes","yes","no","yes","no","yes","free_entry|credits_or_consumables","3","9.99","9.99","unclear_iap:3","streaks|quests_challenges|avatar_feedback|journaling_reflection|social|reminders_habits","24","loves_personalization:7|pricing_complaint:4|loves_emotional_support:4|loves_avatar_progress:3|loves_daily_loop:2","32","11","jtbd_feel_seen_personalized:13|jtbd_daily_anchor:10|jtbd_structure_self_improvement:3|jtbd_belonging_accountability:3","pain_subscription_value:4|pain_signup_access_friction:3|pain_content_depth_customization:2|pain_trust_accuracy_safety:1","Make the avatar causally respond to completed daily action, not just exist as profile or decorative identity.","https://apps.apple.com/us/app/intuitive-life-coaching-oracle/id662136391?uo=4","By Kelly T. Smith. Once you have identified your emotional challenges and brought them into your awareness, it frees you up to make new choices, and to live a life that you design consciously – instead of one you unconsciously accept as your reality. You can use this app as a full-featured, ad-free and time-unlimited ""Lite"" version, or unlock the full deck f"
"79","6744328233","HootieLife: AI Wellness Coach","HootieLife LLC","avatar_identity_coaching","medium_high","ai_assisted_review_v1_needs_human_validation","duplicate_app_entry","4.66667","12","close","5","19.1","close_substitute","yes","yes","yes","yes","no","yes","free_entry","4","12.99","119.99","subscription_like:4","daily_loop|streaks|quests_challenges|avatar_feedback|journaling_reflection|social|reminders_habits","1","quality_bug_complaint:1","0","1","","pain_reliability_breaks_ritual:1","Make the avatar causally respond to completed daily action, not just exist as profile or decorative identity.","https://apps.apple.com/us/app/hootielife-ai-wellness-coach/id6744328233?uo=4","Your AI-first wellness companion. Log meals, track your mood, sync Apple Health - and finally understand it all through conversation. Not another dashboard. A crew that actually talks to you. YOUR CREW Mrs. Hootie - Nutrition check-ins and daily wellness vibes Luna - Mindful moments and a space to reflect Rex - Fitness motivation that does not make you cring"
"80","1552207792","Zing AI: Home & Gym Workouts","Zing Coach Inc.","avatar_identity_coaching","high","ai_assisted_review_v1_needs_human_validation","primary_app_entry","4.77053","30671","close","5","34","high_priority_close_substitute","yes","yes","yes","yes","no","yes","","6","18.99","59.99","subscription_like:5|unclear_iap:1","daily_loop|streaks|xp_levels|quests_challenges|avatar_feedback|journaling_reflection|social|reminders_habits","55","content_depth_request:16|loves_daily_loop:8|pricing_complaint:8|loves_avatar_progress:6|loves_emotional_support:4","27","30","jtbd_make_growth_visible:6|jtbd_daily_anchor:6|jtbd_structure_self_improvement:6|jtbd_feel_seen_personalized:5","pain_content_depth_customization:16|pain_subscription_value:8|pain_trust_accuracy_safety:4|pain_reliability_breaks_ritual:1","Make the avatar causally respond to completed daily action, not just exist as profile or decorative identity.","https://apps.apple.com/us/app/zing-ai-home-gym-workouts/id1552207792?uo=4","Zing is the ultimate AI Coach, revolutionizing fitness with AI-powered, personalized workouts designed by top health and fitness experts. Whether you're a beginner or an advanced athlete, Zing AI Coach adapts to your needs, offering real-time insights and support for a transformative fitness journey. Advanced AI Coach The AI Coach engages proactively, sugges"
"81","1471632228","ZOE Health: AI Meal Tracker","Zoe Limited","avatar_identity_coaching","medium_high","ai_assisted_review_v1_needs_human_validation","primary_app_entry","4.78486","6577","close","5","28.8","high_priority_close_substitute","yes","yes","yes","yes","no","yes","","2","15.99","99.99","subscription_like:2","daily_loop|streaks|avatar_feedback|journaling_reflection|reminders_habits","66","content_depth_request:24|pricing_complaint:11|churn_signal:8|loves_daily_loop:6|quality_bug_complaint:5","28","53","jtbd_structure_self_improvement:7|jtbd_daily_anchor:6|jtbd_make_growth_visible:6|jtbd_feel_seen_personalized:4","pain_content_depth_customization:24|pain_subscription_value:11|pain_signup_access_friction:6|pain_trust_accuracy_safety:6","Make the avatar causally respond to completed daily action, not just exist as profile or decorative identity.","https://apps.apple.com/us/app/zoe-health-ai-meal-tracker/id1471632228?uo=4","The ZOE App helps you build healthy eating habits, eat more mindfully, and understand your nutrition, one meal at a time. Because what you eat can improve your energy, mood, gut health, and sleep. Powered by cutting-edge research, AI food scoring, microbiome data, and the world’s largest nutrition study run by ZOE, our app delivers science-backed nutrition i"
"82","6751529164","Awaken: AI Coach & Inner Guide","Pureplay Studios Ltd","manifestation_tool","high","ai_assisted_review_v1_needs_human_validation","primary_app_entry","5","26","close","5","23.4","close_substitute","yes","yes","yes","yes","no","yes","","9","4.99","549.99","unclear_iap:7|subscription_like:2","streaks|quests_challenges|journaling_reflection|reminders_habits","4","loves_avatar_progress:2|loves_emotional_support:2","4","1","jtbd_make_growth_visible:2|jtbd_fast_emotional_reset:1|jtbd_belonging_accountability:1","pain_signup_access_friction:1","Use as adjacent evidence, not a direct positioning anchor.","https://apps.apple.com/us/app/awaken-ai-coach-inner-guide/id6751529164?uo=4","You know that feeling when something's off - in your relationship, your work, the way you're showing up - and you can feel it, but you can't quite see it? That's the moment you need a mirror. Not next Tuesday at 4pm. Not after three weeks on a waitlist. Now. At 2am when you can't sleep because of what your partner said. In the car before the conversation you"
"83","6451135127","Rosebud: AI Journal & Diary","Just Imagine, inc.","manifestation_tool","high","ai_assisted_review_v1_needs_human_validation","primary_app_entry","4.89815","3034","close","5","30.5","high_priority_close_substitute","yes","yes","yes","yes","no","yes","","4","11.00","107.99","unclear_iap:4","daily_loop|streaks|xp_levels|journaling_reflection|reminders_habits","54","content_depth_request:17|loves_emotional_support:13|pricing_complaint:9|loves_avatar_progress:7|loves_daily_loop:4","49","31","jtbd_structure_self_improvement:21|jtbd_belonging_accountability:10|jtbd_make_growth_visible:7|jtbd_daily_anchor:6","pain_content_depth_customization:18|pain_subscription_value:9|pain_trust_accuracy_safety:2|pain_signup_access_friction:1","Demonstrate daily-loop value before paywall; monetize depth and advanced personalization.","https://apps.apple.com/us/app/rosebud-ai-journal-diary/id6451135127?uo=4","Rosebud is your personal AI-powered self care companion. Rosebud is a therapist-recommended journaling and self-reflection tool designed to support your personal growth and emotional wellness. Rosebud is a diary that evolves with you, learning from your entries and providing personalized prompts, feedback, and insights tailored for your growth. THE BEST DAIL"
"84","1068278823","Motivate: Daily Motivation","Brave New Logic LLC","avatar_identity_coaching","medium_high","ai_assisted_review_v1_needs_human_validation","primary_app_entry","4.79656","8307","close","5","30.9","high_priority_close_substitute","yes","yes","yes","yes","no","yes","","4","11.99","399.99","subscription_like:4|lifetime_like:1","daily_loop|streaks|xp_levels|avatar_feedback|journaling_reflection|social|reminders_habits","56","loves_emotional_support:12|pricing_complaint:11|content_depth_request:10|loves_daily_loop:7|churn_signal:6","19","34","jtbd_daily_anchor:9|jtbd_belonging_accountability:4|jtbd_make_growth_visible:3|jtbd_structure_self_improvement:2","pain_subscription_value:11|pain_content_depth_customization:10|pain_signup_access_friction:7|pain_reliability_breaks_ritual:5","Make the avatar causally respond to completed daily action, not just exist as profile or decorative identity.","https://apps.apple.com/us/app/motivate-daily-motivation/id1068278823?uo=4","** Best New App ** – Apple ** Best Motivation App ** – Healthline ** Top Apps of the Day ** – Product Hunt “The journey of a thousand miles begins with a single step” – Lao Tzu Motivate is your first step towards a more driven, focused and inspired life. Experience empowering full-length speeches from some of the world's most inspiring speakers exclusively i"
"85","6749149092","WinMode: Goal & Habit AI Coach","ARCHITECTUREPLUS S.R.L.","manifestation_tool","high","ai_assisted_review_v1_needs_human_validation","primary_app_entry","4.22222","9","close","5","19","close_substitute","yes","yes","yes","yes","no","yes","free_entry","6","9.99","47.95","subscription_like:6","daily_loop|streaks|social|reminders_habits","0","","0","0","","","Use as adjacent evidence, not a direct positioning anchor.","https://apps.apple.com/us/app/winmode-goal-habit-ai-coach/id6749149092?uo=4","Join thousands achieving goals and breaking free from procrastination. WinMode rewires your brain to follow through and build habits that stick. Stop breaking promises to yourself. Regain control. REWIRE YOUR BRAIN Built on neuroscience, WinMode teaches your brain patterns that make follow-through automatic. Transform your mind into your greatest asset. Foll"
"86","6740247674","Eylo: AI Weight Loss Coach","Eylo, Inc.","avatar_identity_coaching","medium_high","ai_assisted_review_v1_needs_human_validation","primary_app_entry","4.75758","33","close","5","26.5","high_priority_close_substitute","yes","yes","yes","yes","no","yes","","5","4.99","179.99","unclear_iap:3|subscription_like:2","daily_loop|streaks|avatar_feedback|reminders_habits","18","content_depth_request:7|pricing_complaint:3|loves_avatar_progress:3|loves_daily_loop:2|loves_personalization:1","14","14","jtbd_structure_self_improvement:5|jtbd_make_growth_visible:3|jtbd_belonging_accountability:2|jtbd_daily_anchor:2","pain_content_depth_customization:7|pain_subscription_value:3|pain_signup_access_friction:2|pain_trust_accuracy_safety:2","Make the avatar causally respond to completed daily action, not just exist as profile or decorative identity.","https://apps.apple.com/us/app/eylo-ai-weight-loss-coach/id6740247674?uo=4","The easiest way to stay consistent and lose weight. Eylo helps you lose weight without rigid diets, complicated tracking, or feeling like you failed. Instead of forcing you to be perfect, Eylo adapts to your real life, your schedule, your cravings, your energy, and even your cycle, so you can stay consistent and see real results. Think of Eylo as your person"
"87","6755958698","Scroll Block: ScreenTime + VPN","ByteBloom Solutions","manifestation_tool","medium_high","ai_assisted_review_v1_needs_human_validation","primary_app_entry","4.65217","46","close","5","22.7","close_substitute","yes","yes","yes","yes","no","yes","premium","5","9.99","99.99","subscription_like:5","streaks|xp_levels|social|reminders_habits","4","content_depth_request:1|pricing_complaint:1|churn_signal:1|loves_avatar_progress:1","1","2","jtbd_make_growth_visible:1","pain_content_depth_customization:1|pain_subscription_value:1","Demonstrate daily-loop value before paywall; monetize depth and advanced personalization.","https://apps.apple.com/us/app/scroll-block-screentime-vpn/id6755958698?uo=4","Stop the scroll. Reclaim your life. Scroll Block is the most advanced focus and distraction blocker on iOS — combining a Patent-Pending AI VPN Firewall and Apple Screen Time into one button. Nuke distractions instantly and rebuild your focus, mental health, and discipline. KEY FEATURES: • One-Button Nuke: Instantly block social media and explicit websites wi"
"88","1640697055","Inner Journey: Meditate App","AffirmedYou LLC","manifestation_tool","high","ai_assisted_review_v1_needs_human_validation","primary_app_entry","4.6909","55","close","5","22.7","close_substitute","yes","yes","yes","yes","no","yes","credits_or_consumables","3","4.99","29.99","subscription_like:3","streaks|journaling_reflection|reminders_habits","17","loves_emotional_support:6|loves_daily_loop:5|content_depth_request:4|privacy_safety_signal:1|pricing_complaint:1","18","6","jtbd_structure_self_improvement:6|jtbd_daily_anchor:5|jtbd_fast_emotional_reset:4|jtbd_belonging_accountability:3","pain_content_depth_customization:4|pain_trust_accuracy_safety:1|pain_subscription_value:1","Demonstrate daily-loop value before paywall; monetize depth and advanced personalization.","https://apps.apple.com/us/app/inner-journey-meditate-app/id1640697055?uo=4","Elevate your mental fitness, build emotional strength, and help you become your best self with Inner Journey. No matter if you're looking for clarity, deeper self-awareness, reducing anxiety, or more confidence, Inner Journey gives you the tools to grow your inner self every day. Try now to train your mind, master your emotions, and unlock your inner mental"
"89","1511392642","Ricky Kalmon","Kalmon Productions, LLC","gamified_self_improvement","medium_high","ai_assisted_review_v1_needs_human_validation","primary_app_entry","4.90986","355","close","5","26.6","high_priority_close_substitute","yes","yes","yes","yes","no","yes","","2","7.99","69.99","subscription_like:1|unclear_iap:1","streaks|xp_levels|reminders_habits","50","loves_emotional_support:17|content_depth_request:12|loves_daily_loop:11|loves_avatar_progress:8|pricing_complaint:1","59","18","jtbd_fast_emotional_reset:19|jtbd_daily_anchor:15|jtbd_structure_self_improvement:11|jtbd_make_growth_visible:8","pain_content_depth_customization:14|pain_signup_access_friction:2|pain_subscription_value:1|pain_unclear_game_loop:1","Demonstrate daily-loop value before paywall; monetize depth and advanced personalization.","https://apps.apple.com/us/app/ricky-kalmon/id1511392642?uo=4","This app offers tools and techniques for personal and professional mindfulness using self-hypnosis / meditation techniques. Guided meditation is a simple way to leverage your mindset, overcome limiting beliefs and increase your potential! In addition, it offers soothing meditation music, sounds and breathing techniques. Your mind is your most priceless asset"
"90","1567904684","Pocket Insight Psychic Reading","FIRST GROUP PTE LTD","astrology_guidance","medium_high","ai_assisted_review_v1_needs_human_validation","primary_app_entry","4.65967","5195","close","5","27.7","high_priority_close_substitute","yes","yes","yes","yes","no","yes","free_entry|credits_or_consumables","9","0.99","99.99","consumable_or_unlock:8|unclear_iap:1","streaks|xp_levels|social|reminders_habits","29","pricing_complaint:6|content_depth_request:6|loves_avatar_progress:5|loves_emotional_support:4|loves_personalization:3","28","18","jtbd_daily_anchor:11|jtbd_feel_seen_personalized:9|jtbd_make_growth_visible:5|jtbd_fast_emotional_reset:2","pain_subscription_value:6|pain_content_depth_customization:6|pain_signup_access_friction:4|pain_reliability_breaks_ritual:1","Demonstrate daily-loop value before paywall; monetize depth and advanced personalization.","https://apps.apple.com/us/app/pocket-insight-psychic-reading/id1567904684?uo=4","******Get 3 Free Minutes****** Try Free LIVE Chatting with Best-Matched Psychic on your Concerns ******Special Welcome Offer for New Users****** Don't forget to redeem your DISCOUNT Credits Package & First Reading at 30% OFF Welcome to Pocket Insight, where you cannot be here for a good time, but a great time! We have got something for you everywhere, with f"
"91","6757371129","Gita Life Coach","Nirmit Patel","gamified_self_improvement","medium_high","ai_assisted_review_v1_needs_human_validation","primary_app_entry","0","0","close","5","15","close_substitute","yes","yes","yes","yes","no","yes","subscription|trial","2","4.99","29.99","subscription_like:2","daily_loop|streaks|quests_challenges|journaling_reflection|reminders_habits","0","","0","0","","","Use as adjacent evidence, not a direct positioning anchor.","https://apps.apple.com/us/app/gita-life-coach/id6757371129?uo=4","Struggling with stress, confusion, or finding your purpose? Ask any question and receive wisdom from the Bhagavad Gita — delivered as if Lord Krishna is speaking directly to you. Gita Life Coach is your personal spiritual AI companion that transforms ancient wisdom into practical guidance for modern life. HOW IT WORKS Simply type your question — about relati"
"92","1641577381","Soulful Navigation","Kristin Lemaster","avatar_identity_coaching","medium_high","ai_assisted_review_v1_needs_human_validation","duplicate_app_entry","5","5","close","5","20.8","close_substitute","yes","yes","yes","yes","no","yes","","4","32.99","99.99","subscription_like:2|consumable_or_unlock:2","streaks|xp_levels|avatar_feedback|social|reminders_habits","0","","0","0","","","Make the avatar causally respond to completed daily action, not just exist as profile or decorative identity.","https://apps.apple.com/us/app/soulful-navigation/id1641577381?uo=4","IMAGINE YOURSELF stepping out of the grind and creating a life of ease and soul-deep fulfillment. AND IMAGINE doing it with something that already exists inside you, with less physical, mental + emotional effort than your current life requires. IT’S POSSIBLE with your energy. And the best part? The possibilities are limitless when it comes to creating your l"
"93","1474958416","Sol - Inner Life & Wellbeing","Sol Technologies, Inc.","astrology_guidance","high","ai_assisted_review_v1_needs_human_validation","primary_app_entry","4.87439","1234","close","5","30.1","high_priority_close_substitute","yes","yes","yes","yes","no","yes","","4","1.99","119.99","subscription_like:3|lifetime_like:1","daily_loop|streaks|xp_levels|journaling_reflection|social|reminders_habits","31","content_depth_request:12|loves_avatar_progress:6|loves_emotional_support:6|pricing_complaint:3|trust_accuracy_complaint:2","22","19","jtbd_make_growth_visible:6|jtbd_fast_emotional_reset:6|jtbd_belonging_accountability:3|jtbd_daily_anchor:3","pain_content_depth_customization:12|pain_subscription_value:3|pain_signup_access_friction:2|pain_trust_accuracy_safety:2","Demonstrate daily-loop value before paywall; monetize depth and advanced personalization.","https://apps.apple.com/us/app/sol-inner-life-wellbeing/id1474958416?uo=4","SOL: GROW THE REAL YOU Who are you beneath the noise? Sol helps you discover your true self, build meaningful daily practices, and grow with a community of people on the same journey. Research shows that living with purpose makes you up to 80% happier and healthier. Sol makes that possible - one practice at a time. 1. DISCOVER THE REAL YOU Go deeper than sur"
"94","6747612883","AI Friend & Companion: Allia","BUGRAHAN EROGLU","astrology_guidance","medium","ai_assisted_review_v1_needs_human_validation","primary_app_entry","4.4","30","weak","3","10.5","monetization_risk_benchmark","yes","no","yes","yes","no","no","","3","8.99","39.99","subscription_like:3","avatar_feedback|journaling_reflection|social","1","pricing_complaint:1","2","1","jtbd_belonging_accountability:2","pain_subscription_value:1","Make the avatar causally respond to completed daily action, not just exist as profile or decorative identity.","https://apps.apple.com/us/app/ai-friend-companion-allia/id6747612883?uo=4","Unlike the stressful, chaotic real world - Allia is your safe, gentle space to talk, breathe, and feel understood. Here, your thoughts are welcomed. Your feelings are respected. Your voice is heard. Step into a world where AI companions don’t just reply - they care. Whether you need comfort, conversation, love, advice, or inspiration, Allia offers a space be"
"95","1312926037","stoic. journal & mental health","Stoic app inc.","manifestation_tool","medium_high","ai_assisted_review_v1_needs_human_validation","primary_app_entry","4.8226","34617","close","5","26","high_priority_close_substitute","yes","yes","yes","yes","no","yes","","8","6.99","99.99","subscription_like:5|unclear_iap:3","daily_loop|streaks|journaling_reflection|social|reminders_habits","59","content_depth_request:23|loves_emotional_support:9|loves_avatar_progress:6|loves_daily_loop:6|quality_bug_complaint:6","34","39","jtbd_structure_self_improvement:15|jtbd_fast_emotional_reset:6|jtbd_make_growth_visible:6|jtbd_daily_anchor:6","pain_content_depth_customization:23|pain_reliability_breaks_ritual:6|pain_subscription_value:5|pain_signup_access_friction:2","Demonstrate daily-loop value before paywall; monetize depth and advanced personalization.","https://apps.apple.com/us/app/stoic-journal-mental-health/id1312926037?uo=4","stoic is your mental health companion – it helps you understand your emotions and provides insights on how to be happier, more productive, and overcome obstacles. At its heart, stoic helps you prepare for your day in the morning and reflect on your day in the evening. In the process, we also guide you to journal with thought-provoking prompts, build better h"
"96","6757587521","Spark AI: Chat with Characters","Alvin Wijaya","ai_companion_roleplay","high","ai_assisted_review_v1_needs_human_validation","duplicate_app_entry","4.38462","91","adjacent","4","27","high_priority_close_substitute","yes","no","yes","yes","no","yes","","16","9.99","79.99","unclear_iap:12|subscription_like:4","xp_levels|avatar_feedback|journaling_reflection|social","4","pricing_complaint:1|trust_accuracy_complaint:1|content_depth_request:1|loves_avatar_progress:1","1","3","jtbd_make_growth_visible:1","pain_subscription_value:1|pain_content_depth_customization:1|pain_trust_accuracy_safety:1","Make the avatar causally respond to completed daily action, not just exist as profile or decorative identity.","https://apps.apple.com/us/app/spark-ai-chat-with-characters/id6757587521?uo=4","Spark AI – Redefining Human-AI Connection Step into the realm of Spark AI, a next-generation chat platform where intelligence meets empathy. Engage with AI companions who don’t just process data—they listen, understand, and resonate with you like a true friend. Whether you need a boost of motivation, a deep late-night talk, or a space to vent, Spark AI ensur"
"97","1044867788","Day One: Daily Journal & Diary","Bloom Built Inc","gamified_self_improvement","medium_high","ai_assisted_review_v1_needs_human_validation","primary_app_entry","4.83061","116607","close","5","26","high_priority_close_substitute","yes","yes","yes","yes","no","yes","subscription","6","8.99","74.99","unclear_iap:3|subscription_like:3","daily_loop|streaks|journaling_reflection|social|reminders_habits","51","content_depth_request:18|loves_daily_loop:10|loves_avatar_progress:8|pricing_complaint:7|quality_bug_complaint:3","46","35","jtbd_structure_self_improvement:23|jtbd_daily_anchor:11|jtbd_make_growth_visible:8|jtbd_belonging_accountability:4","pain_content_depth_customization:18|pain_subscription_value:7|pain_signup_access_friction:5|pain_reliability_breaks_ritual:3","Demonstrate daily-loop value before paywall; monetize depth and advanced personalization.","https://apps.apple.com/us/app/day-one-daily-journal-diary/id1044867788?uo=4","Apple’s App of the Year with over 15 million downloads and 200,000 5-star ratings globally, Day One has reinvented journaling, letting you record your life as you live it. Securely save audio, video, photos, notes, and more wherever you are, whenever you want. “Day One creates something so rare it feels almost sacred: A completely private digital space.” – N"
"98","1237105346","MindFi: Mind Fitness for All","Jaedye Labs Pte Ltd","gamified_self_improvement","high","ai_assisted_review_v1_needs_human_validation","primary_app_entry","4.7027","148","close","5","25.2","high_priority_close_substitute","yes","yes","yes","yes","no","yes","","3","5.99","174.99","subscription_like:2|lifetime_like:1","streaks|xp_levels|journaling_reflection|social|reminders_habits","15","content_depth_request:5|loves_daily_loop:2|loves_emotional_support:2|pricing_complaint:2|quality_bug_complaint:1","12","11","jtbd_fast_emotional_reset:4|jtbd_daily_anchor:3|jtbd_structure_self_improvement:3|jtbd_feel_seen_personalized:1","pain_content_depth_customization:5|pain_signup_access_friction:2|pain_subscription_value:2|pain_reliability_breaks_ritual:1","Demonstrate daily-loop value before paywall; monetize depth and advanced personalization.","https://apps.apple.com/us/app/mindfi-mind-fitness-for-all/id1237105346?uo=4","**2022 - Find your Happy Place** - Apple **MindFi is a perfect app for every aspiring meditator.** - Forbes We train our bodies to get fit and stay healthy. Why not train our minds to be more resilient, focused, and energized? MindFi is a personalized wellbeing toolkit that fits in your pocket: enjoy access to the resources, tools, and support you need to ac"
"99","6475028592","OtterLife: AI Health Tracker","Shanghai Ruoyou Network Technology Co., Ltd.","gamified_self_improvement","medium_high","ai_assisted_review_v1_needs_human_validation","duplicate_app_entry","4.52798","1108","close","5","28","high_priority_close_substitute","yes","yes","yes","yes","no","yes","premium","24","15.99","74.99","subscription_like:18|lifetime_like:6","daily_loop|streaks|avatar_feedback|reminders_habits","57","pricing_complaint:15|content_depth_request:15|churn_signal:6|loves_emotional_support:5|privacy_safety_signal:5","20","53","jtbd_structure_self_improvement:8|jtbd_daily_anchor:4|jtbd_fast_emotional_reset:4|jtbd_make_growth_visible:3","pain_subscription_value:15|pain_content_depth_customization:15|pain_trust_accuracy_safety:9|pain_signup_access_friction:9","Make the avatar causally respond to completed daily action, not just exist as profile or decorative identity.","https://apps.apple.com/us/app/otterlife-ai-health-tracker/id6475028592?uo=4","#### App Store Editor's Choice #### App Store Featured Recommendation #### App Store Selected Activities OtterLife is your personalized health management partner! It helps you automatically track over ten types of health data such as sleep, exercise, stress, menstrual cycle, and water intake. It also provides professional data analysis and a variety of watch"
"100","545849922","Daily Yoga: Yoga for Fitness®","Xi'an Pengxiang Chuangda Technology Co., Ltd","avatar_identity_coaching","high","ai_assisted_review_v1_needs_human_validation","primary_app_entry","4.71644","4320","close","5","31.6","high_priority_close_substitute","yes","yes","yes","yes","no","yes","subscription|credits_or_consumables","10","9.99","69.99","unclear_iap:3|subscription_like:7","daily_loop|streaks|quests_challenges|avatar_feedback|social|reminders_habits","29","loves_avatar_progress:6|loves_daily_loop:6|content_depth_request:6|loves_emotional_support:5|pricing_complaint:5","19","12","jtbd_make_growth_visible:6|jtbd_daily_anchor:6|jtbd_structure_self_improvement:3|jtbd_belonging_accountability:3","pain_content_depth_customization:6|pain_subscription_value:5|pain_signup_access_friction:1","Make the avatar causally respond to completed daily action, not just exist as profile or decorative identity.","https://apps.apple.com/us/app/daily-yoga-yoga-for-fitness/id545849922?uo=4","**#1 yoga app of 2026**——Apple **6000 million best choice**——Subscribers **2019-2026 Best Yoga App**—Healthline No.1 Yoga App Since 2012, loved by 60M+ people! Daily Yoga - ALL IN ONE YOGA APP -classic yoga -chair yoga -wall pilates -somatic workout -and more Would you like to find both a yoga fitness pose video and meditations in one app? Daily Yoga is the"